DEBUG 2025-09-25 19:44:46.138 UTC: 	 CRAB Client version: v3.250820
DEBUG 2025-09-25 19:44:46.138 UTC: 	 Running on: Linux lxplus809.cern.ch 4.18.0-553.76.1.el8_10.x86_64 #1 SMP Mon Sep 15 14:04:30 EDT 2025 x86_64 x86_64 x86_64 GNU/Linux
DEBUG 2025-09-25 19:44:46.138 UTC: 	 Not using Singularity
DEBUG 2025-09-25 19:44:46.138 UTC: 	 Operating System: Red Hat Enterprise Linux 8.10 (Ootpa)
DEBUG 2025-09-25 19:44:46.138 UTC: 	 Executing command: 'submit'
DEBUG 2025-09-25 19:44:46.139 UTC: 	 Found CRAB cache file /afs/cern.ch/user/b/bibehera/.crab3
INFO 2025-09-25 19:44:46.140 UTC: 	 Will use CRAB configuration file crab_config2.py
DEBUG 2025-09-25 19:44:46.140 UTC: 	 Loading CRAB configuration file.
DEBUG 2025-09-25 19:44:46.185 UTC: 	 Overriden parameter General.requestName with '2pc_OO_V0_IM_effcorr_cent0to60_IP10'
DEBUG 2025-09-25 19:44:46.185 UTC: 	 Overriden parameter Data.inputDataset with '/IonPhysics10/bibehera-2pc_OO_V0_IP10-ca42279dfc2dce710b3991c24f27a617/USER'
DEBUG 2025-09-25 19:44:46.185 UTC: 	 Overriden parameter Data.secondaryInputDataset with '/IonPhysics10/OORun2025-PromptReco-v1/MINIAOD'
DEBUG 2025-09-25 19:44:46.185 UTC: 	 Overriden parameter Data.outputDatasetTag with '2pc_OO_V0_IM_effcorr_cent0to60_IP10'
DEBUG 2025-09-25 19:44:46.185 UTC: 	 Will use CRAB plugin ANALYSIS (i.e. will run an analysis job type).
DEBUG 2025-09-25 19:44:46.238 UTC: 	 Checking credentials
DEBUG 2025-09-25 19:44:46.238 UTC: 	 Found proxy file /tmp/x509up_u177753
DEBUG 2025-09-25 19:44:46.238 UTC: 	 Making sure it has proper VOMS extension
DEBUG 2025-09-25 19:44:46.238 UTC: 	 Executing command :
 voms-proxy-info --vo --file /tmp/x509up_u177753
DEBUG 2025-09-25 19:44:46.276 UTC: 	 output : cms

 error: 
 retcode : 0
DEBUG 2025-09-25 19:44:46.276 UTC: 	 Getting proxy life time left
DEBUG 2025-09-25 19:44:46.276 UTC: 	 Executing command :
 voms-proxy-info --actimeleft --timeleft --file /tmp/x509up_u177753
DEBUG 2025-09-25 19:44:46.294 UTC: 	 output : 42897
42897

 error: 
 retcode : 0
DEBUG 2025-09-25 19:44:46.294 UTC: 	 Proxy valid for 11:54:57 hours
DEBUG 2025-09-25 19:44:46.294 UTC: 	 Encoded data for curl request: subresource=delegatedn
DEBUG 2025-09-25 19:44:46.354 UTC: 	 Registering user credentials on myproxy for /DC=ch/DC=cern/OU=computers/CN=crab-(preprod|prod)-tw(01|02).cern.ch|/DC=ch/DC=cern/OU=computers/CN=crab-dev-tw(01|02|03|04).cern.ch|/DC=ch/DC=cern/OU=Organic Units/OU=Users/CN=cmscrab/CN=(817881|373708)/CN=Robot: cms crab|/DC=ch/DC=cern/OU=Organic Units/OU=Users/CN=crabint1/CN=373708/CN=Robot: CMS CRAB Integration 1
DEBUG 2025-09-25 19:44:46.354 UTC: 	 Executing command :
 voms-proxy-info --identity --file /tmp/x509up_u177753
DEBUG 2025-09-25 19:44:46.373 UTC: 	 output : /DC=ch/DC=cern/OU=Organic Units/OU=Users/CN=bibehera/CN=882295/CN=Bismita Behera

 error: 
 retcode : 0
DEBUG 2025-09-25 19:44:46.373 UTC: 	 Getting myproxy life time left for bfbdf12a5670e45fdd055ff115afbb0f25b8a072
DEBUG 2025-09-25 19:44:46.373 UTC: 	 Executing command :
 myproxy-info -s myproxy.cern.ch -l bfbdf12a5670e45fdd055ff115afbb0f25b8a072
DEBUG 2025-09-25 19:44:46.696 UTC: 	 output : username: bfbdf12a5670e45fdd055ff115afbb0f25b8a072
owner: /DC=ch/DC=cern/OU=Organic Units/OU=Users/CN=bibehera/CN=882295/CN=Bismita Behera
  renewal policy: /DC=ch/DC=cern/OU=computers/CN=crab-(preprod|prod)-tw(01|02).cern.ch|/DC=ch/DC=cern/OU=computers/CN=crab-dev-tw(01|02|03|04).cern.ch|/DC=ch/DC=cern/OU=Organic Units/OU=Users/CN=cmscrab/CN=(817881|373708)/CN=Robot: cms crab|/DC=ch/DC=cern/OU=Organic Units/OU=Users/CN=crabint1/CN=373708/CN=Robot: CMS CRAB Integration 1
  trusted retrieval policy: /DC=ch/DC=cern/OU=computers/CN=crab-(preprod|prod)-tw(01|02).cern.ch|/DC=ch/DC=cern/OU=computers/CN=crab-dev-tw(01|02|03|04).cern.ch|/DC=ch/DC=cern/OU=Organic Units/OU=Users/CN=cmscrab/CN=(817881|373708)/CN=Robot: cms crab|/DC=ch/DC=cern/OU=Organic Units/OU=Users/CN=crabint1/CN=373708/CN=Robot: CMS CRAB Integration 1
  timeleft: 385:14:07  (16.1 days)

 error: 
 retcode : 0
DEBUG 2025-09-25 19:44:46.696 UTC: 	 Myproxy is valid: 1386840
DEBUG 2025-09-25 19:44:46.696 UTC: 	 Result of myproxy credential check:
  Credential exists on myproxy: username: bfbdf12a5670e45fdd055ff115afbb0f25b8a072  - validity: 16 days, 1:14:00
DEBUG 2025-09-25 19:44:46.696 UTC: 	 Command use: submit
DEBUG 2025-09-25 19:44:46.696 UTC: 	 Options use: ['-c', 'crab_config2.py', 'General.requestName=2pc_OO_V0_IM_effcorr_cent0to60_IP10', 'Data.inputDataset=/IonPhysics10/bibehera-2pc_OO_V0_IP10-ca42279dfc2dce710b3991c24f27a617/USER', 'Data.secondaryInputDataset=/IonPhysics10/OORun2025-PromptReco-v1/MINIAOD', 'Data.outputDatasetTag=2pc_OO_V0_IM_effcorr_cent0to60_IP10']
DEBUG 2025-09-25 19:44:46.696 UTC: 	 Encoded data for curl request: subresource=version
DEBUG 2025-09-25 19:44:46.739 UTC: 	 CRABClient version: v3.250820
DEBUG 2025-09-25 19:44:46.740 UTC: 	 Instance is prod
DEBUG 2025-09-25 19:44:46.740 UTC: 	 Server base url is cmsweb.cern.ch
DEBUG 2025-09-25 19:44:46.740 UTC: 	 Command api workflow
DEBUG 2025-09-25 19:44:46.740 UTC: 	 Started submission
DEBUG 2025-09-25 19:44:46.740 UTC: 	 Working on /eos/home-b/bibehera/OO_Simfit_eff/CMSSW_15_0_6_patch1/src/Analyzer/RaghuV0Ana/cfg/OO_Data_MINIAOD/crab_2pc_OO_V0_IM_effcorr_cent0to60_IP10
DEBUG 2025-09-25 19:44:46.740 UTC: 	 Encoded data for curl request: subresource=backendurls
DEBUG 2025-09-25 19:44:46.809 UTC: 	 Loading required information from the environment
DEBUG 2025-09-25 19:44:46.809 UTC: 	 Found CMSSW_15_0_6_patch1 for el8_amd64_gcc12 with base /eos/home-b/bibehera/OO_Simfit_eff/CMSSW_15_0_6_patch1
DEBUG 2025-09-25 19:44:46.810 UTC: 	 Loading required information from the environment
DEBUG 2025-09-25 19:44:46.810 UTC: 	 Found CMSSW_15_0_6_patch1 for el8_amd64_gcc12 with base /eos/home-b/bibehera/OO_Simfit_eff/CMSSW_15_0_6_patch1
DEBUG 2025-09-25 19:44:46.810 UTC: 	 UNIQUE NAME: tarUUID c75e7cd3-3754-4ca8-9113-1edf598b909b 
DEBUG 2025-09-25 19:44:46.810 UTC: 	 self.config: from WMCore.Configuration import Configuration
config = Configuration()
config.section_('General')
config.General.workArea = 'OO_Data_MINIAOD'
config.General.transferOutputs = True
config.General.transferLogs = True
config.General.requestName = '2pc_OO_V0_IM_effcorr_cent0to60_IP10'
config.section_('JobType')
config.JobType.pluginName = 'Analysis'
config.JobType.psetName = 'PbPb_2018_cfg.py'
config.section_('Data')
config.Data.inputDBS = 'phys03'
config.Data.outLFNDirBase = '/store/user/bibehera/'
config.Data.inputDataset = '/IonPhysics10/bibehera-2pc_OO_V0_IP10-ca42279dfc2dce710b3991c24f27a617/USER'
config.Data.secondaryInputDataset = '/IonPhysics10/OORun2025-PromptReco-v1/MINIAOD'
config.Data.splitting = 'LumiBased'
config.Data.publication = False
config.Data.unitsPerJob = 3
config.Data.lumiMask = 'generated_json.json'
config.Data.outputDatasetTag = '2pc_OO_V0_IM_effcorr_cent0to60_IP10'
config.Data.totalUnits = -1
config.section_('Site')
config.Site.storageSite = 'T3_CH_CERNBOX'
config.section_('User')
config.section_('Debug')

DEBUG 2025-09-25 19:44:46.810 UTC: 	 self.config.JobType.psetName: PbPb_2018_cfg.py
INFO 2025-09-25 19:44:46.811 UTC: 	 Importing CMSSW configuration PbPb_2018_cfg.py
INFO 2025-09-25 19:44:47.663 UTC: 	 Finished importing CMSSW configuration PbPb_2018_cfg.py
DEBUG 2025-09-25 19:44:47.663 UTC: 	 Writing CMSSW configuration to /eos/home-b/bibehera/OO_Simfit_eff/CMSSW_15_0_6_patch1/src/Analyzer/RaghuV0Ana/cfg/OO_Data_MINIAOD/crab_2pc_OO_V0_IM_effcorr_cent0to60_IP10/inputs/PSet.py
DEBUG 2025-09-25 19:44:47.749 UTC: 	 The following EDM output files will be collected: []
DEBUG 2025-09-25 19:44:47.749 UTC: 	 The following TFile output files will be collected: ['V0_test_IM_wgt.root']
DEBUG 2025-09-25 19:44:47.749 UTC: 	 The following user output files (not listed as PoolOuputModule or TFileService in the CMSSW PSet) will be collected: 
DEBUG 2025-09-25 19:44:47.749 UTC: 	 Loading required information from the environment
DEBUG 2025-09-25 19:44:47.749 UTC: 	 Found CMSSW_15_0_6_patch1 for el8_amd64_gcc12 with base /eos/home-b/bibehera/OO_Simfit_eff/CMSSW_15_0_6_patch1
DEBUG 2025-09-25 19:44:47.749 UTC: 	 Making tarball in /eos/home-b/bibehera/OO_Simfit_eff/CMSSW_15_0_6_patch1/src/Analyzer/RaghuV0Ana/cfg/OO_Data_MINIAOD/crab_2pc_OO_V0_IM_effcorr_cent0to60_IP10/inputs/c75e7cd3-3754-4ca8-9113-1edf598b909bdefault.tgz
DEBUG 2025-09-25 19:44:47.751 UTC: 	 Checking directory /eos/home-b/bibehera/OO_Simfit_eff/CMSSW_15_0_6_patch1/bin
DEBUG 2025-09-25 19:44:47.751 UTC: 	 Adding directory /eos/home-b/bibehera/OO_Simfit_eff/CMSSW_15_0_6_patch1/bin to tarball
DEBUG 2025-09-25 19:44:47.761 UTC: 	 Checking directory /eos/home-b/bibehera/OO_Simfit_eff/CMSSW_15_0_6_patch1/python
DEBUG 2025-09-25 19:44:47.761 UTC: 	 Adding directory /eos/home-b/bibehera/OO_Simfit_eff/CMSSW_15_0_6_patch1/python to tarball
DEBUG 2025-09-25 19:44:47.861 UTC: 	 Checking directory /eos/home-b/bibehera/OO_Simfit_eff/CMSSW_15_0_6_patch1/cfipython
DEBUG 2025-09-25 19:44:47.861 UTC: 	 Adding directory /eos/home-b/bibehera/OO_Simfit_eff/CMSSW_15_0_6_patch1/cfipython to tarball
DEBUG 2025-09-25 19:44:48.039 UTC: 	 Checking directory /eos/home-b/bibehera/OO_Simfit_eff/CMSSW_15_0_6_patch1/lib
DEBUG 2025-09-25 19:44:48.040 UTC: 	 Adding directory /eos/home-b/bibehera/OO_Simfit_eff/CMSSW_15_0_6_patch1/lib to tarball
DEBUG 2025-09-25 19:44:48.603 UTC: 	 Checking directory /eos/home-b/bibehera/OO_Simfit_eff/CMSSW_15_0_6_patch1/biglib
DEBUG 2025-09-25 19:44:48.603 UTC: 	 Adding directory /eos/home-b/bibehera/OO_Simfit_eff/CMSSW_15_0_6_patch1/biglib to tarball
DEBUG 2025-09-25 19:44:48.607 UTC: 	 Checking directory /eos/home-b/bibehera/OO_Simfit_eff/CMSSW_15_0_6_patch1/module
DEBUG 2025-09-25 19:44:48.610 UTC: 	 Checking directory /eos/home-b/bibehera/OO_Simfit_eff/CMSSW_15_0_6_patch1/config/SCRAM/hooks
DEBUG 2025-09-25 19:44:48.615 UTC: 	 Adding directory /eos/home-b/bibehera/OO_Simfit_eff/CMSSW_15_0_6_patch1/config/SCRAM/hooks to tarball
DEBUG 2025-09-25 19:44:50.324 UTC: 	 Adding directory /eos/home-b/bibehera/OO_Simfit_eff/CMSSW_15_0_6_patch1/src/Analyzer/RaghuV0Ana/data to tarball
DEBUG 2025-09-25 19:44:51.162 UTC: 	 Adding directory /eos/home-b/bibehera/OO_Simfit_eff/CMSSW_15_0_6_patch1/src/Analyzer/RaghuV0Ana/interface to tarball
DEBUG 2025-09-25 19:44:51.188 UTC: 	 Adding directory /eos/home-b/bibehera/OO_Simfit_eff/CMSSW_15_0_6_patch1/src/Analyzer/RaghuV0Ana/python to tarball
DEBUG 2025-09-25 19:44:51.254 UTC: 	 Adding directory /eos/home-b/bibehera/OO_Simfit_eff/CMSSW_15_0_6_patch1/src/HeavyIonsAnalysis/Configuration/data to tarball
DEBUG 2025-09-25 19:44:51.851 UTC: 	 Adding directory /eos/home-b/bibehera/OO_Simfit_eff/CMSSW_15_0_6_patch1/src/HeavyIonsAnalysis/Configuration/python to tarball
DEBUG 2025-09-25 19:44:51.885 UTC: 	 Adding directory /eos/home-b/bibehera/OO_Simfit_eff/CMSSW_15_0_6_patch1/src/HeavyIonsAnalysis/EGMAnalysis/data to tarball
DEBUG 2025-09-25 19:44:51.943 UTC: 	 Adding directory /eos/home-b/bibehera/OO_Simfit_eff/CMSSW_15_0_6_patch1/src/HeavyIonsAnalysis/EGMAnalysis/interface to tarball
DEBUG 2025-09-25 19:44:51.960 UTC: 	 Adding directory /eos/home-b/bibehera/OO_Simfit_eff/CMSSW_15_0_6_patch1/src/HeavyIonsAnalysis/EGMAnalysis/python to tarball
DEBUG 2025-09-25 19:44:51.976 UTC: 	 Adding directory /eos/home-b/bibehera/OO_Simfit_eff/CMSSW_15_0_6_patch1/src/HeavyIonsAnalysis/EventAnalysis/python to tarball
DEBUG 2025-09-25 19:44:52.061 UTC: 	 Adding directory /eos/home-b/bibehera/OO_Simfit_eff/CMSSW_15_0_6_patch1/src/HeavyIonsAnalysis/JetAnalysis/interface to tarball
DEBUG 2025-09-25 19:44:52.071 UTC: 	 Adding directory /eos/home-b/bibehera/OO_Simfit_eff/CMSSW_15_0_6_patch1/src/HeavyIonsAnalysis/JetAnalysis/python to tarball
DEBUG 2025-09-25 19:44:52.111 UTC: 	 Adding directory /eos/home-b/bibehera/OO_Simfit_eff/CMSSW_15_0_6_patch1/src/HeavyIonsAnalysis/MuonAnalysis/interface to tarball
DEBUG 2025-09-25 19:44:52.120 UTC: 	 Adding directory /eos/home-b/bibehera/OO_Simfit_eff/CMSSW_15_0_6_patch1/src/HeavyIonsAnalysis/MuonAnalysis/python to tarball
DEBUG 2025-09-25 19:44:52.137 UTC: 	 Adding directory /eos/home-b/bibehera/OO_Simfit_eff/CMSSW_15_0_6_patch1/src/HeavyIonsAnalysis/TrackAnalysis/interface to tarball
DEBUG 2025-09-25 19:44:52.143 UTC: 	 Adding directory /eos/home-b/bibehera/OO_Simfit_eff/CMSSW_15_0_6_patch1/src/HeavyIonsAnalysis/TrackAnalysis/python to tarball
DEBUG 2025-09-25 19:44:52.219 UTC: 	 Adding directory /eos/home-b/bibehera/OO_Simfit_eff/CMSSW_15_0_6_patch1/src/HeavyIonsAnalysis/VertexAnalysis/python to tarball
DEBUG 2025-09-25 19:44:52.230 UTC: 	 Adding directory /eos/home-b/bibehera/OO_Simfit_eff/CMSSW_15_0_6_patch1/src/HeavyIonsAnalysis/ZDCAnalysis/python to tarball
DEBUG 2025-09-25 19:44:52.288 UTC: 	 Uploading archive /eos/home-b/bibehera/OO_Simfit_eff/CMSSW_15_0_6_patch1/src/Analyzer/RaghuV0Ana/cfg/OO_Data_MINIAOD/crab_2pc_OO_V0_IM_effcorr_cent0to60_IP10/inputs/c75e7cd3-3754-4ca8-9113-1edf598b909bdefault.tgz (3.924805.1 MB) to the CRAB cache. Using URI https://cmsweb.cern.ch/S3/crabcache_prod
DEBUG 2025-09-25 19:44:53.054 UTC: 	 Encoded data for curl request: subresource=upload&objecttype=sandbox&tarballname=b53588f34c59c94d562080ae16d45f446a7939917fc29026a3771735f7493144.tar.gz
DEBUG 2025-09-25 19:44:53.111 UTC: 	 Will execute:
curl -f -v -X POST  -H "User-Agent: CRAB" -F "key=bibehera/sandboxes/b53588f34c59c94d562080ae16d45f446a7939917fc29026a3771735f7493144.tar.gz" -F "AWSAccessKeyId=715203df6482458ba839e73e6dab634b" -F "policy=eyJleHBpcmF0aW9uIjogIjIwMjUtMDktMjVUMjA6NDQ6NTNaIiwgImNvbmRpdGlvbnMiOiBbeyJidWNrZXQiOiAiY3JhYmNhY2hlX3Byb2QifSwgeyJrZXkiOiAiYmliZWhlcmEvc2FuZGJveGVzL2I1MzU4OGYzNGM1OWM5NGQ1NjIwODBhZTE2ZDQ1ZjQ0NmE3OTM5OTE3ZmMyOTAyNmEzNzcxNzM1Zjc0OTMxNDQudGFyLmd6In1dfQ==" -F "signature=MVKuHriaRsvyqR8jN7krFwHoSL0=" -F "file=@/eos/home-b/bibehera/OO_Simfit_eff/CMSSW_15_0_6_patch1/src/Analyzer/RaghuV0Ana/cfg/OO_Data_MINIAOD/crab_2pc_OO_V0_IM_effcorr_cent0to60_IP10/inputs/c75e7cd3-3754-4ca8-9113-1edf598b909bdefault.tgz" "https://s3.cern.ch/crabcache_prod"
DEBUG 2025-09-25 19:44:54.230 UTC: 	 exitcode: 0
stdout: b''
DEBUG 2025-09-25 19:44:54.230 UTC: 	 upload to S3 of sandbox /eos/home-b/bibehera/OO_Simfit_eff/CMSSW_15_0_6_patch1/src/Analyzer/RaghuV0Ana/cfg/OO_Data_MINIAOD/crab_2pc_OO_V0_IM_effcorr_cent0to60_IP10/inputs/c75e7cd3-3754-4ca8-9113-1edf598b909bdefault.tgz completed
DEBUG 2025-09-25 19:44:54.230 UTC: 	 make sure that object is ready for retrieve
DEBUG 2025-09-25 19:44:55.231 UTC: 	 Encoded data for curl request: subresource=download&objecttype=sandbox&tarballname=b53588f34c59c94d562080ae16d45f446a7939917fc29026a3771735f7493144.tar.gz&clientmethod=head_object
DEBUG 2025-09-25 19:44:55.275 UTC: 	 PreSignedUrl to download sandbox received OK
DEBUG 2025-09-25 19:44:55.279 UTC: 	 Will execute:
 curl -v -s -f -o /dev/null --head  "https://s3.cern.ch/crabcache_prod/bibehera/sandboxes/b53588f34c59c94d562080ae16d45f446a7939917fc29026a3771735f7493144.tar.gz?AWSAccessKeyId=715203df6482458ba839e73e6dab634b&Signature=zAIl%2FO5pEGHCd2casT01na86n4A%3D&Expires=1758833095"
DEBUG 2025-09-25 19:44:55.304 UTC: 	 exitcode: 0
stdout: b''
DEBUG 2025-09-25 19:44:55.305 UTC: 	 sandbox /eos/home-b/bibehera/OO_Simfit_eff/CMSSW_15_0_6_patch1/src/Analyzer/RaghuV0Ana/cfg/OO_Data_MINIAOD/crab_2pc_OO_V0_IM_effcorr_cent0to60_IP10/inputs/c75e7cd3-3754-4ca8-9113-1edf598b909bdefault.tgz successfully uploaded to S3
DEBUG 2025-09-25 19:44:55.305 UTC: 	 Loading required information from the environment
DEBUG 2025-09-25 19:44:55.305 UTC: 	 Found CMSSW_15_0_6_patch1 for el8_amd64_gcc12 with base /eos/home-b/bibehera/OO_Simfit_eff/CMSSW_15_0_6_patch1
DEBUG 2025-09-25 19:44:55.305 UTC: 	 Making tarball in /eos/home-b/bibehera/OO_Simfit_eff/CMSSW_15_0_6_patch1/src/Analyzer/RaghuV0Ana/cfg/OO_Data_MINIAOD/crab_2pc_OO_V0_IM_effcorr_cent0to60_IP10/inputs/debugFiles.tgz
DEBUG 2025-09-25 19:44:55.345 UTC: 	 Uploading archive /eos/home-b/bibehera/OO_Simfit_eff/CMSSW_15_0_6_patch1/src/Analyzer/RaghuV0Ana/cfg/OO_Data_MINIAOD/crab_2pc_OO_V0_IM_effcorr_cent0to60_IP10/inputs/debugFiles.tgz (3 KB) to the CRAB cache. Using URI https://cmsweb.cern.ch/S3/crabcache_prod
DEBUG 2025-09-25 19:44:55.351 UTC: 	 Encoded data for curl request: subresource=upload&objecttype=sandbox&tarballname=290bfc86988c6dfc8c7fe173fa80d2e5665c93bc8985b0ac970cc8b98479d5df.tar.gz
DEBUG 2025-09-25 19:44:55.404 UTC: 	 Will execute:
curl -f -v -X POST  -H "User-Agent: CRAB" -F "key=bibehera/sandboxes/290bfc86988c6dfc8c7fe173fa80d2e5665c93bc8985b0ac970cc8b98479d5df.tar.gz" -F "AWSAccessKeyId=715203df6482458ba839e73e6dab634b" -F "policy=eyJleHBpcmF0aW9uIjogIjIwMjUtMDktMjVUMjA6NDQ6NTVaIiwgImNvbmRpdGlvbnMiOiBbeyJidWNrZXQiOiAiY3JhYmNhY2hlX3Byb2QifSwgeyJrZXkiOiAiYmliZWhlcmEvc2FuZGJveGVzLzI5MGJmYzg2OTg4YzZkZmM4YzdmZTE3M2ZhODBkMmU1NjY1YzkzYmM4OTg1YjBhYzk3MGNjOGI5ODQ3OWQ1ZGYudGFyLmd6In1dfQ==" -F "signature=YlPUSGrRAqG9OZuDUs/AW2d7AIE=" -F "file=@/eos/home-b/bibehera/OO_Simfit_eff/CMSSW_15_0_6_patch1/src/Analyzer/RaghuV0Ana/cfg/OO_Data_MINIAOD/crab_2pc_OO_V0_IM_effcorr_cent0to60_IP10/inputs/debugFiles.tgz" "https://s3.cern.ch/crabcache_prod"
DEBUG 2025-09-25 19:44:55.461 UTC: 	 exitcode: 0
stdout: b''
DEBUG 2025-09-25 19:44:55.461 UTC: 	 upload to S3 of sandbox /eos/home-b/bibehera/OO_Simfit_eff/CMSSW_15_0_6_patch1/src/Analyzer/RaghuV0Ana/cfg/OO_Data_MINIAOD/crab_2pc_OO_V0_IM_effcorr_cent0to60_IP10/inputs/debugFiles.tgz completed
DEBUG 2025-09-25 19:44:55.461 UTC: 	 make sure that object is ready for retrieve
DEBUG 2025-09-25 19:44:56.463 UTC: 	 Encoded data for curl request: subresource=download&objecttype=sandbox&tarballname=290bfc86988c6dfc8c7fe173fa80d2e5665c93bc8985b0ac970cc8b98479d5df.tar.gz&clientmethod=head_object
DEBUG 2025-09-25 19:44:56.497 UTC: 	 PreSignedUrl to download sandbox received OK
DEBUG 2025-09-25 19:44:56.499 UTC: 	 Will execute:
 curl -v -s -f -o /dev/null --head  "https://s3.cern.ch/crabcache_prod/bibehera/sandboxes/290bfc86988c6dfc8c7fe173fa80d2e5665c93bc8985b0ac970cc8b98479d5df.tar.gz?AWSAccessKeyId=715203df6482458ba839e73e6dab634b&Signature=VBR7efINq50CjAAmOef8tevcvUs%3D&Expires=1758833096"
DEBUG 2025-09-25 19:44:56.519 UTC: 	 exitcode: 0
stdout: b''
DEBUG 2025-09-25 19:44:56.519 UTC: 	 sandbox /eos/home-b/bibehera/OO_Simfit_eff/CMSSW_15_0_6_patch1/src/Analyzer/RaghuV0Ana/cfg/OO_Data_MINIAOD/crab_2pc_OO_V0_IM_effcorr_cent0to60_IP10/inputs/debugFiles.tgz successfully uploaded to S3
DEBUG 2025-09-25 19:44:56.520 UTC: 	 Result uploading input files: b53588f34c59c94d562080ae16d45f446a7939917fc29026a3771735f7493144.tar.gz 
DEBUG 2025-09-25 19:44:56.520 UTC: 	 Attaching lumi mask generated_json.json to the request
DEBUG 2025-09-25 19:44:56.520 UTC: 	 Reading lumi-mask from generated_json.json
DEBUG 2025-09-25 19:44:56.552 UTC: 	 submit() - self.configuration from WMCore.Configuration import Configuration
config = Configuration()
config.section_('General')
config.General.workArea = 'OO_Data_MINIAOD'
config.General.transferOutputs = True
config.General.transferLogs = True
config.General.requestName = '2pc_OO_V0_IM_effcorr_cent0to60_IP10'
config.section_('JobType')
config.JobType.pluginName = 'Analysis'
config.JobType.psetName = 'PbPb_2018_cfg.py'
config.section_('Data')
config.Data.inputDBS = 'phys03'
config.Data.outLFNDirBase = '/store/user/bibehera/'
config.Data.inputDataset = '/IonPhysics10/bibehera-2pc_OO_V0_IP10-ca42279dfc2dce710b3991c24f27a617/USER'
config.Data.secondaryInputDataset = '/IonPhysics10/OORun2025-PromptReco-v1/MINIAOD'
config.Data.splitting = 'LumiBased'
config.Data.publication = False
config.Data.unitsPerJob = 3
config.Data.lumiMask = 'generated_json.json'
config.Data.outputDatasetTag = '2pc_OO_V0_IM_effcorr_cent0to60_IP10'
config.Data.totalUnits = -1
config.section_('Site')
config.Site.storageSite = 'T3_CH_CERNBOX'
config.section_('User')
config.section_('Debug')

DEBUG 2025-09-25 19:44:56.552 UTC: 	 submit() - self.configreq {'dryrun': 0, 'workflow': 'crab_2pc_OO_V0_IM_effcorr_cent0to60_IP10', 'saveoutput': 1, 'savelogsflag': 1, 'inputdata': '/IonPhysics10/bibehera-2pc_OO_V0_IP10-ca42279dfc2dce710b3991c24f27a617/USER', 'nonvaliddata': 0, 'userfiles': [], 'dbsurl': 'https://cmsweb.cern.ch/dbs/prod/phys03/DBSReader', 'useparent': 0, 'secondarydata': '/IonPhysics10/OORun2025-PromptReco-v1/MINIAOD', 'ignorelocality': 0, 'splitalgo': 'LumiBased', 'algoargs': 3, 'totalunits': -1, 'lfn': '/store/user/bibehera/', 'publication': 0, 'publishdbsurl': 'https://cmsweb.cern.ch/dbs/prod/phys03/DBSWriter', 'publishname2': '2pc_OO_V0_IM_effcorr_cent0to60_IP10', 'jobtype': 'Analysis', 'generator': 'pythia', 'addoutputfiles': [], 'maxjobruntime': 1250, 'numcores': 1, 'maxmemory': 2000, 'priority': 10, 'nonprodsw': 0, 'asyncdest': 'T3_CH_CERNBOX', 'requireaccelerator': 0, 'oneEventMode': 0, 'extrajdl': [], 'ignoreglobalblacklist': 0, 'partialdataset': 0, 'inputblocks': []}
DEBUG 2025-09-25 19:44:56.552 UTC: 	 submit() - jobconfig {'addoutputfiles': [], 'tfileoutfiles': ['V0_test_IM_wgt.root'], 'edmoutfiles': [], 'jobarch': 'el8_amd64_gcc12', 'jobminuarch': 'x86-64-v3', 'jobsw': 'CMSSW_15_0_6_patch1', 'inputdata': '/IonPhysics10/bibehera-2pc_OO_V0_IP10-ca42279dfc2dce710b3991c24f27a617/USER', 'cacheurl': 'https://cmsweb.cern.ch/S3/crabcache_prod', 'cachefilename': 'b53588f34c59c94d562080ae16d45f446a7939917fc29026a3771735f7493144.tar.gz', 'debugfilename': '290bfc86988c6dfc8c7fe173fa80d2e5665c93bc8985b0ac970cc8b98479d5df.tar.gz', 'runs': ['394153', '394154', '394169', '394175', '394183', '394184', '394185', '394186', '394187', '394188', '394189', '394204', '394209', '394217'], 'lumis': ['40,169', '1,886', '39,997', '47,988', '15,239', '1,667', '1,3', '1,15', '1,1', '1,107', '1,72', '38,932', '23,1209', '41,838'], 'jobtype': 'Analysis'}
INFO 2025-09-25 19:44:56.552 UTC: 	 Sending the request to the server at cmsweb.cern.ch
DEBUG 2025-09-25 19:44:56.552 UTC: 	 Submitting {'dryrun': 0, 'workflow': 'crab_2pc_OO_V0_IM_effcorr_cent0to60_IP10', 'saveoutput': 1, 'savelogsflag': 1, 'inputdata': '/IonPhysics10/bibehera-2pc_OO_V0_IP10-ca42279dfc2dce710b3991c24f27a617/USER', 'nonvaliddata': 0, 'userfiles': [], 'dbsurl': 'https://cmsweb.cern.ch/dbs/prod/phys03/DBSReader', 'useparent': 0, 'secondarydata': '/IonPhysics10/OORun2025-PromptReco-v1/MINIAOD', 'ignorelocality': 0, 'splitalgo': 'LumiBased', 'algoargs': 3, 'totalunits': -1, 'lfn': '/store/user/bibehera/', 'publication': 0, 'publishdbsurl': 'https://cmsweb.cern.ch/dbs/prod/phys03/DBSWriter', 'publishname2': '2pc_OO_V0_IM_effcorr_cent0to60_IP10', 'jobtype': 'Analysis', 'generator': 'pythia', 'addoutputfiles': [], 'maxjobruntime': 1250, 'numcores': 1, 'maxmemory': 2000, 'priority': 10, 'nonprodsw': 0, 'asyncdest': 'T3_CH_CERNBOX', 'requireaccelerator': 0, 'oneEventMode': 0, 'extrajdl': [], 'ignoreglobalblacklist': 0, 'partialdataset': 0, 'inputblocks': [], 'tfileoutfiles': ['V0_test_IM_wgt.root'], 'edmoutfiles': [], 'jobarch': 'el8_amd64_gcc12', 'jobminuarch': 'x86-64-v3', 'jobsw': 'CMSSW_15_0_6_patch1', 'cacheurl': 'https://cmsweb.cern.ch/S3/crabcache_prod', 'cachefilename': 'b53588f34c59c94d562080ae16d45f446a7939917fc29026a3771735f7493144.tar.gz', 'debugfilename': '290bfc86988c6dfc8c7fe173fa80d2e5665c93bc8985b0ac970cc8b98479d5df.tar.gz', 'runs': ['394153', '394154', '394169', '394175', '394183', '394184', '394185', '394186', '394187', '394188', '394189', '394204', '394209', '394217'], 'lumis': ['40,169', '1,886', '39,997', '47,988', '15,239', '1,667', '1,3', '1,15', '1,1', '1,107', '1,72', '38,932', '23,1209', '41,838']} 
DEBUG 2025-09-25 19:44:56.552 UTC: 	 Encoded data for curl request: dryrun=0&workflow=crab_2pc_OO_V0_IM_effcorr_cent0to60_IP10&saveoutput=1&savelogsflag=1&inputdata=%2FIonPhysics10%2Fbibehera-2pc_OO_V0_IP10-ca42279dfc2dce710b3991c24f27a617%2FUSER&nonvaliddata=0&dbsurl=https%3A%2F%2Fcmsweb.cern.ch%2Fdbs%2Fprod%2Fphys03%2FDBSReader&useparent=0&secondarydata=%2FIonPhysics10%2FOORun2025-PromptReco-v1%2FMINIAOD&ignorelocality=0&splitalgo=LumiBased&algoargs=3&totalunits=-1&lfn=%2Fstore%2Fuser%2Fbibehera%2F&publication=0&publishdbsurl=https%3A%2F%2Fcmsweb.cern.ch%2Fdbs%2Fprod%2Fphys03%2FDBSWriter&publishname2=2pc_OO_V0_IM_effcorr_cent0to60_IP10&jobtype=Analysis&generator=pythia&maxjobruntime=1250&numcores=1&maxmemory=2000&priority=10&nonprodsw=0&asyncdest=T3_CH_CERNBOX&requireaccelerator=0&oneEventMode=0&ignoreglobalblacklist=0&partialdataset=0&jobarch=el8_amd64_gcc12&jobminuarch=x86-64-v3&jobsw=CMSSW_15_0_6_patch1&cacheurl=https%3A%2F%2Fcmsweb.cern.ch%2FS3%2Fcrabcache_prod&cachefilename=b53588f34c59c94d562080ae16d45f446a7939917fc29026a3771735f7493144.tar.gz&debugfilename=290bfc86988c6dfc8c7fe173fa80d2e5665c93bc8985b0ac970cc8b98479d5df.tar.gz&tfileoutfiles=V0_test_IM_wgt.root&runs=394153&runs=394154&runs=394169&runs=394175&runs=394183&runs=394184&runs=394185&runs=394186&runs=394187&runs=394188&runs=394189&runs=394204&runs=394209&runs=394217&lumis=40%2C169&lumis=1%2C886&lumis=39%2C997&lumis=47%2C988&lumis=15%2C239&lumis=1%2C667&lumis=1%2C3&lumis=1%2C15&lumis=1%2C1&lumis=1%2C107&lumis=1%2C72&lumis=38%2C932&lumis=23%2C1209&lumis=41%2C838
DEBUG 2025-09-25 19:44:56.604 UTC: 	 Result: {'result': [{'RequestName': '250925_194456:bibehera_crab_2pc_OO_V0_IM_effcorr_cent0to60_IP10'}]}
INFO 2025-09-25 19:44:56.634 UTC: 	 Success: Your task has been delivered to the prod CRAB3 server.
INFO 2025-09-25 19:44:56.635 UTC: 	 Task name: 250925_194456:bibehera_crab_2pc_OO_V0_IM_effcorr_cent0to60_IP10
INFO 2025-09-25 19:44:56.635 UTC: 	 Project dir: OO_Data_MINIAOD/crab_2pc_OO_V0_IM_effcorr_cent0to60_IP10
INFO 2025-09-25 19:44:56.635 UTC: 	 Please use ' crab status -d OO_Data_MINIAOD/crab_2pc_OO_V0_IM_effcorr_cent0to60_IP10 ' to check how the submission process proceeds.
DEBUG 2025-09-25 19:44:56.635 UTC: 	 About to return
INFO 2025-09-25 19:44:56.647 UTC: 	 Log file is /eos/home-b/bibehera/OO_Simfit_eff/CMSSW_15_0_6_patch1/src/Analyzer/RaghuV0Ana/cfg/OO_Data_MINIAOD/crab_2pc_OO_V0_IM_effcorr_cent0to60_IP10/crab.log
DEBUG 2025-09-25 20:10:55.139 UTC: 	 CRAB Client version: v3.250820
DEBUG 2025-09-25 20:10:55.140 UTC: 	 Running on: Linux lxplus809.cern.ch 4.18.0-553.76.1.el8_10.x86_64 #1 SMP Mon Sep 15 14:04:30 EDT 2025 x86_64 x86_64 x86_64 GNU/Linux
DEBUG 2025-09-25 20:10:55.140 UTC: 	 Not using Singularity
DEBUG 2025-09-25 20:10:55.140 UTC: 	 Operating System: Red Hat Enterprise Linux 8.10 (Ootpa)
DEBUG 2025-09-25 20:10:55.140 UTC: 	 Executing command: 'status'
DEBUG 2025-09-25 20:10:55.140 UTC: 	 Found CRAB cache file /afs/cern.ch/user/b/bibehera/.crab3
DEBUG 2025-09-25 20:10:55.270 UTC: 	 Checking credentials
DEBUG 2025-09-25 20:10:55.270 UTC: 	 Found proxy file /tmp/x509up_u177753
DEBUG 2025-09-25 20:10:55.270 UTC: 	 Making sure it has proper VOMS extension
DEBUG 2025-09-25 20:10:55.270 UTC: 	 Executing command :
 voms-proxy-info --vo --file /tmp/x509up_u177753
DEBUG 2025-09-25 20:10:55.289 UTC: 	 output : cms

 error: 
 retcode : 0
DEBUG 2025-09-25 20:10:55.290 UTC: 	 Getting proxy life time left
DEBUG 2025-09-25 20:10:55.290 UTC: 	 Executing command :
 voms-proxy-info --actimeleft --timeleft --file /tmp/x509up_u177753
DEBUG 2025-09-25 20:10:55.306 UTC: 	 output : 41328
41328

 error: 
 retcode : 0
DEBUG 2025-09-25 20:10:55.306 UTC: 	 Proxy valid for 11:28:48 hours
DEBUG 2025-09-25 20:10:55.306 UTC: 	 Encoded data for curl request: subresource=delegatedn
DEBUG 2025-09-25 20:10:55.341 UTC: 	 Registering user credentials on myproxy for /DC=ch/DC=cern/OU=computers/CN=crab-(preprod|prod)-tw(01|02).cern.ch|/DC=ch/DC=cern/OU=computers/CN=crab-dev-tw(01|02|03|04).cern.ch|/DC=ch/DC=cern/OU=Organic Units/OU=Users/CN=cmscrab/CN=(817881|373708)/CN=Robot: cms crab|/DC=ch/DC=cern/OU=Organic Units/OU=Users/CN=crabint1/CN=373708/CN=Robot: CMS CRAB Integration 1
DEBUG 2025-09-25 20:10:55.341 UTC: 	 Executing command :
 voms-proxy-info --identity --file /tmp/x509up_u177753
DEBUG 2025-09-25 20:10:55.358 UTC: 	 output : /DC=ch/DC=cern/OU=Organic Units/OU=Users/CN=bibehera/CN=882295/CN=Bismita Behera

 error: 
 retcode : 0
DEBUG 2025-09-25 20:10:55.359 UTC: 	 Getting myproxy life time left for bfbdf12a5670e45fdd055ff115afbb0f25b8a072
DEBUG 2025-09-25 20:10:55.359 UTC: 	 Executing command :
 myproxy-info -s myproxy.cern.ch -l bfbdf12a5670e45fdd055ff115afbb0f25b8a072
DEBUG 2025-09-25 20:10:55.619 UTC: 	 output : username: bfbdf12a5670e45fdd055ff115afbb0f25b8a072
owner: /DC=ch/DC=cern/OU=Organic Units/OU=Users/CN=bibehera/CN=882295/CN=Bismita Behera
  renewal policy: /DC=ch/DC=cern/OU=computers/CN=crab-(preprod|prod)-tw(01|02).cern.ch|/DC=ch/DC=cern/OU=computers/CN=crab-dev-tw(01|02|03|04).cern.ch|/DC=ch/DC=cern/OU=Organic Units/OU=Users/CN=cmscrab/CN=(817881|373708)/CN=Robot: cms crab|/DC=ch/DC=cern/OU=Organic Units/OU=Users/CN=crabint1/CN=373708/CN=Robot: CMS CRAB Integration 1
  trusted retrieval policy: /DC=ch/DC=cern/OU=computers/CN=crab-(preprod|prod)-tw(01|02).cern.ch|/DC=ch/DC=cern/OU=computers/CN=crab-dev-tw(01|02|03|04).cern.ch|/DC=ch/DC=cern/OU=Organic Units/OU=Users/CN=cmscrab/CN=(817881|373708)/CN=Robot: cms crab|/DC=ch/DC=cern/OU=Organic Units/OU=Users/CN=crabint1/CN=373708/CN=Robot: CMS CRAB Integration 1
  timeleft: 384:47:58  (16.0 days)

 error: 
 retcode : 0
DEBUG 2025-09-25 20:10:55.619 UTC: 	 Myproxy is valid: 1385220
DEBUG 2025-09-25 20:10:55.619 UTC: 	 Result of myproxy credential check:
  Credential exists on myproxy: username: bfbdf12a5670e45fdd055ff115afbb0f25b8a072  - validity: 16 days, 0:47:00
DEBUG 2025-09-25 20:10:55.619 UTC: 	 Retrieving username ...
DEBUG 2025-09-25 20:10:55.619 UTC: 	 Retrieving username from CRIC...
DEBUG 2025-09-25 20:10:56.657 UTC: 	 username is bibehera
INFO 2025-09-25 20:10:57.382 UTC: 	 Rucio client intialized for account bibehera
DEBUG 2025-09-25 20:10:57.383 UTC: 	 Command use: status
DEBUG 2025-09-25 20:10:57.383 UTC: 	 Options use: ['-d', 'OO_Data_MINIAOD/crab_2pc_OO_V0_IM_effcorr_cent0to60_IP10']
DEBUG 2025-09-25 20:10:57.383 UTC: 	 Encoded data for curl request: subresource=version
DEBUG 2025-09-25 20:10:57.419 UTC: 	 CRABClient version: v3.250820
DEBUG 2025-09-25 20:10:57.419 UTC: 	 Instance is prod
DEBUG 2025-09-25 20:10:57.419 UTC: 	 Server base url is cmsweb.cern.ch
DEBUG 2025-09-25 20:10:57.419 UTC: 	 Command api workflow
DEBUG 2025-09-25 20:10:57.419 UTC: 	 Encoded data for curl request: subresource=search&workflow=250925_194456%3Abibehera_crab_2pc_OO_V0_IM_effcorr_cent0to60_IP10
DEBUG 2025-09-25 20:10:57.457 UTC: 	 Got information from server oracle database: {'desc': {'columns': ['tm_taskname', 'tm_activity', 'tm_task_status', 'tm_task_command', 'tm_start_time', 'tm_start_injection', 'tm_end_injection', 'tm_task_failure', 'tm_job_sw', 'tm_job_arch', 'tm_input_dataset', 'tm_nonvalid_input_dataset', 'tm_use_parent', 'tm_site_whitelist', 'tm_site_blacklist', 'tm_split_algo', 'tm_split_args', 'tm_user_sandbox', 'tm_cache_url', 'tm_username', 'tm_user_dn', 'tm_user_vo', 'tm_user_role', 'tm_user_group', 'tm_publish_name', 'tm_publish_groupname', 'tm_asyncdest', 'tm_dbs_url', 'tm_publish_dbs_url', 'tm_publication', 'tm_outfiles', 'tm_tfile_outfiles', 'tm_edm_outfiles', 'tm_job_type', 'tm_generator', 'tm_events_per_lumi', 'tm_arguments', 'tm_save_logs', 'tw_name', 'tm_user_infiles', 'tm_maxjobruntime', 'tm_numcores', 'tm_maxmemory', 'tm_priority', 'tm_output_dataset', 'tm_task_warnings', 'tm_user_webdir', 'tm_scriptexe', 'tm_scriptargs', 'tm_extrajdl', 'tm_collector', 'tm_schedd', 'tm_dry_run', 'tm_user_files', 'tm_transfer_outputs', 'tm_output_lfn', 'tm_ignore_locality', 'tm_fail_limit', 'tm_one_event_mode', 'tm_secondary_input_dataset', 'tm_primary_dataset', 'tm_last_publication', 'tm_debug_files', 'clusterid', 'tm_ignore_global_blacklist', 'tm_submitter_ip_addr', 'tm_totalunits', 'tm_ddm_reqid', 'tm_user_config', 'tm_transfer_container', 'tm_transfer_rule', 'tm_publish_rule', 'tm_multipub_rule', 'tm_job_min_microarch', 'tm_dagman_status', 'tm_num_jobs', 'tm_uploaded']}, 'result': ['250925_194456:bibehera_crab_2pc_OO_V0_IM_effcorr_cent0to60_IP10', 'None', 'SUBMITTED', 'SUBMIT', '2025-09-25 19:44:56.597775', 'None', '2025-09-25 19:46:25.763766', 'None', 'CMSSW_15_0_6_patch1', 'el8_amd64_gcc12', '/IonPhysics10/bibehera-2pc_OO_V0_IP10-ca42279dfc2dce710b3991c24f27a617/USER', 'F', '0', '[]', '[]', 'LumiBased', "{'halt_job_on_file_boundaries': False, 'splitOnRun': False, 'lumis_per_job': 3, 'runs': ['394153', '394154', '394169', '394175', '394183', '394184', '394185', '394186', '394187', '394188', '394189', '394204', '394209', '394217'], 'lumis': ['40,169', '1,886', '39,997', '47,988', '15,239', '1,667', '1,3', '1,15', '1,1', '1,107', '1,72', '38,932', '23,1209', '41,838']}", 'b53588f34c59c94d562080ae16d45f446a7939917fc29026a3771735f7493144.tar.gz', 'https://cmsweb.cern.ch/S3/crabcache_prod', 'bibehera', '/DC=ch/DC=cern/OU=Organic Units/OU=Users/CN=bibehera/CN=882295/CN=Bismita Behera', 'cms', 'None', 'None', '2pc_OO_V0_IM_effcorr_cent0to60_IP10-00000000000000000000000000000000', 'F', 'T3_CH_CERNBOX', 'https://cmsweb.cern.ch/dbs/prod/phys03/DBSReader', 'https://cmsweb.cern.ch/dbs/prod/phys03/DBSWriter', 'F', '[]', "['V0_test_IM_wgt.root']", '[]', 'Analysis', 'pythia', 'None', '{}', 'T', 'crab-prod-tw01', '[]', '1250', '1', '2000', '10', "['/FakeDataset/fakefile-FakePublish-c34f4472917ff4c2e023bb6f4035722e/USER']", '[]', 'http://vocms0199.cern.ch/mon/bibehera/250925_194456:bibehera_crab_2pc_OO_V0_IM_effcorr_cent0to60_IP10', 'None', '[]', '[]', 'cmsgwms-collector-global.cern.ch:9620,cmsgwms-collector-global.fnal.gov:9620', 'crab3@vocms0199.cern.ch', 'F', '[]', 'T', '/store/user/bibehera/', 'F', 'None', 'F', '/IonPhysics10/OORun2025-PromptReco-v1/MINIAOD', 'IonPhysics10', 'None', '290bfc86988c6dfc8c7fe173fa80d2e5665c93bc8985b0ac970cc8b98479d5df.tar.gz', '91762511', 'F', '188.185.101.116', '-1.0', 'None', '{"partialdataset": false, "requireaccelerator": false, "acceleratorparams": null, "inputblocks": null}', 'None', 'None', 'None', 'None', 'x86-64-v3', 'RUNNING', '2288', 'T']}
INFO 2025-09-25 20:10:57.457 UTC: 	 CRAB project directory:		/eos/home-b/bibehera/OO_Simfit_eff/CMSSW_15_0_6_patch1/src/Analyzer/RaghuV0Ana/cfg/OO_Data_MINIAOD/crab_2pc_OO_V0_IM_effcorr_cent0to60_IP10
INFO 2025-09-25 20:10:57.457 UTC: 	 Task name:			250925_194456:bibehera_crab_2pc_OO_V0_IM_effcorr_cent0to60_IP10
INFO 2025-09-25 20:10:57.457 UTC: 	 Grid scheduler - Task Worker:	crab3@vocms0199.cern.ch - crab-prod-tw01
INFO 2025-09-25 20:10:57.457 UTC: 	 Status on the CRAB server:	SUBMITTED
INFO 2025-09-25 20:10:57.457 UTC: 	 Task URL to use for HELP:	https://cmsweb.cern.ch/crabserver/ui/task/250925_194456%3Abibehera_crab_2pc_OO_V0_IM_effcorr_cent0to60_IP10
INFO 2025-09-25 20:10:57.463 UTC: 	 Dashboard monitoring URL:	https://monit-grafana.cern.ch/d/cmsTMDetail/cms-task-monitoring-task-view?orgId=11&var-user=bibehera&var-task=250925_194456%3Abibehera_crab_2pc_OO_V0_IM_effcorr_cent0to60_IP10&from=1758825896000&to=now
DEBUG 2025-09-25 20:10:57.463 UTC: 	 The CRAB server submitted your task to the Grid scheduler (cluster ID: 91762511)
DEBUG 2025-09-25 20:10:57.463 UTC: 	 Webdir is located at http://vocms0199.cern.ch/mon/bibehera/250925_194456:bibehera_crab_2pc_OO_V0_IM_effcorr_cent0to60_IP10
DEBUG 2025-09-25 20:10:57.463 UTC: 	 Encoded data for curl request: subresource=webdirprx&workflow=250925_194456%3Abibehera_crab_2pc_OO_V0_IM_effcorr_cent0to60_IP10
DEBUG 2025-09-25 20:10:57.664 UTC: 	 Proxied webdir is located at https://cmsweb.cern.ch/scheddmon/0199/bibehera/250925_194456:bibehera_crab_2pc_OO_V0_IM_effcorr_cent0to60_IP10
DEBUG 2025-09-25 20:10:57.665 UTC: 	 Retrieving 'status_cache' file from https://cmsweb.cern.ch/scheddmon/0199/bibehera/250925_194456:bibehera_crab_2pc_OO_V0_IM_effcorr_cent0to60_IP10/status_cache.pkl
DEBUG 2025-09-25 20:10:57.665 UTC: 	 Will execute:
curl -sS --capath /etc/grid-security/certificates --cert /tmp/x509up_u177753 --key /tmp/x509up_u177753 -o /tmp/crab_status-cache-fla4xm62.pkl -w %"{http_code}" "https://cmsweb.cern.ch/scheddmon/0199/bibehera/250925_194456:bibehera_crab_2pc_OO_V0_IM_effcorr_cent0to60_IP10/status_cache.pkl"
DEBUG 2025-09-25 20:10:57.665 UTC: 	 Executing command :
 curl -sS --capath /etc/grid-security/certificates --cert /tmp/x509up_u177753 --key /tmp/x509up_u177753 -o /tmp/crab_status-cache-fla4xm62.pkl -w %"{http_code}" "https://cmsweb.cern.ch/scheddmon/0199/bibehera/250925_194456:bibehera_crab_2pc_OO_V0_IM_effcorr_cent0to60_IP10/status_cache.pkl"
DEBUG 2025-09-25 20:10:57.697 UTC: 	 output : 200
 error: 
 retcode : 0
DEBUG 2025-09-25 20:10:57.697 UTC: 	 exitcode: 0
stdout: 200
stderr: 
error details: 
DEBUG 2025-09-25 20:10:57.703 UTC: 	 Got information from status cache file: {'20': {'Retries': 0, 'Restarts': 0, 'SiteHistory': ['Unknown', 'T2_US_Vanderbilt', 'T2_US_Vanderbilt'], 'ResidentSetSize': [1631664], 'SubmitTimes': [1758829656.0], 'StartTimes': [1758830011.0], 'EndTimes': [1758830800.0], 'TotalUserCpuTimeHistory': [619], 'TotalSysCpuTimeHistory': [27], 'WallDurations': [9.0, 11.274076223373413, 789.0], 'JobIds': ['91762717.0'], 'State': 'transferring', 'RecordedSite': True}, '1': {'Retries': 0, 'Restarts': 0, 'SiteHistory': ['Unknown'], 'ResidentSetSize': [0], 'SubmitTimes': [1758829656.0], 'StartTimes': [], 'EndTimes': [], 'TotalUserCpuTimeHistory': [0.0], 'TotalSysCpuTimeHistory': [0.0], 'WallDurations': [0], 'JobIds': ['91762718.0'], 'State': 'idle', 'RecordedSite': False}, '15': {'Retries': 0, 'Restarts': 0, 'SiteHistory': ['Unknown', 'T2_US_Vanderbilt', 'T2_US_Vanderbilt'], 'ResidentSetSize': [1572240], 'SubmitTimes': [1758829656.0], 'StartTimes': [1758830453.0], 'EndTimes': [], 'TotalUserCpuTimeHistory': [211.0], 'TotalSysCpuTimeHistory': [16.0], 'WallDurations': [9.0, 170.94371342658997, 310.0], 'JobIds': ['91762719.0'], 'State': 'running', 'RecordedSite': True}, '4': {'Retries': 0, 'Restarts': 0, 'SiteHistory': ['Unknown'], 'ResidentSetSize': [0], 'SubmitTimes': [1758829656.0], 'StartTimes': [], 'EndTimes': [], 'TotalUserCpuTimeHistory': [0.0], 'TotalSysCpuTimeHistory': [0.0], 'WallDurations': [0], 'JobIds': ['91762720.0'], 'State': 'idle', 'RecordedSite': False}, '6': {'Retries': 0, 'Restarts': 0, 'SiteHistory': ['Unknown', 'T2_US_Vanderbilt', 'T2_US_Vanderbilt'], 'ResidentSetSize': [1500228], 'SubmitTimes': [1758829656.0], 'StartTimes': [1758830504.0], 'EndTimes': [], 'TotalUserCpuTimeHistory': [168.0], 'TotalSysCpuTimeHistory': [15.0], 'WallDurations': [9.0, 119.94371342658997, 309.0], 'JobIds': ['91762721.0'], 'State': 'running', 'RecordedSite': True}, '13': {'Retries': 0, 'Restarts': 0, 'SiteHistory': ['Unknown', 'T2_US_Vanderbilt', 'T2_US_Vanderbilt'], 'ResidentSetSize': [89020], 'SubmitTimes': [1758829656.0], 'StartTimes': [1758830659.0], 'EndTimes': [], 'TotalUserCpuTimeHistory': [0.0], 'TotalSysCpuTimeHistory': [0.0], 'WallDurations': [0, 8.0, 265.5868020057678], 'JobIds': ['91762722.0'], 'State': 'running', 'RecordedSite': True}, '14': {'Retries': 0, 'Restarts': 0, 'SiteHistory': ['Unknown', 'T2_US_Vanderbilt', 'T2_US_Vanderbilt'], 'ResidentSetSize': [92032], 'SubmitTimes': [1758829657.0], 'StartTimes': [1758830819.0], 'EndTimes': [], 'TotalUserCpuTimeHistory': [0.0], 'TotalSysCpuTimeHistory': [0.0], 'WallDurations': [9.0, 105.58680200576782, 105.58680200576782], 'JobIds': ['91762723.0'], 'State': 'running', 'RecordedSite': True}, '12': {'Retries': 0, 'Restarts': 0, 'SiteHistory': ['Unknown', 'T2_US_Vanderbilt', 'T2_US_Vanderbilt'], 'ResidentSetSize': [84912], 'SubmitTimes': [1758829657.0], 'StartTimes': [1758830846.0], 'EndTimes': [], 'TotalUserCpuTimeHistory': [1.0], 'TotalSysCpuTimeHistory': [0.0], 'WallDurations': [8.0, 78.58680200576782, 78.58680200576782], 'JobIds': ['91762724.0'], 'State': 'running', 'RecordedSite': True}, '9': {'Retries': 0, 'Restarts': 0, 'SiteHistory': ['Unknown'], 'ResidentSetSize': [0], 'SubmitTimes': [1758829657.0], 'StartTimes': [], 'EndTimes': [], 'TotalUserCpuTimeHistory': [0.0], 'TotalSysCpuTimeHistory': [0.0], 'WallDurations': [0], 'JobIds': ['91762725.0'], 'State': 'idle', 'RecordedSite': False}, '16': {'Retries': 0, 'Restarts': 0, 'SiteHistory': ['Unknown'], 'ResidentSetSize': [0], 'SubmitTimes': [1758829657.0], 'StartTimes': [], 'EndTimes': [], 'TotalUserCpuTimeHistory': [0.0], 'TotalSysCpuTimeHistory': [0.0], 'WallDurations': [0], 'JobIds': ['91762726.0'], 'State': 'idle', 'RecordedSite': False}, '18': {'Retries': 0, 'Restarts': 0, 'SiteHistory': ['Unknown'], 'ResidentSetSize': [0], 'SubmitTimes': [1758829657.0], 'StartTimes': [], 'EndTimes': [], 'TotalUserCpuTimeHistory': [0.0], 'TotalSysCpuTimeHistory': [0.0], 'WallDurations': [0], 'JobIds': ['91762727.0'], 'State': 'idle', 'RecordedSite': False}, '23': {'Retries': 0, 'Restarts': 0, 'SiteHistory': ['Unknown'], 'ResidentSetSize': [0], 'SubmitTimes': [1758829657.0], 'StartTimes': [], 'EndTimes': [], 'TotalUserCpuTimeHistory': [0.0], 'TotalSysCpuTimeHistory': [0.0], 'WallDurations': [0], 'JobIds': ['91762728.0'], 'State': 'idle', 'RecordedSite': False}, '19': {'Retries': 0, 'Restarts': 0, 'SiteHistory': ['Unknown'], 'ResidentSetSize': [0], 'SubmitTimes': [1758829657.0], 'StartTimes': [], 'EndTimes': [], 'TotalUserCpuTimeHistory': [0.0], 'TotalSysCpuTimeHistory': [0.0], 'WallDurations': [0], 'JobIds': ['91762729.0'], 'State': 'idle', 'RecordedSite': False}, '5': {'Retries': 0, 'Restarts': 0, 'SiteHistory': ['Unknown'], 'ResidentSetSize': [0], 'SubmitTimes': [1758829657.0], 'StartTimes': [], 'EndTimes': [], 'TotalUserCpuTimeHistory': [0.0], 'TotalSysCpuTimeHistory': [0.0], 'WallDurations': [0], 'JobIds': ['91762730.0'], 'State': 'idle', 'RecordedSite': False}, '2': {'Retries': 0, 'Restarts': 0, 'SiteHistory': ['Unknown'], 'ResidentSetSize': [0], 'SubmitTimes': [1758829657.0], 'StartTimes': [], 'EndTimes': [], 'TotalUserCpuTimeHistory': [0.0], 'TotalSysCpuTimeHistory': [0.0], 'WallDurations': [0], 'JobIds': ['91762731.0'], 'State': 'idle', 'RecordedSite': False}, '3': {'Retries': 0, 'Restarts': 0, 'SiteHistory': ['Unknown'], 'ResidentSetSize': [0], 'SubmitTimes': [1758829658.0], 'StartTimes': [], 'EndTimes': [], 'TotalUserCpuTimeHistory': [0.0], 'TotalSysCpuTimeHistory': [0.0], 'WallDurations': [0], 'JobIds': ['91762732.0'], 'State': 'idle', 'RecordedSite': False}, '8': {'Retries': 0, 'Restarts': 0, 'SiteHistory': ['Unknown'], 'ResidentSetSize': [0], 'SubmitTimes': [1758829658.0], 'StartTimes': [], 'EndTimes': [], 'TotalUserCpuTimeHistory': [0.0], 'TotalSysCpuTimeHistory': [0.0], 'WallDurations': [0], 'JobIds': ['91762733.0'], 'State': 'idle', 'RecordedSite': False}, '11': {'Retries': 0, 'Restarts': 0, 'SiteHistory': ['Unknown'], 'ResidentSetSize': [0], 'SubmitTimes': [1758829658.0], 'StartTimes': [], 'EndTimes': [], 'TotalUserCpuTimeHistory': [0.0], 'TotalSysCpuTimeHistory': [0.0], 'WallDurations': [0], 'JobIds': ['91762734.0'], 'State': 'idle', 'RecordedSite': False}, '10': {'Retries': 0, 'Restarts': 0, 'SiteHistory': ['Unknown'], 'ResidentSetSize': [0], 'SubmitTimes': [1758829658.0], 'StartTimes': [], 'EndTimes': [], 'TotalUserCpuTimeHistory': [0.0], 'TotalSysCpuTimeHistory': [0.0], 'WallDurations': [0], 'JobIds': ['91762735.0'], 'State': 'idle', 'RecordedSite': False}, '25': {'Retries': 0, 'Restarts': 0, 'SiteHistory': ['Unknown'], 'ResidentSetSize': [0], 'SubmitTimes': [1758829658.0], 'StartTimes': [], 'EndTimes': [], 'TotalUserCpuTimeHistory': [0.0], 'TotalSysCpuTimeHistory': [0.0], 'WallDurations': [0], 'JobIds': ['91762736.0'], 'State': 'idle', 'RecordedSite': False}, '7': {'Retries': 0, 'Restarts': 0, 'SiteHistory': ['Unknown'], 'ResidentSetSize': [0], 'SubmitTimes': [1758829658.0], 'StartTimes': [], 'EndTimes': [], 'TotalUserCpuTimeHistory': [0.0], 'TotalSysCpuTimeHistory': [0.0], 'WallDurations': [0], 'JobIds': ['91762737.0'], 'State': 'idle', 'RecordedSite': False}, '17': {'Retries': 0, 'Restarts': 0, 'SiteHistory': ['Unknown'], 'ResidentSetSize': [0], 'SubmitTimes': [1758829659.0], 'StartTimes': [], 'EndTimes': [], 'TotalUserCpuTimeHistory': [0.0], 'TotalSysCpuTimeHistory': [0.0], 'WallDurations': [0], 'JobIds': ['91762738.0'], 'State': 'idle', 'RecordedSite': False}, '24': {'Retries': 0, 'Restarts': 0, 'SiteHistory': ['Unknown'], 'ResidentSetSize': [0], 'SubmitTimes': [1758829659.0], 'StartTimes': [], 'EndTimes': [], 'TotalUserCpuTimeHistory': [0.0], 'TotalSysCpuTimeHistory': [0.0], 'WallDurations': [0], 'JobIds': ['91762739.0'], 'State': 'idle', 'RecordedSite': False}, '30': {'Retries': 0, 'Restarts': 0, 'SiteHistory': ['Unknown'], 'ResidentSetSize': [0], 'SubmitTimes': [1758829659.0], 'StartTimes': [], 'EndTimes': [], 'TotalUserCpuTimeHistory': [0.0], 'TotalSysCpuTimeHistory': [0.0], 'WallDurations': [0], 'JobIds': ['91762740.0'], 'State': 'idle', 'RecordedSite': False}, '22': {'Retries': 0, 'Restarts': 0, 'SiteHistory': ['Unknown'], 'ResidentSetSize': [0], 'SubmitTimes': [1758829659.0], 'StartTimes': [], 'EndTimes': [], 'TotalUserCpuTimeHistory': [0.0], 'TotalSysCpuTimeHistory': [0.0], 'WallDurations': [0], 'JobIds': ['91762741.0'], 'State': 'idle', 'RecordedSite': False}, '27': {'Retries': 0, 'Restarts': 0, 'SiteHistory': ['Unknown'], 'ResidentSetSize': [0], 'SubmitTimes': [1758829664.0], 'StartTimes': [], 'EndTimes': [], 'TotalUserCpuTimeHistory': [0.0], 'TotalSysCpuTimeHistory': [0.0], 'WallDurations': [0], 'JobIds': ['91762742.0'], 'State': 'idle', 'RecordedSite': False}, '26': {'Retries': 0, 'Restarts': 0, 'SiteHistory': ['Unknown'], 'ResidentSetSize': [0], 'SubmitTimes': [1758829664.0], 'StartTimes': [], 'EndTimes': [], 'TotalUserCpuTimeHistory': [0.0], 'TotalSysCpuTimeHistory': [0.0], 'WallDurations': [0], 'JobIds': ['91762743.0'], 'State': 'idle', 'RecordedSite': False}, '28': {'Retries': 0, 'Restarts': 0, 'SiteHistory': ['Unknown'], 'ResidentSetSize': [0], 'SubmitTimes': [1758829664.0], 'StartTimes': [], 'EndTimes': [], 'TotalUserCpuTimeHistory': [0.0], 'TotalSysCpuTimeHistory': [0.0], 'WallDurations': [0], 'JobIds': ['91762744.0'], 'State': 'idle', 'RecordedSite': False}, '29': {'Retries': 0, 'Restarts': 0, 'SiteHistory': ['Unknown'], 'ResidentSetSize': [0], 'SubmitTimes': [1758829664.0], 'StartTimes': [], 'EndTimes': [], 'TotalUserCpuTimeHistory': [0.0], 'TotalSysCpuTimeHistory': [0.0], 'WallDurations': [0], 'JobIds': ['91762745.0'], 'State': 'idle', 'RecordedSite': False}, '31': {'Retries': 0, 'Restarts': 0, 'SiteHistory': ['Unknown'], 'ResidentSetSize': [0], 'SubmitTimes': [1758829664.0], 'StartTimes': [], 'EndTimes': [], 'TotalUserCpuTimeHistory': [0.0], 'TotalSysCpuTimeHistory': [0.0], 'WallDurations': [0], 'JobIds': ['91762746.0'], 'State': 'idle', 'RecordedSite': False}, '32': {'Retries': 0, 'Restarts': 0, 'SiteHistory': ['Unknown'], 'ResidentSetSize': [0], 'SubmitTimes': [1758829664.0], 'StartTimes': [], 'EndTimes': [], 'TotalUserCpuTimeHistory': [0.0], 'TotalSysCpuTimeHistory': [0.0], 'WallDurations': [0], 'JobIds': ['91762747.0'], 'State': 'idle', 'RecordedSite': False}, '33': {'Retries': 0, 'Restarts': 0, 'SiteHistory': ['Unknown'], 'ResidentSetSize': [0], 'SubmitTimes': [1758829664.0], 'StartTimes': [], 'EndTimes': [], 'TotalUserCpuTimeHistory': [0.0], 'TotalSysCpuTimeHistory': [0.0], 'WallDurations': [0], 'JobIds': ['91762748.0'], 'State': 'idle', 'RecordedSite': False}, '34': {'Retries': 0, 'Restarts': 0, 'SiteHistory': ['Unknown'], 'ResidentSetSize': [0], 'SubmitTimes': [1758829664.0], 'StartTimes': [], 'EndTimes': [], 'TotalUserCpuTimeHistory': [0.0], 'TotalSysCpuTimeHistory': [0.0], 'WallDurations': [0], 'JobIds': ['91762749.0'], 'State': 'idle', 'RecordedSite': False}, '35': {'Retries': 0, 'Restarts': 0, 'SiteHistory': ['Unknown'], 'ResidentSetSize': [0], 'SubmitTimes': [1758829664.0], 'StartTimes': [], 'EndTimes': [], 'TotalUserCpuTimeHistory': [0.0], 'TotalSysCpuTimeHistory': [0.0], 'WallDurations': [0], 'JobIds': ['91762750.0'], 'State': 'idle', 'RecordedSite': False}, '36': {'Retries': 0, 'Restarts': 0, 'SiteHistory': ['Unknown'], 'ResidentSetSize': [0], 'SubmitTimes': [1758829665.0], 'StartTimes': [], 'EndTimes': [], 'TotalUserCpuTimeHistory': [0.0], 'TotalSysCpuTimeHistory': [0.0], 'WallDurations': [0], 'JobIds': ['91762751.0'], 'State': 'idle', 'RecordedSite': False}, '37': {'Retries': 0, 'Restarts': 0, 'SiteHistory': ['Unknown'], 'ResidentSetSize': [0], 'SubmitTimes': [1758829665.0], 'StartTimes': [], 'EndTimes': [], 'TotalUserCpuTimeHistory': [0.0], 'TotalSysCpuTimeHistory': [0.0], 'WallDurations': [0], 'JobIds': ['91762752.0'], 'State': 'idle', 'RecordedSite': False}, '38': {'Retries': 0, 'Restarts': 0, 'SiteHistory': ['Unknown'], 'ResidentSetSize': [0], 'SubmitTimes': [1758829665.0], 'StartTimes': [], 'EndTimes': [], 'TotalUserCpuTimeHistory': [0.0], 'TotalSysCpuTimeHistory': [0.0], 'WallDurations': [0], 'JobIds': ['91762753.0'], 'State': 'idle', 'RecordedSite': False}, '39': {'Retries': 0, 'Restarts': 0, 'SiteHistory': ['Unknown'], 'ResidentSetSize': [0], 'SubmitTimes': [1758829665.0], 'StartTimes': [], 'EndTimes': [], 'TotalUserCpuTimeHistory': [0.0], 'TotalSysCpuTimeHistory': [0.0], 'WallDurations': [0], 'JobIds': ['91762754.0'], 'State': 'idle', 'RecordedSite': False}, '40': {'Retries': 0, 'Restarts': 0, 'SiteHistory': ['Unknown'], 'ResidentSetSize': [0], 'SubmitTimes': [1758829665.0], 'StartTimes': [], 'EndTimes': [], 'TotalUserCpuTimeHistory': [0.0], 'TotalSysCpuTimeHistory': [0.0], 'WallDurations': [0], 'JobIds': ['91762755.0'], 'State': 'idle', 'RecordedSite': False}, '41': {'Retries': 0, 'Restarts': 0, 'SiteHistory': ['Unknown'], 'ResidentSetSize': [0], 'SubmitTimes': [1758829665.0], 'StartTimes': [], 'EndTimes': [], 'TotalUserCpuTimeHistory': [0.0], 'TotalSysCpuTimeHistory': [0.0], 'WallDurations': [0], 'JobIds': ['91762756.0'], 'State': 'idle', 'RecordedSite': False}, '42': {'Retries': 0, 'Restarts': 0, 'SiteHistory': ['Unknown'], 'ResidentSetSize': [0], 'SubmitTimes': [1758829665.0], 'StartTimes': [], 'EndTimes': [], 'TotalUserCpuTimeHistory': [0.0], 'TotalSysCpuTimeHistory': [0.0], 'WallDurations': [0], 'JobIds': ['91762757.0'], 'State': 'idle', 'RecordedSite': False}, '43': {'Retries': 0, 'Restarts': 0, 'SiteHistory': ['Unknown'], 'ResidentSetSize': [0], 'SubmitTimes': [1758829666.0], 'StartTimes': [], 'EndTimes': [], 'TotalUserCpuTimeHistory': [0.0], 'TotalSysCpuTimeHistory': [0.0], 'WallDurations': [0], 'JobIds': ['91762758.0'], 'State': 'idle', 'RecordedSite': False}, '45': {'Retries': 0, 'Restarts': 0, 'SiteHistory': ['Unknown'], 'ResidentSetSize': [0], 'SubmitTimes': [1758829666.0], 'StartTimes': [], 'EndTimes': [], 'TotalUserCpuTimeHistory': [0.0], 'TotalSysCpuTimeHistory': [0.0], 'WallDurations': [0], 'JobIds': ['91762759.0'], 'State': 'idle', 'RecordedSite': False}, '46': {'Retries': 0, 'Restarts': 0, 'SiteHistory': ['Unknown'], 'ResidentSetSize': [0], 'SubmitTimes': [1758829666.0], 'StartTimes': [], 'EndTimes': [], 'TotalUserCpuTimeHistory': [0.0], 'TotalSysCpuTimeHistory': [0.0], 'WallDurations': [0], 'JobIds': ['91762760.0'], 'State': 'idle', 'RecordedSite': False}, '44': {'Retries': 0, 'Restarts': 0, 'SiteHistory': ['Unknown'], 'ResidentSetSize': [0], 'SubmitTimes': [1758829666.0], 'StartTimes': [], 'EndTimes': [], 'TotalUserCpuTimeHistory': [0.0], 'TotalSysCpuTimeHistory': [0.0], 'WallDurations': [0], 'JobIds': ['91762761.0'], 'State': 'idle', 'RecordedSite': False}, '57': {'Retries': 0, 'Restarts': 0, 'SiteHistory': ['Unknown'], 'ResidentSetSize': [0], 'SubmitTimes': [1758829667.0], 'StartTimes': [], 'EndTimes': [], 'TotalUserCpuTimeHistory': [0.0], 'TotalSysCpuTimeHistory': [0.0], 'WallDurations': [0], 'JobIds': ['91762762.0'], 'State': 'idle', 'RecordedSite': False}, '55': {'Retries': 0, 'Restarts': 0, 'SiteHistory': ['Unknown'], 'ResidentSetSize': [0], 'SubmitTimes': [1758829667.0], 'StartTimes': [], 'EndTimes': [], 'TotalUserCpuTimeHistory': [0.0], 'TotalSysCpuTimeHistory': [0.0], 'WallDurations': [0], 'JobIds': ['91762763.0'], 'State': 'idle', 'RecordedSite': False}, '61': {'Retries': 0, 'Restarts': 0, 'SiteHistory': ['Unknown'], 'ResidentSetSize': [0], 'SubmitTimes': [1758829667.0], 'StartTimes': [], 'EndTimes': [], 'TotalUserCpuTimeHistory': [0.0], 'TotalSysCpuTimeHistory': [0.0], 'WallDurations': [0], 'JobIds': ['91762764.0'], 'State': 'idle', 'RecordedSite': False}, '51': {'Retries': 0, 'Restarts': 0, 'SiteHistory': ['Unknown'], 'ResidentSetSize': [0], 'SubmitTimes': [1758829667.0], 'StartTimes': [], 'EndTimes': [], 'TotalUserCpuTimeHistory': [0.0], 'TotalSysCpuTimeHistory': [0.0], 'WallDurations': [0], 'JobIds': ['91762765.0'], 'State': 'idle', 'RecordedSite': False}, '60': {'Retries': 0, 'Restarts': 0, 'SiteHistory': ['Unknown'], 'ResidentSetSize': [0], 'SubmitTimes': [1758829667.0], 'StartTimes': [], 'EndTimes': [], 'TotalUserCpuTimeHistory': [0.0], 'TotalSysCpuTimeHistory': [0.0], 'WallDurations': [0], 'JobIds': ['91762766.0'], 'State': 'idle', 'RecordedSite': False}, '52': {'Retries': 0, 'Restarts': 0, 'SiteHistory': ['Unknown'], 'ResidentSetSize': [0], 'SubmitTimes': [1758829667.0], 'StartTimes': [], 'EndTimes': [], 'TotalUserCpuTimeHistory': [0.0], 'TotalSysCpuTimeHistory': [0.0], 'WallDurations': [0], 'JobIds': ['91762767.0'], 'State': 'idle', 'RecordedSite': False}, '64': {'Retries': 0, 'Restarts': 0, 'SiteHistory': ['Unknown'], 'ResidentSetSize': [0], 'SubmitTimes': [1758829667.0], 'StartTimes': [], 'EndTimes': [], 'TotalUserCpuTimeHistory': [0.0], 'TotalSysCpuTimeHistory': [0.0], 'WallDurations': [0], 'JobIds': ['91762768.0'], 'State': 'idle', 'RecordedSite': False}, '65': {'Retries': 0, 'Restarts': 0, 'SiteHistory': ['Unknown'], 'ResidentSetSize': [0], 'SubmitTimes': [1758829667.0], 'StartTimes': [], 'EndTimes': [], 'TotalUserCpuTimeHistory': [0.0], 'TotalSysCpuTimeHistory': [0.0], 'WallDurations': [0], 'JobIds': ['91762769.0'], 'State': 'idle', 'RecordedSite': False}, '53': {'Retries': 0, 'Restarts': 0, 'SiteHistory': ['Unknown'], 'ResidentSetSize': [0], 'SubmitTimes': [1758829667.0], 'StartTimes': [], 'EndTimes': [], 'TotalUserCpuTimeHistory': [0.0], 'TotalSysCpuTimeHistory': [0.0], 'WallDurations': [0], 'JobIds': ['91762770.0'], 'State': 'idle', 'RecordedSite': False}, '48': {'Retries': 0, 'Restarts': 0, 'SiteHistory': ['Unknown'], 'ResidentSetSize': [0], 'SubmitTimes': [1758829672.0], 'StartTimes': [], 'EndTimes': [], 'TotalUserCpuTimeHistory': [0.0], 'TotalSysCpuTimeHistory': [0.0], 'WallDurations': [0], 'JobIds': ['91762771.0'], 'State': 'idle', 'RecordedSite': False}, '49': {'Retries': 0, 'Restarts': 0, 'SiteHistory': ['Unknown'], 'ResidentSetSize': [0], 'SubmitTimes': [1758829672.0], 'StartTimes': [], 'EndTimes': [], 'TotalUserCpuTimeHistory': [0.0], 'TotalSysCpuTimeHistory': [0.0], 'WallDurations': [0], 'JobIds': ['91762772.0'], 'State': 'idle', 'RecordedSite': False}, '50': {'Retries': 0, 'Restarts': 0, 'SiteHistory': ['Unknown'], 'ResidentSetSize': [0], 'SubmitTimes': [1758829672.0], 'StartTimes': [], 'EndTimes': [], 'TotalUserCpuTimeHistory': [0.0], 'TotalSysCpuTimeHistory': [0.0], 'WallDurations': [0], 'JobIds': ['91762773.0'], 'State': 'idle', 'RecordedSite': False}, '54': {'Retries': 0, 'Restarts': 0, 'SiteHistory': ['Unknown'], 'ResidentSetSize': [0], 'SubmitTimes': [1758829672.0], 'StartTimes': [], 'EndTimes': [], 'TotalUserCpuTimeHistory': [0.0], 'TotalSysCpuTimeHistory': [0.0], 'WallDurations': [0], 'JobIds': ['91762774.0'], 'State': 'idle', 'RecordedSite': False}, '56': {'Retries': 0, 'Restarts': 0, 'SiteHistory': ['Unknown'], 'ResidentSetSize': [0], 'SubmitTimes': [1758829672.0], 'StartTimes': [], 'EndTimes': [], 'TotalUserCpuTimeHistory': [0.0], 'TotalSysCpuTimeHistory': [0.0], 'WallDurations': [0], 'JobIds': ['91762775.0'], 'State': 'idle', 'RecordedSite': False}, '58': {'Retries': 0, 'Restarts': 0, 'SiteHistory': ['Unknown'], 'ResidentSetSize': [0], 'SubmitTimes': [1758829672.0], 'StartTimes': [], 'EndTimes': [], 'TotalUserCpuTimeHistory': [0.0], 'TotalSysCpuTimeHistory': [0.0], 'WallDurations': [0], 'JobIds': ['91762776.0'], 'State': 'idle', 'RecordedSite': False}, '59': {'Retries': 0, 'Restarts': 0, 'SiteHistory': ['Unknown'], 'ResidentSetSize': [0], 'SubmitTimes': [1758829672.0], 'StartTimes': [], 'EndTimes': [], 'TotalUserCpuTimeHistory': [0.0], 'TotalSysCpuTimeHistory': [0.0], 'WallDurations': [0], 'JobIds': ['91762777.0'], 'State': 'idle', 'RecordedSite': False}, '62': {'Retries': 0, 'Restarts': 0, 'SiteHistory': ['Unknown'], 'ResidentSetSize': [0], 'SubmitTimes': [1758829672.0], 'StartTimes': [], 'EndTimes': [], 'TotalUserCpuTimeHistory': [0.0], 'TotalSysCpuTimeHistory': [0.0], 'WallDurations': [0], 'JobIds': ['91762778.0'], 'State': 'idle', 'RecordedSite': False}, '63': {'Retries': 0, 'Restarts': 0, 'SiteHistory': ['Unknown'], 'ResidentSetSize': [0], 'SubmitTimes': [1758829672.0], 'StartTimes': [], 'EndTimes': [], 'TotalUserCpuTimeHistory': [0.0], 'TotalSysCpuTimeHistory': [0.0], 'WallDurations': [0], 'JobIds': ['91762779.0'], 'State': 'idle', 'RecordedSite': False}, '66': {'Retries': 0, 'Restarts': 0, 'SiteHistory': ['Unknown'], 'ResidentSetSize': [0], 'SubmitTimes': [1758829672.0], 'StartTimes': [], 'EndTimes': [], 'TotalUserCpuTimeHistory': [0.0], 'TotalSysCpuTimeHistory': [0.0], 'WallDurations': [0], 'JobIds': ['91762780.0'], 'State': 'idle', 'RecordedSite': False}, '67': {'Retries': 0, 'Restarts': 0, 'SiteHistory': ['Unknown'], 'ResidentSetSize': [0], 'SubmitTimes': [1758829672.0], 'StartTimes': [], 'EndTimes': [], 'TotalUserCpuTimeHistory': [0.0], 'TotalSysCpuTimeHistory': [0.0], 'WallDurations': [0], 'JobIds': ['91762781.0'], 'State': 'idle', 'RecordedSite': False}, '68': {'Retries': 0, 'Restarts': 0, 'SiteHistory': ['Unknown'], 'ResidentSetSize': [0], 'SubmitTimes': [1758829673.0], 'StartTimes': [], 'EndTimes': [], 'TotalUserCpuTimeHistory': [0.0], 'TotalSysCpuTimeHistory': [0.0], 'WallDurations': [0], 'JobIds': ['91762782.0'], 'State': 'idle', 'RecordedSite': False}, '69': {'Retries': 0, 'Restarts': 0, 'SiteHistory': ['Unknown'], 'ResidentSetSize': [0], 'SubmitTimes': [1758829673.0], 'StartTimes': [], 'EndTimes': [], 'TotalUserCpuTimeHistory': [0.0], 'TotalSysCpuTimeHistory': [0.0], 'WallDurations': [0], 'JobIds': ['91762783.0'], 'State': 'idle', 'RecordedSite': False}, '71': {'Retries': 0, 'Restarts': 0, 'SiteHistory': ['Unknown'], 'ResidentSetSize': [0], 'SubmitTimes': [1758829673.0], 'StartTimes': [], 'EndTimes': [], 'TotalUserCpuTimeHistory': [0.0], 'TotalSysCpuTimeHistory': [0.0], 'WallDurations': [0], 'JobIds': ['91762784.0'], 'State': 'idle', 'RecordedSite': False}, '72': {'Retries': 0, 'Restarts': 0, 'SiteHistory': ['Unknown'], 'ResidentSetSize': [0], 'SubmitTimes': [1758829673.0], 'StartTimes': [], 'EndTimes': [], 'TotalUserCpuTimeHistory': [0.0], 'TotalSysCpuTimeHistory': [0.0], 'WallDurations': [0], 'JobIds': ['91762785.0'], 'State': 'idle', 'RecordedSite': False}, '74': {'Retries': 0, 'Restarts': 0, 'SiteHistory': ['Unknown'], 'ResidentSetSize': [0], 'SubmitTimes': [1758829673.0], 'StartTimes': [], 'EndTimes': [], 'TotalUserCpuTimeHistory': [0.0], 'TotalSysCpuTimeHistory': [0.0], 'WallDurations': [0], 'JobIds': ['91762786.0'], 'State': 'idle', 'RecordedSite': False}, '75': {'Retries': 0, 'Restarts': 0, 'SiteHistory': ['Unknown'], 'ResidentSetSize': [0], 'SubmitTimes': [1758829673.0], 'StartTimes': [], 'EndTimes': [], 'TotalUserCpuTimeHistory': [0.0], 'TotalSysCpuTimeHistory': [0.0], 'WallDurations': [0], 'JobIds': ['91762787.0'], 'State': 'idle', 'RecordedSite': False}, '70': {'Retries': 0, 'Restarts': 0, 'SiteHistory': ['Unknown'], 'ResidentSetSize': [0], 'SubmitTimes': [1758829674.0], 'StartTimes': [], 'EndTimes': [], 'TotalUserCpuTimeHistory': [0.0], 'TotalSysCpuTimeHistory': [0.0], 'WallDurations': [0], 'JobIds': ['91762788.0'], 'State': 'idle', 'RecordedSite': False}, '76': {'Retries': 0, 'Restarts': 0, 'SiteHistory': ['Unknown'], 'ResidentSetSize': [0], 'SubmitTimes': [1758829674.0], 'StartTimes': [], 'EndTimes': [], 'TotalUserCpuTimeHistory': [0.0], 'TotalSysCpuTimeHistory': [0.0], 'WallDurations': [0], 'JobIds': ['91762789.0'], 'State': 'idle', 'RecordedSite': False}, '73': {'Retries': 0, 'Restarts': 0, 'SiteHistory': ['Unknown'], 'ResidentSetSize': [0], 'SubmitTimes': [1758829674.0], 'StartTimes': [], 'EndTimes': [], 'TotalUserCpuTimeHistory': [0.0], 'TotalSysCpuTimeHistory': [0.0], 'WallDurations': [0], 'JobIds': ['91762790.0'], 'State': 'idle', 'RecordedSite': False}, '79': {'Retries': 0, 'Restarts': 0, 'SiteHistory': ['Unknown'], 'ResidentSetSize': [0], 'SubmitTimes': [1758829674.0], 'StartTimes': [], 'EndTimes': [], 'TotalUserCpuTimeHistory': [0.0], 'TotalSysCpuTimeHistory': [0.0], 'WallDurations': [0], 'JobIds': ['91762791.0'], 'State': 'idle', 'RecordedSite': False}, '84': {'Retries': 0, 'Restarts': 0, 'SiteHistory': ['Unknown'], 'ResidentSetSize': [0], 'SubmitTimes': [1758829674.0], 'StartTimes': [], 'EndTimes': [], 'TotalUserCpuTimeHistory': [0.0], 'TotalSysCpuTimeHistory': [0.0], 'WallDurations': [0], 'JobIds': ['91762792.0'], 'State': 'idle', 'RecordedSite': False}, '78': {'Retries': 0, 'Restarts': 0, 'SiteHistory': ['Unknown'], 'ResidentSetSize': [0], 'SubmitTimes': [1758829674.0], 'StartTimes': [], 'EndTimes': [], 'TotalUserCpuTimeHistory': [0.0], 'TotalSysCpuTimeHistory': [0.0], 'WallDurations': [0], 'JobIds': ['91762793.0'], 'State': 'idle', 'RecordedSite': False}, '82': {'Retries': 0, 'Restarts': 0, 'SiteHistory': ['Unknown'], 'ResidentSetSize': [0], 'SubmitTimes': [1758829674.0], 'StartTimes': [], 'EndTimes': [], 'TotalUserCpuTimeHistory': [0.0], 'TotalSysCpuTimeHistory': [0.0], 'WallDurations': [0], 'JobIds': ['91762794.0'], 'State': 'idle', 'RecordedSite': False}, '87': {'Retries': 0, 'Restarts': 0, 'SiteHistory': ['Unknown'], 'ResidentSetSize': [0], 'SubmitTimes': [1758829674.0], 'StartTimes': [], 'EndTimes': [], 'TotalUserCpuTimeHistory': [0.0], 'TotalSysCpuTimeHistory': [0.0], 'WallDurations': [0], 'JobIds': ['91762795.0'], 'State': 'idle', 'RecordedSite': False}, '85': {'Retries': 0, 'Restarts': 0, 'SiteHistory': ['Unknown'], 'ResidentSetSize': [0], 'SubmitTimes': [1758829674.0], 'StartTimes': [], 'EndTimes': [], 'TotalUserCpuTimeHistory': [0.0], 'TotalSysCpuTimeHistory': [0.0], 'WallDurations': [0], 'JobIds': ['91762796.0'], 'State': 'idle', 'RecordedSite': False}, '91': {'Retries': 0, 'Restarts': 0, 'SiteHistory': ['Unknown'], 'ResidentSetSize': [0], 'SubmitTimes': [1758829674.0], 'StartTimes': [], 'EndTimes': [], 'TotalUserCpuTimeHistory': [0.0], 'TotalSysCpuTimeHistory': [0.0], 'WallDurations': [0], 'JobIds': ['91762797.0'], 'State': 'idle', 'RecordedSite': False}, '83': {'Retries': 0, 'Restarts': 0, 'SiteHistory': ['Unknown'], 'ResidentSetSize': [0], 'SubmitTimes': [1758829674.0], 'StartTimes': [], 'EndTimes': [], 'TotalUserCpuTimeHistory': [0.0], 'TotalSysCpuTimeHistory': [0.0], 'WallDurations': [0], 'JobIds': ['91762798.0'], 'State': 'idle', 'RecordedSite': False}, '90': {'Retries': 0, 'Restarts': 0, 'SiteHistory': ['Unknown'], 'ResidentSetSize': [0], 'SubmitTimes': [1758829675.0], 'StartTimes': [], 'EndTimes': [], 'TotalUserCpuTimeHistory': [0.0], 'TotalSysCpuTimeHistory': [0.0], 'WallDurations': [0], 'JobIds': ['91762799.0'], 'State': 'idle', 'RecordedSite': False}, '93': {'Retries': 0, 'Restarts': 0, 'SiteHistory': ['Unknown'], 'ResidentSetSize': [0], 'SubmitTimes': [1758829675.0], 'StartTimes': [], 'EndTimes': [], 'TotalUserCpuTimeHistory': [0.0], 'TotalSysCpuTimeHistory': [0.0], 'WallDurations': [0], 'JobIds': ['91762800.0'], 'State': 'idle', 'RecordedSite': False}, '94': {'Retries': 0, 'Restarts': 0, 'SiteHistory': ['Unknown'], 'ResidentSetSize': [0], 'SubmitTimes': [1758829675.0], 'StartTimes': [], 'EndTimes': [], 'TotalUserCpuTimeHistory': [0.0], 'TotalSysCpuTimeHistory': [0.0], 'WallDurations': [0], 'JobIds': ['91762801.0'], 'State': 'idle', 'RecordedSite': False}, '80': {'Retries': 0, 'Restarts': 0, 'SiteHistory': ['Unknown'], 'ResidentSetSize': [0], 'SubmitTimes': [1758829676.0], 'StartTimes': [], 'EndTimes': [], 'TotalUserCpuTimeHistory': [0.0], 'TotalSysCpuTimeHistory': [0.0], 'WallDurations': [0], 'JobIds': ['91762802.0'], 'State': 'idle', 'RecordedSite': False}, '88': {'Retries': 0, 'Restarts': 0, 'SiteHistory': ['Unknown'], 'ResidentSetSize': [0], 'SubmitTimes': [1758829681.0], 'StartTimes': [], 'EndTimes': [], 'TotalUserCpuTimeHistory': [0.0], 'TotalSysCpuTimeHistory': [0.0], 'WallDurations': [0], 'JobIds': ['91762803.0'], 'State': 'idle', 'RecordedSite': False}, '81': {'Retries': 0, 'Restarts': 0, 'SiteHistory': ['Unknown'], 'ResidentSetSize': [0], 'SubmitTimes': [1758829681.0], 'StartTimes': [], 'EndTimes': [], 'TotalUserCpuTimeHistory': [0.0], 'TotalSysCpuTimeHistory': [0.0], 'WallDurations': [0], 'JobIds': ['91762804.0'], 'State': 'idle', 'RecordedSite': False}, '86': {'Retries': 0, 'Restarts': 0, 'SiteHistory': ['Unknown'], 'ResidentSetSize': [0], 'SubmitTimes': [1758829681.0], 'StartTimes': [], 'EndTimes': [], 'TotalUserCpuTimeHistory': [0.0], 'TotalSysCpuTimeHistory': [0.0], 'WallDurations': [0], 'JobIds': ['91762805.0'], 'State': 'idle', 'RecordedSite': False}, '89': {'Retries': 0, 'Restarts': 0, 'SiteHistory': ['Unknown'], 'ResidentSetSize': [0], 'SubmitTimes': [1758829681.0], 'StartTimes': [], 'EndTimes': [], 'TotalUserCpuTimeHistory': [0.0], 'TotalSysCpuTimeHistory': [0.0], 'WallDurations': [0], 'JobIds': ['91762806.0'], 'State': 'idle', 'RecordedSite': False}, '92': {'Retries': 0, 'Restarts': 0, 'SiteHistory': ['Unknown'], 'ResidentSetSize': [0], 'SubmitTimes': [1758829681.0], 'StartTimes': [], 'EndTimes': [], 'TotalUserCpuTimeHistory': [0.0], 'TotalSysCpuTimeHistory': [0.0], 'WallDurations': [0], 'JobIds': ['91762807.0'], 'State': 'idle', 'RecordedSite': False}, '95': {'Retries': 0, 'Restarts': 0, 'SiteHistory': ['Unknown'], 'ResidentSetSize': [0], 'SubmitTimes': [1758829681.0], 'StartTimes': [], 'EndTimes': [], 'TotalUserCpuTimeHistory': [0.0], 'TotalSysCpuTimeHistory': [0.0], 'WallDurations': [0], 'JobIds': ['91762808.0'], 'State': 'idle', 'RecordedSite': False}, '96': {'Retries': 0, 'Restarts': 0, 'SiteHistory': ['Unknown'], 'ResidentSetSize': [0], 'SubmitTimes': [1758829682.0], 'StartTimes': [], 'EndTimes': [], 'TotalUserCpuTimeHistory': [0.0], 'TotalSysCpuTimeHistory': [0.0], 'WallDurations': [0], 'JobIds': ['91762809.0'], 'State': 'idle', 'RecordedSite': False}, '97': {'Retries': 0, 'Restarts': 0, 'SiteHistory': ['Unknown'], 'ResidentSetSize': [0], 'SubmitTimes': [1758829682.0], 'StartTimes': [], 'EndTimes': [], 'TotalUserCpuTimeHistory': [0.0], 'TotalSysCpuTimeHistory': [0.0], 'WallDurations': [0], 'JobIds': ['91762810.0'], 'State': 'idle', 'RecordedSite': False}, '98': {'Retries': 0, 'Restarts': 0, 'SiteHistory': ['Unknown'], 'ResidentSetSize': [0], 'SubmitTimes': [1758829682.0], 'StartTimes': [], 'EndTimes': [], 'TotalUserCpuTimeHistory': [0.0], 'TotalSysCpuTimeHistory': [0.0], 'WallDurations': [0], 'JobIds': ['91762811.0'], 'State': 'idle', 'RecordedSite': False}, '99': {'Retries': 0, 'Restarts': 0, 'SiteHistory': ['Unknown'], 'ResidentSetSize': [0], 'SubmitTimes': [1758829682.0], 'StartTimes': [], 'EndTimes': [], 'TotalUserCpuTimeHistory': [0.0], 'TotalSysCpuTimeHistory': [0.0], 'WallDurations': [0], 'JobIds': ['91762812.0'], 'State': 'idle', 'RecordedSite': False}, '100': {'Retries': 0, 'Restarts': 0, 'SiteHistory': ['Unknown'], 'ResidentSetSize': [0], 'SubmitTimes': [1758829682.0], 'StartTimes': [], 'EndTimes': [], 'TotalUserCpuTimeHistory': [0.0], 'TotalSysCpuTimeHistory': [0.0], 'WallDurations': [0], 'JobIds': ['91762813.0'], 'State': 'idle', 'RecordedSite': False}, '101': {'Retries': 0, 'Restarts': 0, 'SiteHistory': ['Unknown'], 'ResidentSetSize': [0], 'SubmitTimes': [1758829682.0], 'StartTimes': [], 'EndTimes': [], 'TotalUserCpuTimeHistory': [0.0], 'TotalSysCpuTimeHistory': [0.0], 'WallDurations': [0], 'JobIds': ['91762814.0'], 'State': 'idle', 'RecordedSite': False}, '102': {'Retries': 0, 'Restarts': 0, 'SiteHistory': ['Unknown'], 'ResidentSetSize': [0], 'SubmitTimes': [1758829682.0], 'StartTimes': [], 'EndTimes': [], 'TotalUserCpuTimeHistory': [0.0], 'TotalSysCpuTimeHistory': [0.0], 'WallDurations': [0], 'JobIds': ['91762815.0'], 'State': 'idle', 'RecordedSite': False}, '103': {'Retries': 0, 'Restarts': 0, 'SiteHistory': ['Unknown'], 'ResidentSetSize': [0], 'SubmitTimes': [1758829682.0], 'StartTimes': [], 'EndTimes': [], 'TotalUserCpuTimeHistory': [0.0], 'TotalSysCpuTimeHistory': [0.0], 'WallDurations': [0], 'JobIds': ['91762816.0'], 'State': 'idle', 'RecordedSite': False}, '104': {'Retries': 0, 'Restarts': 0, 'SiteHistory': ['Unknown'], 'ResidentSetSize': [0], 'SubmitTimes': [1758829682.0], 'StartTimes': [], 'EndTimes': [], 'TotalUserCpuTimeHistory': [0.0], 'TotalSysCpuTimeHistory': [0.0], 'WallDurations': [0], 'JobIds': ['91762817.0'], 'State': 'idle', 'RecordedSite': False}, '105': {'Retries': 0, 'Restarts': 0, 'SiteHistory': ['Unknown'], 'ResidentSetSize': [0], 'SubmitTimes': [1758829683.0], 'StartTimes': [], 'EndTimes': [], 'TotalUserCpuTimeHistory': [0.0], 'TotalSysCpuTimeHistory': [0.0], 'WallDurations': [0], 'JobIds': ['91762818.0'], 'State': 'idle', 'RecordedSite': False}, '106': {'Retries': 0, 'Restarts': 0, 'SiteHistory': ['Unknown'], 'ResidentSetSize': [0], 'SubmitTimes': [1758829683.0], 'StartTimes': [], 'EndTimes': [], 'TotalUserCpuTimeHistory': [0.0], 'TotalSysCpuTimeHistory': [0.0], 'WallDurations': [0], 'JobIds': ['91762819.0'], 'State': 'idle', 'RecordedSite': False}, '107': {'Retries': 0, 'Restarts': 0, 'SiteHistory': ['Unknown'], 'ResidentSetSize': [0], 'SubmitTimes': [1758829683.0], 'StartTimes': [], 'EndTimes': [], 'TotalUserCpuTimeHistory': [0.0], 'TotalSysCpuTimeHistory': [0.0], 'WallDurations': [0], 'JobIds': ['91762820.0'], 'State': 'idle', 'RecordedSite': False}, '108': {'Retries': 0, 'Restarts': 0, 'SiteHistory': ['Unknown'], 'ResidentSetSize': [0], 'SubmitTimes': [1758829683.0], 'StartTimes': [], 'EndTimes': [], 'TotalUserCpuTimeHistory': [0.0], 'TotalSysCpuTimeHistory': [0.0], 'WallDurations': [0], 'JobIds': ['91762821.0'], 'State': 'idle', 'RecordedSite': False}, '109': {'Retries': 0, 'Restarts': 0, 'SiteHistory': ['Unknown'], 'ResidentSetSize': [0], 'SubmitTimes': [1758829683.0], 'StartTimes': [], 'EndTimes': [], 'TotalUserCpuTimeHistory': [0.0], 'TotalSysCpuTimeHistory': [0.0], 'WallDurations': [0], 'JobIds': ['91762822.0'], 'State': 'idle', 'RecordedSite': False}, '116': {'Retries': 0, 'Restarts': 0, 'SiteHistory': ['Unknown'], 'ResidentSetSize': [0], 'SubmitTimes': [1758829683.0], 'StartTimes': [], 'EndTimes': [], 'TotalUserCpuTimeHistory': [0.0], 'TotalSysCpuTimeHistory': [0.0], 'WallDurations': [0], 'JobIds': ['91762823.0'], 'State': 'idle', 'RecordedSite': False}, '122': {'Retries': 0, 'Restarts': 0, 'SiteHistory': ['Unknown'], 'ResidentSetSize': [0], 'SubmitTimes': [1758829683.0], 'StartTimes': [], 'EndTimes': [], 'TotalUserCpuTimeHistory': [0.0], 'TotalSysCpuTimeHistory': [0.0], 'WallDurations': [0], 'JobIds': ['91762824.0'], 'State': 'idle', 'RecordedSite': False}, '121': {'Retries': 0, 'Restarts': 0, 'SiteHistory': ['Unknown'], 'ResidentSetSize': [0], 'SubmitTimes': [1758829683.0], 'StartTimes': [], 'EndTimes': [], 'TotalUserCpuTimeHistory': [0.0], 'TotalSysCpuTimeHistory': [0.0], 'WallDurations': [0], 'JobIds': ['91762825.0'], 'State': 'idle', 'RecordedSite': False}, '117': {'Retries': 0, 'Restarts': 0, 'SiteHistory': ['Unknown'], 'ResidentSetSize': [0], 'SubmitTimes': [1758829683.0], 'StartTimes': [], 'EndTimes': [], 'TotalUserCpuTimeHistory': [0.0], 'TotalSysCpuTimeHistory': [0.0], 'WallDurations': [0], 'JobIds': ['91762826.0'], 'State': 'idle', 'RecordedSite': False}, '112': {'Retries': 0, 'Restarts': 0, 'SiteHistory': ['Unknown'], 'ResidentSetSize': [0], 'SubmitTimes': [1758829684.0], 'StartTimes': [], 'EndTimes': [], 'TotalUserCpuTimeHistory': [0.0], 'TotalSysCpuTimeHistory': [0.0], 'WallDurations': [0], 'JobIds': ['91762827.0'], 'State': 'idle', 'RecordedSite': False}, '111': {'Retries': 0, 'Restarts': 0, 'SiteHistory': ['Unknown'], 'ResidentSetSize': [0], 'SubmitTimes': [1758829684.0], 'StartTimes': [], 'EndTimes': [], 'TotalUserCpuTimeHistory': [0.0], 'TotalSysCpuTimeHistory': [0.0], 'WallDurations': [0], 'JobIds': ['91762828.0'], 'State': 'idle', 'RecordedSite': False}, '129': {'Retries': 0, 'Restarts': 0, 'SiteHistory': ['Unknown'], 'ResidentSetSize': [0], 'SubmitTimes': [1758829684.0], 'StartTimes': [], 'EndTimes': [], 'TotalUserCpuTimeHistory': [0.0], 'TotalSysCpuTimeHistory': [0.0], 'WallDurations': [0], 'JobIds': ['91762829.0'], 'State': 'idle', 'RecordedSite': False}, '119': {'Retries': 0, 'Restarts': 0, 'SiteHistory': ['Unknown'], 'ResidentSetSize': [0], 'SubmitTimes': [1758829684.0], 'StartTimes': [], 'EndTimes': [], 'TotalUserCpuTimeHistory': [0.0], 'TotalSysCpuTimeHistory': [0.0], 'WallDurations': [0], 'JobIds': ['91762830.0'], 'State': 'idle', 'RecordedSite': False}, '123': {'Retries': 0, 'Restarts': 0, 'SiteHistory': ['Unknown'], 'ResidentSetSize': [0], 'SubmitTimes': [1758829684.0], 'StartTimes': [], 'EndTimes': [], 'TotalUserCpuTimeHistory': [0.0], 'TotalSysCpuTimeHistory': [0.0], 'WallDurations': [0], 'JobIds': ['91762831.0'], 'State': 'idle', 'RecordedSite': False}, '126': {'Retries': 0, 'Restarts': 0, 'SiteHistory': ['Unknown'], 'ResidentSetSize': [0], 'SubmitTimes': [1758829684.0], 'StartTimes': [], 'EndTimes': [], 'TotalUserCpuTimeHistory': [0.0], 'TotalSysCpuTimeHistory': [0.0], 'WallDurations': [0], 'JobIds': ['91762832.0'], 'State': 'idle', 'RecordedSite': False}, '125': {'Retries': 0, 'Restarts': 0, 'SiteHistory': ['Unknown'], 'ResidentSetSize': [0], 'SubmitTimes': [1758829685.0], 'StartTimes': [], 'EndTimes': [], 'TotalUserCpuTimeHistory': [0.0], 'TotalSysCpuTimeHistory': [0.0], 'WallDurations': [0], 'JobIds': ['91762833.0'], 'State': 'idle', 'RecordedSite': False}, '118': {'Retries': 0, 'Restarts': 0, 'SiteHistory': ['Unknown'], 'ResidentSetSize': [0], 'SubmitTimes': [1758829685.0], 'StartTimes': [], 'EndTimes': [], 'TotalUserCpuTimeHistory': [0.0], 'TotalSysCpuTimeHistory': [0.0], 'WallDurations': [0], 'JobIds': ['91762834.0'], 'State': 'idle', 'RecordedSite': False}, '124': {'Retries': 0, 'Restarts': 0, 'SiteHistory': ['Unknown'], 'ResidentSetSize': [0], 'SubmitTimes': [1758829685.0], 'StartTimes': [], 'EndTimes': [], 'TotalUserCpuTimeHistory': [0.0], 'TotalSysCpuTimeHistory': [0.0], 'WallDurations': [0], 'JobIds': ['91762835.0'], 'State': 'idle', 'RecordedSite': False}, '128': {'Retries': 0, 'Restarts': 0, 'SiteHistory': ['Unknown'], 'ResidentSetSize': [0], 'SubmitTimes': [1758829686.0], 'StartTimes': [], 'EndTimes': [], 'TotalUserCpuTimeHistory': [0.0], 'TotalSysCpuTimeHistory': [0.0], 'WallDurations': [0], 'JobIds': ['91762836.0'], 'State': 'idle', 'RecordedSite': False}, '115': {'Retries': 0, 'Restarts': 0, 'SiteHistory': ['Unknown'], 'ResidentSetSize': [0], 'SubmitTimes': [1758829686.0], 'StartTimes': [], 'EndTimes': [], 'TotalUserCpuTimeHistory': [0.0], 'TotalSysCpuTimeHistory': [0.0], 'WallDurations': [0], 'JobIds': ['91762837.0'], 'State': 'idle', 'RecordedSite': False}, '113': {'Retries': 0, 'Restarts': 0, 'SiteHistory': ['Unknown'], 'ResidentSetSize': [0], 'SubmitTimes': [1758829686.0], 'StartTimes': [], 'EndTimes': [], 'TotalUserCpuTimeHistory': [0.0], 'TotalSysCpuTimeHistory': [0.0], 'WallDurations': [0], 'JobIds': ['91762838.0'], 'State': 'idle', 'RecordedSite': False}, '127': {'Retries': 0, 'Restarts': 0, 'SiteHistory': ['Unknown'], 'ResidentSetSize': [0], 'SubmitTimes': [1758829691.0], 'StartTimes': [], 'EndTimes': [], 'TotalUserCpuTimeHistory': [0.0], 'TotalSysCpuTimeHistory': [0.0], 'WallDurations': [0], 'JobIds': ['91762839.0'], 'State': 'idle', 'RecordedSite': False}, '114': {'Retries': 0, 'Restarts': 0, 'SiteHistory': ['Unknown'], 'ResidentSetSize': [0], 'SubmitTimes': [1758829691.0], 'StartTimes': [], 'EndTimes': [], 'TotalUserCpuTimeHistory': [0.0], 'TotalSysCpuTimeHistory': [0.0], 'WallDurations': [0], 'JobIds': ['91762840.0'], 'State': 'idle', 'RecordedSite': False}, '120': {'Retries': 0, 'Restarts': 0, 'SiteHistory': ['Unknown'], 'ResidentSetSize': [0], 'SubmitTimes': [1758829691.0], 'StartTimes': [], 'EndTimes': [], 'TotalUserCpuTimeHistory': [0.0], 'TotalSysCpuTimeHistory': [0.0], 'WallDurations': [0], 'JobIds': ['91762841.0'], 'State': 'idle', 'RecordedSite': False}, '130': {'Retries': 0, 'Restarts': 0, 'SiteHistory': ['Unknown'], 'ResidentSetSize': [0], 'SubmitTimes': [1758829691.0], 'StartTimes': [], 'EndTimes': [], 'TotalUserCpuTimeHistory': [0.0], 'TotalSysCpuTimeHistory': [0.0], 'WallDurations': [0], 'JobIds': ['91762842.0'], 'State': 'idle', 'RecordedSite': False}, '131': {'Retries': 0, 'Restarts': 0, 'SiteHistory': ['Unknown'], 'ResidentSetSize': [0], 'SubmitTimes': [1758829691.0], 'StartTimes': [], 'EndTimes': [], 'TotalUserCpuTimeHistory': [0.0], 'TotalSysCpuTimeHistory': [0.0], 'WallDurations': [0], 'JobIds': ['91762843.0'], 'State': 'idle', 'RecordedSite': False}, '132': {'Retries': 0, 'Restarts': 0, 'SiteHistory': ['Unknown'], 'ResidentSetSize': [0], 'SubmitTimes': [1758829691.0], 'StartTimes': [], 'EndTimes': [], 'TotalUserCpuTimeHistory': [0.0], 'TotalSysCpuTimeHistory': [0.0], 'WallDurations': [0], 'JobIds': ['91762844.0'], 'State': 'idle', 'RecordedSite': False}, '133': {'Retries': 0, 'Restarts': 0, 'SiteHistory': ['Unknown'], 'ResidentSetSize': [0], 'SubmitTimes': [1758829692.0], 'StartTimes': [], 'EndTimes': [], 'TotalUserCpuTimeHistory': [0.0], 'TotalSysCpuTimeHistory': [0.0], 'WallDurations': [0], 'JobIds': ['91762845.0'], 'State': 'idle', 'RecordedSite': False}, '134': {'Retries': 0, 'Restarts': 0, 'SiteHistory': ['Unknown'], 'ResidentSetSize': [0], 'SubmitTimes': [1758829692.0], 'StartTimes': [], 'EndTimes': [], 'TotalUserCpuTimeHistory': [0.0], 'TotalSysCpuTimeHistory': [0.0], 'WallDurations': [0], 'JobIds': ['91762846.0'], 'State': 'idle', 'RecordedSite': False}, '135': {'Retries': 0, 'Restarts': 0, 'SiteHistory': ['Unknown'], 'ResidentSetSize': [0], 'SubmitTimes': [1758829692.0], 'StartTimes': [], 'EndTimes': [], 'TotalUserCpuTimeHistory': [0.0], 'TotalSysCpuTimeHistory': [0.0], 'WallDurations': [0], 'JobIds': ['91762847.0'], 'State': 'idle', 'RecordedSite': False}, '136': {'Retries': 0, 'Restarts': 0, 'SiteHistory': ['Unknown'], 'ResidentSetSize': [0], 'SubmitTimes': [1758829692.0], 'StartTimes': [], 'EndTimes': [], 'TotalUserCpuTimeHistory': [0.0], 'TotalSysCpuTimeHistory': [0.0], 'WallDurations': [0], 'JobIds': ['91762848.0'], 'State': 'idle', 'RecordedSite': False}, '137': {'Retries': 0, 'Restarts': 0, 'SiteHistory': ['Unknown'], 'ResidentSetSize': [0], 'SubmitTimes': [1758829692.0], 'StartTimes': [], 'EndTimes': [], 'TotalUserCpuTimeHistory': [0.0], 'TotalSysCpuTimeHistory': [0.0], 'WallDurations': [0], 'JobIds': ['91762849.0'], 'State': 'idle', 'RecordedSite': False}, '138': {'Retries': 0, 'Restarts': 0, 'SiteHistory': ['Unknown'], 'ResidentSetSize': [0], 'SubmitTimes': [1758829692.0], 'StartTimes': [], 'EndTimes': [], 'TotalUserCpuTimeHistory': [0.0], 'TotalSysCpuTimeHistory': [0.0], 'WallDurations': [0], 'JobIds': ['91762850.0'], 'State': 'idle', 'RecordedSite': False}, '139': {'Retries': 0, 'Restarts': 0, 'SiteHistory': ['Unknown'], 'ResidentSetSize': [0], 'SubmitTimes': [1758829693.0], 'StartTimes': [], 'EndTimes': [], 'TotalUserCpuTimeHistory': [0.0], 'TotalSysCpuTimeHistory': [0.0], 'WallDurations': [0], 'JobIds': ['91762851.0'], 'State': 'idle', 'RecordedSite': False}, '140': {'Retries': 0, 'Restarts': 0, 'SiteHistory': ['Unknown'], 'ResidentSetSize': [0], 'SubmitTimes': [1758829693.0], 'StartTimes': [], 'EndTimes': [], 'TotalUserCpuTimeHistory': [0.0], 'TotalSysCpuTimeHistory': [0.0], 'WallDurations': [0], 'JobIds': ['91762852.0'], 'State': 'idle', 'RecordedSite': False}, '141': {'Retries': 0, 'Restarts': 0, 'SiteHistory': ['Unknown'], 'ResidentSetSize': [0], 'SubmitTimes': [1758829693.0], 'StartTimes': [], 'EndTimes': [], 'TotalUserCpuTimeHistory': [0.0], 'TotalSysCpuTimeHistory': [0.0], 'WallDurations': [0], 'JobIds': ['91762853.0'], 'State': 'idle', 'RecordedSite': False}, '142': {'Retries': 0, 'Restarts': 0, 'SiteHistory': ['Unknown'], 'ResidentSetSize': [0], 'SubmitTimes': [1758829694.0], 'StartTimes': [], 'EndTimes': [], 'TotalUserCpuTimeHistory': [0.0], 'TotalSysCpuTimeHistory': [0.0], 'WallDurations': [0], 'JobIds': ['91762854.0'], 'State': 'idle', 'RecordedSite': False}, '143': {'Retries': 0, 'Restarts': 0, 'SiteHistory': ['Unknown'], 'ResidentSetSize': [0], 'SubmitTimes': [1758829694.0], 'StartTimes': [], 'EndTimes': [], 'TotalUserCpuTimeHistory': [0.0], 'TotalSysCpuTimeHistory': [0.0], 'WallDurations': [0], 'JobIds': ['91762855.0'], 'State': 'idle', 'RecordedSite': False}, '144': {'Retries': 0, 'Restarts': 0, 'SiteHistory': ['Unknown'], 'ResidentSetSize': [0], 'SubmitTimes': [1758829695.0], 'StartTimes': [], 'EndTimes': [], 'TotalUserCpuTimeHistory': [0.0], 'TotalSysCpuTimeHistory': [0.0], 'WallDurations': [0], 'JobIds': ['91762856.0'], 'State': 'idle', 'RecordedSite': False}, '145': {'Retries': 0, 'Restarts': 0, 'SiteHistory': ['Unknown'], 'ResidentSetSize': [0], 'SubmitTimes': [1758829695.0], 'StartTimes': [], 'EndTimes': [], 'TotalUserCpuTimeHistory': [0.0], 'TotalSysCpuTimeHistory': [0.0], 'WallDurations': [0], 'JobIds': ['91762857.0'], 'State': 'idle', 'RecordedSite': False}, '146': {'Retries': 0, 'Restarts': 0, 'SiteHistory': ['Unknown'], 'ResidentSetSize': [0], 'SubmitTimes': [1758829695.0], 'StartTimes': [], 'EndTimes': [], 'TotalUserCpuTimeHistory': [0.0], 'TotalSysCpuTimeHistory': [0.0], 'WallDurations': [0], 'JobIds': ['91762858.0'], 'State': 'idle', 'RecordedSite': False}, '150': {'Retries': 0, 'Restarts': 0, 'SiteHistory': ['Unknown'], 'ResidentSetSize': [0], 'SubmitTimes': [1758829696.0], 'StartTimes': [], 'EndTimes': [], 'TotalUserCpuTimeHistory': [0.0], 'TotalSysCpuTimeHistory': [0.0], 'WallDurations': [0], 'JobIds': ['91762859.0'], 'State': 'idle', 'RecordedSite': False}, '149': {'Retries': 0, 'Restarts': 0, 'SiteHistory': ['Unknown'], 'ResidentSetSize': [0], 'SubmitTimes': [1758829696.0], 'StartTimes': [], 'EndTimes': [], 'TotalUserCpuTimeHistory': [0.0], 'TotalSysCpuTimeHistory': [0.0], 'WallDurations': [0], 'JobIds': ['91762860.0'], 'State': 'idle', 'RecordedSite': False}, '159': {'Retries': 0, 'Restarts': 0, 'SiteHistory': ['Unknown'], 'ResidentSetSize': [0], 'SubmitTimes': [1758829696.0], 'StartTimes': [], 'EndTimes': [], 'TotalUserCpuTimeHistory': [0.0], 'TotalSysCpuTimeHistory': [0.0], 'WallDurations': [0], 'JobIds': ['91762861.0'], 'State': 'idle', 'RecordedSite': False}, '153': {'Retries': 0, 'Restarts': 0, 'SiteHistory': ['Unknown'], 'ResidentSetSize': [0], 'SubmitTimes': [1758829696.0], 'StartTimes': [], 'EndTimes': [], 'TotalUserCpuTimeHistory': [0.0], 'TotalSysCpuTimeHistory': [0.0], 'WallDurations': [0], 'JobIds': ['91762862.0'], 'State': 'idle', 'RecordedSite': False}, '165': {'Retries': 0, 'Restarts': 0, 'SiteHistory': ['Unknown'], 'ResidentSetSize': [0], 'SubmitTimes': [1758829696.0], 'StartTimes': [], 'EndTimes': [], 'TotalUserCpuTimeHistory': [0.0], 'TotalSysCpuTimeHistory': [0.0], 'WallDurations': [0], 'JobIds': ['91762863.0'], 'State': 'idle', 'RecordedSite': False}, '163': {'Retries': 0, 'Restarts': 0, 'SiteHistory': ['Unknown'], 'ResidentSetSize': [0], 'SubmitTimes': [1758829696.0], 'StartTimes': [], 'EndTimes': [], 'TotalUserCpuTimeHistory': [0.0], 'TotalSysCpuTimeHistory': [0.0], 'WallDurations': [0], 'JobIds': ['91762864.0'], 'State': 'idle', 'RecordedSite': False}, '148': {'Retries': 0, 'Restarts': 0, 'SiteHistory': ['Unknown'], 'ResidentSetSize': [0], 'SubmitTimes': [1758829697.0], 'StartTimes': [], 'EndTimes': [], 'TotalUserCpuTimeHistory': [0.0], 'TotalSysCpuTimeHistory': [0.0], 'WallDurations': [0], 'JobIds': ['91762865.0'], 'State': 'idle', 'RecordedSite': False}, '161': {'Retries': 0, 'Restarts': 0, 'SiteHistory': ['Unknown'], 'ResidentSetSize': [0], 'SubmitTimes': [1758829702.0], 'StartTimes': [], 'EndTimes': [], 'TotalUserCpuTimeHistory': [0.0], 'TotalSysCpuTimeHistory': [0.0], 'WallDurations': [0], 'JobIds': ['91762866.0'], 'State': 'idle', 'RecordedSite': False}, '151': {'Retries': 0, 'Restarts': 0, 'SiteHistory': ['Unknown'], 'ResidentSetSize': [0], 'SubmitTimes': [1758829702.0], 'StartTimes': [], 'EndTimes': [], 'TotalUserCpuTimeHistory': [0.0], 'TotalSysCpuTimeHistory': [0.0], 'WallDurations': [0], 'JobIds': ['91762867.0'], 'State': 'idle', 'RecordedSite': False}, '152': {'Retries': 0, 'Restarts': 0, 'SiteHistory': ['Unknown'], 'ResidentSetSize': [0], 'SubmitTimes': [1758829702.0], 'StartTimes': [], 'EndTimes': [], 'TotalUserCpuTimeHistory': [0.0], 'TotalSysCpuTimeHistory': [0.0], 'WallDurations': [0], 'JobIds': ['91762868.0'], 'State': 'idle', 'RecordedSite': False}, '154': {'Retries': 0, 'Restarts': 0, 'SiteHistory': ['Unknown'], 'ResidentSetSize': [0], 'SubmitTimes': [1758829702.0], 'StartTimes': [], 'EndTimes': [], 'TotalUserCpuTimeHistory': [0.0], 'TotalSysCpuTimeHistory': [0.0], 'WallDurations': [0], 'JobIds': ['91762869.0'], 'State': 'idle', 'RecordedSite': False}, '155': {'Retries': 0, 'Restarts': 0, 'SiteHistory': ['Unknown'], 'ResidentSetSize': [0], 'SubmitTimes': [1758829702.0], 'StartTimes': [], 'EndTimes': [], 'TotalUserCpuTimeHistory': [0.0], 'TotalSysCpuTimeHistory': [0.0], 'WallDurations': [0], 'JobIds': ['91762870.0'], 'State': 'idle', 'RecordedSite': False}, '156': {'Retries': 0, 'Restarts': 0, 'SiteHistory': ['Unknown'], 'ResidentSetSize': [0], 'SubmitTimes': [1758829702.0], 'StartTimes': [], 'EndTimes': [], 'TotalUserCpuTimeHistory': [0.0], 'TotalSysCpuTimeHistory': [0.0], 'WallDurations': [0], 'JobIds': ['91762871.0'], 'State': 'idle', 'RecordedSite': False}, '157': {'Retries': 0, 'Restarts': 0, 'SiteHistory': ['Unknown'], 'ResidentSetSize': [0], 'SubmitTimes': [1758829702.0], 'StartTimes': [], 'EndTimes': [], 'TotalUserCpuTimeHistory': [0.0], 'TotalSysCpuTimeHistory': [0.0], 'WallDurations': [0], 'JobIds': ['91762872.0'], 'State': 'idle', 'RecordedSite': False}, '158': {'Retries': 0, 'Restarts': 0, 'SiteHistory': ['Unknown'], 'ResidentSetSize': [0], 'SubmitTimes': [1758829703.0], 'StartTimes': [], 'EndTimes': [], 'TotalUserCpuTimeHistory': [0.0], 'TotalSysCpuTimeHistory': [0.0], 'WallDurations': [0], 'JobIds': ['91762873.0'], 'State': 'idle', 'RecordedSite': False}, '160': {'Retries': 0, 'Restarts': 0, 'SiteHistory': ['Unknown'], 'ResidentSetSize': [0], 'SubmitTimes': [1758829703.0], 'StartTimes': [], 'EndTimes': [], 'TotalUserCpuTimeHistory': [0.0], 'TotalSysCpuTimeHistory': [0.0], 'WallDurations': [0], 'JobIds': ['91762874.0'], 'State': 'idle', 'RecordedSite': False}, '162': {'Retries': 0, 'Restarts': 0, 'SiteHistory': ['Unknown'], 'ResidentSetSize': [0], 'SubmitTimes': [1758829703.0], 'StartTimes': [], 'EndTimes': [], 'TotalUserCpuTimeHistory': [0.0], 'TotalSysCpuTimeHistory': [0.0], 'WallDurations': [0], 'JobIds': ['91762875.0'], 'State': 'idle', 'RecordedSite': False}, '164': {'Retries': 0, 'Restarts': 0, 'SiteHistory': ['Unknown'], 'ResidentSetSize': [0], 'SubmitTimes': [1758829703.0], 'StartTimes': [], 'EndTimes': [], 'TotalUserCpuTimeHistory': [0.0], 'TotalSysCpuTimeHistory': [0.0], 'WallDurations': [0], 'JobIds': ['91762876.0'], 'State': 'idle', 'RecordedSite': False}, '166': {'Retries': 0, 'Restarts': 0, 'SiteHistory': ['Unknown'], 'ResidentSetSize': [0], 'SubmitTimes': [1758829703.0], 'StartTimes': [], 'EndTimes': [], 'TotalUserCpuTimeHistory': [0.0], 'TotalSysCpuTimeHistory': [0.0], 'WallDurations': [0], 'JobIds': ['91762877.0'], 'State': 'idle', 'RecordedSite': False}, '167': {'Retries': 0, 'Restarts': 0, 'SiteHistory': ['Unknown'], 'ResidentSetSize': [0], 'SubmitTimes': [1758829703.0], 'StartTimes': [], 'EndTimes': [], 'TotalUserCpuTimeHistory': [0.0], 'TotalSysCpuTimeHistory': [0.0], 'WallDurations': [0], 'JobIds': ['91762878.0'], 'State': 'idle', 'RecordedSite': False}, '168': {'Retries': 0, 'Restarts': 0, 'SiteHistory': ['Unknown'], 'ResidentSetSize': [0], 'SubmitTimes': [1758829703.0], 'StartTimes': [], 'EndTimes': [], 'TotalUserCpuTimeHistory': [0.0], 'TotalSysCpuTimeHistory': [0.0], 'WallDurations': [0], 'JobIds': ['91762879.0'], 'State': 'idle', 'RecordedSite': False}, '169': {'Retries': 0, 'Restarts': 0, 'SiteHistory': ['Unknown'], 'ResidentSetSize': [0], 'SubmitTimes': [1758829703.0], 'StartTimes': [], 'EndTimes': [], 'TotalUserCpuTimeHistory': [0.0], 'TotalSysCpuTimeHistory': [0.0], 'WallDurations': [0], 'JobIds': ['91762880.0'], 'State': 'idle', 'RecordedSite': False}, '170': {'Retries': 0, 'Restarts': 0, 'SiteHistory': ['Unknown'], 'ResidentSetSize': [0], 'SubmitTimes': [1758829704.0], 'StartTimes': [], 'EndTimes': [], 'TotalUserCpuTimeHistory': [0.0], 'TotalSysCpuTimeHistory': [0.0], 'WallDurations': [0], 'JobIds': ['91762881.0'], 'State': 'idle', 'RecordedSite': False}, '171': {'Retries': 0, 'Restarts': 0, 'SiteHistory': ['Unknown'], 'ResidentSetSize': [0], 'SubmitTimes': [1758829704.0], 'StartTimes': [], 'EndTimes': [], 'TotalUserCpuTimeHistory': [0.0], 'TotalSysCpuTimeHistory': [0.0], 'WallDurations': [0], 'JobIds': ['91762882.0'], 'State': 'idle', 'RecordedSite': False}, '172': {'Retries': 0, 'Restarts': 0, 'SiteHistory': ['Unknown'], 'ResidentSetSize': [0], 'SubmitTimes': [1758829704.0], 'StartTimes': [], 'EndTimes': [], 'TotalUserCpuTimeHistory': [0.0], 'TotalSysCpuTimeHistory': [0.0], 'WallDurations': [0], 'JobIds': ['91762883.0'], 'State': 'idle', 'RecordedSite': False}, '173': {'Retries': 0, 'Restarts': 0, 'SiteHistory': ['Unknown'], 'ResidentSetSize': [0], 'SubmitTimes': [1758829704.0], 'StartTimes': [], 'EndTimes': [], 'TotalUserCpuTimeHistory': [0.0], 'TotalSysCpuTimeHistory': [0.0], 'WallDurations': [0], 'JobIds': ['91762884.0'], 'State': 'idle', 'RecordedSite': False}, '174': {'Retries': 0, 'Restarts': 0, 'SiteHistory': ['Unknown'], 'ResidentSetSize': [0], 'SubmitTimes': [1758829704.0], 'StartTimes': [], 'EndTimes': [], 'TotalUserCpuTimeHistory': [0.0], 'TotalSysCpuTimeHistory': [0.0], 'WallDurations': [0], 'JobIds': ['91762885.0'], 'State': 'idle', 'RecordedSite': False}, '180': {'Retries': 0, 'Restarts': 0, 'SiteHistory': ['Unknown'], 'ResidentSetSize': [0], 'SubmitTimes': [1758829704.0], 'StartTimes': [], 'EndTimes': [], 'TotalUserCpuTimeHistory': [0.0], 'TotalSysCpuTimeHistory': [0.0], 'WallDurations': [0], 'JobIds': ['91762886.0'], 'State': 'idle', 'RecordedSite': False}, '193': {'Retries': 0, 'Restarts': 0, 'SiteHistory': ['Unknown'], 'ResidentSetSize': [0], 'SubmitTimes': [1758829705.0], 'StartTimes': [], 'EndTimes': [], 'TotalUserCpuTimeHistory': [0.0], 'TotalSysCpuTimeHistory': [0.0], 'WallDurations': [0], 'JobIds': ['91762887.0'], 'State': 'idle', 'RecordedSite': False}, '183': {'Retries': 0, 'Restarts': 0, 'SiteHistory': ['Unknown'], 'ResidentSetSize': [0], 'SubmitTimes': [1758829705.0], 'StartTimes': [], 'EndTimes': [], 'TotalUserCpuTimeHistory': [0.0], 'TotalSysCpuTimeHistory': [0.0], 'WallDurations': [0], 'JobIds': ['91762888.0'], 'State': 'idle', 'RecordedSite': False}, '177': {'Retries': 0, 'Restarts': 0, 'SiteHistory': ['Unknown'], 'ResidentSetSize': [0], 'SubmitTimes': [1758829705.0], 'StartTimes': [], 'EndTimes': [], 'TotalUserCpuTimeHistory': [0.0], 'TotalSysCpuTimeHistory': [0.0], 'WallDurations': [0], 'JobIds': ['91762889.0'], 'State': 'idle', 'RecordedSite': False}, '187': {'Retries': 0, 'Restarts': 0, 'SiteHistory': ['Unknown'], 'ResidentSetSize': [0], 'SubmitTimes': [1758829705.0], 'StartTimes': [], 'EndTimes': [], 'TotalUserCpuTimeHistory': [0.0], 'TotalSysCpuTimeHistory': [0.0], 'WallDurations': [0], 'JobIds': ['91762890.0'], 'State': 'idle', 'RecordedSite': False}, '176': {'Retries': 0, 'Restarts': 0, 'SiteHistory': ['Unknown'], 'ResidentSetSize': [0], 'SubmitTimes': [1758829713.0], 'StartTimes': [], 'EndTimes': [], 'TotalUserCpuTimeHistory': [0.0], 'TotalSysCpuTimeHistory': [0.0], 'WallDurations': [0], 'JobIds': ['91762892.0'], 'State': 'idle', 'RecordedSite': False}, '178': {'Retries': 0, 'Restarts': 0, 'SiteHistory': ['Unknown'], 'ResidentSetSize': [0], 'SubmitTimes': [1758829713.0], 'StartTimes': [], 'EndTimes': [], 'TotalUserCpuTimeHistory': [0.0], 'TotalSysCpuTimeHistory': [0.0], 'WallDurations': [0], 'JobIds': ['91762893.0'], 'State': 'idle', 'RecordedSite': False}, '179': {'Retries': 0, 'Restarts': 0, 'SiteHistory': ['Unknown'], 'ResidentSetSize': [0], 'SubmitTimes': [1758829713.0], 'StartTimes': [], 'EndTimes': [], 'TotalUserCpuTimeHistory': [0.0], 'TotalSysCpuTimeHistory': [0.0], 'WallDurations': [0], 'JobIds': ['91762894.0'], 'State': 'idle', 'RecordedSite': False}, '181': {'Retries': 0, 'Restarts': 0, 'SiteHistory': ['Unknown'], 'ResidentSetSize': [0], 'SubmitTimes': [1758829713.0], 'StartTimes': [], 'EndTimes': [], 'TotalUserCpuTimeHistory': [0.0], 'TotalSysCpuTimeHistory': [0.0], 'WallDurations': [0], 'JobIds': ['91762895.0'], 'State': 'idle', 'RecordedSite': False}, '182': {'Retries': 0, 'Restarts': 0, 'SiteHistory': ['Unknown'], 'ResidentSetSize': [0], 'SubmitTimes': [1758829714.0], 'StartTimes': [], 'EndTimes': [], 'TotalUserCpuTimeHistory': [0.0], 'TotalSysCpuTimeHistory': [0.0], 'WallDurations': [0], 'JobIds': ['91762896.0'], 'State': 'idle', 'RecordedSite': False}, '184': {'Retries': 0, 'Restarts': 0, 'SiteHistory': ['Unknown'], 'ResidentSetSize': [0], 'SubmitTimes': [1758829714.0], 'StartTimes': [], 'EndTimes': [], 'TotalUserCpuTimeHistory': [0.0], 'TotalSysCpuTimeHistory': [0.0], 'WallDurations': [0], 'JobIds': ['91762897.0'], 'State': 'idle', 'RecordedSite': False}, '185': {'Retries': 0, 'Restarts': 0, 'SiteHistory': ['Unknown'], 'ResidentSetSize': [0], 'SubmitTimes': [1758829714.0], 'StartTimes': [], 'EndTimes': [], 'TotalUserCpuTimeHistory': [0.0], 'TotalSysCpuTimeHistory': [0.0], 'WallDurations': [0], 'JobIds': ['91762898.0'], 'State': 'idle', 'RecordedSite': False}, '186': {'Retries': 0, 'Restarts': 0, 'SiteHistory': ['Unknown'], 'ResidentSetSize': [0], 'SubmitTimes': [1758829714.0], 'StartTimes': [], 'EndTimes': [], 'TotalUserCpuTimeHistory': [0.0], 'TotalSysCpuTimeHistory': [0.0], 'WallDurations': [0], 'JobIds': ['91762899.0'], 'State': 'idle', 'RecordedSite': False}, '188': {'Retries': 0, 'Restarts': 0, 'SiteHistory': ['Unknown'], 'ResidentSetSize': [0], 'SubmitTimes': [1758829714.0], 'StartTimes': [], 'EndTimes': [], 'TotalUserCpuTimeHistory': [0.0], 'TotalSysCpuTimeHistory': [0.0], 'WallDurations': [0], 'JobIds': ['91762900.0'], 'State': 'idle', 'RecordedSite': False}, '189': {'Retries': 0, 'Restarts': 0, 'SiteHistory': ['Unknown'], 'ResidentSetSize': [0], 'SubmitTimes': [1758829714.0], 'StartTimes': [], 'EndTimes': [], 'TotalUserCpuTimeHistory': [0.0], 'TotalSysCpuTimeHistory': [0.0], 'WallDurations': [0], 'JobIds': ['91762901.0'], 'State': 'idle', 'RecordedSite': False}, '190': {'Retries': 0, 'Restarts': 0, 'SiteHistory': ['Unknown'], 'ResidentSetSize': [0], 'SubmitTimes': [1758829714.0], 'StartTimes': [], 'EndTimes': [], 'TotalUserCpuTimeHistory': [0.0], 'TotalSysCpuTimeHistory': [0.0], 'WallDurations': [0], 'JobIds': ['91762902.0'], 'State': 'idle', 'RecordedSite': False}, '191': {'Retries': 0, 'Restarts': 0, 'SiteHistory': ['Unknown'], 'ResidentSetSize': [0], 'SubmitTimes': [1758829714.0], 'StartTimes': [], 'EndTimes': [], 'TotalUserCpuTimeHistory': [0.0], 'TotalSysCpuTimeHistory': [0.0], 'WallDurations': [0], 'JobIds': ['91762903.0'], 'State': 'idle', 'RecordedSite': False}, '192': {'Retries': 0, 'Restarts': 0, 'SiteHistory': ['Unknown'], 'ResidentSetSize': [0], 'SubmitTimes': [1758829714.0], 'StartTimes': [], 'EndTimes': [], 'TotalUserCpuTimeHistory': [0.0], 'TotalSysCpuTimeHistory': [0.0], 'WallDurations': [0], 'JobIds': ['91762904.0'], 'State': 'idle', 'RecordedSite': False}, '194': {'Retries': 0, 'Restarts': 0, 'SiteHistory': ['Unknown'], 'ResidentSetSize': [0], 'SubmitTimes': [1758829714.0], 'StartTimes': [], 'EndTimes': [], 'TotalUserCpuTimeHistory': [0.0], 'TotalSysCpuTimeHistory': [0.0], 'WallDurations': [0], 'JobIds': ['91762905.0'], 'State': 'idle', 'RecordedSite': False}, '195': {'Retries': 0, 'Restarts': 0, 'SiteHistory': ['Unknown'], 'ResidentSetSize': [0], 'SubmitTimes': [1758829714.0], 'StartTimes': [], 'EndTimes': [], 'TotalUserCpuTimeHistory': [0.0], 'TotalSysCpuTimeHistory': [0.0], 'WallDurations': [0], 'JobIds': ['91762906.0'], 'State': 'idle', 'RecordedSite': False}, '196': {'Retries': 0, 'Restarts': 0, 'SiteHistory': ['Unknown'], 'ResidentSetSize': [0], 'SubmitTimes': [1758829715.0], 'StartTimes': [], 'EndTimes': [], 'TotalUserCpuTimeHistory': [0.0], 'TotalSysCpuTimeHistory': [0.0], 'WallDurations': [0], 'JobIds': ['91762907.0'], 'State': 'idle', 'RecordedSite': False}, '199': {'Retries': 0, 'Restarts': 0, 'SiteHistory': ['Unknown'], 'ResidentSetSize': [0], 'SubmitTimes': [1758829715.0], 'StartTimes': [], 'EndTimes': [], 'TotalUserCpuTimeHistory': [0.0], 'TotalSysCpuTimeHistory': [0.0], 'WallDurations': [0], 'JobIds': ['91762908.0'], 'State': 'idle', 'RecordedSite': False}, '200': {'Retries': 0, 'Restarts': 0, 'SiteHistory': ['Unknown'], 'ResidentSetSize': [0], 'SubmitTimes': [1758829715.0], 'StartTimes': [], 'EndTimes': [], 'TotalUserCpuTimeHistory': [0.0], 'TotalSysCpuTimeHistory': [0.0], 'WallDurations': [0], 'JobIds': ['91762909.0'], 'State': 'idle', 'RecordedSite': False}, '198': {'Retries': 0, 'Restarts': 0, 'SiteHistory': ['Unknown'], 'ResidentSetSize': [0], 'SubmitTimes': [1758829715.0], 'StartTimes': [], 'EndTimes': [], 'TotalUserCpuTimeHistory': [0.0], 'TotalSysCpuTimeHistory': [0.0], 'WallDurations': [0], 'JobIds': ['91762910.0'], 'State': 'idle', 'RecordedSite': False}, '203': {'Retries': 0, 'Restarts': 0, 'SiteHistory': ['Unknown'], 'ResidentSetSize': [0], 'SubmitTimes': [1758829715.0], 'StartTimes': [], 'EndTimes': [], 'TotalUserCpuTimeHistory': [0.0], 'TotalSysCpuTimeHistory': [0.0], 'WallDurations': [0], 'JobIds': ['91762911.0'], 'State': 'idle', 'RecordedSite': False}, '205': {'Retries': 0, 'Restarts': 0, 'SiteHistory': ['Unknown'], 'ResidentSetSize': [0], 'SubmitTimes': [1758829715.0], 'StartTimes': [], 'EndTimes': [], 'TotalUserCpuTimeHistory': [0.0], 'TotalSysCpuTimeHistory': [0.0], 'WallDurations': [0], 'JobIds': ['91762912.0'], 'State': 'idle', 'RecordedSite': False}, '197': {'Retries': 0, 'Restarts': 0, 'SiteHistory': ['Unknown'], 'ResidentSetSize': [0], 'SubmitTimes': [1758829715.0], 'StartTimes': [], 'EndTimes': [], 'TotalUserCpuTimeHistory': [0.0], 'TotalSysCpuTimeHistory': [0.0], 'WallDurations': [0], 'JobIds': ['91762913.0'], 'State': 'idle', 'RecordedSite': False}, '202': {'Retries': 0, 'Restarts': 0, 'SiteHistory': ['Unknown'], 'ResidentSetSize': [0], 'SubmitTimes': [1758829716.0], 'StartTimes': [], 'EndTimes': [], 'TotalUserCpuTimeHistory': [0.0], 'TotalSysCpuTimeHistory': [0.0], 'WallDurations': [0], 'JobIds': ['91762914.0'], 'State': 'idle', 'RecordedSite': False}, '21': {'Retries': 0, 'Restarts': 0, 'SiteHistory': [], 'ResidentSetSize': [], 'SubmitTimes': [], 'StartTimes': [], 'EndTimes': [], 'TotalUserCpuTimeHistory': [], 'TotalSysCpuTimeHistory': [], 'WallDurations': [], 'JobIds': [], 'State': 'unsubmitted'}, '47': {'Retries': 0, 'Restarts': 0, 'SiteHistory': [], 'ResidentSetSize': [], 'SubmitTimes': [], 'StartTimes': [], 'EndTimes': [], 'TotalUserCpuTimeHistory': [], 'TotalSysCpuTimeHistory': [], 'WallDurations': [], 'JobIds': [], 'State': 'unsubmitted'}, '77': {'Retries': 0, 'Restarts': 0, 'SiteHistory': [], 'ResidentSetSize': [], 'SubmitTimes': [], 'StartTimes': [], 'EndTimes': [], 'TotalUserCpuTimeHistory': [], 'TotalSysCpuTimeHistory': [], 'WallDurations': [], 'JobIds': [], 'State': 'unsubmitted'}, '110': {'Retries': 0, 'Restarts': 0, 'SiteHistory': [], 'ResidentSetSize': [], 'SubmitTimes': [], 'StartTimes': [], 'EndTimes': [], 'TotalUserCpuTimeHistory': [], 'TotalSysCpuTimeHistory': [], 'WallDurations': [], 'JobIds': [], 'State': 'unsubmitted'}, '147': {'Retries': 0, 'Restarts': 0, 'SiteHistory': [], 'ResidentSetSize': [], 'SubmitTimes': [], 'StartTimes': [], 'EndTimes': [], 'TotalUserCpuTimeHistory': [], 'TotalSysCpuTimeHistory': [], 'WallDurations': [], 'JobIds': [], 'State': 'unsubmitted'}, '175': {'Retries': 0, 'Restarts': 0, 'SiteHistory': [], 'ResidentSetSize': [], 'SubmitTimes': [], 'StartTimes': [], 'EndTimes': [], 'TotalUserCpuTimeHistory': [], 'TotalSysCpuTimeHistory': [], 'WallDurations': [], 'JobIds': [], 'State': 'unsubmitted'}, '201': {'Retries': 0, 'Restarts': 0, 'SiteHistory': [], 'ResidentSetSize': [], 'SubmitTimes': [], 'StartTimes': [], 'EndTimes': [], 'TotalUserCpuTimeHistory': [], 'TotalSysCpuTimeHistory': [], 'WallDurations': [], 'JobIds': [], 'State': 'unsubmitted'}, '204': {'Retries': 0, 'Restarts': 0, 'SiteHistory': ['Unknown'], 'ResidentSetSize': [0], 'SubmitTimes': [1758829721.0], 'StartTimes': [], 'EndTimes': [], 'TotalUserCpuTimeHistory': [0.0], 'TotalSysCpuTimeHistory': [0.0], 'WallDurations': [0], 'JobIds': ['91762916.0'], 'State': 'idle', 'RecordedSite': False}, '206': {'Retries': 0, 'Restarts': 0, 'SiteHistory': ['Unknown'], 'ResidentSetSize': [0], 'SubmitTimes': [1758829721.0], 'StartTimes': [], 'EndTimes': [], 'TotalUserCpuTimeHistory': [0.0], 'TotalSysCpuTimeHistory': [0.0], 'WallDurations': [0], 'JobIds': ['91762917.0'], 'State': 'idle', 'RecordedSite': False}, '207': {'Retries': 0, 'Restarts': 0, 'SiteHistory': ['Unknown'], 'ResidentSetSize': [0], 'SubmitTimes': [1758829721.0], 'StartTimes': [], 'EndTimes': [], 'TotalUserCpuTimeHistory': [0.0], 'TotalSysCpuTimeHistory': [0.0], 'WallDurations': [0], 'JobIds': ['91762915.0'], 'State': 'idle', 'RecordedSite': False}, '208': {'Retries': 0, 'Restarts': 0, 'SiteHistory': ['Unknown'], 'ResidentSetSize': [0], 'SubmitTimes': [1758829722.0], 'StartTimes': [], 'EndTimes': [], 'TotalUserCpuTimeHistory': [0.0], 'TotalSysCpuTimeHistory': [0.0], 'WallDurations': [0], 'JobIds': ['91762920.0'], 'State': 'idle', 'RecordedSite': False}, '209': {'Retries': 0, 'Restarts': 0, 'SiteHistory': ['Unknown'], 'ResidentSetSize': [0], 'SubmitTimes': [1758829722.0], 'StartTimes': [], 'EndTimes': [], 'TotalUserCpuTimeHistory': [0.0], 'TotalSysCpuTimeHistory': [0.0], 'WallDurations': [0], 'JobIds': ['91762921.0'], 'State': 'idle', 'RecordedSite': False}, '210': {'Retries': 0, 'Restarts': 0, 'SiteHistory': ['Unknown'], 'ResidentSetSize': [0], 'SubmitTimes': [1758829722.0], 'StartTimes': [], 'EndTimes': [], 'TotalUserCpuTimeHistory': [0.0], 'TotalSysCpuTimeHistory': [0.0], 'WallDurations': [0], 'JobIds': ['91762922.0'], 'State': 'idle', 'RecordedSite': False}, '211': {'Retries': 0, 'Restarts': 0, 'SiteHistory': ['Unknown'], 'ResidentSetSize': [0], 'SubmitTimes': [1758829722.0], 'StartTimes': [], 'EndTimes': [], 'TotalUserCpuTimeHistory': [0.0], 'TotalSysCpuTimeHistory': [0.0], 'WallDurations': [0], 'JobIds': ['91762923.0'], 'State': 'idle', 'RecordedSite': False}, '212': {'Retries': 0, 'Restarts': 0, 'SiteHistory': ['Unknown'], 'ResidentSetSize': [0], 'SubmitTimes': [1758829722.0], 'StartTimes': [], 'EndTimes': [], 'TotalUserCpuTimeHistory': [0.0], 'TotalSysCpuTimeHistory': [0.0], 'WallDurations': [0], 'JobIds': ['91762924.0'], 'State': 'idle', 'RecordedSite': False}, '213': {'Retries': 0, 'Restarts': 0, 'SiteHistory': ['Unknown'], 'ResidentSetSize': [0], 'SubmitTimes': [1758829722.0], 'StartTimes': [], 'EndTimes': [], 'TotalUserCpuTimeHistory': [0.0], 'TotalSysCpuTimeHistory': [0.0], 'WallDurations': [0], 'JobIds': ['91762925.0'], 'State': 'idle', 'RecordedSite': False}, '214': {'Retries': 0, 'Restarts': 0, 'SiteHistory': ['Unknown'], 'ResidentSetSize': [0], 'SubmitTimes': [1758829721.0], 'StartTimes': [], 'EndTimes': [], 'TotalUserCpuTimeHistory': [0.0], 'TotalSysCpuTimeHistory': [0.0], 'WallDurations': [0], 'JobIds': ['91762919.0'], 'State': 'idle', 'RecordedSite': False}, '215': {'Retries': 0, 'Restarts': 0, 'SiteHistory': ['Unknown'], 'ResidentSetSize': [0], 'SubmitTimes': [1758829722.0], 'StartTimes': [], 'EndTimes': [], 'TotalUserCpuTimeHistory': [0.0], 'TotalSysCpuTimeHistory': [0.0], 'WallDurations': [0], 'JobIds': ['91762926.0'], 'State': 'idle', 'RecordedSite': False}, '216': {'Retries': 0, 'Restarts': 0, 'SiteHistory': ['Unknown'], 'ResidentSetSize': [0], 'SubmitTimes': [1758829721.0], 'StartTimes': [], 'EndTimes': [], 'TotalUserCpuTimeHistory': [0.0], 'TotalSysCpuTimeHistory': [0.0], 'WallDurations': [0], 'JobIds': ['91762918.0'], 'State': 'idle', 'RecordedSite': False}, '217': {'Retries': 0, 'Restarts': 0, 'SiteHistory': ['Unknown'], 'ResidentSetSize': [0], 'SubmitTimes': [1758829722.0], 'StartTimes': [], 'EndTimes': [], 'TotalUserCpuTimeHistory': [0.0], 'TotalSysCpuTimeHistory': [0.0], 'WallDurations': [0], 'JobIds': ['91762927.0'], 'State': 'idle', 'RecordedSite': False}, '218': {'Retries': 0, 'Restarts': 0, 'SiteHistory': ['Unknown'], 'ResidentSetSize': [0], 'SubmitTimes': [1758829722.0], 'StartTimes': [], 'EndTimes': [], 'TotalUserCpuTimeHistory': [0.0], 'TotalSysCpuTimeHistory': [0.0], 'WallDurations': [0], 'JobIds': ['91762928.0'], 'State': 'idle', 'RecordedSite': False}, '219': {'Retries': 0, 'Restarts': 0, 'SiteHistory': ['Unknown'], 'ResidentSetSize': [0], 'SubmitTimes': [1758829724.0], 'StartTimes': [], 'EndTimes': [], 'TotalUserCpuTimeHistory': [0.0], 'TotalSysCpuTimeHistory': [0.0], 'WallDurations': [0], 'JobIds': ['91762929.0'], 'State': 'idle', 'RecordedSite': False}, '220': {'Retries': 0, 'Restarts': 0, 'SiteHistory': ['Unknown'], 'ResidentSetSize': [0], 'SubmitTimes': [1758829724.0], 'StartTimes': [], 'EndTimes': [], 'TotalUserCpuTimeHistory': [0.0], 'TotalSysCpuTimeHistory': [0.0], 'WallDurations': [0], 'JobIds': ['91762930.0'], 'State': 'idle', 'RecordedSite': False}, '221': {'Retries': 0, 'Restarts': 0, 'SiteHistory': ['Unknown'], 'ResidentSetSize': [0], 'SubmitTimes': [1758829725.0], 'StartTimes': [], 'EndTimes': [], 'TotalUserCpuTimeHistory': [0.0], 'TotalSysCpuTimeHistory': [0.0], 'WallDurations': [0], 'JobIds': ['91762931.0'], 'State': 'idle', 'RecordedSite': False}, '222': {'Retries': 0, 'Restarts': 0, 'SiteHistory': ['Unknown'], 'ResidentSetSize': [0], 'SubmitTimes': [1758829725.0], 'StartTimes': [], 'EndTimes': [], 'TotalUserCpuTimeHistory': [0.0], 'TotalSysCpuTimeHistory': [0.0], 'WallDurations': [0], 'JobIds': ['91762932.0'], 'State': 'idle', 'RecordedSite': False}, '223': {'Retries': 0, 'Restarts': 0, 'SiteHistory': ['Unknown'], 'ResidentSetSize': [0], 'SubmitTimes': [1758829725.0], 'StartTimes': [], 'EndTimes': [], 'TotalUserCpuTimeHistory': [0.0], 'TotalSysCpuTimeHistory': [0.0], 'WallDurations': [0], 'JobIds': ['91762933.0'], 'State': 'idle', 'RecordedSite': False}, '224': {'Retries': 0, 'Restarts': 0, 'SiteHistory': ['Unknown'], 'ResidentSetSize': [0], 'SubmitTimes': [1758829725.0], 'StartTimes': [], 'EndTimes': [], 'TotalUserCpuTimeHistory': [0.0], 'TotalSysCpuTimeHistory': [0.0], 'WallDurations': [0], 'JobIds': ['91762934.0'], 'State': 'idle', 'RecordedSite': False}, '225': {'Retries': 0, 'Restarts': 0, 'SiteHistory': ['Unknown'], 'ResidentSetSize': [0], 'SubmitTimes': [1758829725.0], 'StartTimes': [], 'EndTimes': [], 'TotalUserCpuTimeHistory': [0.0], 'TotalSysCpuTimeHistory': [0.0], 'WallDurations': [0], 'JobIds': ['91762935.0'], 'State': 'idle', 'RecordedSite': False}, '226': {'Retries': 0, 'Restarts': 0, 'SiteHistory': ['Unknown'], 'ResidentSetSize': [0], 'SubmitTimes': [1758829725.0], 'StartTimes': [], 'EndTimes': [], 'TotalUserCpuTimeHistory': [0.0], 'TotalSysCpuTimeHistory': [0.0], 'WallDurations': [0], 'JobIds': ['91762936.0'], 'State': 'idle', 'RecordedSite': False}, '227': {'Retries': 0, 'Restarts': 0, 'SiteHistory': ['Unknown'], 'ResidentSetSize': [0], 'SubmitTimes': [1758829725.0], 'StartTimes': [], 'EndTimes': [], 'TotalUserCpuTimeHistory': [0.0], 'TotalSysCpuTimeHistory': [0.0], 'WallDurations': [0], 'JobIds': ['91762937.0'], 'State': 'idle', 'RecordedSite': False}, '228': {'Retries': 0, 'Restarts': 0, 'SiteHistory': ['Unknown'], 'ResidentSetSize': [0], 'SubmitTimes': [1758829725.0], 'StartTimes': [], 'EndTimes': [], 'TotalUserCpuTimeHistory': [0.0], 'TotalSysCpuTimeHistory': [0.0], 'WallDurations': [0], 'JobIds': ['91762938.0'], 'State': 'idle', 'RecordedSite': False}, '229': {'Retries': 0, 'Restarts': 0, 'SiteHistory': [], 'ResidentSetSize': [], 'SubmitTimes': [], 'StartTimes': [], 'EndTimes': [], 'TotalUserCpuTimeHistory': [], 'TotalSysCpuTimeHistory': [], 'WallDurations': [], 'JobIds': [], 'State': 'unsubmitted'}, '230': {'Retries': 0, 'Restarts': 0, 'SiteHistory': ['Unknown'], 'ResidentSetSize': [0], 'SubmitTimes': [1758829726.0], 'StartTimes': [], 'EndTimes': [], 'TotalUserCpuTimeHistory': [0.0], 'TotalSysCpuTimeHistory': [0.0], 'WallDurations': [0], 'JobIds': ['91762941.0'], 'State': 'idle', 'RecordedSite': False}, '231': {'Retries': 0, 'Restarts': 0, 'SiteHistory': ['Unknown'], 'ResidentSetSize': [0], 'SubmitTimes': [1758829726.0], 'StartTimes': [], 'EndTimes': [], 'TotalUserCpuTimeHistory': [0.0], 'TotalSysCpuTimeHistory': [0.0], 'WallDurations': [0], 'JobIds': ['91762942.0'], 'State': 'idle', 'RecordedSite': False}, '232': {'Retries': 0, 'Restarts': 0, 'SiteHistory': ['Unknown'], 'ResidentSetSize': [0], 'SubmitTimes': [1758829732.0], 'StartTimes': [], 'EndTimes': [], 'TotalUserCpuTimeHistory': [0.0], 'TotalSysCpuTimeHistory': [0.0], 'WallDurations': [0], 'JobIds': ['91762954.0'], 'State': 'idle', 'RecordedSite': False}, '233': {'Retries': 0, 'Restarts': 0, 'SiteHistory': ['Unknown'], 'ResidentSetSize': [0], 'SubmitTimes': [1758829726.0], 'StartTimes': [], 'EndTimes': [], 'TotalUserCpuTimeHistory': [0.0], 'TotalSysCpuTimeHistory': [0.0], 'WallDurations': [0], 'JobIds': ['91762944.0'], 'State': 'idle', 'RecordedSite': False}, '234': {'Retries': 0, 'Restarts': 0, 'SiteHistory': ['Unknown'], 'ResidentSetSize': [0], 'SubmitTimes': [1758829732.0], 'StartTimes': [], 'EndTimes': [], 'TotalUserCpuTimeHistory': [0.0], 'TotalSysCpuTimeHistory': [0.0], 'WallDurations': [0], 'JobIds': ['91762955.0'], 'State': 'idle', 'RecordedSite': False}, '235': {'Retries': 0, 'Restarts': 0, 'SiteHistory': ['Unknown'], 'ResidentSetSize': [0], 'SubmitTimes': [1758829732.0], 'StartTimes': [], 'EndTimes': [], 'TotalUserCpuTimeHistory': [0.0], 'TotalSysCpuTimeHistory': [0.0], 'WallDurations': [0], 'JobIds': ['91762956.0'], 'State': 'idle', 'RecordedSite': False}, '236': {'Retries': 0, 'Restarts': 0, 'SiteHistory': ['Unknown'], 'ResidentSetSize': [0], 'SubmitTimes': [1758829726.0], 'StartTimes': [], 'EndTimes': [], 'TotalUserCpuTimeHistory': [0.0], 'TotalSysCpuTimeHistory': [0.0], 'WallDurations': [0], 'JobIds': ['91762947.0'], 'State': 'idle', 'RecordedSite': False}, '237': {'Retries': 0, 'Restarts': 0, 'SiteHistory': ['Unknown'], 'ResidentSetSize': [0], 'SubmitTimes': [1758829727.0], 'StartTimes': [], 'EndTimes': [], 'TotalUserCpuTimeHistory': [0.0], 'TotalSysCpuTimeHistory': [0.0], 'WallDurations': [0], 'JobIds': ['91762952.0'], 'State': 'idle', 'RecordedSite': False}, '238': {'Retries': 0, 'Restarts': 0, 'SiteHistory': ['Unknown'], 'ResidentSetSize': [0], 'SubmitTimes': [1758829726.0], 'StartTimes': [], 'EndTimes': [], 'TotalUserCpuTimeHistory': [0.0], 'TotalSysCpuTimeHistory': [0.0], 'WallDurations': [0], 'JobIds': ['91762950.0'], 'State': 'idle', 'RecordedSite': False}, '239': {'Retries': 0, 'Restarts': 0, 'SiteHistory': ['Unknown'], 'ResidentSetSize': [0], 'SubmitTimes': [1758829726.0], 'StartTimes': [], 'EndTimes': [], 'TotalUserCpuTimeHistory': [0.0], 'TotalSysCpuTimeHistory': [0.0], 'WallDurations': [0], 'JobIds': ['91762948.0'], 'State': 'idle', 'RecordedSite': False}, '240': {'Retries': 0, 'Restarts': 0, 'SiteHistory': ['Unknown'], 'ResidentSetSize': [0], 'SubmitTimes': [1758829732.0], 'StartTimes': [], 'EndTimes': [], 'TotalUserCpuTimeHistory': [0.0], 'TotalSysCpuTimeHistory': [0.0], 'WallDurations': [0], 'JobIds': ['91762957.0'], 'State': 'idle', 'RecordedSite': False}, '241': {'Retries': 0, 'Restarts': 0, 'SiteHistory': ['Unknown'], 'ResidentSetSize': [0], 'SubmitTimes': [1758829725.0], 'StartTimes': [], 'EndTimes': [], 'TotalUserCpuTimeHistory': [0.0], 'TotalSysCpuTimeHistory': [0.0], 'WallDurations': [0], 'JobIds': ['91762940.0'], 'State': 'idle', 'RecordedSite': False}, '242': {'Retries': 0, 'Restarts': 0, 'SiteHistory': ['Unknown'], 'ResidentSetSize': [0], 'SubmitTimes': [1758829725.0], 'StartTimes': [], 'EndTimes': [], 'TotalUserCpuTimeHistory': [0.0], 'TotalSysCpuTimeHistory': [0.0], 'WallDurations': [0], 'JobIds': ['91762939.0'], 'State': 'idle', 'RecordedSite': False}, '243': {'Retries': 0, 'Restarts': 0, 'SiteHistory': ['Unknown'], 'ResidentSetSize': [0], 'SubmitTimes': [1758829732.0], 'StartTimes': [], 'EndTimes': [], 'TotalUserCpuTimeHistory': [0.0], 'TotalSysCpuTimeHistory': [0.0], 'WallDurations': [0], 'JobIds': ['91762953.0'], 'State': 'idle', 'RecordedSite': False}, '244': {'Retries': 0, 'Restarts': 0, 'SiteHistory': ['Unknown'], 'ResidentSetSize': [0], 'SubmitTimes': [1758829726.0], 'StartTimes': [], 'EndTimes': [], 'TotalUserCpuTimeHistory': [0.0], 'TotalSysCpuTimeHistory': [0.0], 'WallDurations': [0], 'JobIds': ['91762946.0'], 'State': 'idle', 'RecordedSite': False}, '245': {'Retries': 0, 'Restarts': 0, 'SiteHistory': ['Unknown'], 'ResidentSetSize': [0], 'SubmitTimes': [1758829726.0], 'StartTimes': [], 'EndTimes': [], 'TotalUserCpuTimeHistory': [0.0], 'TotalSysCpuTimeHistory': [0.0], 'WallDurations': [0], 'JobIds': ['91762949.0'], 'State': 'idle', 'RecordedSite': False}, '246': {'Retries': 0, 'Restarts': 0, 'SiteHistory': ['Unknown'], 'ResidentSetSize': [0], 'SubmitTimes': [1758829726.0], 'StartTimes': [], 'EndTimes': [], 'TotalUserCpuTimeHistory': [0.0], 'TotalSysCpuTimeHistory': [0.0], 'WallDurations': [0], 'JobIds': ['91762945.0'], 'State': 'idle', 'RecordedSite': False}, '247': {'Retries': 0, 'Restarts': 0, 'SiteHistory': ['Unknown'], 'ResidentSetSize': [0], 'SubmitTimes': [1758829733.0], 'StartTimes': [], 'EndTimes': [], 'TotalUserCpuTimeHistory': [0.0], 'TotalSysCpuTimeHistory': [0.0], 'WallDurations': [0], 'JobIds': ['91762958.0'], 'State': 'idle', 'RecordedSite': False}, '248': {'Retries': 0, 'Restarts': 0, 'SiteHistory': ['Unknown'], 'ResidentSetSize': [0], 'SubmitTimes': [1758829726.0], 'StartTimes': [], 'EndTimes': [], 'TotalUserCpuTimeHistory': [0.0], 'TotalSysCpuTimeHistory': [0.0], 'WallDurations': [0], 'JobIds': ['91762943.0'], 'State': 'idle', 'RecordedSite': False}, '249': {'Retries': 0, 'Restarts': 0, 'SiteHistory': ['Unknown'], 'ResidentSetSize': [0], 'SubmitTimes': [1758829726.0], 'StartTimes': [], 'EndTimes': [], 'TotalUserCpuTimeHistory': [0.0], 'TotalSysCpuTimeHistory': [0.0], 'WallDurations': [0], 'JobIds': ['91762951.0'], 'State': 'idle', 'RecordedSite': False}, '250': {'Retries': 0, 'Restarts': 0, 'SiteHistory': ['Unknown'], 'ResidentSetSize': [0], 'SubmitTimes': [1758829733.0], 'StartTimes': [], 'EndTimes': [], 'TotalUserCpuTimeHistory': [0.0], 'TotalSysCpuTimeHistory': [0.0], 'WallDurations': [0], 'JobIds': ['91762959.0'], 'State': 'idle', 'RecordedSite': False}, '251': {'Retries': 0, 'Restarts': 0, 'SiteHistory': ['Unknown'], 'ResidentSetSize': [0], 'SubmitTimes': [1758829733.0], 'StartTimes': [], 'EndTimes': [], 'TotalUserCpuTimeHistory': [0.0], 'TotalSysCpuTimeHistory': [0.0], 'WallDurations': [0], 'JobIds': ['91762960.0'], 'State': 'idle', 'RecordedSite': False}, '252': {'Retries': 0, 'Restarts': 0, 'SiteHistory': ['Unknown'], 'ResidentSetSize': [0], 'SubmitTimes': [1758829733.0], 'StartTimes': [], 'EndTimes': [], 'TotalUserCpuTimeHistory': [0.0], 'TotalSysCpuTimeHistory': [0.0], 'WallDurations': [0], 'JobIds': ['91762961.0'], 'State': 'idle', 'RecordedSite': False}, '253': {'Retries': 0, 'Restarts': 0, 'SiteHistory': ['Unknown'], 'ResidentSetSize': [0], 'SubmitTimes': [1758829734.0], 'StartTimes': [], 'EndTimes': [], 'TotalUserCpuTimeHistory': [0.0], 'TotalSysCpuTimeHistory': [0.0], 'WallDurations': [0], 'JobIds': ['91762962.0'], 'State': 'idle', 'RecordedSite': False}, '254': {'Retries': 0, 'Restarts': 0, 'SiteHistory': ['Unknown'], 'ResidentSetSize': [0], 'SubmitTimes': [1758829734.0], 'StartTimes': [], 'EndTimes': [], 'TotalUserCpuTimeHistory': [0.0], 'TotalSysCpuTimeHistory': [0.0], 'WallDurations': [0], 'JobIds': ['91762963.0'], 'State': 'idle', 'RecordedSite': False}, '255': {'Retries': 0, 'Restarts': 0, 'SiteHistory': ['Unknown'], 'ResidentSetSize': [0], 'SubmitTimes': [1758829734.0], 'StartTimes': [], 'EndTimes': [], 'TotalUserCpuTimeHistory': [0.0], 'TotalSysCpuTimeHistory': [0.0], 'WallDurations': [0], 'JobIds': ['91762964.0'], 'State': 'idle', 'RecordedSite': False}, '256': {'Retries': 0, 'Restarts': 0, 'SiteHistory': ['Unknown'], 'ResidentSetSize': [0], 'SubmitTimes': [1758829734.0], 'StartTimes': [], 'EndTimes': [], 'TotalUserCpuTimeHistory': [0.0], 'TotalSysCpuTimeHistory': [0.0], 'WallDurations': [0], 'JobIds': ['91762965.0'], 'State': 'idle', 'RecordedSite': False}, '257': {'Retries': 0, 'Restarts': 0, 'SiteHistory': ['Unknown'], 'ResidentSetSize': [0], 'SubmitTimes': [1758829734.0], 'StartTimes': [], 'EndTimes': [], 'TotalUserCpuTimeHistory': [0.0], 'TotalSysCpuTimeHistory': [0.0], 'WallDurations': [0], 'JobIds': ['91762966.0'], 'State': 'idle', 'RecordedSite': False}, '258': {'Retries': 0, 'Restarts': 0, 'SiteHistory': ['Unknown'], 'ResidentSetSize': [0], 'SubmitTimes': [1758829734.0], 'StartTimes': [], 'EndTimes': [], 'TotalUserCpuTimeHistory': [0.0], 'TotalSysCpuTimeHistory': [0.0], 'WallDurations': [0], 'JobIds': ['91762967.0'], 'State': 'idle', 'RecordedSite': False}, '259': {'Retries': 0, 'Restarts': 0, 'SiteHistory': ['Unknown'], 'ResidentSetSize': [0], 'SubmitTimes': [1758829734.0], 'StartTimes': [], 'EndTimes': [], 'TotalUserCpuTimeHistory': [0.0], 'TotalSysCpuTimeHistory': [0.0], 'WallDurations': [0], 'JobIds': ['91762968.0'], 'State': 'idle', 'RecordedSite': False}, '260': {'Retries': 0, 'Restarts': 0, 'SiteHistory': ['Unknown'], 'ResidentSetSize': [0], 'SubmitTimes': [1758829735.0], 'StartTimes': [], 'EndTimes': [], 'TotalUserCpuTimeHistory': [0.0], 'TotalSysCpuTimeHistory': [0.0], 'WallDurations': [0], 'JobIds': ['91762969.0'], 'State': 'idle', 'RecordedSite': False}, '261': {'Retries': 0, 'Restarts': 0, 'SiteHistory': ['Unknown'], 'ResidentSetSize': [0], 'SubmitTimes': [1758829735.0], 'StartTimes': [], 'EndTimes': [], 'TotalUserCpuTimeHistory': [0.0], 'TotalSysCpuTimeHistory': [0.0], 'WallDurations': [0], 'JobIds': ['91762970.0'], 'State': 'idle', 'RecordedSite': False}, '262': {'Retries': 0, 'Restarts': 0, 'SiteHistory': ['Unknown'], 'ResidentSetSize': [0], 'SubmitTimes': [1758829735.0], 'StartTimes': [], 'EndTimes': [], 'TotalUserCpuTimeHistory': [0.0], 'TotalSysCpuTimeHistory': [0.0], 'WallDurations': [0], 'JobIds': ['91762972.0'], 'State': 'idle', 'RecordedSite': False}, '263': {'Retries': 0, 'Restarts': 0, 'SiteHistory': ['Unknown'], 'ResidentSetSize': [0], 'SubmitTimes': [1758829736.0], 'StartTimes': [], 'EndTimes': [], 'TotalUserCpuTimeHistory': [0.0], 'TotalSysCpuTimeHistory': [0.0], 'WallDurations': [0], 'JobIds': ['91762973.0'], 'State': 'idle', 'RecordedSite': False}, '264': {'Retries': 0, 'Restarts': 0, 'SiteHistory': [], 'ResidentSetSize': [], 'SubmitTimes': [], 'StartTimes': [], 'EndTimes': [], 'TotalUserCpuTimeHistory': [], 'TotalSysCpuTimeHistory': [], 'WallDurations': [], 'JobIds': [], 'State': 'unsubmitted'}, '265': {'Retries': 0, 'Restarts': 0, 'SiteHistory': ['Unknown'], 'ResidentSetSize': [0], 'SubmitTimes': [1758829737.0], 'StartTimes': [], 'EndTimes': [], 'TotalUserCpuTimeHistory': [0.0], 'TotalSysCpuTimeHistory': [0.0], 'WallDurations': [0], 'JobIds': ['91762986.0'], 'State': 'idle', 'RecordedSite': False}, '266': {'Retries': 0, 'Restarts': 0, 'SiteHistory': ['Unknown'], 'ResidentSetSize': [0], 'SubmitTimes': [1758829742.0], 'StartTimes': [], 'EndTimes': [], 'TotalUserCpuTimeHistory': [0.0], 'TotalSysCpuTimeHistory': [0.0], 'WallDurations': [0], 'JobIds': ['91762990.0'], 'State': 'idle', 'RecordedSite': False}, '267': {'Retries': 0, 'Restarts': 0, 'SiteHistory': ['Unknown'], 'ResidentSetSize': [0], 'SubmitTimes': [1758829737.0], 'StartTimes': [], 'EndTimes': [], 'TotalUserCpuTimeHistory': [0.0], 'TotalSysCpuTimeHistory': [0.0], 'WallDurations': [0], 'JobIds': ['91762987.0'], 'State': 'idle', 'RecordedSite': False}, '268': {'Retries': 0, 'Restarts': 0, 'SiteHistory': ['Unknown'], 'ResidentSetSize': [0], 'SubmitTimes': [1758829736.0], 'StartTimes': [], 'EndTimes': [], 'TotalUserCpuTimeHistory': [0.0], 'TotalSysCpuTimeHistory': [0.0], 'WallDurations': [0], 'JobIds': ['91762983.0'], 'State': 'idle', 'RecordedSite': False}, '269': {'Retries': 0, 'Restarts': 0, 'SiteHistory': ['Unknown'], 'ResidentSetSize': [0], 'SubmitTimes': [1758829742.0], 'StartTimes': [], 'EndTimes': [], 'TotalUserCpuTimeHistory': [0.0], 'TotalSysCpuTimeHistory': [0.0], 'WallDurations': [0], 'JobIds': ['91762991.0'], 'State': 'idle', 'RecordedSite': False}, '270': {'Retries': 0, 'Restarts': 0, 'SiteHistory': ['Unknown'], 'ResidentSetSize': [0], 'SubmitTimes': [1758829736.0], 'StartTimes': [], 'EndTimes': [], 'TotalUserCpuTimeHistory': [0.0], 'TotalSysCpuTimeHistory': [0.0], 'WallDurations': [0], 'JobIds': ['91762975.0'], 'State': 'idle', 'RecordedSite': False}, '271': {'Retries': 0, 'Restarts': 0, 'SiteHistory': ['Unknown'], 'ResidentSetSize': [0], 'SubmitTimes': [1758829736.0], 'StartTimes': [], 'EndTimes': [], 'TotalUserCpuTimeHistory': [0.0], 'TotalSysCpuTimeHistory': [0.0], 'WallDurations': [0], 'JobIds': ['91762982.0'], 'State': 'idle', 'RecordedSite': False}, '272': {'Retries': 0, 'Restarts': 0, 'SiteHistory': ['Unknown'], 'ResidentSetSize': [0], 'SubmitTimes': [1758829737.0], 'StartTimes': [], 'EndTimes': [], 'TotalUserCpuTimeHistory': [0.0], 'TotalSysCpuTimeHistory': [0.0], 'WallDurations': [0], 'JobIds': ['91762985.0'], 'State': 'idle', 'RecordedSite': False}, '273': {'Retries': 0, 'Restarts': 0, 'SiteHistory': ['Unknown'], 'ResidentSetSize': [0], 'SubmitTimes': [1758829743.0], 'StartTimes': [], 'EndTimes': [], 'TotalUserCpuTimeHistory': [0.0], 'TotalSysCpuTimeHistory': [0.0], 'WallDurations': [0], 'JobIds': ['91762992.0'], 'State': 'idle', 'RecordedSite': False}, '274': {'Retries': 0, 'Restarts': 0, 'SiteHistory': ['Unknown'], 'ResidentSetSize': [0], 'SubmitTimes': [1758829736.0], 'StartTimes': [], 'EndTimes': [], 'TotalUserCpuTimeHistory': [0.0], 'TotalSysCpuTimeHistory': [0.0], 'WallDurations': [0], 'JobIds': ['91762981.0'], 'State': 'idle', 'RecordedSite': False}, '275': {'Retries': 0, 'Restarts': 0, 'SiteHistory': ['Unknown'], 'ResidentSetSize': [0], 'SubmitTimes': [1758829743.0], 'StartTimes': [], 'EndTimes': [], 'TotalUserCpuTimeHistory': [0.0], 'TotalSysCpuTimeHistory': [0.0], 'WallDurations': [0], 'JobIds': ['91762993.0'], 'State': 'idle', 'RecordedSite': False}, '276': {'Retries': 0, 'Restarts': 0, 'SiteHistory': ['Unknown'], 'ResidentSetSize': [0], 'SubmitTimes': [1758829736.0], 'StartTimes': [], 'EndTimes': [], 'TotalUserCpuTimeHistory': [0.0], 'TotalSysCpuTimeHistory': [0.0], 'WallDurations': [0], 'JobIds': ['91762977.0'], 'State': 'idle', 'RecordedSite': False}, '277': {'Retries': 0, 'Restarts': 0, 'SiteHistory': ['Unknown'], 'ResidentSetSize': [0], 'SubmitTimes': [1758829736.0], 'StartTimes': [], 'EndTimes': [], 'TotalUserCpuTimeHistory': [0.0], 'TotalSysCpuTimeHistory': [0.0], 'WallDurations': [0], 'JobIds': ['91762979.0'], 'State': 'idle', 'RecordedSite': False}, '278': {'Retries': 0, 'Restarts': 0, 'SiteHistory': ['Unknown'], 'ResidentSetSize': [0], 'SubmitTimes': [1758829743.0], 'StartTimes': [], 'EndTimes': [], 'TotalUserCpuTimeHistory': [0.0], 'TotalSysCpuTimeHistory': [0.0], 'WallDurations': [0], 'JobIds': ['91762994.0'], 'State': 'idle', 'RecordedSite': False}, '279': {'Retries': 0, 'Restarts': 0, 'SiteHistory': ['Unknown'], 'ResidentSetSize': [0], 'SubmitTimes': [1758829737.0], 'StartTimes': [], 'EndTimes': [], 'TotalUserCpuTimeHistory': [0.0], 'TotalSysCpuTimeHistory': [0.0], 'WallDurations': [0], 'JobIds': ['91762984.0'], 'State': 'idle', 'RecordedSite': False}, '280': {'Retries': 0, 'Restarts': 0, 'SiteHistory': ['Unknown'], 'ResidentSetSize': [0], 'SubmitTimes': [1758829743.0], 'StartTimes': [], 'EndTimes': [], 'TotalUserCpuTimeHistory': [0.0], 'TotalSysCpuTimeHistory': [0.0], 'WallDurations': [0], 'JobIds': ['91762995.0'], 'State': 'idle', 'RecordedSite': False}, '281': {'Retries': 0, 'Restarts': 0, 'SiteHistory': ['Unknown'], 'ResidentSetSize': [0], 'SubmitTimes': [1758829736.0], 'StartTimes': [], 'EndTimes': [], 'TotalUserCpuTimeHistory': [0.0], 'TotalSysCpuTimeHistory': [0.0], 'WallDurations': [0], 'JobIds': ['91762974.0'], 'State': 'idle', 'RecordedSite': False}, '282': {'Retries': 0, 'Restarts': 0, 'SiteHistory': ['Unknown'], 'ResidentSetSize': [0], 'SubmitTimes': [1758829736.0], 'StartTimes': [], 'EndTimes': [], 'TotalUserCpuTimeHistory': [0.0], 'TotalSysCpuTimeHistory': [0.0], 'WallDurations': [0], 'JobIds': ['91762980.0'], 'State': 'idle', 'RecordedSite': False}, '283': {'Retries': 0, 'Restarts': 0, 'SiteHistory': ['Unknown'], 'ResidentSetSize': [0], 'SubmitTimes': [1758829736.0], 'StartTimes': [], 'EndTimes': [], 'TotalUserCpuTimeHistory': [0.0], 'TotalSysCpuTimeHistory': [0.0], 'WallDurations': [0], 'JobIds': ['91762976.0'], 'State': 'idle', 'RecordedSite': False}, '284': {'Retries': 0, 'Restarts': 0, 'SiteHistory': ['Unknown'], 'ResidentSetSize': [0], 'SubmitTimes': [1758829737.0], 'StartTimes': [], 'EndTimes': [], 'TotalUserCpuTimeHistory': [0.0], 'TotalSysCpuTimeHistory': [0.0], 'WallDurations': [0], 'JobIds': ['91762988.0'], 'State': 'idle', 'RecordedSite': False}, '285': {'Retries': 0, 'Restarts': 0, 'SiteHistory': ['Unknown'], 'ResidentSetSize': [0], 'SubmitTimes': [1758829743.0], 'StartTimes': [], 'EndTimes': [], 'TotalUserCpuTimeHistory': [0.0], 'TotalSysCpuTimeHistory': [0.0], 'WallDurations': [0], 'JobIds': ['91762996.0'], 'State': 'idle', 'RecordedSite': False}, '286': {'Retries': 0, 'Restarts': 0, 'SiteHistory': ['Unknown'], 'ResidentSetSize': [0], 'SubmitTimes': [1758829743.0], 'StartTimes': [], 'EndTimes': [], 'TotalUserCpuTimeHistory': [0.0], 'TotalSysCpuTimeHistory': [0.0], 'WallDurations': [0], 'JobIds': ['91762997.0'], 'State': 'idle', 'RecordedSite': False}, '287': {'Retries': 0, 'Restarts': 0, 'SiteHistory': ['Unknown'], 'ResidentSetSize': [0], 'SubmitTimes': [1758829743.0], 'StartTimes': [], 'EndTimes': [], 'TotalUserCpuTimeHistory': [0.0], 'TotalSysCpuTimeHistory': [0.0], 'WallDurations': [0], 'JobIds': ['91762998.0'], 'State': 'idle', 'RecordedSite': False}, '288': {'Retries': 0, 'Restarts': 0, 'SiteHistory': ['Unknown'], 'ResidentSetSize': [0], 'SubmitTimes': [1758829744.0], 'StartTimes': [], 'EndTimes': [], 'TotalUserCpuTimeHistory': [0.0], 'TotalSysCpuTimeHistory': [0.0], 'WallDurations': [0], 'JobIds': ['91762999.0'], 'State': 'idle', 'RecordedSite': False}, '289': {'Retries': 0, 'Restarts': 0, 'SiteHistory': ['Unknown'], 'ResidentSetSize': [0], 'SubmitTimes': [1758829744.0], 'StartTimes': [], 'EndTimes': [], 'TotalUserCpuTimeHistory': [0.0], 'TotalSysCpuTimeHistory': [0.0], 'WallDurations': [0], 'JobIds': ['91763000.0'], 'State': 'idle', 'RecordedSite': False}, '290': {'Retries': 0, 'Restarts': 0, 'SiteHistory': ['Unknown'], 'ResidentSetSize': [0], 'SubmitTimes': [1758829744.0], 'StartTimes': [], 'EndTimes': [], 'TotalUserCpuTimeHistory': [0.0], 'TotalSysCpuTimeHistory': [0.0], 'WallDurations': [0], 'JobIds': ['91763001.0'], 'State': 'idle', 'RecordedSite': False}, '291': {'Retries': 0, 'Restarts': 0, 'SiteHistory': ['Unknown'], 'ResidentSetSize': [0], 'SubmitTimes': [1758829744.0], 'StartTimes': [], 'EndTimes': [], 'TotalUserCpuTimeHistory': [0.0], 'TotalSysCpuTimeHistory': [0.0], 'WallDurations': [0], 'JobIds': ['91763002.0'], 'State': 'idle', 'RecordedSite': False}, '292': {'Retries': 0, 'Restarts': 0, 'SiteHistory': ['Unknown'], 'ResidentSetSize': [0], 'SubmitTimes': [1758829745.0], 'StartTimes': [], 'EndTimes': [], 'TotalUserCpuTimeHistory': [0.0], 'TotalSysCpuTimeHistory': [0.0], 'WallDurations': [0], 'JobIds': ['91763009.0'], 'State': 'idle', 'RecordedSite': False}, '293': {'Retries': 0, 'Restarts': 0, 'SiteHistory': ['Unknown'], 'ResidentSetSize': [0], 'SubmitTimes': [1758829744.0], 'StartTimes': [], 'EndTimes': [], 'TotalUserCpuTimeHistory': [0.0], 'TotalSysCpuTimeHistory': [0.0], 'WallDurations': [0], 'JobIds': ['91763003.0'], 'State': 'idle', 'RecordedSite': False}, '294': {'Retries': 0, 'Restarts': 0, 'SiteHistory': ['Unknown'], 'ResidentSetSize': [0], 'SubmitTimes': [1758829744.0], 'StartTimes': [], 'EndTimes': [], 'TotalUserCpuTimeHistory': [0.0], 'TotalSysCpuTimeHistory': [0.0], 'WallDurations': [0], 'JobIds': ['91763004.0'], 'State': 'idle', 'RecordedSite': False}, '295': {'Retries': 0, 'Restarts': 0, 'SiteHistory': ['Unknown'], 'ResidentSetSize': [0], 'SubmitTimes': [1758829745.0], 'StartTimes': [], 'EndTimes': [], 'TotalUserCpuTimeHistory': [0.0], 'TotalSysCpuTimeHistory': [0.0], 'WallDurations': [0], 'JobIds': ['91763008.0'], 'State': 'idle', 'RecordedSite': False}, '296': {'Retries': 0, 'Restarts': 0, 'SiteHistory': ['Unknown'], 'ResidentSetSize': [0], 'SubmitTimes': [1758829744.0], 'StartTimes': [], 'EndTimes': [], 'TotalUserCpuTimeHistory': [0.0], 'TotalSysCpuTimeHistory': [0.0], 'WallDurations': [0], 'JobIds': ['91763005.0'], 'State': 'idle', 'RecordedSite': False}, '297': {'Retries': 0, 'Restarts': 0, 'SiteHistory': ['Unknown'], 'ResidentSetSize': [0], 'SubmitTimes': [1758829745.0], 'StartTimes': [], 'EndTimes': [], 'TotalUserCpuTimeHistory': [0.0], 'TotalSysCpuTimeHistory': [0.0], 'WallDurations': [0], 'JobIds': ['91763006.0'], 'State': 'idle', 'RecordedSite': False}, '298': {'Retries': 0, 'Restarts': 0, 'SiteHistory': ['Unknown'], 'ResidentSetSize': [0], 'SubmitTimes': [1758829745.0], 'StartTimes': [], 'EndTimes': [], 'TotalUserCpuTimeHistory': [0.0], 'TotalSysCpuTimeHistory': [0.0], 'WallDurations': [0], 'JobIds': ['91763007.0'], 'State': 'idle', 'RecordedSite': False}, '299': {'Retries': 0, 'Restarts': 0, 'SiteHistory': [], 'ResidentSetSize': [], 'SubmitTimes': [], 'StartTimes': [], 'EndTimes': [], 'TotalUserCpuTimeHistory': [], 'TotalSysCpuTimeHistory': [], 'WallDurations': [], 'JobIds': [], 'State': 'unsubmitted'}, '300': {'Retries': 0, 'Restarts': 0, 'SiteHistory': ['Unknown'], 'ResidentSetSize': [0], 'SubmitTimes': [1758829746.0], 'StartTimes': [], 'EndTimes': [], 'TotalUserCpuTimeHistory': [0.0], 'TotalSysCpuTimeHistory': [0.0], 'WallDurations': [0], 'JobIds': ['91763013.0'], 'State': 'idle', 'RecordedSite': False}, '301': {'Retries': 0, 'Restarts': 0, 'SiteHistory': ['Unknown'], 'ResidentSetSize': [0], 'SubmitTimes': [1758829745.0], 'StartTimes': [], 'EndTimes': [], 'TotalUserCpuTimeHistory': [0.0], 'TotalSysCpuTimeHistory': [0.0], 'WallDurations': [0], 'JobIds': ['91763010.0'], 'State': 'idle', 'RecordedSite': False}, '302': {'Retries': 0, 'Restarts': 0, 'SiteHistory': ['Unknown'], 'ResidentSetSize': [0], 'SubmitTimes': [1758829745.0], 'StartTimes': [], 'EndTimes': [], 'TotalUserCpuTimeHistory': [0.0], 'TotalSysCpuTimeHistory': [0.0], 'WallDurations': [0], 'JobIds': ['91763012.0'], 'State': 'idle', 'RecordedSite': False}, '303': {'Retries': 0, 'Restarts': 0, 'SiteHistory': ['Unknown'], 'ResidentSetSize': [0], 'SubmitTimes': [1758829746.0], 'StartTimes': [], 'EndTimes': [], 'TotalUserCpuTimeHistory': [0.0], 'TotalSysCpuTimeHistory': [0.0], 'WallDurations': [0], 'JobIds': ['91763015.0'], 'State': 'idle', 'RecordedSite': False}, '304': {'Retries': 0, 'Restarts': 0, 'SiteHistory': ['Unknown'], 'ResidentSetSize': [0], 'SubmitTimes': [1758829747.0], 'StartTimes': [], 'EndTimes': [], 'TotalUserCpuTimeHistory': [0.0], 'TotalSysCpuTimeHistory': [0.0], 'WallDurations': [0], 'JobIds': ['91763018.0'], 'State': 'idle', 'RecordedSite': False}, '305': {'Retries': 0, 'Restarts': 0, 'SiteHistory': ['Unknown'], 'ResidentSetSize': [0], 'SubmitTimes': [1758829752.0], 'StartTimes': [], 'EndTimes': [], 'TotalUserCpuTimeHistory': [0.0], 'TotalSysCpuTimeHistory': [0.0], 'WallDurations': [0], 'JobIds': ['91763020.0'], 'State': 'idle', 'RecordedSite': False}, '306': {'Retries': 0, 'Restarts': 0, 'SiteHistory': ['Unknown'], 'ResidentSetSize': [0], 'SubmitTimes': [1758829752.0], 'StartTimes': [], 'EndTimes': [], 'TotalUserCpuTimeHistory': [0.0], 'TotalSysCpuTimeHistory': [0.0], 'WallDurations': [0], 'JobIds': ['91763021.0'], 'State': 'idle', 'RecordedSite': False}, '307': {'Retries': 0, 'Restarts': 0, 'SiteHistory': ['Unknown'], 'ResidentSetSize': [0], 'SubmitTimes': [1758829752.0], 'StartTimes': [], 'EndTimes': [], 'TotalUserCpuTimeHistory': [0.0], 'TotalSysCpuTimeHistory': [0.0], 'WallDurations': [0], 'JobIds': ['91763022.0'], 'State': 'idle', 'RecordedSite': False}, '308': {'Retries': 0, 'Restarts': 0, 'SiteHistory': ['Unknown'], 'ResidentSetSize': [0], 'SubmitTimes': [1758829747.0], 'StartTimes': [], 'EndTimes': [], 'TotalUserCpuTimeHistory': [0.0], 'TotalSysCpuTimeHistory': [0.0], 'WallDurations': [0], 'JobIds': ['91763017.0'], 'State': 'idle', 'RecordedSite': False}, '309': {'Retries': 0, 'Restarts': 0, 'SiteHistory': ['Unknown'], 'ResidentSetSize': [0], 'SubmitTimes': [1758829747.0], 'StartTimes': [], 'EndTimes': [], 'TotalUserCpuTimeHistory': [0.0], 'TotalSysCpuTimeHistory': [0.0], 'WallDurations': [0], 'JobIds': ['91763016.0'], 'State': 'idle', 'RecordedSite': False}, '310': {'Retries': 0, 'Restarts': 0, 'SiteHistory': ['Unknown'], 'ResidentSetSize': [0], 'SubmitTimes': [1758829753.0], 'StartTimes': [], 'EndTimes': [], 'TotalUserCpuTimeHistory': [0.0], 'TotalSysCpuTimeHistory': [0.0], 'WallDurations': [0], 'JobIds': ['91763023.0'], 'State': 'idle', 'RecordedSite': False}, '311': {'Retries': 0, 'Restarts': 0, 'SiteHistory': ['Unknown'], 'ResidentSetSize': [0], 'SubmitTimes': [1758829753.0], 'StartTimes': [], 'EndTimes': [], 'TotalUserCpuTimeHistory': [0.0], 'TotalSysCpuTimeHistory': [0.0], 'WallDurations': [0], 'JobIds': ['91763024.0'], 'State': 'idle', 'RecordedSite': False}, '312': {'Retries': 0, 'Restarts': 0, 'SiteHistory': ['Unknown'], 'ResidentSetSize': [0], 'SubmitTimes': [1758829745.0], 'StartTimes': [], 'EndTimes': [], 'TotalUserCpuTimeHistory': [0.0], 'TotalSysCpuTimeHistory': [0.0], 'WallDurations': [0], 'JobIds': ['91763011.0'], 'State': 'idle', 'RecordedSite': False}, '313': {'Retries': 0, 'Restarts': 0, 'SiteHistory': ['Unknown'], 'ResidentSetSize': [0], 'SubmitTimes': [1758829747.0], 'StartTimes': [], 'EndTimes': [], 'TotalUserCpuTimeHistory': [0.0], 'TotalSysCpuTimeHistory': [0.0], 'WallDurations': [0], 'JobIds': ['91763019.0'], 'State': 'idle', 'RecordedSite': False}, '314': {'Retries': 0, 'Restarts': 0, 'SiteHistory': ['Unknown'], 'ResidentSetSize': [0], 'SubmitTimes': [1758829753.0], 'StartTimes': [], 'EndTimes': [], 'TotalUserCpuTimeHistory': [0.0], 'TotalSysCpuTimeHistory': [0.0], 'WallDurations': [0], 'JobIds': ['91763025.0'], 'State': 'idle', 'RecordedSite': False}, '315': {'Retries': 0, 'Restarts': 0, 'SiteHistory': ['Unknown'], 'ResidentSetSize': [0], 'SubmitTimes': [1758829753.0], 'StartTimes': [], 'EndTimes': [], 'TotalUserCpuTimeHistory': [0.0], 'TotalSysCpuTimeHistory': [0.0], 'WallDurations': [0], 'JobIds': ['91763026.0'], 'State': 'idle', 'RecordedSite': False}, '316': {'Retries': 0, 'Restarts': 0, 'SiteHistory': ['Unknown'], 'ResidentSetSize': [0], 'SubmitTimes': [1758829746.0], 'StartTimes': [], 'EndTimes': [], 'TotalUserCpuTimeHistory': [0.0], 'TotalSysCpuTimeHistory': [0.0], 'WallDurations': [0], 'JobIds': ['91763014.0'], 'State': 'idle', 'RecordedSite': False}, '317': {'Retries': 0, 'Restarts': 0, 'SiteHistory': ['Unknown'], 'ResidentSetSize': [0], 'SubmitTimes': [1758829753.0], 'StartTimes': [], 'EndTimes': [], 'TotalUserCpuTimeHistory': [0.0], 'TotalSysCpuTimeHistory': [0.0], 'WallDurations': [0], 'JobIds': ['91763027.0'], 'State': 'idle', 'RecordedSite': False}, '318': {'Retries': 0, 'Restarts': 0, 'SiteHistory': ['Unknown'], 'ResidentSetSize': [0], 'SubmitTimes': [1758829753.0], 'StartTimes': [], 'EndTimes': [], 'TotalUserCpuTimeHistory': [0.0], 'TotalSysCpuTimeHistory': [0.0], 'WallDurations': [0], 'JobIds': ['91763028.0'], 'State': 'idle', 'RecordedSite': False}, '319': {'Retries': 0, 'Restarts': 0, 'SiteHistory': ['Unknown'], 'ResidentSetSize': [0], 'SubmitTimes': [1758829753.0], 'StartTimes': [], 'EndTimes': [], 'TotalUserCpuTimeHistory': [0.0], 'TotalSysCpuTimeHistory': [0.0], 'WallDurations': [0], 'JobIds': ['91763029.0'], 'State': 'idle', 'RecordedSite': False}, '320': {'Retries': 0, 'Restarts': 0, 'SiteHistory': ['Unknown'], 'ResidentSetSize': [0], 'SubmitTimes': [1758829753.0], 'StartTimes': [], 'EndTimes': [], 'TotalUserCpuTimeHistory': [0.0], 'TotalSysCpuTimeHistory': [0.0], 'WallDurations': [0], 'JobIds': ['91763030.0'], 'State': 'idle', 'RecordedSite': False}, '321': {'Retries': 0, 'Restarts': 0, 'SiteHistory': ['Unknown'], 'ResidentSetSize': [0], 'SubmitTimes': [1758829753.0], 'StartTimes': [], 'EndTimes': [], 'TotalUserCpuTimeHistory': [0.0], 'TotalSysCpuTimeHistory': [0.0], 'WallDurations': [0], 'JobIds': ['91763031.0'], 'State': 'idle', 'RecordedSite': False}, '322': {'Retries': 0, 'Restarts': 0, 'SiteHistory': ['Unknown'], 'ResidentSetSize': [0], 'SubmitTimes': [1758829754.0], 'StartTimes': [], 'EndTimes': [], 'TotalUserCpuTimeHistory': [0.0], 'TotalSysCpuTimeHistory': [0.0], 'WallDurations': [0], 'JobIds': ['91763032.0'], 'State': 'idle', 'RecordedSite': False}, '323': {'Retries': 0, 'Restarts': 0, 'SiteHistory': ['Unknown'], 'ResidentSetSize': [0], 'SubmitTimes': [1758829754.0], 'StartTimes': [], 'EndTimes': [], 'TotalUserCpuTimeHistory': [0.0], 'TotalSysCpuTimeHistory': [0.0], 'WallDurations': [0], 'JobIds': ['91763033.0'], 'State': 'idle', 'RecordedSite': False}, '324': {'Retries': 0, 'Restarts': 0, 'SiteHistory': ['Unknown'], 'ResidentSetSize': [0], 'SubmitTimes': [1758829754.0], 'StartTimes': [], 'EndTimes': [], 'TotalUserCpuTimeHistory': [0.0], 'TotalSysCpuTimeHistory': [0.0], 'WallDurations': [0], 'JobIds': ['91763034.0'], 'State': 'idle', 'RecordedSite': False}, '325': {'Retries': 0, 'Restarts': 0, 'SiteHistory': ['Unknown'], 'ResidentSetSize': [0], 'SubmitTimes': [1758829755.0], 'StartTimes': [], 'EndTimes': [], 'TotalUserCpuTimeHistory': [0.0], 'TotalSysCpuTimeHistory': [0.0], 'WallDurations': [0], 'JobIds': ['91763038.0'], 'State': 'idle', 'RecordedSite': False}, '326': {'Retries': 0, 'Restarts': 0, 'SiteHistory': ['Unknown'], 'ResidentSetSize': [0], 'SubmitTimes': [1758829755.0], 'StartTimes': [], 'EndTimes': [], 'TotalUserCpuTimeHistory': [0.0], 'TotalSysCpuTimeHistory': [0.0], 'WallDurations': [0], 'JobIds': ['91763039.0'], 'State': 'idle', 'RecordedSite': False}, '327': {'Retries': 0, 'Restarts': 0, 'SiteHistory': ['Unknown'], 'ResidentSetSize': [0], 'SubmitTimes': [1758829754.0], 'StartTimes': [], 'EndTimes': [], 'TotalUserCpuTimeHistory': [0.0], 'TotalSysCpuTimeHistory': [0.0], 'WallDurations': [0], 'JobIds': ['91763035.0'], 'State': 'idle', 'RecordedSite': False}, '328': {'Retries': 0, 'Restarts': 0, 'SiteHistory': ['Unknown'], 'ResidentSetSize': [0], 'SubmitTimes': [1758829754.0], 'StartTimes': [], 'EndTimes': [], 'TotalUserCpuTimeHistory': [0.0], 'TotalSysCpuTimeHistory': [0.0], 'WallDurations': [0], 'JobIds': ['91763036.0'], 'State': 'idle', 'RecordedSite': False}, '329': {'Retries': 0, 'Restarts': 0, 'SiteHistory': ['Unknown'], 'ResidentSetSize': [0], 'SubmitTimes': [1758829754.0], 'StartTimes': [], 'EndTimes': [], 'TotalUserCpuTimeHistory': [0.0], 'TotalSysCpuTimeHistory': [0.0], 'WallDurations': [0], 'JobIds': ['91763037.0'], 'State': 'idle', 'RecordedSite': False}, '330': {'Retries': 0, 'Restarts': 0, 'SiteHistory': [], 'ResidentSetSize': [], 'SubmitTimes': [], 'StartTimes': [], 'EndTimes': [], 'TotalUserCpuTimeHistory': [], 'TotalSysCpuTimeHistory': [], 'WallDurations': [], 'JobIds': [], 'State': 'unsubmitted'}, '331': {'Retries': 0, 'Restarts': 0, 'SiteHistory': ['Unknown'], 'ResidentSetSize': [0], 'SubmitTimes': [1758829762.0], 'StartTimes': [], 'EndTimes': [], 'TotalUserCpuTimeHistory': [0.0], 'TotalSysCpuTimeHistory': [0.0], 'WallDurations': [0], 'JobIds': ['91763095.0'], 'State': 'idle', 'RecordedSite': False}, '332': {'Retries': 0, 'Restarts': 0, 'SiteHistory': ['Unknown'], 'ResidentSetSize': [0], 'SubmitTimes': [1758829756.0], 'StartTimes': [], 'EndTimes': [], 'TotalUserCpuTimeHistory': [0.0], 'TotalSysCpuTimeHistory': [0.0], 'WallDurations': [0], 'JobIds': ['91763041.0'], 'State': 'idle', 'RecordedSite': False}, '333': {'Retries': 0, 'Restarts': 0, 'SiteHistory': ['Unknown'], 'ResidentSetSize': [0], 'SubmitTimes': [1758829756.0], 'StartTimes': [], 'EndTimes': [], 'TotalUserCpuTimeHistory': [0.0], 'TotalSysCpuTimeHistory': [0.0], 'WallDurations': [0], 'JobIds': ['91763043.0'], 'State': 'idle', 'RecordedSite': False}, '334': {'Retries': 0, 'Restarts': 0, 'SiteHistory': ['Unknown'], 'ResidentSetSize': [0], 'SubmitTimes': [1758829757.0], 'StartTimes': [], 'EndTimes': [], 'TotalUserCpuTimeHistory': [0.0], 'TotalSysCpuTimeHistory': [0.0], 'WallDurations': [0], 'JobIds': ['91763050.0'], 'State': 'idle', 'RecordedSite': False}, '335': {'Retries': 0, 'Restarts': 0, 'SiteHistory': ['Unknown'], 'ResidentSetSize': [0], 'SubmitTimes': [1758829756.0], 'StartTimes': [], 'EndTimes': [], 'TotalUserCpuTimeHistory': [0.0], 'TotalSysCpuTimeHistory': [0.0], 'WallDurations': [0], 'JobIds': ['91763045.0'], 'State': 'idle', 'RecordedSite': False}, '336': {'Retries': 0, 'Restarts': 0, 'SiteHistory': ['Unknown'], 'ResidentSetSize': [0], 'SubmitTimes': [1758829756.0], 'StartTimes': [], 'EndTimes': [], 'TotalUserCpuTimeHistory': [0.0], 'TotalSysCpuTimeHistory': [0.0], 'WallDurations': [0], 'JobIds': ['91763046.0'], 'State': 'idle', 'RecordedSite': False}, '337': {'Retries': 0, 'Restarts': 0, 'SiteHistory': ['Unknown'], 'ResidentSetSize': [0], 'SubmitTimes': [1758829756.0], 'StartTimes': [], 'EndTimes': [], 'TotalUserCpuTimeHistory': [0.0], 'TotalSysCpuTimeHistory': [0.0], 'WallDurations': [0], 'JobIds': ['91763040.0'], 'State': 'idle', 'RecordedSite': False}, '338': {'Retries': 0, 'Restarts': 0, 'SiteHistory': ['Unknown'], 'ResidentSetSize': [0], 'SubmitTimes': [1758829756.0], 'StartTimes': [], 'EndTimes': [], 'TotalUserCpuTimeHistory': [0.0], 'TotalSysCpuTimeHistory': [0.0], 'WallDurations': [0], 'JobIds': ['91763042.0'], 'State': 'idle', 'RecordedSite': False}, '339': {'Retries': 0, 'Restarts': 0, 'SiteHistory': ['Unknown'], 'ResidentSetSize': [0], 'SubmitTimes': [1758829756.0], 'StartTimes': [], 'EndTimes': [], 'TotalUserCpuTimeHistory': [0.0], 'TotalSysCpuTimeHistory': [0.0], 'WallDurations': [0], 'JobIds': ['91763048.0'], 'State': 'idle', 'RecordedSite': False}, '340': {'Retries': 0, 'Restarts': 0, 'SiteHistory': ['Unknown'], 'ResidentSetSize': [0], 'SubmitTimes': [1758829762.0], 'StartTimes': [], 'EndTimes': [], 'TotalUserCpuTimeHistory': [0.0], 'TotalSysCpuTimeHistory': [0.0], 'WallDurations': [0], 'JobIds': ['91763097.0'], 'State': 'idle', 'RecordedSite': False}, '341': {'Retries': 0, 'Restarts': 0, 'SiteHistory': ['Unknown'], 'ResidentSetSize': [0], 'SubmitTimes': [1758829762.0], 'StartTimes': [], 'EndTimes': [], 'TotalUserCpuTimeHistory': [0.0], 'TotalSysCpuTimeHistory': [0.0], 'WallDurations': [0], 'JobIds': ['91763099.0'], 'State': 'idle', 'RecordedSite': False}, '342': {'Retries': 0, 'Restarts': 0, 'SiteHistory': ['Unknown'], 'ResidentSetSize': [0], 'SubmitTimes': [1758829757.0], 'StartTimes': [], 'EndTimes': [], 'TotalUserCpuTimeHistory': [0.0], 'TotalSysCpuTimeHistory': [0.0], 'WallDurations': [0], 'JobIds': ['91763051.0'], 'State': 'idle', 'RecordedSite': False}, '343': {'Retries': 0, 'Restarts': 0, 'SiteHistory': ['Unknown'], 'ResidentSetSize': [0], 'SubmitTimes': [1758829762.0], 'StartTimes': [], 'EndTimes': [], 'TotalUserCpuTimeHistory': [0.0], 'TotalSysCpuTimeHistory': [0.0], 'WallDurations': [0], 'JobIds': ['91763101.0'], 'State': 'idle', 'RecordedSite': False}, '344': {'Retries': 0, 'Restarts': 0, 'SiteHistory': ['Unknown'], 'ResidentSetSize': [0], 'SubmitTimes': [1758829762.0], 'StartTimes': [], 'EndTimes': [], 'TotalUserCpuTimeHistory': [0.0], 'TotalSysCpuTimeHistory': [0.0], 'WallDurations': [0], 'JobIds': ['91763103.0'], 'State': 'idle', 'RecordedSite': False}, '345': {'Retries': 0, 'Restarts': 0, 'SiteHistory': ['Unknown'], 'ResidentSetSize': [0], 'SubmitTimes': [1758829756.0], 'StartTimes': [], 'EndTimes': [], 'TotalUserCpuTimeHistory': [0.0], 'TotalSysCpuTimeHistory': [0.0], 'WallDurations': [0], 'JobIds': ['91763047.0'], 'State': 'idle', 'RecordedSite': False}, '346': {'Retries': 0, 'Restarts': 0, 'SiteHistory': ['Unknown'], 'ResidentSetSize': [0], 'SubmitTimes': [1758829762.0], 'StartTimes': [], 'EndTimes': [], 'TotalUserCpuTimeHistory': [0.0], 'TotalSysCpuTimeHistory': [0.0], 'WallDurations': [0], 'JobIds': ['91763105.0'], 'State': 'idle', 'RecordedSite': False}, '347': {'Retries': 0, 'Restarts': 0, 'SiteHistory': ['Unknown'], 'ResidentSetSize': [0], 'SubmitTimes': [1758829757.0], 'StartTimes': [], 'EndTimes': [], 'TotalUserCpuTimeHistory': [0.0], 'TotalSysCpuTimeHistory': [0.0], 'WallDurations': [0], 'JobIds': ['91763049.0'], 'State': 'idle', 'RecordedSite': False}, '348': {'Retries': 0, 'Restarts': 0, 'SiteHistory': ['Unknown'], 'ResidentSetSize': [0], 'SubmitTimes': [1758829756.0], 'StartTimes': [], 'EndTimes': [], 'TotalUserCpuTimeHistory': [0.0], 'TotalSysCpuTimeHistory': [0.0], 'WallDurations': [0], 'JobIds': ['91763044.0'], 'State': 'idle', 'RecordedSite': False}, '349': {'Retries': 0, 'Restarts': 0, 'SiteHistory': ['Unknown'], 'ResidentSetSize': [0], 'SubmitTimes': [1758829762.0], 'StartTimes': [], 'EndTimes': [], 'TotalUserCpuTimeHistory': [0.0], 'TotalSysCpuTimeHistory': [0.0], 'WallDurations': [0], 'JobIds': ['91763107.0'], 'State': 'idle', 'RecordedSite': False}, '350': {'Retries': 0, 'Restarts': 0, 'SiteHistory': ['Unknown'], 'ResidentSetSize': [0], 'SubmitTimes': [1758829757.0], 'StartTimes': [], 'EndTimes': [], 'TotalUserCpuTimeHistory': [0.0], 'TotalSysCpuTimeHistory': [0.0], 'WallDurations': [0], 'JobIds': ['91763052.0'], 'State': 'idle', 'RecordedSite': False}, '351': {'Retries': 0, 'Restarts': 0, 'SiteHistory': ['Unknown'], 'ResidentSetSize': [0], 'SubmitTimes': [1758829762.0], 'StartTimes': [], 'EndTimes': [], 'TotalUserCpuTimeHistory': [0.0], 'TotalSysCpuTimeHistory': [0.0], 'WallDurations': [0], 'JobIds': ['91763109.0'], 'State': 'idle', 'RecordedSite': False}, '352': {'Retries': 0, 'Restarts': 0, 'SiteHistory': ['Unknown'], 'ResidentSetSize': [0], 'SubmitTimes': [1758829762.0], 'StartTimes': [], 'EndTimes': [], 'TotalUserCpuTimeHistory': [0.0], 'TotalSysCpuTimeHistory': [0.0], 'WallDurations': [0], 'JobIds': ['91763111.0'], 'State': 'idle', 'RecordedSite': False}, '353': {'Retries': 0, 'Restarts': 0, 'SiteHistory': ['Unknown'], 'ResidentSetSize': [0], 'SubmitTimes': [1758829763.0], 'StartTimes': [], 'EndTimes': [], 'TotalUserCpuTimeHistory': [0.0], 'TotalSysCpuTimeHistory': [0.0], 'WallDurations': [0], 'JobIds': ['91763113.0'], 'State': 'idle', 'RecordedSite': False}, '354': {'Retries': 0, 'Restarts': 0, 'SiteHistory': ['Unknown'], 'ResidentSetSize': [0], 'SubmitTimes': [1758829763.0], 'StartTimes': [], 'EndTimes': [], 'TotalUserCpuTimeHistory': [0.0], 'TotalSysCpuTimeHistory': [0.0], 'WallDurations': [0], 'JobIds': ['91763114.0'], 'State': 'idle', 'RecordedSite': False}, '355': {'Retries': 0, 'Restarts': 0, 'SiteHistory': ['Unknown'], 'ResidentSetSize': [0], 'SubmitTimes': [1758829763.0], 'StartTimes': [], 'EndTimes': [], 'TotalUserCpuTimeHistory': [0.0], 'TotalSysCpuTimeHistory': [0.0], 'WallDurations': [0], 'JobIds': ['91763115.0'], 'State': 'idle', 'RecordedSite': False}, '356': {'Retries': 0, 'Restarts': 0, 'SiteHistory': ['Unknown'], 'ResidentSetSize': [0], 'SubmitTimes': [1758829764.0], 'StartTimes': [], 'EndTimes': [], 'TotalUserCpuTimeHistory': [0.0], 'TotalSysCpuTimeHistory': [0.0], 'WallDurations': [0], 'JobIds': ['91763117.0'], 'State': 'idle', 'RecordedSite': False}, '357': {'Retries': 0, 'Restarts': 0, 'SiteHistory': ['Unknown'], 'ResidentSetSize': [0], 'SubmitTimes': [1758829764.0], 'StartTimes': [], 'EndTimes': [], 'TotalUserCpuTimeHistory': [0.0], 'TotalSysCpuTimeHistory': [0.0], 'WallDurations': [0], 'JobIds': ['91763118.0'], 'State': 'idle', 'RecordedSite': False}, '358': {'Retries': 0, 'Restarts': 0, 'SiteHistory': ['Unknown'], 'ResidentSetSize': [0], 'SubmitTimes': [1758829764.0], 'StartTimes': [], 'EndTimes': [], 'TotalUserCpuTimeHistory': [0.0], 'TotalSysCpuTimeHistory': [0.0], 'WallDurations': [0], 'JobIds': ['91763119.0'], 'State': 'idle', 'RecordedSite': False}, '359': {'Retries': 0, 'Restarts': 0, 'SiteHistory': ['Unknown'], 'ResidentSetSize': [0], 'SubmitTimes': [1758829764.0], 'StartTimes': [], 'EndTimes': [], 'TotalUserCpuTimeHistory': [0.0], 'TotalSysCpuTimeHistory': [0.0], 'WallDurations': [0], 'JobIds': ['91763120.0'], 'State': 'idle', 'RecordedSite': False}, '360': {'Retries': 0, 'Restarts': 0, 'SiteHistory': ['Unknown'], 'ResidentSetSize': [0], 'SubmitTimes': [1758829764.0], 'StartTimes': [], 'EndTimes': [], 'TotalUserCpuTimeHistory': [0.0], 'TotalSysCpuTimeHistory': [0.0], 'WallDurations': [0], 'JobIds': ['91763121.0'], 'State': 'idle', 'RecordedSite': False}, '361': {'Retries': 0, 'Restarts': 0, 'SiteHistory': ['Unknown'], 'ResidentSetSize': [0], 'SubmitTimes': [1758829764.0], 'StartTimes': [], 'EndTimes': [], 'TotalUserCpuTimeHistory': [0.0], 'TotalSysCpuTimeHistory': [0.0], 'WallDurations': [0], 'JobIds': ['91763122.0'], 'State': 'idle', 'RecordedSite': False}, '362': {'Retries': 0, 'Restarts': 0, 'SiteHistory': ['Unknown'], 'ResidentSetSize': [0], 'SubmitTimes': [1758829764.0], 'StartTimes': [], 'EndTimes': [], 'TotalUserCpuTimeHistory': [0.0], 'TotalSysCpuTimeHistory': [0.0], 'WallDurations': [0], 'JobIds': ['91763123.0'], 'State': 'idle', 'RecordedSite': False}, '363': {'Retries': 0, 'Restarts': 0, 'SiteHistory': ['Unknown'], 'ResidentSetSize': [0], 'SubmitTimes': [1758829764.0], 'StartTimes': [], 'EndTimes': [], 'TotalUserCpuTimeHistory': [0.0], 'TotalSysCpuTimeHistory': [0.0], 'WallDurations': [0], 'JobIds': ['91763124.0'], 'State': 'idle', 'RecordedSite': False}, '364': {'Retries': 0, 'Restarts': 0, 'SiteHistory': [], 'ResidentSetSize': [], 'SubmitTimes': [], 'StartTimes': [], 'EndTimes': [], 'TotalUserCpuTimeHistory': [], 'TotalSysCpuTimeHistory': [], 'WallDurations': [], 'JobIds': [], 'State': 'unsubmitted'}, '365': {'Retries': 0, 'Restarts': 0, 'SiteHistory': ['Unknown'], 'ResidentSetSize': [0], 'SubmitTimes': [1758829765.0], 'StartTimes': [], 'EndTimes': [], 'TotalUserCpuTimeHistory': [0.0], 'TotalSysCpuTimeHistory': [0.0], 'WallDurations': [0], 'JobIds': ['91763129.0'], 'State': 'idle', 'RecordedSite': False}, '366': {'Retries': 0, 'Restarts': 0, 'SiteHistory': ['Unknown'], 'ResidentSetSize': [0], 'SubmitTimes': [1758829766.0], 'StartTimes': [], 'EndTimes': [], 'TotalUserCpuTimeHistory': [0.0], 'TotalSysCpuTimeHistory': [0.0], 'WallDurations': [0], 'JobIds': ['91763131.0'], 'State': 'idle', 'RecordedSite': False}, '367': {'Retries': 0, 'Restarts': 0, 'SiteHistory': ['Unknown'], 'ResidentSetSize': [0], 'SubmitTimes': [1758829766.0], 'StartTimes': [], 'EndTimes': [], 'TotalUserCpuTimeHistory': [0.0], 'TotalSysCpuTimeHistory': [0.0], 'WallDurations': [0], 'JobIds': ['91763133.0'], 'State': 'idle', 'RecordedSite': False}, '368': {'Retries': 0, 'Restarts': 0, 'SiteHistory': ['Unknown'], 'ResidentSetSize': [0], 'SubmitTimes': [1758829764.0], 'StartTimes': [], 'EndTimes': [], 'TotalUserCpuTimeHistory': [0.0], 'TotalSysCpuTimeHistory': [0.0], 'WallDurations': [0], 'JobIds': ['91763126.0'], 'State': 'idle', 'RecordedSite': False}, '369': {'Retries': 0, 'Restarts': 0, 'SiteHistory': ['Unknown'], 'ResidentSetSize': [0], 'SubmitTimes': [1758829772.0], 'StartTimes': [], 'EndTimes': [], 'TotalUserCpuTimeHistory': [0.0], 'TotalSysCpuTimeHistory': [0.0], 'WallDurations': [0], 'JobIds': ['91763144.0'], 'State': 'idle', 'RecordedSite': False}, '370': {'Retries': 0, 'Restarts': 0, 'SiteHistory': ['Unknown'], 'ResidentSetSize': [0], 'SubmitTimes': [1758829766.0], 'StartTimes': [], 'EndTimes': [], 'TotalUserCpuTimeHistory': [0.0], 'TotalSysCpuTimeHistory': [0.0], 'WallDurations': [0], 'JobIds': ['91763135.0'], 'State': 'idle', 'RecordedSite': False}, '371': {'Retries': 0, 'Restarts': 0, 'SiteHistory': ['Unknown'], 'ResidentSetSize': [0], 'SubmitTimes': [1758829765.0], 'StartTimes': [], 'EndTimes': [], 'TotalUserCpuTimeHistory': [0.0], 'TotalSysCpuTimeHistory': [0.0], 'WallDurations': [0], 'JobIds': ['91763128.0'], 'State': 'idle', 'RecordedSite': False}, '372': {'Retries': 0, 'Restarts': 0, 'SiteHistory': ['Unknown'], 'ResidentSetSize': [0], 'SubmitTimes': [1758829772.0], 'StartTimes': [], 'EndTimes': [], 'TotalUserCpuTimeHistory': [0.0], 'TotalSysCpuTimeHistory': [0.0], 'WallDurations': [0], 'JobIds': ['91763145.0'], 'State': 'idle', 'RecordedSite': False}, '373': {'Retries': 0, 'Restarts': 0, 'SiteHistory': ['Unknown'], 'ResidentSetSize': [0], 'SubmitTimes': [1758829767.0], 'StartTimes': [], 'EndTimes': [], 'TotalUserCpuTimeHistory': [0.0], 'TotalSysCpuTimeHistory': [0.0], 'WallDurations': [0], 'JobIds': ['91763138.0'], 'State': 'idle', 'RecordedSite': False}, '374': {'Retries': 0, 'Restarts': 0, 'SiteHistory': ['Unknown'], 'ResidentSetSize': [0], 'SubmitTimes': [1758829772.0], 'StartTimes': [], 'EndTimes': [], 'TotalUserCpuTimeHistory': [0.0], 'TotalSysCpuTimeHistory': [0.0], 'WallDurations': [0], 'JobIds': ['91763146.0'], 'State': 'idle', 'RecordedSite': False}, '375': {'Retries': 0, 'Restarts': 0, 'SiteHistory': ['Unknown'], 'ResidentSetSize': [0], 'SubmitTimes': [1758829766.0], 'StartTimes': [], 'EndTimes': [], 'TotalUserCpuTimeHistory': [0.0], 'TotalSysCpuTimeHistory': [0.0], 'WallDurations': [0], 'JobIds': ['91763130.0'], 'State': 'idle', 'RecordedSite': False}, '376': {'Retries': 0, 'Restarts': 0, 'SiteHistory': ['Unknown'], 'ResidentSetSize': [0], 'SubmitTimes': [1758829766.0], 'StartTimes': [], 'EndTimes': [], 'TotalUserCpuTimeHistory': [0.0], 'TotalSysCpuTimeHistory': [0.0], 'WallDurations': [0], 'JobIds': ['91763134.0'], 'State': 'idle', 'RecordedSite': False}, '377': {'Retries': 0, 'Restarts': 0, 'SiteHistory': ['Unknown'], 'ResidentSetSize': [0], 'SubmitTimes': [1758829767.0], 'StartTimes': [], 'EndTimes': [], 'TotalUserCpuTimeHistory': [0.0], 'TotalSysCpuTimeHistory': [0.0], 'WallDurations': [0], 'JobIds': ['91763137.0'], 'State': 'idle', 'RecordedSite': False}, '378': {'Retries': 0, 'Restarts': 0, 'SiteHistory': ['Unknown'], 'ResidentSetSize': [0], 'SubmitTimes': [1758829772.0], 'StartTimes': [], 'EndTimes': [], 'TotalUserCpuTimeHistory': [0.0], 'TotalSysCpuTimeHistory': [0.0], 'WallDurations': [0], 'JobIds': ['91763143.0'], 'State': 'idle', 'RecordedSite': False}, '379': {'Retries': 0, 'Restarts': 0, 'SiteHistory': ['Unknown'], 'ResidentSetSize': [0], 'SubmitTimes': [1758829772.0], 'StartTimes': [], 'EndTimes': [], 'TotalUserCpuTimeHistory': [0.0], 'TotalSysCpuTimeHistory': [0.0], 'WallDurations': [0], 'JobIds': ['91763147.0'], 'State': 'idle', 'RecordedSite': False}, '380': {'Retries': 0, 'Restarts': 0, 'SiteHistory': ['Unknown'], 'ResidentSetSize': [0], 'SubmitTimes': [1758829765.0], 'StartTimes': [], 'EndTimes': [], 'TotalUserCpuTimeHistory': [0.0], 'TotalSysCpuTimeHistory': [0.0], 'WallDurations': [0], 'JobIds': ['91763127.0'], 'State': 'idle', 'RecordedSite': False}, '381': {'Retries': 0, 'Restarts': 0, 'SiteHistory': ['Unknown'], 'ResidentSetSize': [0], 'SubmitTimes': [1758829767.0], 'StartTimes': [], 'EndTimes': [], 'TotalUserCpuTimeHistory': [0.0], 'TotalSysCpuTimeHistory': [0.0], 'WallDurations': [0], 'JobIds': ['91763139.0'], 'State': 'idle', 'RecordedSite': False}, '382': {'Retries': 0, 'Restarts': 0, 'SiteHistory': ['Unknown'], 'ResidentSetSize': [0], 'SubmitTimes': [1758829764.0], 'StartTimes': [], 'EndTimes': [], 'TotalUserCpuTimeHistory': [0.0], 'TotalSysCpuTimeHistory': [0.0], 'WallDurations': [0], 'JobIds': ['91763125.0'], 'State': 'idle', 'RecordedSite': False}, '383': {'Retries': 0, 'Restarts': 0, 'SiteHistory': ['Unknown'], 'ResidentSetSize': [0], 'SubmitTimes': [1758829766.0], 'StartTimes': [], 'EndTimes': [], 'TotalUserCpuTimeHistory': [0.0], 'TotalSysCpuTimeHistory': [0.0], 'WallDurations': [0], 'JobIds': ['91763132.0'], 'State': 'idle', 'RecordedSite': False}, '384': {'Retries': 0, 'Restarts': 0, 'SiteHistory': ['Unknown'], 'ResidentSetSize': [0], 'SubmitTimes': [1758829772.0], 'StartTimes': [], 'EndTimes': [], 'TotalUserCpuTimeHistory': [0.0], 'TotalSysCpuTimeHistory': [0.0], 'WallDurations': [0], 'JobIds': ['91763148.0'], 'State': 'idle', 'RecordedSite': False}, '385': {'Retries': 0, 'Restarts': 0, 'SiteHistory': ['Unknown'], 'ResidentSetSize': [0], 'SubmitTimes': [1758829772.0], 'StartTimes': [], 'EndTimes': [], 'TotalUserCpuTimeHistory': [0.0], 'TotalSysCpuTimeHistory': [0.0], 'WallDurations': [0], 'JobIds': ['91763149.0'], 'State': 'idle', 'RecordedSite': False}, '386': {'Retries': 0, 'Restarts': 0, 'SiteHistory': ['Unknown'], 'ResidentSetSize': [0], 'SubmitTimes': [1758829772.0], 'StartTimes': [], 'EndTimes': [], 'TotalUserCpuTimeHistory': [0.0], 'TotalSysCpuTimeHistory': [0.0], 'WallDurations': [0], 'JobIds': ['91763150.0'], 'State': 'idle', 'RecordedSite': False}, '387': {'Retries': 0, 'Restarts': 0, 'SiteHistory': ['Unknown'], 'ResidentSetSize': [0], 'SubmitTimes': [1758829772.0], 'StartTimes': [], 'EndTimes': [], 'TotalUserCpuTimeHistory': [0.0], 'TotalSysCpuTimeHistory': [0.0], 'WallDurations': [0], 'JobIds': ['91763151.0'], 'State': 'idle', 'RecordedSite': False}, '388': {'Retries': 0, 'Restarts': 0, 'SiteHistory': ['Unknown'], 'ResidentSetSize': [0], 'SubmitTimes': [1758829766.0], 'StartTimes': [], 'EndTimes': [], 'TotalUserCpuTimeHistory': [0.0], 'TotalSysCpuTimeHistory': [0.0], 'WallDurations': [0], 'JobIds': ['91763136.0'], 'State': 'idle', 'RecordedSite': False}, '389': {'Retries': 0, 'Restarts': 0, 'SiteHistory': ['Unknown'], 'ResidentSetSize': [0], 'SubmitTimes': [1758829773.0], 'StartTimes': [], 'EndTimes': [], 'TotalUserCpuTimeHistory': [0.0], 'TotalSysCpuTimeHistory': [0.0], 'WallDurations': [0], 'JobIds': ['91763152.0'], 'State': 'idle', 'RecordedSite': False}, '390': {'Retries': 0, 'Restarts': 0, 'SiteHistory': ['Unknown'], 'ResidentSetSize': [0], 'SubmitTimes': [1758829773.0], 'StartTimes': [], 'EndTimes': [], 'TotalUserCpuTimeHistory': [0.0], 'TotalSysCpuTimeHistory': [0.0], 'WallDurations': [0], 'JobIds': ['91763153.0'], 'State': 'idle', 'RecordedSite': False}, '391': {'Retries': 0, 'Restarts': 0, 'SiteHistory': ['Unknown'], 'ResidentSetSize': [0], 'SubmitTimes': [1758829767.0], 'StartTimes': [], 'EndTimes': [], 'TotalUserCpuTimeHistory': [0.0], 'TotalSysCpuTimeHistory': [0.0], 'WallDurations': [0], 'JobIds': ['91763140.0'], 'State': 'idle', 'RecordedSite': False}, '392': {'Retries': 0, 'Restarts': 0, 'SiteHistory': ['Unknown'], 'ResidentSetSize': [0], 'SubmitTimes': [1758829773.0], 'StartTimes': [], 'EndTimes': [], 'TotalUserCpuTimeHistory': [0.0], 'TotalSysCpuTimeHistory': [0.0], 'WallDurations': [0], 'JobIds': ['91763154.0'], 'State': 'idle', 'RecordedSite': False}, '393': {'Retries': 0, 'Restarts': 0, 'SiteHistory': ['Unknown'], 'ResidentSetSize': [0], 'SubmitTimes': [1758829773.0], 'StartTimes': [], 'EndTimes': [], 'TotalUserCpuTimeHistory': [0.0], 'TotalSysCpuTimeHistory': [0.0], 'WallDurations': [0], 'JobIds': ['91763155.0'], 'State': 'idle', 'RecordedSite': False}, '394': {'Retries': 0, 'Restarts': 0, 'SiteHistory': ['Unknown'], 'ResidentSetSize': [0], 'SubmitTimes': [1758829773.0], 'StartTimes': [], 'EndTimes': [], 'TotalUserCpuTimeHistory': [0.0], 'TotalSysCpuTimeHistory': [0.0], 'WallDurations': [0], 'JobIds': ['91763156.0'], 'State': 'idle', 'RecordedSite': False}, '395': {'Retries': 0, 'Restarts': 0, 'SiteHistory': ['Unknown'], 'ResidentSetSize': [0], 'SubmitTimes': [1758829773.0], 'StartTimes': [], 'EndTimes': [], 'TotalUserCpuTimeHistory': [0.0], 'TotalSysCpuTimeHistory': [0.0], 'WallDurations': [0], 'JobIds': ['91763157.0'], 'State': 'idle', 'RecordedSite': False}, '396': {'Retries': 0, 'Restarts': 0, 'SiteHistory': ['Unknown'], 'ResidentSetSize': [0], 'SubmitTimes': [1758829773.0], 'StartTimes': [], 'EndTimes': [], 'TotalUserCpuTimeHistory': [0.0], 'TotalSysCpuTimeHistory': [0.0], 'WallDurations': [0], 'JobIds': ['91763158.0'], 'State': 'idle', 'RecordedSite': False}, '397': {'Retries': 0, 'Restarts': 0, 'SiteHistory': ['Unknown'], 'ResidentSetSize': [0], 'SubmitTimes': [1758829774.0], 'StartTimes': [], 'EndTimes': [], 'TotalUserCpuTimeHistory': [0.0], 'TotalSysCpuTimeHistory': [0.0], 'WallDurations': [0], 'JobIds': ['91763159.0'], 'State': 'idle', 'RecordedSite': False}, '398': {'Retries': 0, 'Restarts': 0, 'SiteHistory': ['Unknown'], 'ResidentSetSize': [0], 'SubmitTimes': [1758829774.0], 'StartTimes': [], 'EndTimes': [], 'TotalUserCpuTimeHistory': [0.0], 'TotalSysCpuTimeHistory': [0.0], 'WallDurations': [0], 'JobIds': ['91763161.0'], 'State': 'idle', 'RecordedSite': False}, '399': {'Retries': 0, 'Restarts': 0, 'SiteHistory': ['Unknown'], 'ResidentSetSize': [0], 'SubmitTimes': [1758829774.0], 'StartTimes': [], 'EndTimes': [], 'TotalUserCpuTimeHistory': [0.0], 'TotalSysCpuTimeHistory': [0.0], 'WallDurations': [0], 'JobIds': ['91763162.0'], 'State': 'idle', 'RecordedSite': False}, '400': {'Retries': 0, 'Restarts': 0, 'SiteHistory': ['Unknown'], 'ResidentSetSize': [0], 'SubmitTimes': [1758829774.0], 'StartTimes': [], 'EndTimes': [], 'TotalUserCpuTimeHistory': [0.0], 'TotalSysCpuTimeHistory': [0.0], 'WallDurations': [0], 'JobIds': ['91763163.0'], 'State': 'idle', 'RecordedSite': False}, '401': {'Retries': 0, 'Restarts': 0, 'SiteHistory': [], 'ResidentSetSize': [], 'SubmitTimes': [], 'StartTimes': [], 'EndTimes': [], 'TotalUserCpuTimeHistory': [], 'TotalSysCpuTimeHistory': [], 'WallDurations': [], 'JobIds': [], 'State': 'unsubmitted'}, '402': {'Retries': 0, 'Restarts': 0, 'SiteHistory': ['Unknown'], 'ResidentSetSize': [0], 'SubmitTimes': [1758829775.0], 'StartTimes': [], 'EndTimes': [], 'TotalUserCpuTimeHistory': [0.0], 'TotalSysCpuTimeHistory': [0.0], 'WallDurations': [0], 'JobIds': ['91763183.0'], 'State': 'idle', 'RecordedSite': False}, '403': {'Retries': 0, 'Restarts': 0, 'SiteHistory': ['Unknown'], 'ResidentSetSize': [0], 'SubmitTimes': [1758829775.0], 'StartTimes': [], 'EndTimes': [], 'TotalUserCpuTimeHistory': [0.0], 'TotalSysCpuTimeHistory': [0.0], 'WallDurations': [0], 'JobIds': ['91763173.0'], 'State': 'idle', 'RecordedSite': False}, '404': {'Retries': 0, 'Restarts': 0, 'SiteHistory': ['Unknown'], 'ResidentSetSize': [0], 'SubmitTimes': [1758829774.0], 'StartTimes': [], 'EndTimes': [], 'TotalUserCpuTimeHistory': [0.0], 'TotalSysCpuTimeHistory': [0.0], 'WallDurations': [0], 'JobIds': ['91763165.0'], 'State': 'idle', 'RecordedSite': False}, '405': {'Retries': 0, 'Restarts': 0, 'SiteHistory': ['Unknown'], 'ResidentSetSize': [0], 'SubmitTimes': [1758829774.0], 'StartTimes': [], 'EndTimes': [], 'TotalUserCpuTimeHistory': [0.0], 'TotalSysCpuTimeHistory': [0.0], 'WallDurations': [0], 'JobIds': ['91763169.0'], 'State': 'idle', 'RecordedSite': False}, '406': {'Retries': 0, 'Restarts': 0, 'SiteHistory': ['Unknown'], 'ResidentSetSize': [0], 'SubmitTimes': [1758829775.0], 'StartTimes': [], 'EndTimes': [], 'TotalUserCpuTimeHistory': [0.0], 'TotalSysCpuTimeHistory': [0.0], 'WallDurations': [0], 'JobIds': ['91763171.0'], 'State': 'idle', 'RecordedSite': False}, '407': {'Retries': 0, 'Restarts': 0, 'SiteHistory': ['Unknown'], 'ResidentSetSize': [0], 'SubmitTimes': [1758829775.0], 'StartTimes': [], 'EndTimes': [], 'TotalUserCpuTimeHistory': [0.0], 'TotalSysCpuTimeHistory': [0.0], 'WallDurations': [0], 'JobIds': ['91763180.0'], 'State': 'idle', 'RecordedSite': False}, '408': {'Retries': 0, 'Restarts': 0, 'SiteHistory': ['Unknown'], 'ResidentSetSize': [0], 'SubmitTimes': [1758829775.0], 'StartTimes': [], 'EndTimes': [], 'TotalUserCpuTimeHistory': [0.0], 'TotalSysCpuTimeHistory': [0.0], 'WallDurations': [0], 'JobIds': ['91763172.0'], 'State': 'idle', 'RecordedSite': False}, '409': {'Retries': 0, 'Restarts': 0, 'SiteHistory': ['Unknown'], 'ResidentSetSize': [0], 'SubmitTimes': [1758829775.0], 'StartTimes': [], 'EndTimes': [], 'TotalUserCpuTimeHistory': [0.0], 'TotalSysCpuTimeHistory': [0.0], 'WallDurations': [0], 'JobIds': ['91763181.0'], 'State': 'idle', 'RecordedSite': False}, '410': {'Retries': 0, 'Restarts': 0, 'SiteHistory': ['Unknown'], 'ResidentSetSize': [0], 'SubmitTimes': [1758829775.0], 'StartTimes': [], 'EndTimes': [], 'TotalUserCpuTimeHistory': [0.0], 'TotalSysCpuTimeHistory': [0.0], 'WallDurations': [0], 'JobIds': ['91763175.0'], 'State': 'idle', 'RecordedSite': False}, '411': {'Retries': 0, 'Restarts': 0, 'SiteHistory': ['Unknown'], 'ResidentSetSize': [0], 'SubmitTimes': [1758829774.0], 'StartTimes': [], 'EndTimes': [], 'TotalUserCpuTimeHistory': [0.0], 'TotalSysCpuTimeHistory': [0.0], 'WallDurations': [0], 'JobIds': ['91763166.0'], 'State': 'idle', 'RecordedSite': False}, '412': {'Retries': 0, 'Restarts': 0, 'SiteHistory': ['Unknown'], 'ResidentSetSize': [0], 'SubmitTimes': [1758829775.0], 'StartTimes': [], 'EndTimes': [], 'TotalUserCpuTimeHistory': [0.0], 'TotalSysCpuTimeHistory': [0.0], 'WallDurations': [0], 'JobIds': ['91763179.0'], 'State': 'idle', 'RecordedSite': False}, '413': {'Retries': 0, 'Restarts': 0, 'SiteHistory': ['Unknown'], 'ResidentSetSize': [0], 'SubmitTimes': [1758829775.0], 'StartTimes': [], 'EndTimes': [], 'TotalUserCpuTimeHistory': [0.0], 'TotalSysCpuTimeHistory': [0.0], 'WallDurations': [0], 'JobIds': ['91763182.0'], 'State': 'idle', 'RecordedSite': False}, '414': {'Retries': 0, 'Restarts': 0, 'SiteHistory': ['Unknown'], 'ResidentSetSize': [0], 'SubmitTimes': [1758829775.0], 'StartTimes': [], 'EndTimes': [], 'TotalUserCpuTimeHistory': [0.0], 'TotalSysCpuTimeHistory': [0.0], 'WallDurations': [0], 'JobIds': ['91763178.0'], 'State': 'idle', 'RecordedSite': False}, '415': {'Retries': 0, 'Restarts': 0, 'SiteHistory': ['Unknown'], 'ResidentSetSize': [0], 'SubmitTimes': [1758829775.0], 'StartTimes': [], 'EndTimes': [], 'TotalUserCpuTimeHistory': [0.0], 'TotalSysCpuTimeHistory': [0.0], 'WallDurations': [0], 'JobIds': ['91763176.0'], 'State': 'idle', 'RecordedSite': False}, '416': {'Retries': 0, 'Restarts': 0, 'SiteHistory': ['Unknown'], 'ResidentSetSize': [0], 'SubmitTimes': [1758829774.0], 'StartTimes': [], 'EndTimes': [], 'TotalUserCpuTimeHistory': [0.0], 'TotalSysCpuTimeHistory': [0.0], 'WallDurations': [0], 'JobIds': ['91763167.0'], 'State': 'idle', 'RecordedSite': False}, '417': {'Retries': 0, 'Restarts': 0, 'SiteHistory': ['Unknown'], 'ResidentSetSize': [0], 'SubmitTimes': [1758829775.0], 'StartTimes': [], 'EndTimes': [], 'TotalUserCpuTimeHistory': [0.0], 'TotalSysCpuTimeHistory': [0.0], 'WallDurations': [0], 'JobIds': ['91763170.0'], 'State': 'idle', 'RecordedSite': False}, '418': {'Retries': 0, 'Restarts': 0, 'SiteHistory': ['Unknown'], 'ResidentSetSize': [0], 'SubmitTimes': [1758829774.0], 'StartTimes': [], 'EndTimes': [], 'TotalUserCpuTimeHistory': [0.0], 'TotalSysCpuTimeHistory': [0.0], 'WallDurations': [0], 'JobIds': ['91763164.0'], 'State': 'idle', 'RecordedSite': False}, '419': {'Retries': 0, 'Restarts': 0, 'SiteHistory': ['Unknown'], 'ResidentSetSize': [0], 'SubmitTimes': [1758829774.0], 'StartTimes': [], 'EndTimes': [], 'TotalUserCpuTimeHistory': [0.0], 'TotalSysCpuTimeHistory': [0.0], 'WallDurations': [0], 'JobIds': ['91763168.0'], 'State': 'idle', 'RecordedSite': False}, '420': {'Retries': 0, 'Restarts': 0, 'SiteHistory': ['Unknown'], 'ResidentSetSize': [0], 'SubmitTimes': [1758829775.0], 'StartTimes': [], 'EndTimes': [], 'TotalUserCpuTimeHistory': [0.0], 'TotalSysCpuTimeHistory': [0.0], 'WallDurations': [0], 'JobIds': ['91763177.0'], 'State': 'idle', 'RecordedSite': False}, '421': {'Retries': 0, 'Restarts': 0, 'SiteHistory': ['Unknown'], 'ResidentSetSize': [0], 'SubmitTimes': [1758829775.0], 'StartTimes': [], 'EndTimes': [], 'TotalUserCpuTimeHistory': [0.0], 'TotalSysCpuTimeHistory': [0.0], 'WallDurations': [0], 'JobIds': ['91763174.0'], 'State': 'idle', 'RecordedSite': False}, '422': {'Retries': 0, 'Restarts': 0, 'SiteHistory': ['Unknown'], 'ResidentSetSize': [0], 'SubmitTimes': [1758829776.0], 'StartTimes': [], 'EndTimes': [], 'TotalUserCpuTimeHistory': [0.0], 'TotalSysCpuTimeHistory': [0.0], 'WallDurations': [0], 'JobIds': ['91763190.0'], 'State': 'idle', 'RecordedSite': False}, '423': {'Retries': 0, 'Restarts': 0, 'SiteHistory': ['Unknown'], 'ResidentSetSize': [0], 'SubmitTimes': [1758829776.0], 'StartTimes': [], 'EndTimes': [], 'TotalUserCpuTimeHistory': [0.0], 'TotalSysCpuTimeHistory': [0.0], 'WallDurations': [0], 'JobIds': ['91763196.0'], 'State': 'idle', 'RecordedSite': False}, '424': {'Retries': 0, 'Restarts': 0, 'SiteHistory': ['Unknown'], 'ResidentSetSize': [0], 'SubmitTimes': [1758829775.0], 'StartTimes': [], 'EndTimes': [], 'TotalUserCpuTimeHistory': [0.0], 'TotalSysCpuTimeHistory': [0.0], 'WallDurations': [0], 'JobIds': ['91763184.0'], 'State': 'idle', 'RecordedSite': False}, '425': {'Retries': 0, 'Restarts': 0, 'SiteHistory': ['Unknown'], 'ResidentSetSize': [0], 'SubmitTimes': [1758829776.0], 'StartTimes': [], 'EndTimes': [], 'TotalUserCpuTimeHistory': [0.0], 'TotalSysCpuTimeHistory': [0.0], 'WallDurations': [0], 'JobIds': ['91763197.0'], 'State': 'idle', 'RecordedSite': False}, '426': {'Retries': 0, 'Restarts': 0, 'SiteHistory': ['Unknown'], 'ResidentSetSize': [0], 'SubmitTimes': [1758829775.0], 'StartTimes': [], 'EndTimes': [], 'TotalUserCpuTimeHistory': [0.0], 'TotalSysCpuTimeHistory': [0.0], 'WallDurations': [0], 'JobIds': ['91763187.0'], 'State': 'idle', 'RecordedSite': False}, '427': {'Retries': 0, 'Restarts': 0, 'SiteHistory': ['Unknown'], 'ResidentSetSize': [0], 'SubmitTimes': [1758829775.0], 'StartTimes': [], 'EndTimes': [], 'TotalUserCpuTimeHistory': [0.0], 'TotalSysCpuTimeHistory': [0.0], 'WallDurations': [0], 'JobIds': ['91763185.0'], 'State': 'idle', 'RecordedSite': False}, '428': {'Retries': 0, 'Restarts': 0, 'SiteHistory': ['Unknown'], 'ResidentSetSize': [0], 'SubmitTimes': [1758829777.0], 'StartTimes': [], 'EndTimes': [], 'TotalUserCpuTimeHistory': [0.0], 'TotalSysCpuTimeHistory': [0.0], 'WallDurations': [0], 'JobIds': ['91763204.0'], 'State': 'idle', 'RecordedSite': False}, '429': {'Retries': 0, 'Restarts': 0, 'SiteHistory': ['Unknown'], 'ResidentSetSize': [0], 'SubmitTimes': [1758829776.0], 'StartTimes': [], 'EndTimes': [], 'TotalUserCpuTimeHistory': [0.0], 'TotalSysCpuTimeHistory': [0.0], 'WallDurations': [0], 'JobIds': ['91763189.0'], 'State': 'idle', 'RecordedSite': False}, '430': {'Retries': 0, 'Restarts': 0, 'SiteHistory': ['Unknown'], 'ResidentSetSize': [0], 'SubmitTimes': [1758829776.0], 'StartTimes': [], 'EndTimes': [], 'TotalUserCpuTimeHistory': [0.0], 'TotalSysCpuTimeHistory': [0.0], 'WallDurations': [0], 'JobIds': ['91763201.0'], 'State': 'idle', 'RecordedSite': False}, '431': {'Retries': 0, 'Restarts': 0, 'SiteHistory': ['Unknown'], 'ResidentSetSize': [0], 'SubmitTimes': [1758829775.0], 'StartTimes': [], 'EndTimes': [], 'TotalUserCpuTimeHistory': [0.0], 'TotalSysCpuTimeHistory': [0.0], 'WallDurations': [0], 'JobIds': ['91763188.0'], 'State': 'idle', 'RecordedSite': False}, '432': {'Retries': 0, 'Restarts': 0, 'SiteHistory': ['Unknown'], 'ResidentSetSize': [0], 'SubmitTimes': [1758829775.0], 'StartTimes': [], 'EndTimes': [], 'TotalUserCpuTimeHistory': [0.0], 'TotalSysCpuTimeHistory': [0.0], 'WallDurations': [0], 'JobIds': ['91763186.0'], 'State': 'idle', 'RecordedSite': False}, '433': {'Retries': 0, 'Restarts': 0, 'SiteHistory': ['Unknown'], 'ResidentSetSize': [0], 'SubmitTimes': [1758829776.0], 'StartTimes': [], 'EndTimes': [], 'TotalUserCpuTimeHistory': [0.0], 'TotalSysCpuTimeHistory': [0.0], 'WallDurations': [0], 'JobIds': ['91763193.0'], 'State': 'idle', 'RecordedSite': False}, '434': {'Retries': 0, 'Restarts': 0, 'SiteHistory': ['Unknown'], 'ResidentSetSize': [0], 'SubmitTimes': [1758829777.0], 'StartTimes': [], 'EndTimes': [], 'TotalUserCpuTimeHistory': [0.0], 'TotalSysCpuTimeHistory': [0.0], 'WallDurations': [0], 'JobIds': ['91763202.0'], 'State': 'idle', 'RecordedSite': False}, '435': {'Retries': 0, 'Restarts': 0, 'SiteHistory': ['Unknown'], 'ResidentSetSize': [0], 'SubmitTimes': [1758829776.0], 'StartTimes': [], 'EndTimes': [], 'TotalUserCpuTimeHistory': [0.0], 'TotalSysCpuTimeHistory': [0.0], 'WallDurations': [0], 'JobIds': ['91763195.0'], 'State': 'idle', 'RecordedSite': False}, '436': {'Retries': 0, 'Restarts': 0, 'SiteHistory': ['Unknown'], 'ResidentSetSize': [0], 'SubmitTimes': [1758829776.0], 'StartTimes': [], 'EndTimes': [], 'TotalUserCpuTimeHistory': [0.0], 'TotalSysCpuTimeHistory': [0.0], 'WallDurations': [0], 'JobIds': ['91763199.0'], 'State': 'idle', 'RecordedSite': False}, '437': {'Retries': 0, 'Restarts': 0, 'SiteHistory': ['Unknown'], 'ResidentSetSize': [0], 'SubmitTimes': [1758829776.0], 'StartTimes': [], 'EndTimes': [], 'TotalUserCpuTimeHistory': [0.0], 'TotalSysCpuTimeHistory': [0.0], 'WallDurations': [0], 'JobIds': ['91763191.0'], 'State': 'idle', 'RecordedSite': False}, '438': {'Retries': 0, 'Restarts': 0, 'SiteHistory': ['Unknown'], 'ResidentSetSize': [0], 'SubmitTimes': [1758829776.0], 'StartTimes': [], 'EndTimes': [], 'TotalUserCpuTimeHistory': [0.0], 'TotalSysCpuTimeHistory': [0.0], 'WallDurations': [0], 'JobIds': ['91763194.0'], 'State': 'idle', 'RecordedSite': False}, '439': {'Retries': 0, 'Restarts': 0, 'SiteHistory': ['Unknown'], 'ResidentSetSize': [0], 'SubmitTimes': [1758829776.0], 'StartTimes': [], 'EndTimes': [], 'TotalUserCpuTimeHistory': [0.0], 'TotalSysCpuTimeHistory': [0.0], 'WallDurations': [0], 'JobIds': ['91763192.0'], 'State': 'idle', 'RecordedSite': False}, '440': {'Retries': 0, 'Restarts': 0, 'SiteHistory': ['Unknown'], 'ResidentSetSize': [0], 'SubmitTimes': [1758829777.0], 'StartTimes': [], 'EndTimes': [], 'TotalUserCpuTimeHistory': [0.0], 'TotalSysCpuTimeHistory': [0.0], 'WallDurations': [0], 'JobIds': ['91763205.0'], 'State': 'idle', 'RecordedSite': False}, '441': {'Retries': 0, 'Restarts': 0, 'SiteHistory': ['Unknown'], 'ResidentSetSize': [0], 'SubmitTimes': [1758829776.0], 'StartTimes': [], 'EndTimes': [], 'TotalUserCpuTimeHistory': [0.0], 'TotalSysCpuTimeHistory': [0.0], 'WallDurations': [0], 'JobIds': ['91763198.0'], 'State': 'idle', 'RecordedSite': False}, '442': {'Retries': 0, 'Restarts': 0, 'SiteHistory': ['Unknown'], 'ResidentSetSize': [0], 'SubmitTimes': [1758829776.0], 'StartTimes': [], 'EndTimes': [], 'TotalUserCpuTimeHistory': [0.0], 'TotalSysCpuTimeHistory': [0.0], 'WallDurations': [0], 'JobIds': ['91763200.0'], 'State': 'idle', 'RecordedSite': False}, '443': {'Retries': 0, 'Restarts': 0, 'SiteHistory': ['Unknown'], 'ResidentSetSize': [0], 'SubmitTimes': [1758829777.0], 'StartTimes': [], 'EndTimes': [], 'TotalUserCpuTimeHistory': [0.0], 'TotalSysCpuTimeHistory': [0.0], 'WallDurations': [0], 'JobIds': ['91763203.0'], 'State': 'idle', 'RecordedSite': False}, '444': {'Retries': 0, 'Restarts': 0, 'SiteHistory': ['Unknown'], 'ResidentSetSize': [0], 'SubmitTimes': [1758829777.0], 'StartTimes': [], 'EndTimes': [], 'TotalUserCpuTimeHistory': [0.0], 'TotalSysCpuTimeHistory': [0.0], 'WallDurations': [0], 'JobIds': ['91763206.0'], 'State': 'idle', 'RecordedSite': False}, '445': {'Retries': 0, 'Restarts': 0, 'SiteHistory': ['Unknown'], 'ResidentSetSize': [0], 'SubmitTimes': [1758829777.0], 'StartTimes': [], 'EndTimes': [], 'TotalUserCpuTimeHistory': [0.0], 'TotalSysCpuTimeHistory': [0.0], 'WallDurations': [0], 'JobIds': ['91763209.0'], 'State': 'idle', 'RecordedSite': False}, '446': {'Retries': 0, 'Restarts': 0, 'SiteHistory': ['Unknown'], 'ResidentSetSize': [0], 'SubmitTimes': [1758829777.0], 'StartTimes': [], 'EndTimes': [], 'TotalUserCpuTimeHistory': [0.0], 'TotalSysCpuTimeHistory': [0.0], 'WallDurations': [0], 'JobIds': ['91763208.0'], 'State': 'idle', 'RecordedSite': False}, '447': {'Retries': 0, 'Restarts': 0, 'SiteHistory': ['Unknown'], 'ResidentSetSize': [0], 'SubmitTimes': [1758829782.0], 'StartTimes': [], 'EndTimes': [], 'TotalUserCpuTimeHistory': [0.0], 'TotalSysCpuTimeHistory': [0.0], 'WallDurations': [0], 'JobIds': ['91763211.0'], 'State': 'idle', 'RecordedSite': False}, '448': {'Retries': 0, 'Restarts': 0, 'SiteHistory': ['Unknown'], 'ResidentSetSize': [0], 'SubmitTimes': [1758829777.0], 'StartTimes': [], 'EndTimes': [], 'TotalUserCpuTimeHistory': [0.0], 'TotalSysCpuTimeHistory': [0.0], 'WallDurations': [0], 'JobIds': ['91763207.0'], 'State': 'idle', 'RecordedSite': False}, '449': {'Retries': 0, 'Restarts': 0, 'SiteHistory': ['Unknown'], 'ResidentSetSize': [0], 'SubmitTimes': [1758829782.0], 'StartTimes': [], 'EndTimes': [], 'TotalUserCpuTimeHistory': [0.0], 'TotalSysCpuTimeHistory': [0.0], 'WallDurations': [0], 'JobIds': ['91763212.0'], 'State': 'idle', 'RecordedSite': False}, '450': {'Retries': 0, 'Restarts': 0, 'SiteHistory': ['Unknown'], 'ResidentSetSize': [0], 'SubmitTimes': [1758829782.0], 'StartTimes': [], 'EndTimes': [], 'TotalUserCpuTimeHistory': [0.0], 'TotalSysCpuTimeHistory': [0.0], 'WallDurations': [0], 'JobIds': ['91763210.0'], 'State': 'idle', 'RecordedSite': False}, '451': {'Retries': 0, 'Restarts': 0, 'SiteHistory': ['Unknown'], 'ResidentSetSize': [0], 'SubmitTimes': [1758829782.0], 'StartTimes': [], 'EndTimes': [], 'TotalUserCpuTimeHistory': [0.0], 'TotalSysCpuTimeHistory': [0.0], 'WallDurations': [0], 'JobIds': ['91763213.0'], 'State': 'idle', 'RecordedSite': False}, '452': {'Retries': 0, 'Restarts': 0, 'SiteHistory': ['Unknown'], 'ResidentSetSize': [0], 'SubmitTimes': [1758829782.0], 'StartTimes': [], 'EndTimes': [], 'TotalUserCpuTimeHistory': [0.0], 'TotalSysCpuTimeHistory': [0.0], 'WallDurations': [0], 'JobIds': ['91763214.0'], 'State': 'idle', 'RecordedSite': False}, '453': {'Retries': 0, 'Restarts': 0, 'SiteHistory': ['Unknown'], 'ResidentSetSize': [0], 'SubmitTimes': [1758829782.0], 'StartTimes': [], 'EndTimes': [], 'TotalUserCpuTimeHistory': [0.0], 'TotalSysCpuTimeHistory': [0.0], 'WallDurations': [0], 'JobIds': ['91763215.0'], 'State': 'idle', 'RecordedSite': False}, '454': {'Retries': 0, 'Restarts': 0, 'SiteHistory': ['Unknown'], 'ResidentSetSize': [0], 'SubmitTimes': [1758829782.0], 'StartTimes': [], 'EndTimes': [], 'TotalUserCpuTimeHistory': [0.0], 'TotalSysCpuTimeHistory': [0.0], 'WallDurations': [0], 'JobIds': ['91763216.0'], 'State': 'idle', 'RecordedSite': False}, '455': {'Retries': 0, 'Restarts': 0, 'SiteHistory': ['Unknown'], 'ResidentSetSize': [0], 'SubmitTimes': [1758829782.0], 'StartTimes': [], 'EndTimes': [], 'TotalUserCpuTimeHistory': [0.0], 'TotalSysCpuTimeHistory': [0.0], 'WallDurations': [0], 'JobIds': ['91763217.0'], 'State': 'idle', 'RecordedSite': False}, '456': {'Retries': 0, 'Restarts': 0, 'SiteHistory': ['Unknown'], 'ResidentSetSize': [0], 'SubmitTimes': [1758829782.0], 'StartTimes': [], 'EndTimes': [], 'TotalUserCpuTimeHistory': [0.0], 'TotalSysCpuTimeHistory': [0.0], 'WallDurations': [0], 'JobIds': ['91763218.0'], 'State': 'idle', 'RecordedSite': False}, '457': {'Retries': 0, 'Restarts': 0, 'SiteHistory': ['Unknown'], 'ResidentSetSize': [0], 'SubmitTimes': [1758829782.0], 'StartTimes': [], 'EndTimes': [], 'TotalUserCpuTimeHistory': [0.0], 'TotalSysCpuTimeHistory': [0.0], 'WallDurations': [0], 'JobIds': ['91763219.0'], 'State': 'idle', 'RecordedSite': False}, '458': {'Retries': 0, 'Restarts': 0, 'SiteHistory': ['Unknown'], 'ResidentSetSize': [0], 'SubmitTimes': [1758829782.0], 'StartTimes': [], 'EndTimes': [], 'TotalUserCpuTimeHistory': [0.0], 'TotalSysCpuTimeHistory': [0.0], 'WallDurations': [0], 'JobIds': ['91763220.0'], 'State': 'idle', 'RecordedSite': False}, '459': {'Retries': 0, 'Restarts': 0, 'SiteHistory': ['Unknown'], 'ResidentSetSize': [0], 'SubmitTimes': [1758829782.0], 'StartTimes': [], 'EndTimes': [], 'TotalUserCpuTimeHistory': [0.0], 'TotalSysCpuTimeHistory': [0.0], 'WallDurations': [0], 'JobIds': ['91763221.0'], 'State': 'idle', 'RecordedSite': False}, '460': {'Retries': 0, 'Restarts': 0, 'SiteHistory': ['Unknown'], 'ResidentSetSize': [0], 'SubmitTimes': [1758829783.0], 'StartTimes': [], 'EndTimes': [], 'TotalUserCpuTimeHistory': [0.0], 'TotalSysCpuTimeHistory': [0.0], 'WallDurations': [0], 'JobIds': ['91763222.0'], 'State': 'idle', 'RecordedSite': False}, '461': {'Retries': 0, 'Restarts': 0, 'SiteHistory': ['Unknown'], 'ResidentSetSize': [0], 'SubmitTimes': [1758829783.0], 'StartTimes': [], 'EndTimes': [], 'TotalUserCpuTimeHistory': [0.0], 'TotalSysCpuTimeHistory': [0.0], 'WallDurations': [0], 'JobIds': ['91763223.0'], 'State': 'idle', 'RecordedSite': False}, '462': {'Retries': 0, 'Restarts': 0, 'SiteHistory': ['Unknown'], 'ResidentSetSize': [0], 'SubmitTimes': [1758829783.0], 'StartTimes': [], 'EndTimes': [], 'TotalUserCpuTimeHistory': [0.0], 'TotalSysCpuTimeHistory': [0.0], 'WallDurations': [0], 'JobIds': ['91763224.0'], 'State': 'idle', 'RecordedSite': False}, '463': {'Retries': 0, 'Restarts': 0, 'SiteHistory': ['Unknown'], 'ResidentSetSize': [0], 'SubmitTimes': [1758829783.0], 'StartTimes': [], 'EndTimes': [], 'TotalUserCpuTimeHistory': [0.0], 'TotalSysCpuTimeHistory': [0.0], 'WallDurations': [0], 'JobIds': ['91763225.0'], 'State': 'idle', 'RecordedSite': False}, '464': {'Retries': 0, 'Restarts': 0, 'SiteHistory': ['Unknown'], 'ResidentSetSize': [0], 'SubmitTimes': [1758829783.0], 'StartTimes': [], 'EndTimes': [], 'TotalUserCpuTimeHistory': [0.0], 'TotalSysCpuTimeHistory': [0.0], 'WallDurations': [0], 'JobIds': ['91763226.0'], 'State': 'idle', 'RecordedSite': False}, '465': {'Retries': 0, 'Restarts': 0, 'SiteHistory': ['Unknown'], 'ResidentSetSize': [0], 'SubmitTimes': [1758829783.0], 'StartTimes': [], 'EndTimes': [], 'TotalUserCpuTimeHistory': [0.0], 'TotalSysCpuTimeHistory': [0.0], 'WallDurations': [0], 'JobIds': ['91763227.0'], 'State': 'idle', 'RecordedSite': False}, '466': {'Retries': 0, 'Restarts': 0, 'SiteHistory': ['Unknown'], 'ResidentSetSize': [0], 'SubmitTimes': [1758829783.0], 'StartTimes': [], 'EndTimes': [], 'TotalUserCpuTimeHistory': [0.0], 'TotalSysCpuTimeHistory': [0.0], 'WallDurations': [0], 'JobIds': ['91763228.0'], 'State': 'idle', 'RecordedSite': False}, '467': {'Retries': 0, 'Restarts': 0, 'SiteHistory': ['Unknown'], 'ResidentSetSize': [0], 'SubmitTimes': [1758829783.0], 'StartTimes': [], 'EndTimes': [], 'TotalUserCpuTimeHistory': [0.0], 'TotalSysCpuTimeHistory': [0.0], 'WallDurations': [0], 'JobIds': ['91763229.0'], 'State': 'idle', 'RecordedSite': False}, '468': {'Retries': 0, 'Restarts': 0, 'SiteHistory': [], 'ResidentSetSize': [], 'SubmitTimes': [], 'StartTimes': [], 'EndTimes': [], 'TotalUserCpuTimeHistory': [], 'TotalSysCpuTimeHistory': [], 'WallDurations': [], 'JobIds': [], 'State': 'unsubmitted'}, '469': {'Retries': 0, 'Restarts': 0, 'SiteHistory': ['Unknown'], 'ResidentSetSize': [0], 'SubmitTimes': [1758829784.0], 'StartTimes': [], 'EndTimes': [], 'TotalUserCpuTimeHistory': [0.0], 'TotalSysCpuTimeHistory': [0.0], 'WallDurations': [0], 'JobIds': ['91763232.0'], 'State': 'idle', 'RecordedSite': False}, '470': {'Retries': 0, 'Restarts': 0, 'SiteHistory': ['Unknown'], 'ResidentSetSize': [0], 'SubmitTimes': [1758829785.0], 'StartTimes': [], 'EndTimes': [], 'TotalUserCpuTimeHistory': [0.0], 'TotalSysCpuTimeHistory': [0.0], 'WallDurations': [0], 'JobIds': ['91763236.0'], 'State': 'idle', 'RecordedSite': False}, '471': {'Retries': 0, 'Restarts': 0, 'SiteHistory': ['Unknown'], 'ResidentSetSize': [0], 'SubmitTimes': [1758829784.0], 'StartTimes': [], 'EndTimes': [], 'TotalUserCpuTimeHistory': [0.0], 'TotalSysCpuTimeHistory': [0.0], 'WallDurations': [0], 'JobIds': ['91763235.0'], 'State': 'idle', 'RecordedSite': False}, '472': {'Retries': 0, 'Restarts': 0, 'SiteHistory': ['Unknown'], 'ResidentSetSize': [0], 'SubmitTimes': [1758829786.0], 'StartTimes': [], 'EndTimes': [], 'TotalUserCpuTimeHistory': [0.0], 'TotalSysCpuTimeHistory': [0.0], 'WallDurations': [0], 'JobIds': ['91763244.0'], 'State': 'idle', 'RecordedSite': False}, '473': {'Retries': 0, 'Restarts': 0, 'SiteHistory': ['Unknown'], 'ResidentSetSize': [0], 'SubmitTimes': [1758829786.0], 'StartTimes': [], 'EndTimes': [], 'TotalUserCpuTimeHistory': [0.0], 'TotalSysCpuTimeHistory': [0.0], 'WallDurations': [0], 'JobIds': ['91763245.0'], 'State': 'idle', 'RecordedSite': False}, '474': {'Retries': 0, 'Restarts': 0, 'SiteHistory': ['Unknown'], 'ResidentSetSize': [0], 'SubmitTimes': [1758829786.0], 'StartTimes': [], 'EndTimes': [], 'TotalUserCpuTimeHistory': [0.0], 'TotalSysCpuTimeHistory': [0.0], 'WallDurations': [0], 'JobIds': ['91763243.0'], 'State': 'idle', 'RecordedSite': False}, '475': {'Retries': 0, 'Restarts': 0, 'SiteHistory': ['Unknown'], 'ResidentSetSize': [0], 'SubmitTimes': [1758829785.0], 'StartTimes': [], 'EndTimes': [], 'TotalUserCpuTimeHistory': [0.0], 'TotalSysCpuTimeHistory': [0.0], 'WallDurations': [0], 'JobIds': ['91763239.0'], 'State': 'idle', 'RecordedSite': False}, '476': {'Retries': 0, 'Restarts': 0, 'SiteHistory': ['Unknown'], 'ResidentSetSize': [0], 'SubmitTimes': [1758829785.0], 'StartTimes': [], 'EndTimes': [], 'TotalUserCpuTimeHistory': [0.0], 'TotalSysCpuTimeHistory': [0.0], 'WallDurations': [0], 'JobIds': ['91763238.0'], 'State': 'idle', 'RecordedSite': False}, '477': {'Retries': 0, 'Restarts': 0, 'SiteHistory': ['Unknown'], 'ResidentSetSize': [0], 'SubmitTimes': [1758829786.0], 'StartTimes': [], 'EndTimes': [], 'TotalUserCpuTimeHistory': [0.0], 'TotalSysCpuTimeHistory': [0.0], 'WallDurations': [0], 'JobIds': ['91763248.0'], 'State': 'idle', 'RecordedSite': False}, '478': {'Retries': 0, 'Restarts': 0, 'SiteHistory': ['Unknown'], 'ResidentSetSize': [0], 'SubmitTimes': [1758829786.0], 'StartTimes': [], 'EndTimes': [], 'TotalUserCpuTimeHistory': [0.0], 'TotalSysCpuTimeHistory': [0.0], 'WallDurations': [0], 'JobIds': ['91763242.0'], 'State': 'idle', 'RecordedSite': False}, '479': {'Retries': 0, 'Restarts': 0, 'SiteHistory': ['Unknown'], 'ResidentSetSize': [0], 'SubmitTimes': [1758829785.0], 'StartTimes': [], 'EndTimes': [], 'TotalUserCpuTimeHistory': [0.0], 'TotalSysCpuTimeHistory': [0.0], 'WallDurations': [0], 'JobIds': ['91763241.0'], 'State': 'idle', 'RecordedSite': False}, '480': {'Retries': 0, 'Restarts': 0, 'SiteHistory': ['Unknown'], 'ResidentSetSize': [0], 'SubmitTimes': [1758829784.0], 'StartTimes': [], 'EndTimes': [], 'TotalUserCpuTimeHistory': [0.0], 'TotalSysCpuTimeHistory': [0.0], 'WallDurations': [0], 'JobIds': ['91763234.0'], 'State': 'idle', 'RecordedSite': False}, '481': {'Retries': 0, 'Restarts': 0, 'SiteHistory': ['Unknown'], 'ResidentSetSize': [0], 'SubmitTimes': [1758829785.0], 'StartTimes': [], 'EndTimes': [], 'TotalUserCpuTimeHistory': [0.0], 'TotalSysCpuTimeHistory': [0.0], 'WallDurations': [0], 'JobIds': ['91763240.0'], 'State': 'idle', 'RecordedSite': False}, '482': {'Retries': 0, 'Restarts': 0, 'SiteHistory': ['Unknown'], 'ResidentSetSize': [0], 'SubmitTimes': [1758829785.0], 'StartTimes': [], 'EndTimes': [], 'TotalUserCpuTimeHistory': [0.0], 'TotalSysCpuTimeHistory': [0.0], 'WallDurations': [0], 'JobIds': ['91763237.0'], 'State': 'idle', 'RecordedSite': False}, '483': {'Retries': 0, 'Restarts': 0, 'SiteHistory': ['Unknown'], 'ResidentSetSize': [0], 'SubmitTimes': [1758829786.0], 'StartTimes': [], 'EndTimes': [], 'TotalUserCpuTimeHistory': [0.0], 'TotalSysCpuTimeHistory': [0.0], 'WallDurations': [0], 'JobIds': ['91763247.0'], 'State': 'idle', 'RecordedSite': False}, '484': {'Retries': 0, 'Restarts': 0, 'SiteHistory': ['Unknown'], 'ResidentSetSize': [0], 'SubmitTimes': [1758829784.0], 'StartTimes': [], 'EndTimes': [], 'TotalUserCpuTimeHistory': [0.0], 'TotalSysCpuTimeHistory': [0.0], 'WallDurations': [0], 'JobIds': ['91763230.0'], 'State': 'idle', 'RecordedSite': False}, '485': {'Retries': 0, 'Restarts': 0, 'SiteHistory': ['Unknown'], 'ResidentSetSize': [0], 'SubmitTimes': [1758829784.0], 'StartTimes': [], 'EndTimes': [], 'TotalUserCpuTimeHistory': [0.0], 'TotalSysCpuTimeHistory': [0.0], 'WallDurations': [0], 'JobIds': ['91763233.0'], 'State': 'idle', 'RecordedSite': False}, '486': {'Retries': 0, 'Restarts': 0, 'SiteHistory': ['Unknown'], 'ResidentSetSize': [0], 'SubmitTimes': [1758829784.0], 'StartTimes': [], 'EndTimes': [], 'TotalUserCpuTimeHistory': [0.0], 'TotalSysCpuTimeHistory': [0.0], 'WallDurations': [0], 'JobIds': ['91763231.0'], 'State': 'idle', 'RecordedSite': False}, '487': {'Retries': 0, 'Restarts': 0, 'SiteHistory': ['Unknown'], 'ResidentSetSize': [0], 'SubmitTimes': [1758829786.0], 'StartTimes': [], 'EndTimes': [], 'TotalUserCpuTimeHistory': [0.0], 'TotalSysCpuTimeHistory': [0.0], 'WallDurations': [0], 'JobIds': ['91763246.0'], 'State': 'idle', 'RecordedSite': False}, '488': {'Retries': 0, 'Restarts': 0, 'SiteHistory': ['Unknown'], 'ResidentSetSize': [0], 'SubmitTimes': [1758829786.0], 'StartTimes': [], 'EndTimes': [], 'TotalUserCpuTimeHistory': [0.0], 'TotalSysCpuTimeHistory': [0.0], 'WallDurations': [0], 'JobIds': ['91763249.0'], 'State': 'idle', 'RecordedSite': False}, '489': {'Retries': 0, 'Restarts': 0, 'SiteHistory': ['Unknown'], 'ResidentSetSize': [0], 'SubmitTimes': [1758829786.0], 'StartTimes': [], 'EndTimes': [], 'TotalUserCpuTimeHistory': [0.0], 'TotalSysCpuTimeHistory': [0.0], 'WallDurations': [0], 'JobIds': ['91763252.0'], 'State': 'idle', 'RecordedSite': False}, '490': {'Retries': 0, 'Restarts': 0, 'SiteHistory': ['Unknown'], 'ResidentSetSize': [0], 'SubmitTimes': [1758829786.0], 'StartTimes': [], 'EndTimes': [], 'TotalUserCpuTimeHistory': [0.0], 'TotalSysCpuTimeHistory': [0.0], 'WallDurations': [0], 'JobIds': ['91763256.0'], 'State': 'idle', 'RecordedSite': False}, '491': {'Retries': 0, 'Restarts': 0, 'SiteHistory': ['Unknown'], 'ResidentSetSize': [0], 'SubmitTimes': [1758829786.0], 'StartTimes': [], 'EndTimes': [], 'TotalUserCpuTimeHistory': [0.0], 'TotalSysCpuTimeHistory': [0.0], 'WallDurations': [0], 'JobIds': ['91763251.0'], 'State': 'idle', 'RecordedSite': False}, '492': {'Retries': 0, 'Restarts': 0, 'SiteHistory': ['Unknown'], 'ResidentSetSize': [0], 'SubmitTimes': [1758829787.0], 'StartTimes': [], 'EndTimes': [], 'TotalUserCpuTimeHistory': [0.0], 'TotalSysCpuTimeHistory': [0.0], 'WallDurations': [0], 'JobIds': ['91763269.0'], 'State': 'idle', 'RecordedSite': False}, '493': {'Retries': 0, 'Restarts': 0, 'SiteHistory': ['Unknown'], 'ResidentSetSize': [0], 'SubmitTimes': [1758829786.0], 'StartTimes': [], 'EndTimes': [], 'TotalUserCpuTimeHistory': [0.0], 'TotalSysCpuTimeHistory': [0.0], 'WallDurations': [0], 'JobIds': ['91763255.0'], 'State': 'idle', 'RecordedSite': False}, '494': {'Retries': 0, 'Restarts': 0, 'SiteHistory': ['Unknown'], 'ResidentSetSize': [0], 'SubmitTimes': [1758829786.0], 'StartTimes': [], 'EndTimes': [], 'TotalUserCpuTimeHistory': [0.0], 'TotalSysCpuTimeHistory': [0.0], 'WallDurations': [0], 'JobIds': ['91763254.0'], 'State': 'idle', 'RecordedSite': False}, '495': {'Retries': 0, 'Restarts': 0, 'SiteHistory': ['Unknown'], 'ResidentSetSize': [0], 'SubmitTimes': [1758829786.0], 'StartTimes': [], 'EndTimes': [], 'TotalUserCpuTimeHistory': [0.0], 'TotalSysCpuTimeHistory': [0.0], 'WallDurations': [0], 'JobIds': ['91763253.0'], 'State': 'idle', 'RecordedSite': False}, '496': {'Retries': 0, 'Restarts': 0, 'SiteHistory': ['Unknown'], 'ResidentSetSize': [0], 'SubmitTimes': [1758829786.0], 'StartTimes': [], 'EndTimes': [], 'TotalUserCpuTimeHistory': [0.0], 'TotalSysCpuTimeHistory': [0.0], 'WallDurations': [0], 'JobIds': ['91763261.0'], 'State': 'idle', 'RecordedSite': False}, '497': {'Retries': 0, 'Restarts': 0, 'SiteHistory': ['Unknown'], 'ResidentSetSize': [0], 'SubmitTimes': [1758829786.0], 'StartTimes': [], 'EndTimes': [], 'TotalUserCpuTimeHistory': [0.0], 'TotalSysCpuTimeHistory': [0.0], 'WallDurations': [0], 'JobIds': ['91763250.0'], 'State': 'idle', 'RecordedSite': False}, '498': {'Retries': 0, 'Restarts': 0, 'SiteHistory': ['Unknown'], 'ResidentSetSize': [0], 'SubmitTimes': [1758829787.0], 'StartTimes': [], 'EndTimes': [], 'TotalUserCpuTimeHistory': [0.0], 'TotalSysCpuTimeHistory': [0.0], 'WallDurations': [0], 'JobIds': ['91763264.0'], 'State': 'idle', 'RecordedSite': False}, '499': {'Retries': 0, 'Restarts': 0, 'SiteHistory': ['Unknown'], 'ResidentSetSize': [0], 'SubmitTimes': [1758829786.0], 'StartTimes': [], 'EndTimes': [], 'TotalUserCpuTimeHistory': [0.0], 'TotalSysCpuTimeHistory': [0.0], 'WallDurations': [0], 'JobIds': ['91763258.0'], 'State': 'idle', 'RecordedSite': False}, '500': {'Retries': 0, 'Restarts': 0, 'SiteHistory': ['Unknown'], 'ResidentSetSize': [0], 'SubmitTimes': [1758829787.0], 'StartTimes': [], 'EndTimes': [], 'TotalUserCpuTimeHistory': [0.0], 'TotalSysCpuTimeHistory': [0.0], 'WallDurations': [0], 'JobIds': ['91763263.0'], 'State': 'idle', 'RecordedSite': False}, '501': {'Retries': 0, 'Restarts': 0, 'SiteHistory': ['Unknown'], 'ResidentSetSize': [0], 'SubmitTimes': [1758829786.0], 'StartTimes': [], 'EndTimes': [], 'TotalUserCpuTimeHistory': [0.0], 'TotalSysCpuTimeHistory': [0.0], 'WallDurations': [0], 'JobIds': ['91763257.0'], 'State': 'idle', 'RecordedSite': False}, '502': {'Retries': 0, 'Restarts': 0, 'SiteHistory': ['Unknown'], 'ResidentSetSize': [0], 'SubmitTimes': [1758829786.0], 'StartTimes': [], 'EndTimes': [], 'TotalUserCpuTimeHistory': [0.0], 'TotalSysCpuTimeHistory': [0.0], 'WallDurations': [0], 'JobIds': ['91763259.0'], 'State': 'idle', 'RecordedSite': False}, '503': {'Retries': 0, 'Restarts': 0, 'SiteHistory': ['Unknown'], 'ResidentSetSize': [0], 'SubmitTimes': [1758829787.0], 'StartTimes': [], 'EndTimes': [], 'TotalUserCpuTimeHistory': [0.0], 'TotalSysCpuTimeHistory': [0.0], 'WallDurations': [0], 'JobIds': ['91763266.0'], 'State': 'idle', 'RecordedSite': False}, '504': {'Retries': 0, 'Restarts': 0, 'SiteHistory': ['Unknown'], 'ResidentSetSize': [0], 'SubmitTimes': [1758829787.0], 'StartTimes': [], 'EndTimes': [], 'TotalUserCpuTimeHistory': [0.0], 'TotalSysCpuTimeHistory': [0.0], 'WallDurations': [0], 'JobIds': ['91763265.0'], 'State': 'idle', 'RecordedSite': False}, '505': {'Retries': 0, 'Restarts': 0, 'SiteHistory': ['Unknown'], 'ResidentSetSize': [0], 'SubmitTimes': [1758829787.0], 'StartTimes': [], 'EndTimes': [], 'TotalUserCpuTimeHistory': [0.0], 'TotalSysCpuTimeHistory': [0.0], 'WallDurations': [0], 'JobIds': ['91763262.0'], 'State': 'idle', 'RecordedSite': False}, '506': {'Retries': 0, 'Restarts': 0, 'SiteHistory': ['Unknown'], 'ResidentSetSize': [0], 'SubmitTimes': [1758829786.0], 'StartTimes': [], 'EndTimes': [], 'TotalUserCpuTimeHistory': [0.0], 'TotalSysCpuTimeHistory': [0.0], 'WallDurations': [0], 'JobIds': ['91763260.0'], 'State': 'idle', 'RecordedSite': False}, '507': {'Retries': 0, 'Restarts': 0, 'SiteHistory': ['Unknown'], 'ResidentSetSize': [0], 'SubmitTimes': [1758829787.0], 'StartTimes': [], 'EndTimes': [], 'TotalUserCpuTimeHistory': [0.0], 'TotalSysCpuTimeHistory': [0.0], 'WallDurations': [0], 'JobIds': ['91763268.0'], 'State': 'idle', 'RecordedSite': False}, '508': {'Retries': 0, 'Restarts': 0, 'SiteHistory': ['Unknown'], 'ResidentSetSize': [0], 'SubmitTimes': [1758829787.0], 'StartTimes': [], 'EndTimes': [], 'TotalUserCpuTimeHistory': [0.0], 'TotalSysCpuTimeHistory': [0.0], 'WallDurations': [0], 'JobIds': ['91763267.0'], 'State': 'idle', 'RecordedSite': False}, '509': {'Retries': 0, 'Restarts': 0, 'SiteHistory': ['Unknown'], 'ResidentSetSize': [0], 'SubmitTimes': [1758829792.0], 'StartTimes': [], 'EndTimes': [], 'TotalUserCpuTimeHistory': [0.0], 'TotalSysCpuTimeHistory': [0.0], 'WallDurations': [0], 'JobIds': ['91763271.0'], 'State': 'idle', 'RecordedSite': False}, '510': {'Retries': 0, 'Restarts': 0, 'SiteHistory': ['Unknown'], 'ResidentSetSize': [0], 'SubmitTimes': [1758829792.0], 'StartTimes': [], 'EndTimes': [], 'TotalUserCpuTimeHistory': [0.0], 'TotalSysCpuTimeHistory': [0.0], 'WallDurations': [0], 'JobIds': ['91763272.0'], 'State': 'idle', 'RecordedSite': False}, '511': {'Retries': 0, 'Restarts': 0, 'SiteHistory': ['Unknown'], 'ResidentSetSize': [0], 'SubmitTimes': [1758829792.0], 'StartTimes': [], 'EndTimes': [], 'TotalUserCpuTimeHistory': [0.0], 'TotalSysCpuTimeHistory': [0.0], 'WallDurations': [0], 'JobIds': ['91763273.0'], 'State': 'idle', 'RecordedSite': False}, '512': {'Retries': 0, 'Restarts': 0, 'SiteHistory': ['Unknown'], 'ResidentSetSize': [0], 'SubmitTimes': [1758829792.0], 'StartTimes': [], 'EndTimes': [], 'TotalUserCpuTimeHistory': [0.0], 'TotalSysCpuTimeHistory': [0.0], 'WallDurations': [0], 'JobIds': ['91763274.0'], 'State': 'idle', 'RecordedSite': False}, '513': {'Retries': 0, 'Restarts': 0, 'SiteHistory': ['Unknown'], 'ResidentSetSize': [0], 'SubmitTimes': [1758829792.0], 'StartTimes': [], 'EndTimes': [], 'TotalUserCpuTimeHistory': [0.0], 'TotalSysCpuTimeHistory': [0.0], 'WallDurations': [0], 'JobIds': ['91763275.0'], 'State': 'idle', 'RecordedSite': False}, '514': {'Retries': 0, 'Restarts': 0, 'SiteHistory': ['Unknown'], 'ResidentSetSize': [0], 'SubmitTimes': [1758829792.0], 'StartTimes': [], 'EndTimes': [], 'TotalUserCpuTimeHistory': [0.0], 'TotalSysCpuTimeHistory': [0.0], 'WallDurations': [0], 'JobIds': ['91763276.0'], 'State': 'idle', 'RecordedSite': False}, '515': {'Retries': 0, 'Restarts': 0, 'SiteHistory': ['Unknown'], 'ResidentSetSize': [0], 'SubmitTimes': [1758829792.0], 'StartTimes': [], 'EndTimes': [], 'TotalUserCpuTimeHistory': [0.0], 'TotalSysCpuTimeHistory': [0.0], 'WallDurations': [0], 'JobIds': ['91763277.0'], 'State': 'idle', 'RecordedSite': False}, '516': {'Retries': 0, 'Restarts': 0, 'SiteHistory': ['Unknown'], 'ResidentSetSize': [0], 'SubmitTimes': [1758829792.0], 'StartTimes': [], 'EndTimes': [], 'TotalUserCpuTimeHistory': [0.0], 'TotalSysCpuTimeHistory': [0.0], 'WallDurations': [0], 'JobIds': ['91763278.0'], 'State': 'idle', 'RecordedSite': False}, '517': {'Retries': 0, 'Restarts': 0, 'SiteHistory': ['Unknown'], 'ResidentSetSize': [0], 'SubmitTimes': [1758829792.0], 'StartTimes': [], 'EndTimes': [], 'TotalUserCpuTimeHistory': [0.0], 'TotalSysCpuTimeHistory': [0.0], 'WallDurations': [0], 'JobIds': ['91763270.0'], 'State': 'idle', 'RecordedSite': False}, '518': {'Retries': 0, 'Restarts': 0, 'SiteHistory': ['Unknown'], 'ResidentSetSize': [0], 'SubmitTimes': [1758829792.0], 'StartTimes': [], 'EndTimes': [], 'TotalUserCpuTimeHistory': [0.0], 'TotalSysCpuTimeHistory': [0.0], 'WallDurations': [0], 'JobIds': ['91763279.0'], 'State': 'idle', 'RecordedSite': False}, '519': {'Retries': 0, 'Restarts': 0, 'SiteHistory': ['Unknown'], 'ResidentSetSize': [0], 'SubmitTimes': [1758829792.0], 'StartTimes': [], 'EndTimes': [], 'TotalUserCpuTimeHistory': [0.0], 'TotalSysCpuTimeHistory': [0.0], 'WallDurations': [0], 'JobIds': ['91763280.0'], 'State': 'idle', 'RecordedSite': False}, '520': {'Retries': 0, 'Restarts': 0, 'SiteHistory': ['Unknown'], 'ResidentSetSize': [0], 'SubmitTimes': [1758829792.0], 'StartTimes': [], 'EndTimes': [], 'TotalUserCpuTimeHistory': [0.0], 'TotalSysCpuTimeHistory': [0.0], 'WallDurations': [0], 'JobIds': ['91763281.0'], 'State': 'idle', 'RecordedSite': False}, '521': {'Retries': 0, 'Restarts': 0, 'SiteHistory': ['Unknown'], 'ResidentSetSize': [0], 'SubmitTimes': [1758829792.0], 'StartTimes': [], 'EndTimes': [], 'TotalUserCpuTimeHistory': [0.0], 'TotalSysCpuTimeHistory': [0.0], 'WallDurations': [0], 'JobIds': ['91763282.0'], 'State': 'idle', 'RecordedSite': False}, '522': {'Retries': 0, 'Restarts': 0, 'SiteHistory': ['Unknown'], 'ResidentSetSize': [0], 'SubmitTimes': [1758829793.0], 'StartTimes': [], 'EndTimes': [], 'TotalUserCpuTimeHistory': [0.0], 'TotalSysCpuTimeHistory': [0.0], 'WallDurations': [0], 'JobIds': ['91763283.0'], 'State': 'idle', 'RecordedSite': False}, '523': {'Retries': 0, 'Restarts': 0, 'SiteHistory': ['Unknown'], 'ResidentSetSize': [0], 'SubmitTimes': [1758829793.0], 'StartTimes': [], 'EndTimes': [], 'TotalUserCpuTimeHistory': [0.0], 'TotalSysCpuTimeHistory': [0.0], 'WallDurations': [0], 'JobIds': ['91763284.0'], 'State': 'idle', 'RecordedSite': False}, '524': {'Retries': 0, 'Restarts': 0, 'SiteHistory': ['Unknown'], 'ResidentSetSize': [0], 'SubmitTimes': [1758829793.0], 'StartTimes': [], 'EndTimes': [], 'TotalUserCpuTimeHistory': [0.0], 'TotalSysCpuTimeHistory': [0.0], 'WallDurations': [0], 'JobIds': ['91763285.0'], 'State': 'idle', 'RecordedSite': False}, '525': {'Retries': 0, 'Restarts': 0, 'SiteHistory': ['Unknown'], 'ResidentSetSize': [0], 'SubmitTimes': [1758829793.0], 'StartTimes': [], 'EndTimes': [], 'TotalUserCpuTimeHistory': [0.0], 'TotalSysCpuTimeHistory': [0.0], 'WallDurations': [0], 'JobIds': ['91763286.0'], 'State': 'idle', 'RecordedSite': False}, '526': {'Retries': 0, 'Restarts': 0, 'SiteHistory': ['Unknown'], 'ResidentSetSize': [0], 'SubmitTimes': [1758829793.0], 'StartTimes': [], 'EndTimes': [], 'TotalUserCpuTimeHistory': [0.0], 'TotalSysCpuTimeHistory': [0.0], 'WallDurations': [0], 'JobIds': ['91763287.0'], 'State': 'idle', 'RecordedSite': False}, '527': {'Retries': 0, 'Restarts': 0, 'SiteHistory': ['Unknown'], 'ResidentSetSize': [0], 'SubmitTimes': [1758829793.0], 'StartTimes': [], 'EndTimes': [], 'TotalUserCpuTimeHistory': [0.0], 'TotalSysCpuTimeHistory': [0.0], 'WallDurations': [0], 'JobIds': ['91763288.0'], 'State': 'idle', 'RecordedSite': False}, '528': {'Retries': 0, 'Restarts': 0, 'SiteHistory': ['Unknown'], 'ResidentSetSize': [0], 'SubmitTimes': [1758829793.0], 'StartTimes': [], 'EndTimes': [], 'TotalUserCpuTimeHistory': [0.0], 'TotalSysCpuTimeHistory': [0.0], 'WallDurations': [0], 'JobIds': ['91763289.0'], 'State': 'idle', 'RecordedSite': False}, '529': {'Retries': 0, 'Restarts': 0, 'SiteHistory': [], 'ResidentSetSize': [], 'SubmitTimes': [], 'StartTimes': [], 'EndTimes': [], 'TotalUserCpuTimeHistory': [], 'TotalSysCpuTimeHistory': [], 'WallDurations': [], 'JobIds': [], 'State': 'unsubmitted'}, '530': {'Retries': 0, 'Restarts': 0, 'SiteHistory': ['Unknown'], 'ResidentSetSize': [0], 'SubmitTimes': [1758829793.0], 'StartTimes': [], 'EndTimes': [], 'TotalUserCpuTimeHistory': [0.0], 'TotalSysCpuTimeHistory': [0.0], 'WallDurations': [0], 'JobIds': ['91763290.0'], 'State': 'idle', 'RecordedSite': False}, '531': {'Retries': 0, 'Restarts': 0, 'SiteHistory': ['Unknown'], 'ResidentSetSize': [0], 'SubmitTimes': [1758829794.0], 'StartTimes': [], 'EndTimes': [], 'TotalUserCpuTimeHistory': [0.0], 'TotalSysCpuTimeHistory': [0.0], 'WallDurations': [0], 'JobIds': ['91763303.0'], 'State': 'idle', 'RecordedSite': False}, '532': {'Retries': 0, 'Restarts': 0, 'SiteHistory': ['Unknown'], 'ResidentSetSize': [0], 'SubmitTimes': [1758829794.0], 'StartTimes': [], 'EndTimes': [], 'TotalUserCpuTimeHistory': [0.0], 'TotalSysCpuTimeHistory': [0.0], 'WallDurations': [0], 'JobIds': ['91763301.0'], 'State': 'idle', 'RecordedSite': False}, '533': {'Retries': 0, 'Restarts': 0, 'SiteHistory': ['Unknown'], 'ResidentSetSize': [0], 'SubmitTimes': [1758829794.0], 'StartTimes': [], 'EndTimes': [], 'TotalUserCpuTimeHistory': [0.0], 'TotalSysCpuTimeHistory': [0.0], 'WallDurations': [0], 'JobIds': ['91763305.0'], 'State': 'idle', 'RecordedSite': False}, '534': {'Retries': 0, 'Restarts': 0, 'SiteHistory': ['Unknown'], 'ResidentSetSize': [0], 'SubmitTimes': [1758829793.0], 'StartTimes': [], 'EndTimes': [], 'TotalUserCpuTimeHistory': [0.0], 'TotalSysCpuTimeHistory': [0.0], 'WallDurations': [0], 'JobIds': ['91763296.0'], 'State': 'idle', 'RecordedSite': False}, '535': {'Retries': 0, 'Restarts': 0, 'SiteHistory': ['Unknown'], 'ResidentSetSize': [0], 'SubmitTimes': [1758829793.0], 'StartTimes': [], 'EndTimes': [], 'TotalUserCpuTimeHistory': [0.0], 'TotalSysCpuTimeHistory': [0.0], 'WallDurations': [0], 'JobIds': ['91763292.0'], 'State': 'idle', 'RecordedSite': False}, '536': {'Retries': 0, 'Restarts': 0, 'SiteHistory': ['Unknown'], 'ResidentSetSize': [0], 'SubmitTimes': [1758829793.0], 'StartTimes': [], 'EndTimes': [], 'TotalUserCpuTimeHistory': [0.0], 'TotalSysCpuTimeHistory': [0.0], 'WallDurations': [0], 'JobIds': ['91763293.0'], 'State': 'idle', 'RecordedSite': False}, '537': {'Retries': 0, 'Restarts': 0, 'SiteHistory': ['Unknown'], 'ResidentSetSize': [0], 'SubmitTimes': [1758829794.0], 'StartTimes': [], 'EndTimes': [], 'TotalUserCpuTimeHistory': [0.0], 'TotalSysCpuTimeHistory': [0.0], 'WallDurations': [0], 'JobIds': ['91763299.0'], 'State': 'idle', 'RecordedSite': False}, '538': {'Retries': 0, 'Restarts': 0, 'SiteHistory': ['Unknown'], 'ResidentSetSize': [0], 'SubmitTimes': [1758829794.0], 'StartTimes': [], 'EndTimes': [], 'TotalUserCpuTimeHistory': [0.0], 'TotalSysCpuTimeHistory': [0.0], 'WallDurations': [0], 'JobIds': ['91763306.0'], 'State': 'idle', 'RecordedSite': False}, '539': {'Retries': 0, 'Restarts': 0, 'SiteHistory': ['Unknown'], 'ResidentSetSize': [0], 'SubmitTimes': [1758829793.0], 'StartTimes': [], 'EndTimes': [], 'TotalUserCpuTimeHistory': [0.0], 'TotalSysCpuTimeHistory': [0.0], 'WallDurations': [0], 'JobIds': ['91763291.0'], 'State': 'idle', 'RecordedSite': False}, '540': {'Retries': 0, 'Restarts': 0, 'SiteHistory': ['Unknown'], 'ResidentSetSize': [0], 'SubmitTimes': [1758829794.0], 'StartTimes': [], 'EndTimes': [], 'TotalUserCpuTimeHistory': [0.0], 'TotalSysCpuTimeHistory': [0.0], 'WallDurations': [0], 'JobIds': ['91763298.0'], 'State': 'idle', 'RecordedSite': False}, '541': {'Retries': 0, 'Restarts': 0, 'SiteHistory': ['Unknown'], 'ResidentSetSize': [0], 'SubmitTimes': [1758829793.0], 'StartTimes': [], 'EndTimes': [], 'TotalUserCpuTimeHistory': [0.0], 'TotalSysCpuTimeHistory': [0.0], 'WallDurations': [0], 'JobIds': ['91763297.0'], 'State': 'idle', 'RecordedSite': False}, '542': {'Retries': 0, 'Restarts': 0, 'SiteHistory': ['Unknown'], 'ResidentSetSize': [0], 'SubmitTimes': [1758829793.0], 'StartTimes': [], 'EndTimes': [], 'TotalUserCpuTimeHistory': [0.0], 'TotalSysCpuTimeHistory': [0.0], 'WallDurations': [0], 'JobIds': ['91763294.0'], 'State': 'idle', 'RecordedSite': False}, '543': {'Retries': 0, 'Restarts': 0, 'SiteHistory': ['Unknown'], 'ResidentSetSize': [0], 'SubmitTimes': [1758829795.0], 'StartTimes': [], 'EndTimes': [], 'TotalUserCpuTimeHistory': [0.0], 'TotalSysCpuTimeHistory': [0.0], 'WallDurations': [0], 'JobIds': ['91763309.0'], 'State': 'idle', 'RecordedSite': False}, '544': {'Retries': 0, 'Restarts': 0, 'SiteHistory': ['Unknown'], 'ResidentSetSize': [0], 'SubmitTimes': [1758829794.0], 'StartTimes': [], 'EndTimes': [], 'TotalUserCpuTimeHistory': [0.0], 'TotalSysCpuTimeHistory': [0.0], 'WallDurations': [0], 'JobIds': ['91763308.0'], 'State': 'idle', 'RecordedSite': False}, '545': {'Retries': 0, 'Restarts': 0, 'SiteHistory': ['Unknown'], 'ResidentSetSize': [0], 'SubmitTimes': [1758829793.0], 'StartTimes': [], 'EndTimes': [], 'TotalUserCpuTimeHistory': [0.0], 'TotalSysCpuTimeHistory': [0.0], 'WallDurations': [0], 'JobIds': ['91763295.0'], 'State': 'idle', 'RecordedSite': False}, '546': {'Retries': 0, 'Restarts': 0, 'SiteHistory': ['Unknown'], 'ResidentSetSize': [0], 'SubmitTimes': [1758829794.0], 'StartTimes': [], 'EndTimes': [], 'TotalUserCpuTimeHistory': [0.0], 'TotalSysCpuTimeHistory': [0.0], 'WallDurations': [0], 'JobIds': ['91763300.0'], 'State': 'idle', 'RecordedSite': False}, '547': {'Retries': 0, 'Restarts': 0, 'SiteHistory': ['Unknown'], 'ResidentSetSize': [0], 'SubmitTimes': [1758829794.0], 'StartTimes': [], 'EndTimes': [], 'TotalUserCpuTimeHistory': [0.0], 'TotalSysCpuTimeHistory': [0.0], 'WallDurations': [0], 'JobIds': ['91763304.0'], 'State': 'idle', 'RecordedSite': False}, '548': {'Retries': 0, 'Restarts': 0, 'SiteHistory': ['Unknown'], 'ResidentSetSize': [0], 'SubmitTimes': [1758829794.0], 'StartTimes': [], 'EndTimes': [], 'TotalUserCpuTimeHistory': [0.0], 'TotalSysCpuTimeHistory': [0.0], 'WallDurations': [0], 'JobIds': ['91763302.0'], 'State': 'idle', 'RecordedSite': False}, '549': {'Retries': 0, 'Restarts': 0, 'SiteHistory': ['Unknown'], 'ResidentSetSize': [0], 'SubmitTimes': [1758829794.0], 'StartTimes': [], 'EndTimes': [], 'TotalUserCpuTimeHistory': [0.0], 'TotalSysCpuTimeHistory': [0.0], 'WallDurations': [0], 'JobIds': ['91763307.0'], 'State': 'idle', 'RecordedSite': False}, '550': {'Retries': 0, 'Restarts': 0, 'SiteHistory': ['Unknown'], 'ResidentSetSize': [0], 'SubmitTimes': [1758829795.0], 'StartTimes': [], 'EndTimes': [], 'TotalUserCpuTimeHistory': [0.0], 'TotalSysCpuTimeHistory': [0.0], 'WallDurations': [0], 'JobIds': ['91763312.0'], 'State': 'idle', 'RecordedSite': False}, '551': {'Retries': 0, 'Restarts': 0, 'SiteHistory': ['Unknown'], 'ResidentSetSize': [0], 'SubmitTimes': [1758829795.0], 'StartTimes': [], 'EndTimes': [], 'TotalUserCpuTimeHistory': [0.0], 'TotalSysCpuTimeHistory': [0.0], 'WallDurations': [0], 'JobIds': ['91763310.0'], 'State': 'idle', 'RecordedSite': False}, '552': {'Retries': 0, 'Restarts': 0, 'SiteHistory': ['Unknown'], 'ResidentSetSize': [0], 'SubmitTimes': [1758829795.0], 'StartTimes': [], 'EndTimes': [], 'TotalUserCpuTimeHistory': [0.0], 'TotalSysCpuTimeHistory': [0.0], 'WallDurations': [0], 'JobIds': ['91763316.0'], 'State': 'idle', 'RecordedSite': False}, '553': {'Retries': 0, 'Restarts': 0, 'SiteHistory': ['Unknown'], 'ResidentSetSize': [0], 'SubmitTimes': [1758829795.0], 'StartTimes': [], 'EndTimes': [], 'TotalUserCpuTimeHistory': [0.0], 'TotalSysCpuTimeHistory': [0.0], 'WallDurations': [0], 'JobIds': ['91763319.0'], 'State': 'idle', 'RecordedSite': False}, '554': {'Retries': 0, 'Restarts': 0, 'SiteHistory': ['Unknown'], 'ResidentSetSize': [0], 'SubmitTimes': [1758829795.0], 'StartTimes': [], 'EndTimes': [], 'TotalUserCpuTimeHistory': [0.0], 'TotalSysCpuTimeHistory': [0.0], 'WallDurations': [0], 'JobIds': ['91763313.0'], 'State': 'idle', 'RecordedSite': False}, '555': {'Retries': 0, 'Restarts': 0, 'SiteHistory': ['Unknown'], 'ResidentSetSize': [0], 'SubmitTimes': [1758829795.0], 'StartTimes': [], 'EndTimes': [], 'TotalUserCpuTimeHistory': [0.0], 'TotalSysCpuTimeHistory': [0.0], 'WallDurations': [0], 'JobIds': ['91763311.0'], 'State': 'idle', 'RecordedSite': False}, '556': {'Retries': 0, 'Restarts': 0, 'SiteHistory': ['Unknown'], 'ResidentSetSize': [0], 'SubmitTimes': [1758829795.0], 'StartTimes': [], 'EndTimes': [], 'TotalUserCpuTimeHistory': [0.0], 'TotalSysCpuTimeHistory': [0.0], 'WallDurations': [0], 'JobIds': ['91763318.0'], 'State': 'idle', 'RecordedSite': False}, '557': {'Retries': 0, 'Restarts': 0, 'SiteHistory': ['Unknown'], 'ResidentSetSize': [0], 'SubmitTimes': [1758829795.0], 'StartTimes': [], 'EndTimes': [], 'TotalUserCpuTimeHistory': [0.0], 'TotalSysCpuTimeHistory': [0.0], 'WallDurations': [0], 'JobIds': ['91763323.0'], 'State': 'idle', 'RecordedSite': False}, '558': {'Retries': 0, 'Restarts': 0, 'SiteHistory': ['Unknown'], 'ResidentSetSize': [0], 'SubmitTimes': [1758829795.0], 'StartTimes': [], 'EndTimes': [], 'TotalUserCpuTimeHistory': [0.0], 'TotalSysCpuTimeHistory': [0.0], 'WallDurations': [0], 'JobIds': ['91763320.0'], 'State': 'idle', 'RecordedSite': False}, '559': {'Retries': 0, 'Restarts': 0, 'SiteHistory': ['Unknown'], 'ResidentSetSize': [0], 'SubmitTimes': [1758829795.0], 'StartTimes': [], 'EndTimes': [], 'TotalUserCpuTimeHistory': [0.0], 'TotalSysCpuTimeHistory': [0.0], 'WallDurations': [0], 'JobIds': ['91763317.0'], 'State': 'idle', 'RecordedSite': False}, '560': {'Retries': 0, 'Restarts': 0, 'SiteHistory': ['Unknown'], 'ResidentSetSize': [0], 'SubmitTimes': [1758829795.0], 'StartTimes': [], 'EndTimes': [], 'TotalUserCpuTimeHistory': [0.0], 'TotalSysCpuTimeHistory': [0.0], 'WallDurations': [0], 'JobIds': ['91763314.0'], 'State': 'idle', 'RecordedSite': False}, '561': {'Retries': 0, 'Restarts': 0, 'SiteHistory': ['Unknown'], 'ResidentSetSize': [0], 'SubmitTimes': [1758829795.0], 'StartTimes': [], 'EndTimes': [], 'TotalUserCpuTimeHistory': [0.0], 'TotalSysCpuTimeHistory': [0.0], 'WallDurations': [0], 'JobIds': ['91763322.0'], 'State': 'idle', 'RecordedSite': False}, '562': {'Retries': 0, 'Restarts': 0, 'SiteHistory': ['Unknown'], 'ResidentSetSize': [0], 'SubmitTimes': [1758829795.0], 'StartTimes': [], 'EndTimes': [], 'TotalUserCpuTimeHistory': [0.0], 'TotalSysCpuTimeHistory': [0.0], 'WallDurations': [0], 'JobIds': ['91763325.0'], 'State': 'idle', 'RecordedSite': False}, '563': {'Retries': 0, 'Restarts': 0, 'SiteHistory': ['Unknown'], 'ResidentSetSize': [0], 'SubmitTimes': [1758829795.0], 'StartTimes': [], 'EndTimes': [], 'TotalUserCpuTimeHistory': [0.0], 'TotalSysCpuTimeHistory': [0.0], 'WallDurations': [0], 'JobIds': ['91763315.0'], 'State': 'idle', 'RecordedSite': False}, '564': {'Retries': 0, 'Restarts': 0, 'SiteHistory': ['Unknown'], 'ResidentSetSize': [0], 'SubmitTimes': [1758829795.0], 'StartTimes': [], 'EndTimes': [], 'TotalUserCpuTimeHistory': [0.0], 'TotalSysCpuTimeHistory': [0.0], 'WallDurations': [0], 'JobIds': ['91763324.0'], 'State': 'idle', 'RecordedSite': False}, '565': {'Retries': 0, 'Restarts': 0, 'SiteHistory': ['Unknown'], 'ResidentSetSize': [0], 'SubmitTimes': [1758829801.0], 'StartTimes': [], 'EndTimes': [], 'TotalUserCpuTimeHistory': [0.0], 'TotalSysCpuTimeHistory': [0.0], 'WallDurations': [0], 'JobIds': ['91763327.0'], 'State': 'idle', 'RecordedSite': False}, '566': {'Retries': 0, 'Restarts': 0, 'SiteHistory': ['Unknown'], 'ResidentSetSize': [0], 'SubmitTimes': [1758829795.0], 'StartTimes': [], 'EndTimes': [], 'TotalUserCpuTimeHistory': [0.0], 'TotalSysCpuTimeHistory': [0.0], 'WallDurations': [0], 'JobIds': ['91763321.0'], 'State': 'idle', 'RecordedSite': False}, '567': {'Retries': 0, 'Restarts': 0, 'SiteHistory': ['Unknown'], 'ResidentSetSize': [0], 'SubmitTimes': [1758829801.0], 'StartTimes': [], 'EndTimes': [], 'TotalUserCpuTimeHistory': [0.0], 'TotalSysCpuTimeHistory': [0.0], 'WallDurations': [0], 'JobIds': ['91763328.0'], 'State': 'idle', 'RecordedSite': False}, '568': {'Retries': 0, 'Restarts': 0, 'SiteHistory': ['Unknown'], 'ResidentSetSize': [0], 'SubmitTimes': [1758829801.0], 'StartTimes': [], 'EndTimes': [], 'TotalUserCpuTimeHistory': [0.0], 'TotalSysCpuTimeHistory': [0.0], 'WallDurations': [0], 'JobIds': ['91763329.0'], 'State': 'idle', 'RecordedSite': False}, '569': {'Retries': 0, 'Restarts': 0, 'SiteHistory': ['Unknown'], 'ResidentSetSize': [0], 'SubmitTimes': [1758829801.0], 'StartTimes': [], 'EndTimes': [], 'TotalUserCpuTimeHistory': [0.0], 'TotalSysCpuTimeHistory': [0.0], 'WallDurations': [0], 'JobIds': ['91763330.0'], 'State': 'idle', 'RecordedSite': False}, '570': {'Retries': 0, 'Restarts': 0, 'SiteHistory': ['Unknown'], 'ResidentSetSize': [0], 'SubmitTimes': [1758829801.0], 'StartTimes': [], 'EndTimes': [], 'TotalUserCpuTimeHistory': [0.0], 'TotalSysCpuTimeHistory': [0.0], 'WallDurations': [0], 'JobIds': ['91763331.0'], 'State': 'idle', 'RecordedSite': False}, '571': {'Retries': 0, 'Restarts': 0, 'SiteHistory': ['Unknown'], 'ResidentSetSize': [0], 'SubmitTimes': [1758829801.0], 'StartTimes': [], 'EndTimes': [], 'TotalUserCpuTimeHistory': [0.0], 'TotalSysCpuTimeHistory': [0.0], 'WallDurations': [0], 'JobIds': ['91763332.0'], 'State': 'idle', 'RecordedSite': False}, '572': {'Retries': 0, 'Restarts': 0, 'SiteHistory': ['Unknown'], 'ResidentSetSize': [0], 'SubmitTimes': [1758829801.0], 'StartTimes': [], 'EndTimes': [], 'TotalUserCpuTimeHistory': [0.0], 'TotalSysCpuTimeHistory': [0.0], 'WallDurations': [0], 'JobIds': ['91763334.0'], 'State': 'idle', 'RecordedSite': False}, '573': {'Retries': 0, 'Restarts': 0, 'SiteHistory': ['Unknown'], 'ResidentSetSize': [0], 'SubmitTimes': [1758829802.0], 'StartTimes': [], 'EndTimes': [], 'TotalUserCpuTimeHistory': [0.0], 'TotalSysCpuTimeHistory': [0.0], 'WallDurations': [0], 'JobIds': ['91763335.0'], 'State': 'idle', 'RecordedSite': False}, '574': {'Retries': 0, 'Restarts': 0, 'SiteHistory': ['Unknown'], 'ResidentSetSize': [0], 'SubmitTimes': [1758829802.0], 'StartTimes': [], 'EndTimes': [], 'TotalUserCpuTimeHistory': [0.0], 'TotalSysCpuTimeHistory': [0.0], 'WallDurations': [0], 'JobIds': ['91763336.0'], 'State': 'idle', 'RecordedSite': False}, '575': {'Retries': 0, 'Restarts': 0, 'SiteHistory': ['Unknown'], 'ResidentSetSize': [0], 'SubmitTimes': [1758829802.0], 'StartTimes': [], 'EndTimes': [], 'TotalUserCpuTimeHistory': [0.0], 'TotalSysCpuTimeHistory': [0.0], 'WallDurations': [0], 'JobIds': ['91763337.0'], 'State': 'idle', 'RecordedSite': False}, '576': {'Retries': 0, 'Restarts': 0, 'SiteHistory': ['Unknown'], 'ResidentSetSize': [0], 'SubmitTimes': [1758829803.0], 'StartTimes': [], 'EndTimes': [], 'TotalUserCpuTimeHistory': [0.0], 'TotalSysCpuTimeHistory': [0.0], 'WallDurations': [0], 'JobIds': ['91763338.0'], 'State': 'idle', 'RecordedSite': False}, '577': {'Retries': 0, 'Restarts': 0, 'SiteHistory': ['Unknown'], 'ResidentSetSize': [0], 'SubmitTimes': [1758829803.0], 'StartTimes': [], 'EndTimes': [], 'TotalUserCpuTimeHistory': [0.0], 'TotalSysCpuTimeHistory': [0.0], 'WallDurations': [0], 'JobIds': ['91763339.0'], 'State': 'idle', 'RecordedSite': False}, '578': {'Retries': 0, 'Restarts': 0, 'SiteHistory': ['Unknown'], 'ResidentSetSize': [0], 'SubmitTimes': [1758829803.0], 'StartTimes': [], 'EndTimes': [], 'TotalUserCpuTimeHistory': [0.0], 'TotalSysCpuTimeHistory': [0.0], 'WallDurations': [0], 'JobIds': ['91763340.0'], 'State': 'idle', 'RecordedSite': False}, '579': {'Retries': 0, 'Restarts': 0, 'SiteHistory': ['Unknown'], 'ResidentSetSize': [0], 'SubmitTimes': [1758829803.0], 'StartTimes': [], 'EndTimes': [], 'TotalUserCpuTimeHistory': [0.0], 'TotalSysCpuTimeHistory': [0.0], 'WallDurations': [0], 'JobIds': ['91763341.0'], 'State': 'idle', 'RecordedSite': False}, '580': {'Retries': 0, 'Restarts': 0, 'SiteHistory': ['Unknown'], 'ResidentSetSize': [0], 'SubmitTimes': [1758829803.0], 'StartTimes': [], 'EndTimes': [], 'TotalUserCpuTimeHistory': [0.0], 'TotalSysCpuTimeHistory': [0.0], 'WallDurations': [0], 'JobIds': ['91763342.0'], 'State': 'idle', 'RecordedSite': False}, '581': {'Retries': 0, 'Restarts': 0, 'SiteHistory': ['Unknown'], 'ResidentSetSize': [0], 'SubmitTimes': [1758829803.0], 'StartTimes': [], 'EndTimes': [], 'TotalUserCpuTimeHistory': [0.0], 'TotalSysCpuTimeHistory': [0.0], 'WallDurations': [0], 'JobIds': ['91763343.0'], 'State': 'idle', 'RecordedSite': False}, '582': {'Retries': 0, 'Restarts': 0, 'SiteHistory': ['Unknown'], 'ResidentSetSize': [0], 'SubmitTimes': [1758829803.0], 'StartTimes': [], 'EndTimes': [], 'TotalUserCpuTimeHistory': [0.0], 'TotalSysCpuTimeHistory': [0.0], 'WallDurations': [0], 'JobIds': ['91763344.0'], 'State': 'idle', 'RecordedSite': False}, '583': {'Retries': 0, 'Restarts': 0, 'SiteHistory': ['Unknown'], 'ResidentSetSize': [0], 'SubmitTimes': [1758829803.0], 'StartTimes': [], 'EndTimes': [], 'TotalUserCpuTimeHistory': [0.0], 'TotalSysCpuTimeHistory': [0.0], 'WallDurations': [0], 'JobIds': ['91763345.0'], 'State': 'idle', 'RecordedSite': False}, '584': {'Retries': 0, 'Restarts': 0, 'SiteHistory': ['Unknown'], 'ResidentSetSize': [0], 'SubmitTimes': [1758829803.0], 'StartTimes': [], 'EndTimes': [], 'TotalUserCpuTimeHistory': [0.0], 'TotalSysCpuTimeHistory': [0.0], 'WallDurations': [0], 'JobIds': ['91763346.0'], 'State': 'idle', 'RecordedSite': False}, '585': {'Retries': 0, 'Restarts': 0, 'SiteHistory': ['Unknown'], 'ResidentSetSize': [0], 'SubmitTimes': [1758829803.0], 'StartTimes': [], 'EndTimes': [], 'TotalUserCpuTimeHistory': [0.0], 'TotalSysCpuTimeHistory': [0.0], 'WallDurations': [0], 'JobIds': ['91763347.0'], 'State': 'idle', 'RecordedSite': False}, '586': {'Retries': 0, 'Restarts': 0, 'SiteHistory': [], 'ResidentSetSize': [], 'SubmitTimes': [], 'StartTimes': [], 'EndTimes': [], 'TotalUserCpuTimeHistory': [], 'TotalSysCpuTimeHistory': [], 'WallDurations': [], 'JobIds': [], 'State': 'unsubmitted'}, '587': {'Retries': 0, 'Restarts': 0, 'SiteHistory': ['Unknown'], 'ResidentSetSize': [0], 'SubmitTimes': [1758829803.0], 'StartTimes': [], 'EndTimes': [], 'TotalUserCpuTimeHistory': [0.0], 'TotalSysCpuTimeHistory': [0.0], 'WallDurations': [0], 'JobIds': ['91763351.0'], 'State': 'idle', 'RecordedSite': False}, '588': {'Retries': 0, 'Restarts': 0, 'SiteHistory': ['Unknown'], 'ResidentSetSize': [0], 'SubmitTimes': [1758829804.0], 'StartTimes': [], 'EndTimes': [], 'TotalUserCpuTimeHistory': [0.0], 'TotalSysCpuTimeHistory': [0.0], 'WallDurations': [0], 'JobIds': ['91763353.0'], 'State': 'idle', 'RecordedSite': False}, '589': {'Retries': 0, 'Restarts': 0, 'SiteHistory': ['Unknown'], 'ResidentSetSize': [0], 'SubmitTimes': [1758829804.0], 'StartTimes': [], 'EndTimes': [], 'TotalUserCpuTimeHistory': [0.0], 'TotalSysCpuTimeHistory': [0.0], 'WallDurations': [0], 'JobIds': ['91763361.0'], 'State': 'idle', 'RecordedSite': False}, '590': {'Retries': 0, 'Restarts': 0, 'SiteHistory': ['Unknown'], 'ResidentSetSize': [0], 'SubmitTimes': [1758829804.0], 'StartTimes': [], 'EndTimes': [], 'TotalUserCpuTimeHistory': [0.0], 'TotalSysCpuTimeHistory': [0.0], 'WallDurations': [0], 'JobIds': ['91763352.0'], 'State': 'idle', 'RecordedSite': False}, '591': {'Retries': 0, 'Restarts': 0, 'SiteHistory': ['Unknown'], 'ResidentSetSize': [0], 'SubmitTimes': [1758829804.0], 'StartTimes': [], 'EndTimes': [], 'TotalUserCpuTimeHistory': [0.0], 'TotalSysCpuTimeHistory': [0.0], 'WallDurations': [0], 'JobIds': ['91763358.0'], 'State': 'idle', 'RecordedSite': False}, '592': {'Retries': 0, 'Restarts': 0, 'SiteHistory': ['Unknown'], 'ResidentSetSize': [0], 'SubmitTimes': [1758829804.0], 'StartTimes': [], 'EndTimes': [], 'TotalUserCpuTimeHistory': [0.0], 'TotalSysCpuTimeHistory': [0.0], 'WallDurations': [0], 'JobIds': ['91763363.0'], 'State': 'idle', 'RecordedSite': False}, '593': {'Retries': 0, 'Restarts': 0, 'SiteHistory': ['Unknown'], 'ResidentSetSize': [0], 'SubmitTimes': [1758829804.0], 'StartTimes': [], 'EndTimes': [], 'TotalUserCpuTimeHistory': [0.0], 'TotalSysCpuTimeHistory': [0.0], 'WallDurations': [0], 'JobIds': ['91763367.0'], 'State': 'idle', 'RecordedSite': False}, '594': {'Retries': 0, 'Restarts': 0, 'SiteHistory': ['Unknown'], 'ResidentSetSize': [0], 'SubmitTimes': [1758829804.0], 'StartTimes': [], 'EndTimes': [], 'TotalUserCpuTimeHistory': [0.0], 'TotalSysCpuTimeHistory': [0.0], 'WallDurations': [0], 'JobIds': ['91763354.0'], 'State': 'idle', 'RecordedSite': False}, '595': {'Retries': 0, 'Restarts': 0, 'SiteHistory': ['Unknown'], 'ResidentSetSize': [0], 'SubmitTimes': [1758829804.0], 'StartTimes': [], 'EndTimes': [], 'TotalUserCpuTimeHistory': [0.0], 'TotalSysCpuTimeHistory': [0.0], 'WallDurations': [0], 'JobIds': ['91763359.0'], 'State': 'idle', 'RecordedSite': False}, '596': {'Retries': 0, 'Restarts': 0, 'SiteHistory': ['Unknown'], 'ResidentSetSize': [0], 'SubmitTimes': [1758829804.0], 'StartTimes': [], 'EndTimes': [], 'TotalUserCpuTimeHistory': [0.0], 'TotalSysCpuTimeHistory': [0.0], 'WallDurations': [0], 'JobIds': ['91763360.0'], 'State': 'idle', 'RecordedSite': False}, '597': {'Retries': 0, 'Restarts': 0, 'SiteHistory': ['Unknown'], 'ResidentSetSize': [0], 'SubmitTimes': [1758829803.0], 'StartTimes': [], 'EndTimes': [], 'TotalUserCpuTimeHistory': [0.0], 'TotalSysCpuTimeHistory': [0.0], 'WallDurations': [0], 'JobIds': ['91763348.0'], 'State': 'idle', 'RecordedSite': False}, '598': {'Retries': 0, 'Restarts': 0, 'SiteHistory': ['Unknown'], 'ResidentSetSize': [0], 'SubmitTimes': [1758829804.0], 'StartTimes': [], 'EndTimes': [], 'TotalUserCpuTimeHistory': [0.0], 'TotalSysCpuTimeHistory': [0.0], 'WallDurations': [0], 'JobIds': ['91763355.0'], 'State': 'idle', 'RecordedSite': False}, '599': {'Retries': 0, 'Restarts': 0, 'SiteHistory': ['Unknown'], 'ResidentSetSize': [0], 'SubmitTimes': [1758829804.0], 'StartTimes': [], 'EndTimes': [], 'TotalUserCpuTimeHistory': [0.0], 'TotalSysCpuTimeHistory': [0.0], 'WallDurations': [0], 'JobIds': ['91763357.0'], 'State': 'idle', 'RecordedSite': False}, '600': {'Retries': 0, 'Restarts': 0, 'SiteHistory': ['Unknown'], 'ResidentSetSize': [0], 'SubmitTimes': [1758829803.0], 'StartTimes': [], 'EndTimes': [], 'TotalUserCpuTimeHistory': [0.0], 'TotalSysCpuTimeHistory': [0.0], 'WallDurations': [0], 'JobIds': ['91763349.0'], 'State': 'idle', 'RecordedSite': False}, '601': {'Retries': 0, 'Restarts': 0, 'SiteHistory': ['Unknown'], 'ResidentSetSize': [0], 'SubmitTimes': [1758829803.0], 'StartTimes': [], 'EndTimes': [], 'TotalUserCpuTimeHistory': [0.0], 'TotalSysCpuTimeHistory': [0.0], 'WallDurations': [0], 'JobIds': ['91763350.0'], 'State': 'idle', 'RecordedSite': False}, '602': {'Retries': 0, 'Restarts': 0, 'SiteHistory': ['Unknown'], 'ResidentSetSize': [0], 'SubmitTimes': [1758829804.0], 'StartTimes': [], 'EndTimes': [], 'TotalUserCpuTimeHistory': [0.0], 'TotalSysCpuTimeHistory': [0.0], 'WallDurations': [0], 'JobIds': ['91763356.0'], 'State': 'idle', 'RecordedSite': False}, '603': {'Retries': 0, 'Restarts': 0, 'SiteHistory': ['Unknown'], 'ResidentSetSize': [0], 'SubmitTimes': [1758829804.0], 'StartTimes': [], 'EndTimes': [], 'TotalUserCpuTimeHistory': [0.0], 'TotalSysCpuTimeHistory': [0.0], 'WallDurations': [0], 'JobIds': ['91763364.0'], 'State': 'idle', 'RecordedSite': False}, '604': {'Retries': 0, 'Restarts': 0, 'SiteHistory': ['Unknown'], 'ResidentSetSize': [0], 'SubmitTimes': [1758829804.0], 'StartTimes': [], 'EndTimes': [], 'TotalUserCpuTimeHistory': [0.0], 'TotalSysCpuTimeHistory': [0.0], 'WallDurations': [0], 'JobIds': ['91763365.0'], 'State': 'idle', 'RecordedSite': False}, '605': {'Retries': 0, 'Restarts': 0, 'SiteHistory': ['Unknown'], 'ResidentSetSize': [0], 'SubmitTimes': [1758829804.0], 'StartTimes': [], 'EndTimes': [], 'TotalUserCpuTimeHistory': [0.0], 'TotalSysCpuTimeHistory': [0.0], 'WallDurations': [0], 'JobIds': ['91763366.0'], 'State': 'idle', 'RecordedSite': False}, '606': {'Retries': 0, 'Restarts': 0, 'SiteHistory': ['Unknown'], 'ResidentSetSize': [0], 'SubmitTimes': [1758829804.0], 'StartTimes': [], 'EndTimes': [], 'TotalUserCpuTimeHistory': [0.0], 'TotalSysCpuTimeHistory': [0.0], 'WallDurations': [0], 'JobIds': ['91763362.0'], 'State': 'idle', 'RecordedSite': False}, '607': {'Retries': 0, 'Restarts': 0, 'SiteHistory': ['Unknown'], 'ResidentSetSize': [0], 'SubmitTimes': [1758829809.0], 'StartTimes': [], 'EndTimes': [], 'TotalUserCpuTimeHistory': [0.0], 'TotalSysCpuTimeHistory': [0.0], 'WallDurations': [0], 'JobIds': ['91763377.0'], 'State': 'idle', 'RecordedSite': False}, '608': {'Retries': 0, 'Restarts': 0, 'SiteHistory': ['Unknown'], 'ResidentSetSize': [0], 'SubmitTimes': [1758829804.0], 'StartTimes': [], 'EndTimes': [], 'TotalUserCpuTimeHistory': [0.0], 'TotalSysCpuTimeHistory': [0.0], 'WallDurations': [0], 'JobIds': ['91763370.0'], 'State': 'idle', 'RecordedSite': False}, '609': {'Retries': 0, 'Restarts': 0, 'SiteHistory': ['Unknown'], 'ResidentSetSize': [0], 'SubmitTimes': [1758829809.0], 'StartTimes': [], 'EndTimes': [], 'TotalUserCpuTimeHistory': [0.0], 'TotalSysCpuTimeHistory': [0.0], 'WallDurations': [0], 'JobIds': ['91763378.0'], 'State': 'idle', 'RecordedSite': False}, '610': {'Retries': 0, 'Restarts': 0, 'SiteHistory': ['Unknown'], 'ResidentSetSize': [0], 'SubmitTimes': [1758829804.0], 'StartTimes': [], 'EndTimes': [], 'TotalUserCpuTimeHistory': [0.0], 'TotalSysCpuTimeHistory': [0.0], 'WallDurations': [0], 'JobIds': ['91763369.0'], 'State': 'idle', 'RecordedSite': False}, '611': {'Retries': 0, 'Restarts': 0, 'SiteHistory': ['Unknown'], 'ResidentSetSize': [0], 'SubmitTimes': [1758829809.0], 'StartTimes': [], 'EndTimes': [], 'TotalUserCpuTimeHistory': [0.0], 'TotalSysCpuTimeHistory': [0.0], 'WallDurations': [0], 'JobIds': ['91763376.0'], 'State': 'idle', 'RecordedSite': False}, '612': {'Retries': 0, 'Restarts': 0, 'SiteHistory': ['Unknown'], 'ResidentSetSize': [0], 'SubmitTimes': [1758829809.0], 'StartTimes': [], 'EndTimes': [], 'TotalUserCpuTimeHistory': [0.0], 'TotalSysCpuTimeHistory': [0.0], 'WallDurations': [0], 'JobIds': ['91763379.0'], 'State': 'idle', 'RecordedSite': False}, '613': {'Retries': 0, 'Restarts': 0, 'SiteHistory': ['Unknown'], 'ResidentSetSize': [0], 'SubmitTimes': [1758829809.0], 'StartTimes': [], 'EndTimes': [], 'TotalUserCpuTimeHistory': [0.0], 'TotalSysCpuTimeHistory': [0.0], 'WallDurations': [0], 'JobIds': ['91763380.0'], 'State': 'idle', 'RecordedSite': False}, '614': {'Retries': 0, 'Restarts': 0, 'SiteHistory': ['Unknown'], 'ResidentSetSize': [0], 'SubmitTimes': [1758829809.0], 'StartTimes': [], 'EndTimes': [], 'TotalUserCpuTimeHistory': [0.0], 'TotalSysCpuTimeHistory': [0.0], 'WallDurations': [0], 'JobIds': ['91763381.0'], 'State': 'idle', 'RecordedSite': False}, '615': {'Retries': 0, 'Restarts': 0, 'SiteHistory': ['Unknown'], 'ResidentSetSize': [0], 'SubmitTimes': [1758829809.0], 'StartTimes': [], 'EndTimes': [], 'TotalUserCpuTimeHistory': [0.0], 'TotalSysCpuTimeHistory': [0.0], 'WallDurations': [0], 'JobIds': ['91763382.0'], 'State': 'idle', 'RecordedSite': False}, '616': {'Retries': 0, 'Restarts': 0, 'SiteHistory': ['Unknown'], 'ResidentSetSize': [0], 'SubmitTimes': [1758829804.0], 'StartTimes': [], 'EndTimes': [], 'TotalUserCpuTimeHistory': [0.0], 'TotalSysCpuTimeHistory': [0.0], 'WallDurations': [0], 'JobIds': ['91763368.0'], 'State': 'idle', 'RecordedSite': False}, '617': {'Retries': 0, 'Restarts': 0, 'SiteHistory': ['Unknown'], 'ResidentSetSize': [0], 'SubmitTimes': [1758829809.0], 'StartTimes': [], 'EndTimes': [], 'TotalUserCpuTimeHistory': [0.0], 'TotalSysCpuTimeHistory': [0.0], 'WallDurations': [0], 'JobIds': ['91763383.0'], 'State': 'idle', 'RecordedSite': False}, '618': {'Retries': 0, 'Restarts': 0, 'SiteHistory': ['Unknown'], 'ResidentSetSize': [0], 'SubmitTimes': [1758829809.0], 'StartTimes': [], 'EndTimes': [], 'TotalUserCpuTimeHistory': [0.0], 'TotalSysCpuTimeHistory': [0.0], 'WallDurations': [0], 'JobIds': ['91763384.0'], 'State': 'idle', 'RecordedSite': False}, '619': {'Retries': 0, 'Restarts': 0, 'SiteHistory': ['Unknown'], 'ResidentSetSize': [0], 'SubmitTimes': [1758829809.0], 'StartTimes': [], 'EndTimes': [], 'TotalUserCpuTimeHistory': [0.0], 'TotalSysCpuTimeHistory': [0.0], 'WallDurations': [0], 'JobIds': ['91763385.0'], 'State': 'idle', 'RecordedSite': False}, '620': {'Retries': 0, 'Restarts': 0, 'SiteHistory': ['Unknown'], 'ResidentSetSize': [0], 'SubmitTimes': [1758829810.0], 'StartTimes': [], 'EndTimes': [], 'TotalUserCpuTimeHistory': [0.0], 'TotalSysCpuTimeHistory': [0.0], 'WallDurations': [0], 'JobIds': ['91763386.0'], 'State': 'idle', 'RecordedSite': False}, '621': {'Retries': 0, 'Restarts': 0, 'SiteHistory': ['Unknown'], 'ResidentSetSize': [0], 'SubmitTimes': [1758829810.0], 'StartTimes': [], 'EndTimes': [], 'TotalUserCpuTimeHistory': [0.0], 'TotalSysCpuTimeHistory': [0.0], 'WallDurations': [0], 'JobIds': ['91763387.0'], 'State': 'idle', 'RecordedSite': False}, '622': {'Retries': 0, 'Restarts': 0, 'SiteHistory': ['Unknown'], 'ResidentSetSize': [0], 'SubmitTimes': [1758829810.0], 'StartTimes': [], 'EndTimes': [], 'TotalUserCpuTimeHistory': [0.0], 'TotalSysCpuTimeHistory': [0.0], 'WallDurations': [0], 'JobIds': ['91763388.0'], 'State': 'idle', 'RecordedSite': False}, '623': {'Retries': 0, 'Restarts': 0, 'SiteHistory': ['Unknown'], 'ResidentSetSize': [0], 'SubmitTimes': [1758829810.0], 'StartTimes': [], 'EndTimes': [], 'TotalUserCpuTimeHistory': [0.0], 'TotalSysCpuTimeHistory': [0.0], 'WallDurations': [0], 'JobIds': ['91763389.0'], 'State': 'idle', 'RecordedSite': False}, '624': {'Retries': 0, 'Restarts': 0, 'SiteHistory': ['Unknown'], 'ResidentSetSize': [0], 'SubmitTimes': [1758829810.0], 'StartTimes': [], 'EndTimes': [], 'TotalUserCpuTimeHistory': [0.0], 'TotalSysCpuTimeHistory': [0.0], 'WallDurations': [0], 'JobIds': ['91763390.0'], 'State': 'idle', 'RecordedSite': False}, '625': {'Retries': 0, 'Restarts': 0, 'SiteHistory': ['Unknown'], 'ResidentSetSize': [0], 'SubmitTimes': [1758829810.0], 'StartTimes': [], 'EndTimes': [], 'TotalUserCpuTimeHistory': [0.0], 'TotalSysCpuTimeHistory': [0.0], 'WallDurations': [0], 'JobIds': ['91763391.0'], 'State': 'idle', 'RecordedSite': False}, '626': {'Retries': 0, 'Restarts': 0, 'SiteHistory': ['Unknown'], 'ResidentSetSize': [0], 'SubmitTimes': [1758829810.0], 'StartTimes': [], 'EndTimes': [], 'TotalUserCpuTimeHistory': [0.0], 'TotalSysCpuTimeHistory': [0.0], 'WallDurations': [0], 'JobIds': ['91763392.0'], 'State': 'idle', 'RecordedSite': False}, '627': {'Retries': 0, 'Restarts': 0, 'SiteHistory': ['Unknown'], 'ResidentSetSize': [0], 'SubmitTimes': [1758829810.0], 'StartTimes': [], 'EndTimes': [], 'TotalUserCpuTimeHistory': [0.0], 'TotalSysCpuTimeHistory': [0.0], 'WallDurations': [0], 'JobIds': ['91763393.0'], 'State': 'idle', 'RecordedSite': False}, '628': {'Retries': 0, 'Restarts': 0, 'SiteHistory': ['Unknown'], 'ResidentSetSize': [0], 'SubmitTimes': [1758829810.0], 'StartTimes': [], 'EndTimes': [], 'TotalUserCpuTimeHistory': [0.0], 'TotalSysCpuTimeHistory': [0.0], 'WallDurations': [0], 'JobIds': ['91763394.0'], 'State': 'idle', 'RecordedSite': False}, '629': {'Retries': 0, 'Restarts': 0, 'SiteHistory': ['Unknown'], 'ResidentSetSize': [0], 'SubmitTimes': [1758829810.0], 'StartTimes': [], 'EndTimes': [], 'TotalUserCpuTimeHistory': [0.0], 'TotalSysCpuTimeHistory': [0.0], 'WallDurations': [0], 'JobIds': ['91763395.0'], 'State': 'idle', 'RecordedSite': False}, '630': {'Retries': 0, 'Restarts': 0, 'SiteHistory': [], 'ResidentSetSize': [], 'SubmitTimes': [], 'StartTimes': [], 'EndTimes': [], 'TotalUserCpuTimeHistory': [], 'TotalSysCpuTimeHistory': [], 'WallDurations': [], 'JobIds': [], 'State': 'unsubmitted'}, '631': {'Retries': 0, 'Restarts': 0, 'SiteHistory': ['Unknown'], 'ResidentSetSize': [0], 'SubmitTimes': [1758829810.0], 'StartTimes': [], 'EndTimes': [], 'TotalUserCpuTimeHistory': [0.0], 'TotalSysCpuTimeHistory': [0.0], 'WallDurations': [0], 'JobIds': ['91763400.0'], 'State': 'idle', 'RecordedSite': False}, '632': {'Retries': 0, 'Restarts': 0, 'SiteHistory': ['Unknown'], 'ResidentSetSize': [0], 'SubmitTimes': [1758829811.0], 'StartTimes': [], 'EndTimes': [], 'TotalUserCpuTimeHistory': [0.0], 'TotalSysCpuTimeHistory': [0.0], 'WallDurations': [0], 'JobIds': ['91763403.0'], 'State': 'idle', 'RecordedSite': False}, '633': {'Retries': 0, 'Restarts': 0, 'SiteHistory': ['Unknown'], 'ResidentSetSize': [0], 'SubmitTimes': [1758829810.0], 'StartTimes': [], 'EndTimes': [], 'TotalUserCpuTimeHistory': [0.0], 'TotalSysCpuTimeHistory': [0.0], 'WallDurations': [0], 'JobIds': ['91763396.0'], 'State': 'idle', 'RecordedSite': False}, '634': {'Retries': 0, 'Restarts': 0, 'SiteHistory': ['Unknown'], 'ResidentSetSize': [0], 'SubmitTimes': [1758829811.0], 'StartTimes': [], 'EndTimes': [], 'TotalUserCpuTimeHistory': [0.0], 'TotalSysCpuTimeHistory': [0.0], 'WallDurations': [0], 'JobIds': ['91763408.0'], 'State': 'idle', 'RecordedSite': False}, '635': {'Retries': 0, 'Restarts': 0, 'SiteHistory': ['Unknown'], 'ResidentSetSize': [0], 'SubmitTimes': [1758829810.0], 'StartTimes': [], 'EndTimes': [], 'TotalUserCpuTimeHistory': [0.0], 'TotalSysCpuTimeHistory': [0.0], 'WallDurations': [0], 'JobIds': ['91763397.0'], 'State': 'idle', 'RecordedSite': False}, '636': {'Retries': 0, 'Restarts': 0, 'SiteHistory': ['Unknown'], 'ResidentSetSize': [0], 'SubmitTimes': [1758829811.0], 'StartTimes': [], 'EndTimes': [], 'TotalUserCpuTimeHistory': [0.0], 'TotalSysCpuTimeHistory': [0.0], 'WallDurations': [0], 'JobIds': ['91763405.0'], 'State': 'idle', 'RecordedSite': False}, '637': {'Retries': 0, 'Restarts': 0, 'SiteHistory': ['Unknown'], 'ResidentSetSize': [0], 'SubmitTimes': [1758829813.0], 'StartTimes': [], 'EndTimes': [], 'TotalUserCpuTimeHistory': [0.0], 'TotalSysCpuTimeHistory': [0.0], 'WallDurations': [0], 'JobIds': ['91763410.0'], 'State': 'idle', 'RecordedSite': False}, '638': {'Retries': 0, 'Restarts': 0, 'SiteHistory': ['Unknown'], 'ResidentSetSize': [0], 'SubmitTimes': [1758829812.0], 'StartTimes': [], 'EndTimes': [], 'TotalUserCpuTimeHistory': [0.0], 'TotalSysCpuTimeHistory': [0.0], 'WallDurations': [0], 'JobIds': ['91763409.0'], 'State': 'idle', 'RecordedSite': False}, '639': {'Retries': 0, 'Restarts': 0, 'SiteHistory': ['Unknown'], 'ResidentSetSize': [0], 'SubmitTimes': [1758829813.0], 'StartTimes': [], 'EndTimes': [], 'TotalUserCpuTimeHistory': [0.0], 'TotalSysCpuTimeHistory': [0.0], 'WallDurations': [0], 'JobIds': ['91763414.0'], 'State': 'idle', 'RecordedSite': False}, '640': {'Retries': 0, 'Restarts': 0, 'SiteHistory': ['Unknown'], 'ResidentSetSize': [0], 'SubmitTimes': [1758829811.0], 'StartTimes': [], 'EndTimes': [], 'TotalUserCpuTimeHistory': [0.0], 'TotalSysCpuTimeHistory': [0.0], 'WallDurations': [0], 'JobIds': ['91763401.0'], 'State': 'idle', 'RecordedSite': False}, '641': {'Retries': 0, 'Restarts': 0, 'SiteHistory': ['Unknown'], 'ResidentSetSize': [0], 'SubmitTimes': [1758829810.0], 'StartTimes': [], 'EndTimes': [], 'TotalUserCpuTimeHistory': [0.0], 'TotalSysCpuTimeHistory': [0.0], 'WallDurations': [0], 'JobIds': ['91763398.0'], 'State': 'idle', 'RecordedSite': False}, '642': {'Retries': 0, 'Restarts': 0, 'SiteHistory': ['Unknown'], 'ResidentSetSize': [0], 'SubmitTimes': [1758829813.0], 'StartTimes': [], 'EndTimes': [], 'TotalUserCpuTimeHistory': [0.0], 'TotalSysCpuTimeHistory': [0.0], 'WallDurations': [0], 'JobIds': ['91763411.0'], 'State': 'idle', 'RecordedSite': False}, '643': {'Retries': 0, 'Restarts': 0, 'SiteHistory': ['Unknown'], 'ResidentSetSize': [0], 'SubmitTimes': [1758829811.0], 'StartTimes': [], 'EndTimes': [], 'TotalUserCpuTimeHistory': [0.0], 'TotalSysCpuTimeHistory': [0.0], 'WallDurations': [0], 'JobIds': ['91763402.0'], 'State': 'idle', 'RecordedSite': False}, '644': {'Retries': 0, 'Restarts': 0, 'SiteHistory': ['Unknown'], 'ResidentSetSize': [0], 'SubmitTimes': [1758829813.0], 'StartTimes': [], 'EndTimes': [], 'TotalUserCpuTimeHistory': [0.0], 'TotalSysCpuTimeHistory': [0.0], 'WallDurations': [0], 'JobIds': ['91763415.0'], 'State': 'idle', 'RecordedSite': False}, '645': {'Retries': 0, 'Restarts': 0, 'SiteHistory': ['Unknown'], 'ResidentSetSize': [0], 'SubmitTimes': [1758829811.0], 'StartTimes': [], 'EndTimes': [], 'TotalUserCpuTimeHistory': [0.0], 'TotalSysCpuTimeHistory': [0.0], 'WallDurations': [0], 'JobIds': ['91763404.0'], 'State': 'idle', 'RecordedSite': False}, '646': {'Retries': 0, 'Restarts': 0, 'SiteHistory': ['Unknown'], 'ResidentSetSize': [0], 'SubmitTimes': [1758829810.0], 'StartTimes': [], 'EndTimes': [], 'TotalUserCpuTimeHistory': [0.0], 'TotalSysCpuTimeHistory': [0.0], 'WallDurations': [0], 'JobIds': ['91763399.0'], 'State': 'idle', 'RecordedSite': False}, '647': {'Retries': 0, 'Restarts': 0, 'SiteHistory': ['Unknown'], 'ResidentSetSize': [0], 'SubmitTimes': [1758829811.0], 'StartTimes': [], 'EndTimes': [], 'TotalUserCpuTimeHistory': [0.0], 'TotalSysCpuTimeHistory': [0.0], 'WallDurations': [0], 'JobIds': ['91763406.0'], 'State': 'idle', 'RecordedSite': False}, '648': {'Retries': 0, 'Restarts': 0, 'SiteHistory': ['Unknown'], 'ResidentSetSize': [0], 'SubmitTimes': [1758829813.0], 'StartTimes': [], 'EndTimes': [], 'TotalUserCpuTimeHistory': [0.0], 'TotalSysCpuTimeHistory': [0.0], 'WallDurations': [0], 'JobIds': ['91763412.0'], 'State': 'idle', 'RecordedSite': False}, '649': {'Retries': 0, 'Restarts': 0, 'SiteHistory': ['Unknown'], 'ResidentSetSize': [0], 'SubmitTimes': [1758829811.0], 'StartTimes': [], 'EndTimes': [], 'TotalUserCpuTimeHistory': [0.0], 'TotalSysCpuTimeHistory': [0.0], 'WallDurations': [0], 'JobIds': ['91763407.0'], 'State': 'idle', 'RecordedSite': False}, '650': {'Retries': 0, 'Restarts': 0, 'SiteHistory': ['Unknown'], 'ResidentSetSize': [0], 'SubmitTimes': [1758829813.0], 'StartTimes': [], 'EndTimes': [], 'TotalUserCpuTimeHistory': [0.0], 'TotalSysCpuTimeHistory': [0.0], 'WallDurations': [0], 'JobIds': ['91763413.0'], 'State': 'idle', 'RecordedSite': False}, '651': {'Retries': 0, 'Restarts': 0, 'SiteHistory': ['Unknown'], 'ResidentSetSize': [0], 'SubmitTimes': [1758829818.0], 'StartTimes': [], 'EndTimes': [], 'TotalUserCpuTimeHistory': [0.0], 'TotalSysCpuTimeHistory': [0.0], 'WallDurations': [0], 'JobIds': ['91763418.0'], 'State': 'idle', 'RecordedSite': False}, '652': {'Retries': 0, 'Restarts': 0, 'SiteHistory': ['Unknown'], 'ResidentSetSize': [0], 'SubmitTimes': [1758829818.0], 'StartTimes': [], 'EndTimes': [], 'TotalUserCpuTimeHistory': [0.0], 'TotalSysCpuTimeHistory': [0.0], 'WallDurations': [0], 'JobIds': ['91763419.0'], 'State': 'idle', 'RecordedSite': False}, '653': {'Retries': 0, 'Restarts': 0, 'SiteHistory': ['Unknown'], 'ResidentSetSize': [0], 'SubmitTimes': [1758829813.0], 'StartTimes': [], 'EndTimes': [], 'TotalUserCpuTimeHistory': [0.0], 'TotalSysCpuTimeHistory': [0.0], 'WallDurations': [0], 'JobIds': ['91763416.0'], 'State': 'idle', 'RecordedSite': False}, '654': {'Retries': 0, 'Restarts': 0, 'SiteHistory': ['Unknown'], 'ResidentSetSize': [0], 'SubmitTimes': [1758829818.0], 'StartTimes': [], 'EndTimes': [], 'TotalUserCpuTimeHistory': [0.0], 'TotalSysCpuTimeHistory': [0.0], 'WallDurations': [0], 'JobIds': ['91763420.0'], 'State': 'idle', 'RecordedSite': False}, '655': {'Retries': 0, 'Restarts': 0, 'SiteHistory': ['Unknown'], 'ResidentSetSize': [0], 'SubmitTimes': [1758829818.0], 'StartTimes': [], 'EndTimes': [], 'TotalUserCpuTimeHistory': [0.0], 'TotalSysCpuTimeHistory': [0.0], 'WallDurations': [0], 'JobIds': ['91763421.0'], 'State': 'idle', 'RecordedSite': False}, '656': {'Retries': 0, 'Restarts': 0, 'SiteHistory': ['Unknown'], 'ResidentSetSize': [0], 'SubmitTimes': [1758829818.0], 'StartTimes': [], 'EndTimes': [], 'TotalUserCpuTimeHistory': [0.0], 'TotalSysCpuTimeHistory': [0.0], 'WallDurations': [0], 'JobIds': ['91763417.0'], 'State': 'idle', 'RecordedSite': False}, '657': {'Retries': 0, 'Restarts': 0, 'SiteHistory': ['Unknown'], 'ResidentSetSize': [0], 'SubmitTimes': [1758829818.0], 'StartTimes': [], 'EndTimes': [], 'TotalUserCpuTimeHistory': [0.0], 'TotalSysCpuTimeHistory': [0.0], 'WallDurations': [0], 'JobIds': ['91763422.0'], 'State': 'idle', 'RecordedSite': False}, '658': {'Retries': 0, 'Restarts': 0, 'SiteHistory': ['Unknown'], 'ResidentSetSize': [0], 'SubmitTimes': [1758829819.0], 'StartTimes': [], 'EndTimes': [], 'TotalUserCpuTimeHistory': [0.0], 'TotalSysCpuTimeHistory': [0.0], 'WallDurations': [0], 'JobIds': ['91763423.0'], 'State': 'idle', 'RecordedSite': False}, '659': {'Retries': 0, 'Restarts': 0, 'SiteHistory': ['Unknown'], 'ResidentSetSize': [0], 'SubmitTimes': [1758829819.0], 'StartTimes': [], 'EndTimes': [], 'TotalUserCpuTimeHistory': [0.0], 'TotalSysCpuTimeHistory': [0.0], 'WallDurations': [0], 'JobIds': ['91763424.0'], 'State': 'idle', 'RecordedSite': False}, '660': {'Retries': 0, 'Restarts': 0, 'SiteHistory': ['Unknown'], 'ResidentSetSize': [0], 'SubmitTimes': [1758829819.0], 'StartTimes': [], 'EndTimes': [], 'TotalUserCpuTimeHistory': [0.0], 'TotalSysCpuTimeHistory': [0.0], 'WallDurations': [0], 'JobIds': ['91763425.0'], 'State': 'idle', 'RecordedSite': False}, '661': {'Retries': 0, 'Restarts': 0, 'SiteHistory': ['Unknown'], 'ResidentSetSize': [0], 'SubmitTimes': [1758829819.0], 'StartTimes': [], 'EndTimes': [], 'TotalUserCpuTimeHistory': [0.0], 'TotalSysCpuTimeHistory': [0.0], 'WallDurations': [0], 'JobIds': ['91763426.0'], 'State': 'idle', 'RecordedSite': False}, '662': {'Retries': 0, 'Restarts': 0, 'SiteHistory': ['Unknown'], 'ResidentSetSize': [0], 'SubmitTimes': [1758829819.0], 'StartTimes': [], 'EndTimes': [], 'TotalUserCpuTimeHistory': [0.0], 'TotalSysCpuTimeHistory': [0.0], 'WallDurations': [0], 'JobIds': ['91763427.0'], 'State': 'idle', 'RecordedSite': False}, '663': {'Retries': 0, 'Restarts': 0, 'SiteHistory': ['Unknown'], 'ResidentSetSize': [0], 'SubmitTimes': [1758829819.0], 'StartTimes': [], 'EndTimes': [], 'TotalUserCpuTimeHistory': [0.0], 'TotalSysCpuTimeHistory': [0.0], 'WallDurations': [0], 'JobIds': ['91763428.0'], 'State': 'idle', 'RecordedSite': False}, '664': {'Retries': 0, 'Restarts': 0, 'SiteHistory': ['Unknown'], 'ResidentSetSize': [0], 'SubmitTimes': [1758829819.0], 'StartTimes': [], 'EndTimes': [], 'TotalUserCpuTimeHistory': [0.0], 'TotalSysCpuTimeHistory': [0.0], 'WallDurations': [0], 'JobIds': ['91763429.0'], 'State': 'idle', 'RecordedSite': False}, '665': {'Retries': 0, 'Restarts': 0, 'SiteHistory': ['Unknown'], 'ResidentSetSize': [0], 'SubmitTimes': [1758829819.0], 'StartTimes': [], 'EndTimes': [], 'TotalUserCpuTimeHistory': [0.0], 'TotalSysCpuTimeHistory': [0.0], 'WallDurations': [0], 'JobIds': ['91763430.0'], 'State': 'idle', 'RecordedSite': False}, '666': {'Retries': 0, 'Restarts': 0, 'SiteHistory': ['Unknown'], 'ResidentSetSize': [0], 'SubmitTimes': [1758829819.0], 'StartTimes': [], 'EndTimes': [], 'TotalUserCpuTimeHistory': [0.0], 'TotalSysCpuTimeHistory': [0.0], 'WallDurations': [0], 'JobIds': ['91763431.0'], 'State': 'idle', 'RecordedSite': False}, '667': {'Retries': 0, 'Restarts': 0, 'SiteHistory': ['Unknown'], 'ResidentSetSize': [0], 'SubmitTimes': [1758829819.0], 'StartTimes': [], 'EndTimes': [], 'TotalUserCpuTimeHistory': [0.0], 'TotalSysCpuTimeHistory': [0.0], 'WallDurations': [0], 'JobIds': ['91763432.0'], 'State': 'idle', 'RecordedSite': False}, '668': {'Retries': 0, 'Restarts': 0, 'SiteHistory': ['Unknown'], 'ResidentSetSize': [0], 'SubmitTimes': [1758829819.0], 'StartTimes': [], 'EndTimes': [], 'TotalUserCpuTimeHistory': [0.0], 'TotalSysCpuTimeHistory': [0.0], 'WallDurations': [0], 'JobIds': ['91763433.0'], 'State': 'idle', 'RecordedSite': False}, '669': {'Retries': 0, 'Restarts': 0, 'SiteHistory': ['Unknown'], 'ResidentSetSize': [0], 'SubmitTimes': [1758829819.0], 'StartTimes': [], 'EndTimes': [], 'TotalUserCpuTimeHistory': [0.0], 'TotalSysCpuTimeHistory': [0.0], 'WallDurations': [0], 'JobIds': ['91763434.0'], 'State': 'idle', 'RecordedSite': False}, '670': {'Retries': 0, 'Restarts': 0, 'SiteHistory': ['Unknown'], 'ResidentSetSize': [0], 'SubmitTimes': [1758829819.0], 'StartTimes': [], 'EndTimes': [], 'TotalUserCpuTimeHistory': [0.0], 'TotalSysCpuTimeHistory': [0.0], 'WallDurations': [0], 'JobIds': ['91763435.0'], 'State': 'idle', 'RecordedSite': False}, '671': {'Retries': 0, 'Restarts': 0, 'SiteHistory': ['Unknown'], 'ResidentSetSize': [0], 'SubmitTimes': [1758829819.0], 'StartTimes': [], 'EndTimes': [], 'TotalUserCpuTimeHistory': [0.0], 'TotalSysCpuTimeHistory': [0.0], 'WallDurations': [0], 'JobIds': ['91763436.0'], 'State': 'idle', 'RecordedSite': False}, '672': {'Retries': 0, 'Restarts': 0, 'SiteHistory': [], 'ResidentSetSize': [], 'SubmitTimes': [], 'StartTimes': [], 'EndTimes': [], 'TotalUserCpuTimeHistory': [], 'TotalSysCpuTimeHistory': [], 'WallDurations': [], 'JobIds': [], 'State': 'unsubmitted'}, '673': {'Retries': 0, 'Restarts': 0, 'SiteHistory': ['Unknown'], 'ResidentSetSize': [0], 'SubmitTimes': [1758829820.0], 'StartTimes': [], 'EndTimes': [], 'TotalUserCpuTimeHistory': [0.0], 'TotalSysCpuTimeHistory': [0.0], 'WallDurations': [0], 'JobIds': ['91763456.0'], 'State': 'idle', 'RecordedSite': False}, '674': {'Retries': 0, 'Restarts': 0, 'SiteHistory': ['Unknown'], 'ResidentSetSize': [0], 'SubmitTimes': [1758829820.0], 'StartTimes': [], 'EndTimes': [], 'TotalUserCpuTimeHistory': [0.0], 'TotalSysCpuTimeHistory': [0.0], 'WallDurations': [0], 'JobIds': ['91763451.0'], 'State': 'idle', 'RecordedSite': False}, '675': {'Retries': 0, 'Restarts': 0, 'SiteHistory': ['Unknown'], 'ResidentSetSize': [0], 'SubmitTimes': [1758829819.0], 'StartTimes': [], 'EndTimes': [], 'TotalUserCpuTimeHistory': [0.0], 'TotalSysCpuTimeHistory': [0.0], 'WallDurations': [0], 'JobIds': ['91763441.0'], 'State': 'idle', 'RecordedSite': False}, '676': {'Retries': 0, 'Restarts': 0, 'SiteHistory': ['Unknown'], 'ResidentSetSize': [0], 'SubmitTimes': [1758829819.0], 'StartTimes': [], 'EndTimes': [], 'TotalUserCpuTimeHistory': [0.0], 'TotalSysCpuTimeHistory': [0.0], 'WallDurations': [0], 'JobIds': ['91763440.0'], 'State': 'idle', 'RecordedSite': False}, '677': {'Retries': 0, 'Restarts': 0, 'SiteHistory': ['Unknown'], 'ResidentSetSize': [0], 'SubmitTimes': [1758829819.0], 'StartTimes': [], 'EndTimes': [], 'TotalUserCpuTimeHistory': [0.0], 'TotalSysCpuTimeHistory': [0.0], 'WallDurations': [0], 'JobIds': ['91763437.0'], 'State': 'idle', 'RecordedSite': False}, '678': {'Retries': 0, 'Restarts': 0, 'SiteHistory': ['Unknown'], 'ResidentSetSize': [0], 'SubmitTimes': [1758829820.0], 'StartTimes': [], 'EndTimes': [], 'TotalUserCpuTimeHistory': [0.0], 'TotalSysCpuTimeHistory': [0.0], 'WallDurations': [0], 'JobIds': ['91763454.0'], 'State': 'idle', 'RecordedSite': False}, '679': {'Retries': 0, 'Restarts': 0, 'SiteHistory': ['Unknown'], 'ResidentSetSize': [0], 'SubmitTimes': [1758829819.0], 'StartTimes': [], 'EndTimes': [], 'TotalUserCpuTimeHistory': [0.0], 'TotalSysCpuTimeHistory': [0.0], 'WallDurations': [0], 'JobIds': ['91763442.0'], 'State': 'idle', 'RecordedSite': False}, '680': {'Retries': 0, 'Restarts': 0, 'SiteHistory': ['Unknown'], 'ResidentSetSize': [0], 'SubmitTimes': [1758829820.0], 'StartTimes': [], 'EndTimes': [], 'TotalUserCpuTimeHistory': [0.0], 'TotalSysCpuTimeHistory': [0.0], 'WallDurations': [0], 'JobIds': ['91763453.0'], 'State': 'idle', 'RecordedSite': False}, '681': {'Retries': 0, 'Restarts': 0, 'SiteHistory': ['Unknown'], 'ResidentSetSize': [0], 'SubmitTimes': [1758829820.0], 'StartTimes': [], 'EndTimes': [], 'TotalUserCpuTimeHistory': [0.0], 'TotalSysCpuTimeHistory': [0.0], 'WallDurations': [0], 'JobIds': ['91763449.0'], 'State': 'idle', 'RecordedSite': False}, '682': {'Retries': 0, 'Restarts': 0, 'SiteHistory': ['Unknown'], 'ResidentSetSize': [0], 'SubmitTimes': [1758829820.0], 'StartTimes': [], 'EndTimes': [], 'TotalUserCpuTimeHistory': [0.0], 'TotalSysCpuTimeHistory': [0.0], 'WallDurations': [0], 'JobIds': ['91763445.0'], 'State': 'idle', 'RecordedSite': False}, '683': {'Retries': 0, 'Restarts': 0, 'SiteHistory': ['Unknown'], 'ResidentSetSize': [0], 'SubmitTimes': [1758829820.0], 'StartTimes': [], 'EndTimes': [], 'TotalUserCpuTimeHistory': [0.0], 'TotalSysCpuTimeHistory': [0.0], 'WallDurations': [0], 'JobIds': ['91763455.0'], 'State': 'idle', 'RecordedSite': False}, '684': {'Retries': 0, 'Restarts': 0, 'SiteHistory': ['Unknown'], 'ResidentSetSize': [0], 'SubmitTimes': [1758829819.0], 'StartTimes': [], 'EndTimes': [], 'TotalUserCpuTimeHistory': [0.0], 'TotalSysCpuTimeHistory': [0.0], 'WallDurations': [0], 'JobIds': ['91763439.0'], 'State': 'idle', 'RecordedSite': False}, '685': {'Retries': 0, 'Restarts': 0, 'SiteHistory': ['Unknown'], 'ResidentSetSize': [0], 'SubmitTimes': [1758829820.0], 'StartTimes': [], 'EndTimes': [], 'TotalUserCpuTimeHistory': [0.0], 'TotalSysCpuTimeHistory': [0.0], 'WallDurations': [0], 'JobIds': ['91763452.0'], 'State': 'idle', 'RecordedSite': False}, '686': {'Retries': 0, 'Restarts': 0, 'SiteHistory': ['Unknown'], 'ResidentSetSize': [0], 'SubmitTimes': [1758829819.0], 'StartTimes': [], 'EndTimes': [], 'TotalUserCpuTimeHistory': [0.0], 'TotalSysCpuTimeHistory': [0.0], 'WallDurations': [0], 'JobIds': ['91763438.0'], 'State': 'idle', 'RecordedSite': False}, '687': {'Retries': 0, 'Restarts': 0, 'SiteHistory': ['Unknown'], 'ResidentSetSize': [0], 'SubmitTimes': [1758829820.0], 'StartTimes': [], 'EndTimes': [], 'TotalUserCpuTimeHistory': [0.0], 'TotalSysCpuTimeHistory': [0.0], 'WallDurations': [0], 'JobIds': ['91763444.0'], 'State': 'idle', 'RecordedSite': False}, '688': {'Retries': 0, 'Restarts': 0, 'SiteHistory': ['Unknown'], 'ResidentSetSize': [0], 'SubmitTimes': [1758829820.0], 'StartTimes': [], 'EndTimes': [], 'TotalUserCpuTimeHistory': [0.0], 'TotalSysCpuTimeHistory': [0.0], 'WallDurations': [0], 'JobIds': ['91763450.0'], 'State': 'idle', 'RecordedSite': False}, '689': {'Retries': 0, 'Restarts': 0, 'SiteHistory': ['Unknown'], 'ResidentSetSize': [0], 'SubmitTimes': [1758829820.0], 'StartTimes': [], 'EndTimes': [], 'TotalUserCpuTimeHistory': [0.0], 'TotalSysCpuTimeHistory': [0.0], 'WallDurations': [0], 'JobIds': ['91763448.0'], 'State': 'idle', 'RecordedSite': False}, '690': {'Retries': 0, 'Restarts': 0, 'SiteHistory': ['Unknown'], 'ResidentSetSize': [0], 'SubmitTimes': [1758829820.0], 'StartTimes': [], 'EndTimes': [], 'TotalUserCpuTimeHistory': [0.0], 'TotalSysCpuTimeHistory': [0.0], 'WallDurations': [0], 'JobIds': ['91763447.0'], 'State': 'idle', 'RecordedSite': False}, '691': {'Retries': 0, 'Restarts': 0, 'SiteHistory': ['Unknown'], 'ResidentSetSize': [0], 'SubmitTimes': [1758829820.0], 'StartTimes': [], 'EndTimes': [], 'TotalUserCpuTimeHistory': [0.0], 'TotalSysCpuTimeHistory': [0.0], 'WallDurations': [0], 'JobIds': ['91763446.0'], 'State': 'idle', 'RecordedSite': False}, '692': {'Retries': 0, 'Restarts': 0, 'SiteHistory': ['Unknown'], 'ResidentSetSize': [0], 'SubmitTimes': [1758829820.0], 'StartTimes': [], 'EndTimes': [], 'TotalUserCpuTimeHistory': [0.0], 'TotalSysCpuTimeHistory': [0.0], 'WallDurations': [0], 'JobIds': ['91763443.0'], 'State': 'idle', 'RecordedSite': False}, '693': {'Retries': 0, 'Restarts': 0, 'SiteHistory': ['Unknown'], 'ResidentSetSize': [0], 'SubmitTimes': [1758829821.0], 'StartTimes': [], 'EndTimes': [], 'TotalUserCpuTimeHistory': [0.0], 'TotalSysCpuTimeHistory': [0.0], 'WallDurations': [0], 'JobIds': ['91763462.0'], 'State': 'idle', 'RecordedSite': False}, '694': {'Retries': 0, 'Restarts': 0, 'SiteHistory': ['Unknown'], 'ResidentSetSize': [0], 'SubmitTimes': [1758829821.0], 'StartTimes': [], 'EndTimes': [], 'TotalUserCpuTimeHistory': [0.0], 'TotalSysCpuTimeHistory': [0.0], 'WallDurations': [0], 'JobIds': ['91763467.0'], 'State': 'idle', 'RecordedSite': False}, '695': {'Retries': 0, 'Restarts': 0, 'SiteHistory': ['Unknown'], 'ResidentSetSize': [0], 'SubmitTimes': [1758829820.0], 'StartTimes': [], 'EndTimes': [], 'TotalUserCpuTimeHistory': [0.0], 'TotalSysCpuTimeHistory': [0.0], 'WallDurations': [0], 'JobIds': ['91763458.0'], 'State': 'idle', 'RecordedSite': False}, '696': {'Retries': 0, 'Restarts': 0, 'SiteHistory': ['Unknown'], 'ResidentSetSize': [0], 'SubmitTimes': [1758829821.0], 'StartTimes': [], 'EndTimes': [], 'TotalUserCpuTimeHistory': [0.0], 'TotalSysCpuTimeHistory': [0.0], 'WallDurations': [0], 'JobIds': ['91763463.0'], 'State': 'idle', 'RecordedSite': False}, '697': {'Retries': 0, 'Restarts': 0, 'SiteHistory': ['Unknown'], 'ResidentSetSize': [0], 'SubmitTimes': [1758829821.0], 'StartTimes': [], 'EndTimes': [], 'TotalUserCpuTimeHistory': [0.0], 'TotalSysCpuTimeHistory': [0.0], 'WallDurations': [0], 'JobIds': ['91763464.0'], 'State': 'idle', 'RecordedSite': False}, '698': {'Retries': 0, 'Restarts': 0, 'SiteHistory': ['Unknown'], 'ResidentSetSize': [0], 'SubmitTimes': [1758829821.0], 'StartTimes': [], 'EndTimes': [], 'TotalUserCpuTimeHistory': [0.0], 'TotalSysCpuTimeHistory': [0.0], 'WallDurations': [0], 'JobIds': ['91763461.0'], 'State': 'idle', 'RecordedSite': False}, '699': {'Retries': 0, 'Restarts': 0, 'SiteHistory': ['Unknown'], 'ResidentSetSize': [0], 'SubmitTimes': [1758829827.0], 'StartTimes': [], 'EndTimes': [], 'TotalUserCpuTimeHistory': [0.0], 'TotalSysCpuTimeHistory': [0.0], 'WallDurations': [0], 'JobIds': ['91763473.0'], 'State': 'idle', 'RecordedSite': False}, '700': {'Retries': 0, 'Restarts': 0, 'SiteHistory': ['Unknown'], 'ResidentSetSize': [0], 'SubmitTimes': [1758829821.0], 'StartTimes': [], 'EndTimes': [], 'TotalUserCpuTimeHistory': [0.0], 'TotalSysCpuTimeHistory': [0.0], 'WallDurations': [0], 'JobIds': ['91763466.0'], 'State': 'idle', 'RecordedSite': False}, '701': {'Retries': 0, 'Restarts': 0, 'SiteHistory': ['Unknown'], 'ResidentSetSize': [0], 'SubmitTimes': [1758829821.0], 'StartTimes': [], 'EndTimes': [], 'TotalUserCpuTimeHistory': [0.0], 'TotalSysCpuTimeHistory': [0.0], 'WallDurations': [0], 'JobIds': ['91763465.0'], 'State': 'idle', 'RecordedSite': False}, '702': {'Retries': 0, 'Restarts': 0, 'SiteHistory': ['Unknown'], 'ResidentSetSize': [0], 'SubmitTimes': [1758829827.0], 'StartTimes': [], 'EndTimes': [], 'TotalUserCpuTimeHistory': [0.0], 'TotalSysCpuTimeHistory': [0.0], 'WallDurations': [0], 'JobIds': ['91763474.0'], 'State': 'idle', 'RecordedSite': False}, '703': {'Retries': 0, 'Restarts': 0, 'SiteHistory': ['Unknown'], 'ResidentSetSize': [0], 'SubmitTimes': [1758829820.0], 'StartTimes': [], 'EndTimes': [], 'TotalUserCpuTimeHistory': [0.0], 'TotalSysCpuTimeHistory': [0.0], 'WallDurations': [0], 'JobIds': ['91763457.0'], 'State': 'idle', 'RecordedSite': False}, '704': {'Retries': 0, 'Restarts': 0, 'SiteHistory': ['Unknown'], 'ResidentSetSize': [0], 'SubmitTimes': [1758829820.0], 'StartTimes': [], 'EndTimes': [], 'TotalUserCpuTimeHistory': [0.0], 'TotalSysCpuTimeHistory': [0.0], 'WallDurations': [0], 'JobIds': ['91763459.0'], 'State': 'idle', 'RecordedSite': False}, '705': {'Retries': 0, 'Restarts': 0, 'SiteHistory': ['Unknown'], 'ResidentSetSize': [0], 'SubmitTimes': [1758829820.0], 'StartTimes': [], 'EndTimes': [], 'TotalUserCpuTimeHistory': [0.0], 'TotalSysCpuTimeHistory': [0.0], 'WallDurations': [0], 'JobIds': ['91763460.0'], 'State': 'idle', 'RecordedSite': False}, '706': {'Retries': 0, 'Restarts': 0, 'SiteHistory': ['Unknown'], 'ResidentSetSize': [0], 'SubmitTimes': [1758829821.0], 'StartTimes': [], 'EndTimes': [], 'TotalUserCpuTimeHistory': [0.0], 'TotalSysCpuTimeHistory': [0.0], 'WallDurations': [0], 'JobIds': ['91763470.0'], 'State': 'idle', 'RecordedSite': False}, '707': {'Retries': 0, 'Restarts': 0, 'SiteHistory': ['Unknown'], 'ResidentSetSize': [0], 'SubmitTimes': [1758829827.0], 'StartTimes': [], 'EndTimes': [], 'TotalUserCpuTimeHistory': [0.0], 'TotalSysCpuTimeHistory': [0.0], 'WallDurations': [0], 'JobIds': ['91763475.0'], 'State': 'idle', 'RecordedSite': False}, '708': {'Retries': 0, 'Restarts': 0, 'SiteHistory': ['Unknown'], 'ResidentSetSize': [0], 'SubmitTimes': [1758829821.0], 'StartTimes': [], 'EndTimes': [], 'TotalUserCpuTimeHistory': [0.0], 'TotalSysCpuTimeHistory': [0.0], 'WallDurations': [0], 'JobIds': ['91763469.0'], 'State': 'idle', 'RecordedSite': False}, '709': {'Retries': 0, 'Restarts': 0, 'SiteHistory': ['Unknown'], 'ResidentSetSize': [0], 'SubmitTimes': [1758829828.0], 'StartTimes': [], 'EndTimes': [], 'TotalUserCpuTimeHistory': [0.0], 'TotalSysCpuTimeHistory': [0.0], 'WallDurations': [0], 'JobIds': ['91763476.0'], 'State': 'idle', 'RecordedSite': False}, '710': {'Retries': 0, 'Restarts': 0, 'SiteHistory': ['Unknown'], 'ResidentSetSize': [0], 'SubmitTimes': [1758829821.0], 'StartTimes': [], 'EndTimes': [], 'TotalUserCpuTimeHistory': [0.0], 'TotalSysCpuTimeHistory': [0.0], 'WallDurations': [0], 'JobIds': ['91763471.0'], 'State': 'idle', 'RecordedSite': False}, '711': {'Retries': 0, 'Restarts': 0, 'SiteHistory': ['Unknown'], 'ResidentSetSize': [0], 'SubmitTimes': [1758829821.0], 'StartTimes': [], 'EndTimes': [], 'TotalUserCpuTimeHistory': [0.0], 'TotalSysCpuTimeHistory': [0.0], 'WallDurations': [0], 'JobIds': ['91763468.0'], 'State': 'idle', 'RecordedSite': False}, '712': {'Retries': 0, 'Restarts': 0, 'SiteHistory': ['Unknown'], 'ResidentSetSize': [0], 'SubmitTimes': [1758829826.0], 'StartTimes': [], 'EndTimes': [], 'TotalUserCpuTimeHistory': [0.0], 'TotalSysCpuTimeHistory': [0.0], 'WallDurations': [0], 'JobIds': ['91763472.0'], 'State': 'idle', 'RecordedSite': False}, '713': {'Retries': 0, 'Restarts': 0, 'SiteHistory': ['Unknown'], 'ResidentSetSize': [0], 'SubmitTimes': [1758829828.0], 'StartTimes': [], 'EndTimes': [], 'TotalUserCpuTimeHistory': [0.0], 'TotalSysCpuTimeHistory': [0.0], 'WallDurations': [0], 'JobIds': ['91763477.0'], 'State': 'idle', 'RecordedSite': False}, '714': {'Retries': 0, 'Restarts': 0, 'SiteHistory': ['Unknown'], 'ResidentSetSize': [0], 'SubmitTimes': [1758829828.0], 'StartTimes': [], 'EndTimes': [], 'TotalUserCpuTimeHistory': [0.0], 'TotalSysCpuTimeHistory': [0.0], 'WallDurations': [0], 'JobIds': ['91763478.0'], 'State': 'idle', 'RecordedSite': False}, '715': {'Retries': 0, 'Restarts': 0, 'SiteHistory': ['Unknown'], 'ResidentSetSize': [0], 'SubmitTimes': [1758829828.0], 'StartTimes': [], 'EndTimes': [], 'TotalUserCpuTimeHistory': [0.0], 'TotalSysCpuTimeHistory': [0.0], 'WallDurations': [0], 'JobIds': ['91763479.0'], 'State': 'idle', 'RecordedSite': False}, '716': {'Retries': 0, 'Restarts': 0, 'SiteHistory': ['Unknown'], 'ResidentSetSize': [0], 'SubmitTimes': [1758829828.0], 'StartTimes': [], 'EndTimes': [], 'TotalUserCpuTimeHistory': [0.0], 'TotalSysCpuTimeHistory': [0.0], 'WallDurations': [0], 'JobIds': ['91763480.0'], 'State': 'idle', 'RecordedSite': False}, '717': {'Retries': 0, 'Restarts': 0, 'SiteHistory': ['Unknown'], 'ResidentSetSize': [0], 'SubmitTimes': [1758829828.0], 'StartTimes': [], 'EndTimes': [], 'TotalUserCpuTimeHistory': [0.0], 'TotalSysCpuTimeHistory': [0.0], 'WallDurations': [0], 'JobIds': ['91763481.0'], 'State': 'idle', 'RecordedSite': False}, '718': {'Retries': 0, 'Restarts': 0, 'SiteHistory': ['Unknown'], 'ResidentSetSize': [0], 'SubmitTimes': [1758829828.0], 'StartTimes': [], 'EndTimes': [], 'TotalUserCpuTimeHistory': [0.0], 'TotalSysCpuTimeHistory': [0.0], 'WallDurations': [0], 'JobIds': ['91763482.0'], 'State': 'idle', 'RecordedSite': False}, '719': {'Retries': 0, 'Restarts': 0, 'SiteHistory': ['Unknown'], 'ResidentSetSize': [0], 'SubmitTimes': [1758829828.0], 'StartTimes': [], 'EndTimes': [], 'TotalUserCpuTimeHistory': [0.0], 'TotalSysCpuTimeHistory': [0.0], 'WallDurations': [0], 'JobIds': ['91763483.0'], 'State': 'idle', 'RecordedSite': False}, '720': {'Retries': 0, 'Restarts': 0, 'SiteHistory': ['Unknown'], 'ResidentSetSize': [0], 'SubmitTimes': [1758829829.0], 'StartTimes': [], 'EndTimes': [], 'TotalUserCpuTimeHistory': [0.0], 'TotalSysCpuTimeHistory': [0.0], 'WallDurations': [0], 'JobIds': ['91763484.0'], 'State': 'idle', 'RecordedSite': False}, '721': {'Retries': 0, 'Restarts': 0, 'SiteHistory': ['Unknown'], 'ResidentSetSize': [0], 'SubmitTimes': [1758829829.0], 'StartTimes': [], 'EndTimes': [], 'TotalUserCpuTimeHistory': [0.0], 'TotalSysCpuTimeHistory': [0.0], 'WallDurations': [0], 'JobIds': ['91763485.0'], 'State': 'idle', 'RecordedSite': False}, '722': {'Retries': 0, 'Restarts': 0, 'SiteHistory': ['Unknown'], 'ResidentSetSize': [0], 'SubmitTimes': [1758829829.0], 'StartTimes': [], 'EndTimes': [], 'TotalUserCpuTimeHistory': [0.0], 'TotalSysCpuTimeHistory': [0.0], 'WallDurations': [0], 'JobIds': ['91763486.0'], 'State': 'idle', 'RecordedSite': False}, '723': {'Retries': 0, 'Restarts': 0, 'SiteHistory': ['Unknown'], 'ResidentSetSize': [0], 'SubmitTimes': [1758829829.0], 'StartTimes': [], 'EndTimes': [], 'TotalUserCpuTimeHistory': [0.0], 'TotalSysCpuTimeHistory': [0.0], 'WallDurations': [0], 'JobIds': ['91763487.0'], 'State': 'idle', 'RecordedSite': False}, '724': {'Retries': 0, 'Restarts': 0, 'SiteHistory': ['Unknown'], 'ResidentSetSize': [0], 'SubmitTimes': [1758829829.0], 'StartTimes': [], 'EndTimes': [], 'TotalUserCpuTimeHistory': [0.0], 'TotalSysCpuTimeHistory': [0.0], 'WallDurations': [0], 'JobIds': ['91763488.0'], 'State': 'idle', 'RecordedSite': False}, '725': {'Retries': 0, 'Restarts': 0, 'SiteHistory': ['Unknown'], 'ResidentSetSize': [0], 'SubmitTimes': [1758829829.0], 'StartTimes': [], 'EndTimes': [], 'TotalUserCpuTimeHistory': [0.0], 'TotalSysCpuTimeHistory': [0.0], 'WallDurations': [0], 'JobIds': ['91763489.0'], 'State': 'idle', 'RecordedSite': False}, '726': {'Retries': 0, 'Restarts': 0, 'SiteHistory': ['Unknown'], 'ResidentSetSize': [0], 'SubmitTimes': [1758829830.0], 'StartTimes': [], 'EndTimes': [], 'TotalUserCpuTimeHistory': [0.0], 'TotalSysCpuTimeHistory': [0.0], 'WallDurations': [0], 'JobIds': ['91763490.0'], 'State': 'idle', 'RecordedSite': False}, '727': {'Retries': 0, 'Restarts': 0, 'SiteHistory': ['Unknown'], 'ResidentSetSize': [0], 'SubmitTimes': [1758829830.0], 'StartTimes': [], 'EndTimes': [], 'TotalUserCpuTimeHistory': [0.0], 'TotalSysCpuTimeHistory': [0.0], 'WallDurations': [0], 'JobIds': ['91763491.0'], 'State': 'idle', 'RecordedSite': False}, '728': {'Retries': 0, 'Restarts': 0, 'SiteHistory': [], 'ResidentSetSize': [], 'SubmitTimes': [], 'StartTimes': [], 'EndTimes': [], 'TotalUserCpuTimeHistory': [], 'TotalSysCpuTimeHistory': [], 'WallDurations': [], 'JobIds': [], 'State': 'unsubmitted'}, '729': {'Retries': 0, 'Restarts': 0, 'SiteHistory': ['Unknown'], 'ResidentSetSize': [0], 'SubmitTimes': [1758829830.0], 'StartTimes': [], 'EndTimes': [], 'TotalUserCpuTimeHistory': [0.0], 'TotalSysCpuTimeHistory': [0.0], 'WallDurations': [0], 'JobIds': ['91763497.0'], 'State': 'idle', 'RecordedSite': False}, '730': {'Retries': 0, 'Restarts': 0, 'SiteHistory': ['Unknown'], 'ResidentSetSize': [0], 'SubmitTimes': [1758829831.0], 'StartTimes': [], 'EndTimes': [], 'TotalUserCpuTimeHistory': [0.0], 'TotalSysCpuTimeHistory': [0.0], 'WallDurations': [0], 'JobIds': ['91763505.0'], 'State': 'idle', 'RecordedSite': False}, '731': {'Retries': 0, 'Restarts': 0, 'SiteHistory': ['Unknown'], 'ResidentSetSize': [0], 'SubmitTimes': [1758829831.0], 'StartTimes': [], 'EndTimes': [], 'TotalUserCpuTimeHistory': [0.0], 'TotalSysCpuTimeHistory': [0.0], 'WallDurations': [0], 'JobIds': ['91763509.0'], 'State': 'idle', 'RecordedSite': False}, '732': {'Retries': 0, 'Restarts': 0, 'SiteHistory': ['Unknown'], 'ResidentSetSize': [0], 'SubmitTimes': [1758829830.0], 'StartTimes': [], 'EndTimes': [], 'TotalUserCpuTimeHistory': [0.0], 'TotalSysCpuTimeHistory': [0.0], 'WallDurations': [0], 'JobIds': ['91763492.0'], 'State': 'idle', 'RecordedSite': False}, '733': {'Retries': 0, 'Restarts': 0, 'SiteHistory': ['Unknown'], 'ResidentSetSize': [0], 'SubmitTimes': [1758829831.0], 'StartTimes': [], 'EndTimes': [], 'TotalUserCpuTimeHistory': [0.0], 'TotalSysCpuTimeHistory': [0.0], 'WallDurations': [0], 'JobIds': ['91763502.0'], 'State': 'idle', 'RecordedSite': False}, '734': {'Retries': 0, 'Restarts': 0, 'SiteHistory': ['Unknown'], 'ResidentSetSize': [0], 'SubmitTimes': [1758829831.0], 'StartTimes': [], 'EndTimes': [], 'TotalUserCpuTimeHistory': [0.0], 'TotalSysCpuTimeHistory': [0.0], 'WallDurations': [0], 'JobIds': ['91763500.0'], 'State': 'idle', 'RecordedSite': False}, '735': {'Retries': 0, 'Restarts': 0, 'SiteHistory': ['Unknown'], 'ResidentSetSize': [0], 'SubmitTimes': [1758829830.0], 'StartTimes': [], 'EndTimes': [], 'TotalUserCpuTimeHistory': [0.0], 'TotalSysCpuTimeHistory': [0.0], 'WallDurations': [0], 'JobIds': ['91763495.0'], 'State': 'idle', 'RecordedSite': False}, '736': {'Retries': 0, 'Restarts': 0, 'SiteHistory': ['Unknown'], 'ResidentSetSize': [0], 'SubmitTimes': [1758829831.0], 'StartTimes': [], 'EndTimes': [], 'TotalUserCpuTimeHistory': [0.0], 'TotalSysCpuTimeHistory': [0.0], 'WallDurations': [0], 'JobIds': ['91763501.0'], 'State': 'idle', 'RecordedSite': False}, '737': {'Retries': 0, 'Restarts': 0, 'SiteHistory': ['Unknown'], 'ResidentSetSize': [0], 'SubmitTimes': [1758829831.0], 'StartTimes': [], 'EndTimes': [], 'TotalUserCpuTimeHistory': [0.0], 'TotalSysCpuTimeHistory': [0.0], 'WallDurations': [0], 'JobIds': ['91763504.0'], 'State': 'idle', 'RecordedSite': False}, '738': {'Retries': 0, 'Restarts': 0, 'SiteHistory': ['Unknown'], 'ResidentSetSize': [0], 'SubmitTimes': [1758829830.0], 'StartTimes': [], 'EndTimes': [], 'TotalUserCpuTimeHistory': [0.0], 'TotalSysCpuTimeHistory': [0.0], 'WallDurations': [0], 'JobIds': ['91763494.0'], 'State': 'idle', 'RecordedSite': False}, '739': {'Retries': 0, 'Restarts': 0, 'SiteHistory': ['Unknown'], 'ResidentSetSize': [0], 'SubmitTimes': [1758829831.0], 'StartTimes': [], 'EndTimes': [], 'TotalUserCpuTimeHistory': [0.0], 'TotalSysCpuTimeHistory': [0.0], 'WallDurations': [0], 'JobIds': ['91763506.0'], 'State': 'idle', 'RecordedSite': False}, '740': {'Retries': 0, 'Restarts': 0, 'SiteHistory': ['Unknown'], 'ResidentSetSize': [0], 'SubmitTimes': [1758829830.0], 'StartTimes': [], 'EndTimes': [], 'TotalUserCpuTimeHistory': [0.0], 'TotalSysCpuTimeHistory': [0.0], 'WallDurations': [0], 'JobIds': ['91763498.0'], 'State': 'idle', 'RecordedSite': False}, '741': {'Retries': 0, 'Restarts': 0, 'SiteHistory': ['Unknown'], 'ResidentSetSize': [0], 'SubmitTimes': [1758829831.0], 'StartTimes': [], 'EndTimes': [], 'TotalUserCpuTimeHistory': [0.0], 'TotalSysCpuTimeHistory': [0.0], 'WallDurations': [0], 'JobIds': ['91763511.0'], 'State': 'idle', 'RecordedSite': False}, '742': {'Retries': 0, 'Restarts': 0, 'SiteHistory': ['Unknown'], 'ResidentSetSize': [0], 'SubmitTimes': [1758829831.0], 'StartTimes': [], 'EndTimes': [], 'TotalUserCpuTimeHistory': [0.0], 'TotalSysCpuTimeHistory': [0.0], 'WallDurations': [0], 'JobIds': ['91763510.0'], 'State': 'idle', 'RecordedSite': False}, '743': {'Retries': 0, 'Restarts': 0, 'SiteHistory': ['Unknown'], 'ResidentSetSize': [0], 'SubmitTimes': [1758829831.0], 'StartTimes': [], 'EndTimes': [], 'TotalUserCpuTimeHistory': [0.0], 'TotalSysCpuTimeHistory': [0.0], 'WallDurations': [0], 'JobIds': ['91763503.0'], 'State': 'idle', 'RecordedSite': False}, '744': {'Retries': 0, 'Restarts': 0, 'SiteHistory': ['Unknown'], 'ResidentSetSize': [0], 'SubmitTimes': [1758829831.0], 'StartTimes': [], 'EndTimes': [], 'TotalUserCpuTimeHistory': [0.0], 'TotalSysCpuTimeHistory': [0.0], 'WallDurations': [0], 'JobIds': ['91763499.0'], 'State': 'idle', 'RecordedSite': False}, '745': {'Retries': 0, 'Restarts': 0, 'SiteHistory': ['Unknown'], 'ResidentSetSize': [0], 'SubmitTimes': [1758829830.0], 'StartTimes': [], 'EndTimes': [], 'TotalUserCpuTimeHistory': [0.0], 'TotalSysCpuTimeHistory': [0.0], 'WallDurations': [0], 'JobIds': ['91763493.0'], 'State': 'idle', 'RecordedSite': False}, '746': {'Retries': 0, 'Restarts': 0, 'SiteHistory': ['Unknown'], 'ResidentSetSize': [0], 'SubmitTimes': [1758829831.0], 'StartTimes': [], 'EndTimes': [], 'TotalUserCpuTimeHistory': [0.0], 'TotalSysCpuTimeHistory': [0.0], 'WallDurations': [0], 'JobIds': ['91763508.0'], 'State': 'idle', 'RecordedSite': False}, '747': {'Retries': 0, 'Restarts': 0, 'SiteHistory': ['Unknown'], 'ResidentSetSize': [0], 'SubmitTimes': [1758829831.0], 'StartTimes': [], 'EndTimes': [], 'TotalUserCpuTimeHistory': [0.0], 'TotalSysCpuTimeHistory': [0.0], 'WallDurations': [0], 'JobIds': ['91763507.0'], 'State': 'idle', 'RecordedSite': False}, '748': {'Retries': 0, 'Restarts': 0, 'SiteHistory': ['Unknown'], 'ResidentSetSize': [0], 'SubmitTimes': [1758829830.0], 'StartTimes': [], 'EndTimes': [], 'TotalUserCpuTimeHistory': [0.0], 'TotalSysCpuTimeHistory': [0.0], 'WallDurations': [0], 'JobIds': ['91763496.0'], 'State': 'idle', 'RecordedSite': False}, '749': {'Retries': 0, 'Restarts': 0, 'SiteHistory': ['Unknown'], 'ResidentSetSize': [0], 'SubmitTimes': [1758829837.0], 'StartTimes': [], 'EndTimes': [], 'TotalUserCpuTimeHistory': [0.0], 'TotalSysCpuTimeHistory': [0.0], 'WallDurations': [0], 'JobIds': ['91763517.0'], 'State': 'idle', 'RecordedSite': False}, '750': {'Retries': 0, 'Restarts': 0, 'SiteHistory': ['Unknown'], 'ResidentSetSize': [0], 'SubmitTimes': [1758829831.0], 'StartTimes': [], 'EndTimes': [], 'TotalUserCpuTimeHistory': [0.0], 'TotalSysCpuTimeHistory': [0.0], 'WallDurations': [0], 'JobIds': ['91763513.0'], 'State': 'idle', 'RecordedSite': False}, '751': {'Retries': 0, 'Restarts': 0, 'SiteHistory': ['Unknown'], 'ResidentSetSize': [0], 'SubmitTimes': [1758829837.0], 'StartTimes': [], 'EndTimes': [], 'TotalUserCpuTimeHistory': [0.0], 'TotalSysCpuTimeHistory': [0.0], 'WallDurations': [0], 'JobIds': ['91763515.0'], 'State': 'idle', 'RecordedSite': False}, '752': {'Retries': 0, 'Restarts': 0, 'SiteHistory': ['Unknown'], 'ResidentSetSize': [0], 'SubmitTimes': [1758829832.0], 'StartTimes': [], 'EndTimes': [], 'TotalUserCpuTimeHistory': [0.0], 'TotalSysCpuTimeHistory': [0.0], 'WallDurations': [0], 'JobIds': ['91763514.0'], 'State': 'idle', 'RecordedSite': False}, '753': {'Retries': 0, 'Restarts': 0, 'SiteHistory': ['Unknown'], 'ResidentSetSize': [0], 'SubmitTimes': [1758829838.0], 'StartTimes': [], 'EndTimes': [], 'TotalUserCpuTimeHistory': [0.0], 'TotalSysCpuTimeHistory': [0.0], 'WallDurations': [0], 'JobIds': ['91763521.0'], 'State': 'idle', 'RecordedSite': False}, '754': {'Retries': 0, 'Restarts': 0, 'SiteHistory': ['Unknown'], 'ResidentSetSize': [0], 'SubmitTimes': [1758829837.0], 'StartTimes': [], 'EndTimes': [], 'TotalUserCpuTimeHistory': [0.0], 'TotalSysCpuTimeHistory': [0.0], 'WallDurations': [0], 'JobIds': ['91763518.0'], 'State': 'idle', 'RecordedSite': False}, '755': {'Retries': 0, 'Restarts': 0, 'SiteHistory': ['Unknown'], 'ResidentSetSize': [0], 'SubmitTimes': [1758829831.0], 'StartTimes': [], 'EndTimes': [], 'TotalUserCpuTimeHistory': [0.0], 'TotalSysCpuTimeHistory': [0.0], 'WallDurations': [0], 'JobIds': ['91763512.0'], 'State': 'idle', 'RecordedSite': False}, '756': {'Retries': 0, 'Restarts': 0, 'SiteHistory': ['Unknown'], 'ResidentSetSize': [0], 'SubmitTimes': [1758829837.0], 'StartTimes': [], 'EndTimes': [], 'TotalUserCpuTimeHistory': [0.0], 'TotalSysCpuTimeHistory': [0.0], 'WallDurations': [0], 'JobIds': ['91763516.0'], 'State': 'idle', 'RecordedSite': False}, '757': {'Retries': 0, 'Restarts': 0, 'SiteHistory': ['Unknown'], 'ResidentSetSize': [0], 'SubmitTimes': [1758829838.0], 'StartTimes': [], 'EndTimes': [], 'TotalUserCpuTimeHistory': [0.0], 'TotalSysCpuTimeHistory': [0.0], 'WallDurations': [0], 'JobIds': ['91763522.0'], 'State': 'idle', 'RecordedSite': False}, '758': {'Retries': 0, 'Restarts': 0, 'SiteHistory': ['Unknown'], 'ResidentSetSize': [0], 'SubmitTimes': [1758829838.0], 'StartTimes': [], 'EndTimes': [], 'TotalUserCpuTimeHistory': [0.0], 'TotalSysCpuTimeHistory': [0.0], 'WallDurations': [0], 'JobIds': ['91763523.0'], 'State': 'idle', 'RecordedSite': False}, '759': {'Retries': 0, 'Restarts': 0, 'SiteHistory': ['Unknown'], 'ResidentSetSize': [0], 'SubmitTimes': [1758829837.0], 'StartTimes': [], 'EndTimes': [], 'TotalUserCpuTimeHistory': [0.0], 'TotalSysCpuTimeHistory': [0.0], 'WallDurations': [0], 'JobIds': ['91763520.0'], 'State': 'idle', 'RecordedSite': False}, '760': {'Retries': 0, 'Restarts': 0, 'SiteHistory': ['Unknown'], 'ResidentSetSize': [0], 'SubmitTimes': [1758829838.0], 'StartTimes': [], 'EndTimes': [], 'TotalUserCpuTimeHistory': [0.0], 'TotalSysCpuTimeHistory': [0.0], 'WallDurations': [0], 'JobIds': ['91763524.0'], 'State': 'idle', 'RecordedSite': False}, '761': {'Retries': 0, 'Restarts': 0, 'SiteHistory': ['Unknown'], 'ResidentSetSize': [0], 'SubmitTimes': [1758829837.0], 'StartTimes': [], 'EndTimes': [], 'TotalUserCpuTimeHistory': [0.0], 'TotalSysCpuTimeHistory': [0.0], 'WallDurations': [0], 'JobIds': ['91763519.0'], 'State': 'idle', 'RecordedSite': False}, '762': {'Retries': 0, 'Restarts': 0, 'SiteHistory': ['Unknown'], 'ResidentSetSize': [0], 'SubmitTimes': [1758829838.0], 'StartTimes': [], 'EndTimes': [], 'TotalUserCpuTimeHistory': [0.0], 'TotalSysCpuTimeHistory': [0.0], 'WallDurations': [0], 'JobIds': ['91763525.0'], 'State': 'idle', 'RecordedSite': False}, '763': {'Retries': 0, 'Restarts': 0, 'SiteHistory': ['Unknown'], 'ResidentSetSize': [0], 'SubmitTimes': [1758829838.0], 'StartTimes': [], 'EndTimes': [], 'TotalUserCpuTimeHistory': [0.0], 'TotalSysCpuTimeHistory': [0.0], 'WallDurations': [0], 'JobIds': ['91763526.0'], 'State': 'idle', 'RecordedSite': False}, '764': {'Retries': 0, 'Restarts': 0, 'SiteHistory': ['Unknown'], 'ResidentSetSize': [0], 'SubmitTimes': [1758829838.0], 'StartTimes': [], 'EndTimes': [], 'TotalUserCpuTimeHistory': [0.0], 'TotalSysCpuTimeHistory': [0.0], 'WallDurations': [0], 'JobIds': ['91763527.0'], 'State': 'idle', 'RecordedSite': False}, '765': {'Retries': 0, 'Restarts': 0, 'SiteHistory': ['Unknown'], 'ResidentSetSize': [0], 'SubmitTimes': [1758829838.0], 'StartTimes': [], 'EndTimes': [], 'TotalUserCpuTimeHistory': [0.0], 'TotalSysCpuTimeHistory': [0.0], 'WallDurations': [0], 'JobIds': ['91763528.0'], 'State': 'idle', 'RecordedSite': False}, '766': {'Retries': 0, 'Restarts': 0, 'SiteHistory': ['Unknown'], 'ResidentSetSize': [0], 'SubmitTimes': [1758829838.0], 'StartTimes': [], 'EndTimes': [], 'TotalUserCpuTimeHistory': [0.0], 'TotalSysCpuTimeHistory': [0.0], 'WallDurations': [0], 'JobIds': ['91763529.0'], 'State': 'idle', 'RecordedSite': False}, '767': {'Retries': 0, 'Restarts': 0, 'SiteHistory': ['Unknown'], 'ResidentSetSize': [0], 'SubmitTimes': [1758829838.0], 'StartTimes': [], 'EndTimes': [], 'TotalUserCpuTimeHistory': [0.0], 'TotalSysCpuTimeHistory': [0.0], 'WallDurations': [0], 'JobIds': ['91763530.0'], 'State': 'idle', 'RecordedSite': False}, '768': {'Retries': 0, 'Restarts': 0, 'SiteHistory': ['Unknown'], 'ResidentSetSize': [0], 'SubmitTimes': [1758829838.0], 'StartTimes': [], 'EndTimes': [], 'TotalUserCpuTimeHistory': [0.0], 'TotalSysCpuTimeHistory': [0.0], 'WallDurations': [0], 'JobIds': ['91763531.0'], 'State': 'idle', 'RecordedSite': False}, '769': {'Retries': 0, 'Restarts': 0, 'SiteHistory': ['Unknown'], 'ResidentSetSize': [0], 'SubmitTimes': [1758829838.0], 'StartTimes': [], 'EndTimes': [], 'TotalUserCpuTimeHistory': [0.0], 'TotalSysCpuTimeHistory': [0.0], 'WallDurations': [0], 'JobIds': ['91763532.0'], 'State': 'idle', 'RecordedSite': False}, '770': {'Retries': 0, 'Restarts': 0, 'SiteHistory': ['Unknown'], 'ResidentSetSize': [0], 'SubmitTimes': [1758829838.0], 'StartTimes': [], 'EndTimes': [], 'TotalUserCpuTimeHistory': [0.0], 'TotalSysCpuTimeHistory': [0.0], 'WallDurations': [0], 'JobIds': ['91763533.0'], 'State': 'idle', 'RecordedSite': False}, '771': {'Retries': 0, 'Restarts': 0, 'SiteHistory': ['Unknown'], 'ResidentSetSize': [0], 'SubmitTimes': [1758829838.0], 'StartTimes': [], 'EndTimes': [], 'TotalUserCpuTimeHistory': [0.0], 'TotalSysCpuTimeHistory': [0.0], 'WallDurations': [0], 'JobIds': ['91763534.0'], 'State': 'idle', 'RecordedSite': False}, '772': {'Retries': 0, 'Restarts': 0, 'SiteHistory': ['Unknown'], 'ResidentSetSize': [0], 'SubmitTimes': [1758829838.0], 'StartTimes': [], 'EndTimes': [], 'TotalUserCpuTimeHistory': [0.0], 'TotalSysCpuTimeHistory': [0.0], 'WallDurations': [0], 'JobIds': ['91763535.0'], 'State': 'idle', 'RecordedSite': False}, '773': {'Retries': 0, 'Restarts': 0, 'SiteHistory': ['Unknown'], 'ResidentSetSize': [0], 'SubmitTimes': [1758829838.0], 'StartTimes': [], 'EndTimes': [], 'TotalUserCpuTimeHistory': [0.0], 'TotalSysCpuTimeHistory': [0.0], 'WallDurations': [0], 'JobIds': ['91763536.0'], 'State': 'idle', 'RecordedSite': False}, '774': {'Retries': 0, 'Restarts': 0, 'SiteHistory': ['Unknown'], 'ResidentSetSize': [0], 'SubmitTimes': [1758829838.0], 'StartTimes': [], 'EndTimes': [], 'TotalUserCpuTimeHistory': [0.0], 'TotalSysCpuTimeHistory': [0.0], 'WallDurations': [0], 'JobIds': ['91763537.0'], 'State': 'idle', 'RecordedSite': False}, '775': {'Retries': 0, 'Restarts': 0, 'SiteHistory': ['Unknown'], 'ResidentSetSize': [0], 'SubmitTimes': [1758829838.0], 'StartTimes': [], 'EndTimes': [], 'TotalUserCpuTimeHistory': [0.0], 'TotalSysCpuTimeHistory': [0.0], 'WallDurations': [0], 'JobIds': ['91763538.0'], 'State': 'idle', 'RecordedSite': False}, '776': {'Retries': 0, 'Restarts': 0, 'SiteHistory': ['Unknown'], 'ResidentSetSize': [0], 'SubmitTimes': [1758829838.0], 'StartTimes': [], 'EndTimes': [], 'TotalUserCpuTimeHistory': [0.0], 'TotalSysCpuTimeHistory': [0.0], 'WallDurations': [0], 'JobIds': ['91763539.0'], 'State': 'idle', 'RecordedSite': False}, '777': {'Retries': 0, 'Restarts': 0, 'SiteHistory': ['Unknown'], 'ResidentSetSize': [0], 'SubmitTimes': [1758829838.0], 'StartTimes': [], 'EndTimes': [], 'TotalUserCpuTimeHistory': [0.0], 'TotalSysCpuTimeHistory': [0.0], 'WallDurations': [0], 'JobIds': ['91763540.0'], 'State': 'idle', 'RecordedSite': False}, '778': {'Retries': 0, 'Restarts': 0, 'SiteHistory': [], 'ResidentSetSize': [], 'SubmitTimes': [], 'StartTimes': [], 'EndTimes': [], 'TotalUserCpuTimeHistory': [], 'TotalSysCpuTimeHistory': [], 'WallDurations': [], 'JobIds': [], 'State': 'unsubmitted'}, '779': {'Retries': 0, 'Restarts': 0, 'SiteHistory': ['Unknown'], 'ResidentSetSize': [0], 'SubmitTimes': [1758829838.0], 'StartTimes': [], 'EndTimes': [], 'TotalUserCpuTimeHistory': [0.0], 'TotalSysCpuTimeHistory': [0.0], 'WallDurations': [0], 'JobIds': ['91763543.0'], 'State': 'idle', 'RecordedSite': False}, '780': {'Retries': 0, 'Restarts': 0, 'SiteHistory': ['Unknown'], 'ResidentSetSize': [0], 'SubmitTimes': [1758829838.0], 'StartTimes': [], 'EndTimes': [], 'TotalUserCpuTimeHistory': [0.0], 'TotalSysCpuTimeHistory': [0.0], 'WallDurations': [0], 'JobIds': ['91763542.0'], 'State': 'idle', 'RecordedSite': False}, '781': {'Retries': 0, 'Restarts': 0, 'SiteHistory': ['Unknown'], 'ResidentSetSize': [0], 'SubmitTimes': [1758829838.0], 'StartTimes': [], 'EndTimes': [], 'TotalUserCpuTimeHistory': [0.0], 'TotalSysCpuTimeHistory': [0.0], 'WallDurations': [0], 'JobIds': ['91763541.0'], 'State': 'idle', 'RecordedSite': False}, '782': {'Retries': 0, 'Restarts': 0, 'SiteHistory': ['Unknown'], 'ResidentSetSize': [0], 'SubmitTimes': [1758829839.0], 'StartTimes': [], 'EndTimes': [], 'TotalUserCpuTimeHistory': [0.0], 'TotalSysCpuTimeHistory': [0.0], 'WallDurations': [0], 'JobIds': ['91763551.0'], 'State': 'idle', 'RecordedSite': False}, '783': {'Retries': 0, 'Restarts': 0, 'SiteHistory': ['Unknown'], 'ResidentSetSize': [0], 'SubmitTimes': [1758829839.0], 'StartTimes': [], 'EndTimes': [], 'TotalUserCpuTimeHistory': [0.0], 'TotalSysCpuTimeHistory': [0.0], 'WallDurations': [0], 'JobIds': ['91763550.0'], 'State': 'idle', 'RecordedSite': False}, '784': {'Retries': 0, 'Restarts': 0, 'SiteHistory': ['Unknown'], 'ResidentSetSize': [0], 'SubmitTimes': [1758829839.0], 'StartTimes': [], 'EndTimes': [], 'TotalUserCpuTimeHistory': [0.0], 'TotalSysCpuTimeHistory': [0.0], 'WallDurations': [0], 'JobIds': ['91763558.0'], 'State': 'idle', 'RecordedSite': False}, '785': {'Retries': 0, 'Restarts': 0, 'SiteHistory': ['Unknown'], 'ResidentSetSize': [0], 'SubmitTimes': [1758829839.0], 'StartTimes': [], 'EndTimes': [], 'TotalUserCpuTimeHistory': [0.0], 'TotalSysCpuTimeHistory': [0.0], 'WallDurations': [0], 'JobIds': ['91763549.0'], 'State': 'idle', 'RecordedSite': False}, '786': {'Retries': 0, 'Restarts': 0, 'SiteHistory': ['Unknown'], 'ResidentSetSize': [0], 'SubmitTimes': [1758829839.0], 'StartTimes': [], 'EndTimes': [], 'TotalUserCpuTimeHistory': [0.0], 'TotalSysCpuTimeHistory': [0.0], 'WallDurations': [0], 'JobIds': ['91763557.0'], 'State': 'idle', 'RecordedSite': False}, '787': {'Retries': 0, 'Restarts': 0, 'SiteHistory': ['Unknown'], 'ResidentSetSize': [0], 'SubmitTimes': [1758829839.0], 'StartTimes': [], 'EndTimes': [], 'TotalUserCpuTimeHistory': [0.0], 'TotalSysCpuTimeHistory': [0.0], 'WallDurations': [0], 'JobIds': ['91763552.0'], 'State': 'idle', 'RecordedSite': False}, '788': {'Retries': 0, 'Restarts': 0, 'SiteHistory': ['Unknown'], 'ResidentSetSize': [0], 'SubmitTimes': [1758829839.0], 'StartTimes': [], 'EndTimes': [], 'TotalUserCpuTimeHistory': [0.0], 'TotalSysCpuTimeHistory': [0.0], 'WallDurations': [0], 'JobIds': ['91763559.0'], 'State': 'idle', 'RecordedSite': False}, '789': {'Retries': 0, 'Restarts': 0, 'SiteHistory': ['Unknown'], 'ResidentSetSize': [0], 'SubmitTimes': [1758829839.0], 'StartTimes': [], 'EndTimes': [], 'TotalUserCpuTimeHistory': [0.0], 'TotalSysCpuTimeHistory': [0.0], 'WallDurations': [0], 'JobIds': ['91763546.0'], 'State': 'idle', 'RecordedSite': False}, '790': {'Retries': 0, 'Restarts': 0, 'SiteHistory': ['Unknown'], 'ResidentSetSize': [0], 'SubmitTimes': [1758829838.0], 'StartTimes': [], 'EndTimes': [], 'TotalUserCpuTimeHistory': [0.0], 'TotalSysCpuTimeHistory': [0.0], 'WallDurations': [0], 'JobIds': ['91763545.0'], 'State': 'idle', 'RecordedSite': False}, '791': {'Retries': 0, 'Restarts': 0, 'SiteHistory': ['Unknown'], 'ResidentSetSize': [0], 'SubmitTimes': [1758829838.0], 'StartTimes': [], 'EndTimes': [], 'TotalUserCpuTimeHistory': [0.0], 'TotalSysCpuTimeHistory': [0.0], 'WallDurations': [0], 'JobIds': ['91763544.0'], 'State': 'idle', 'RecordedSite': False}, '792': {'Retries': 0, 'Restarts': 0, 'SiteHistory': ['Unknown'], 'ResidentSetSize': [0], 'SubmitTimes': [1758829839.0], 'StartTimes': [], 'EndTimes': [], 'TotalUserCpuTimeHistory': [0.0], 'TotalSysCpuTimeHistory': [0.0], 'WallDurations': [0], 'JobIds': ['91763560.0'], 'State': 'idle', 'RecordedSite': False}, '793': {'Retries': 0, 'Restarts': 0, 'SiteHistory': ['Unknown'], 'ResidentSetSize': [0], 'SubmitTimes': [1758829839.0], 'StartTimes': [], 'EndTimes': [], 'TotalUserCpuTimeHistory': [0.0], 'TotalSysCpuTimeHistory': [0.0], 'WallDurations': [0], 'JobIds': ['91763555.0'], 'State': 'idle', 'RecordedSite': False}, '794': {'Retries': 0, 'Restarts': 0, 'SiteHistory': ['Unknown'], 'ResidentSetSize': [0], 'SubmitTimes': [1758829839.0], 'StartTimes': [], 'EndTimes': [], 'TotalUserCpuTimeHistory': [0.0], 'TotalSysCpuTimeHistory': [0.0], 'WallDurations': [0], 'JobIds': ['91763556.0'], 'State': 'idle', 'RecordedSite': False}, '795': {'Retries': 0, 'Restarts': 0, 'SiteHistory': ['Unknown'], 'ResidentSetSize': [0], 'SubmitTimes': [1758829839.0], 'StartTimes': [], 'EndTimes': [], 'TotalUserCpuTimeHistory': [0.0], 'TotalSysCpuTimeHistory': [0.0], 'WallDurations': [0], 'JobIds': ['91763547.0'], 'State': 'idle', 'RecordedSite': False}, '796': {'Retries': 0, 'Restarts': 0, 'SiteHistory': ['Unknown'], 'ResidentSetSize': [0], 'SubmitTimes': [1758829839.0], 'StartTimes': [], 'EndTimes': [], 'TotalUserCpuTimeHistory': [0.0], 'TotalSysCpuTimeHistory': [0.0], 'WallDurations': [0], 'JobIds': ['91763554.0'], 'State': 'idle', 'RecordedSite': False}, '797': {'Retries': 0, 'Restarts': 0, 'SiteHistory': ['Unknown'], 'ResidentSetSize': [0], 'SubmitTimes': [1758829839.0], 'StartTimes': [], 'EndTimes': [], 'TotalUserCpuTimeHistory': [0.0], 'TotalSysCpuTimeHistory': [0.0], 'WallDurations': [0], 'JobIds': ['91763548.0'], 'State': 'idle', 'RecordedSite': False}, '798': {'Retries': 0, 'Restarts': 0, 'SiteHistory': ['Unknown'], 'ResidentSetSize': [0], 'SubmitTimes': [1758829839.0], 'StartTimes': [], 'EndTimes': [], 'TotalUserCpuTimeHistory': [0.0], 'TotalSysCpuTimeHistory': [0.0], 'WallDurations': [0], 'JobIds': ['91763553.0'], 'State': 'idle', 'RecordedSite': False}, '799': {'Retries': 0, 'Restarts': 0, 'SiteHistory': ['Unknown'], 'ResidentSetSize': [0], 'SubmitTimes': [1758829839.0], 'StartTimes': [], 'EndTimes': [], 'TotalUserCpuTimeHistory': [0.0], 'TotalSysCpuTimeHistory': [0.0], 'WallDurations': [0], 'JobIds': ['91763561.0'], 'State': 'idle', 'RecordedSite': False}, '800': {'Retries': 0, 'Restarts': 0, 'SiteHistory': ['Unknown'], 'ResidentSetSize': [0], 'SubmitTimes': [1758829839.0], 'StartTimes': [], 'EndTimes': [], 'TotalUserCpuTimeHistory': [0.0], 'TotalSysCpuTimeHistory': [0.0], 'WallDurations': [0], 'JobIds': ['91763562.0'], 'State': 'idle', 'RecordedSite': False}, '801': {'Retries': 0, 'Restarts': 0, 'SiteHistory': ['Unknown'], 'ResidentSetSize': [0], 'SubmitTimes': [1758829846.0], 'StartTimes': [], 'EndTimes': [], 'TotalUserCpuTimeHistory': [0.0], 'TotalSysCpuTimeHistory': [0.0], 'WallDurations': [0], 'JobIds': ['91763568.0'], 'State': 'idle', 'RecordedSite': False}, '802': {'Retries': 0, 'Restarts': 0, 'SiteHistory': ['Unknown'], 'ResidentSetSize': [0], 'SubmitTimes': [1758829846.0], 'StartTimes': [], 'EndTimes': [], 'TotalUserCpuTimeHistory': [0.0], 'TotalSysCpuTimeHistory': [0.0], 'WallDurations': [0], 'JobIds': ['91763569.0'], 'State': 'idle', 'RecordedSite': False}, '803': {'Retries': 0, 'Restarts': 0, 'SiteHistory': ['Unknown'], 'ResidentSetSize': [0], 'SubmitTimes': [1758829839.0], 'StartTimes': [], 'EndTimes': [], 'TotalUserCpuTimeHistory': [0.0], 'TotalSysCpuTimeHistory': [0.0], 'WallDurations': [0], 'JobIds': ['91763563.0'], 'State': 'idle', 'RecordedSite': False}, '804': {'Retries': 0, 'Restarts': 0, 'SiteHistory': ['Unknown'], 'ResidentSetSize': [0], 'SubmitTimes': [1758829846.0], 'StartTimes': [], 'EndTimes': [], 'TotalUserCpuTimeHistory': [0.0], 'TotalSysCpuTimeHistory': [0.0], 'WallDurations': [0], 'JobIds': ['91763570.0'], 'State': 'idle', 'RecordedSite': False}, '805': {'Retries': 0, 'Restarts': 0, 'SiteHistory': ['Unknown'], 'ResidentSetSize': [0], 'SubmitTimes': [1758829839.0], 'StartTimes': [], 'EndTimes': [], 'TotalUserCpuTimeHistory': [0.0], 'TotalSysCpuTimeHistory': [0.0], 'WallDurations': [0], 'JobIds': ['91763565.0'], 'State': 'idle', 'RecordedSite': False}, '806': {'Retries': 0, 'Restarts': 0, 'SiteHistory': ['Unknown'], 'ResidentSetSize': [0], 'SubmitTimes': [1758829846.0], 'StartTimes': [], 'EndTimes': [], 'TotalUserCpuTimeHistory': [0.0], 'TotalSysCpuTimeHistory': [0.0], 'WallDurations': [0], 'JobIds': ['91763571.0'], 'State': 'idle', 'RecordedSite': False}, '807': {'Retries': 0, 'Restarts': 0, 'SiteHistory': ['Unknown'], 'ResidentSetSize': [0], 'SubmitTimes': [1758829841.0], 'StartTimes': [], 'EndTimes': [], 'TotalUserCpuTimeHistory': [0.0], 'TotalSysCpuTimeHistory': [0.0], 'WallDurations': [0], 'JobIds': ['91763567.0'], 'State': 'idle', 'RecordedSite': False}, '808': {'Retries': 0, 'Restarts': 0, 'SiteHistory': ['Unknown'], 'ResidentSetSize': [0], 'SubmitTimes': [1758829846.0], 'StartTimes': [], 'EndTimes': [], 'TotalUserCpuTimeHistory': [0.0], 'TotalSysCpuTimeHistory': [0.0], 'WallDurations': [0], 'JobIds': ['91763572.0'], 'State': 'idle', 'RecordedSite': False}, '809': {'Retries': 0, 'Restarts': 0, 'SiteHistory': ['Unknown'], 'ResidentSetSize': [0], 'SubmitTimes': [1758829846.0], 'StartTimes': [], 'EndTimes': [], 'TotalUserCpuTimeHistory': [0.0], 'TotalSysCpuTimeHistory': [0.0], 'WallDurations': [0], 'JobIds': ['91763573.0'], 'State': 'idle', 'RecordedSite': False}, '810': {'Retries': 0, 'Restarts': 0, 'SiteHistory': ['Unknown'], 'ResidentSetSize': [0], 'SubmitTimes': [1758829846.0], 'StartTimes': [], 'EndTimes': [], 'TotalUserCpuTimeHistory': [0.0], 'TotalSysCpuTimeHistory': [0.0], 'WallDurations': [0], 'JobIds': ['91763574.0'], 'State': 'idle', 'RecordedSite': False}, '811': {'Retries': 0, 'Restarts': 0, 'SiteHistory': ['Unknown'], 'ResidentSetSize': [0], 'SubmitTimes': [1758829840.0], 'StartTimes': [], 'EndTimes': [], 'TotalUserCpuTimeHistory': [0.0], 'TotalSysCpuTimeHistory': [0.0], 'WallDurations': [0], 'JobIds': ['91763566.0'], 'State': 'idle', 'RecordedSite': False}, '812': {'Retries': 0, 'Restarts': 0, 'SiteHistory': ['Unknown'], 'ResidentSetSize': [0], 'SubmitTimes': [1758829846.0], 'StartTimes': [], 'EndTimes': [], 'TotalUserCpuTimeHistory': [0.0], 'TotalSysCpuTimeHistory': [0.0], 'WallDurations': [0], 'JobIds': ['91763575.0'], 'State': 'idle', 'RecordedSite': False}, '813': {'Retries': 0, 'Restarts': 0, 'SiteHistory': ['Unknown'], 'ResidentSetSize': [0], 'SubmitTimes': [1758829839.0], 'StartTimes': [], 'EndTimes': [], 'TotalUserCpuTimeHistory': [0.0], 'TotalSysCpuTimeHistory': [0.0], 'WallDurations': [0], 'JobIds': ['91763564.0'], 'State': 'idle', 'RecordedSite': False}, '814': {'Retries': 0, 'Restarts': 0, 'SiteHistory': ['Unknown'], 'ResidentSetSize': [0], 'SubmitTimes': [1758829846.0], 'StartTimes': [], 'EndTimes': [], 'TotalUserCpuTimeHistory': [0.0], 'TotalSysCpuTimeHistory': [0.0], 'WallDurations': [0], 'JobIds': ['91763576.0'], 'State': 'idle', 'RecordedSite': False}, '815': {'Retries': 0, 'Restarts': 0, 'SiteHistory': ['Unknown'], 'ResidentSetSize': [0], 'SubmitTimes': [1758829846.0], 'StartTimes': [], 'EndTimes': [], 'TotalUserCpuTimeHistory': [0.0], 'TotalSysCpuTimeHistory': [0.0], 'WallDurations': [0], 'JobIds': ['91763577.0'], 'State': 'idle', 'RecordedSite': False}, '816': {'Retries': 0, 'Restarts': 0, 'SiteHistory': ['Unknown'], 'ResidentSetSize': [0], 'SubmitTimes': [1758829846.0], 'StartTimes': [], 'EndTimes': [], 'TotalUserCpuTimeHistory': [0.0], 'TotalSysCpuTimeHistory': [0.0], 'WallDurations': [0], 'JobIds': ['91763578.0'], 'State': 'idle', 'RecordedSite': False}, '817': {'Retries': 0, 'Restarts': 0, 'SiteHistory': ['Unknown'], 'ResidentSetSize': [0], 'SubmitTimes': [1758829846.0], 'StartTimes': [], 'EndTimes': [], 'TotalUserCpuTimeHistory': [0.0], 'TotalSysCpuTimeHistory': [0.0], 'WallDurations': [0], 'JobIds': ['91763579.0'], 'State': 'idle', 'RecordedSite': False}, '818': {'Retries': 0, 'Restarts': 0, 'SiteHistory': ['Unknown'], 'ResidentSetSize': [0], 'SubmitTimes': [1758829846.0], 'StartTimes': [], 'EndTimes': [], 'TotalUserCpuTimeHistory': [0.0], 'TotalSysCpuTimeHistory': [0.0], 'WallDurations': [0], 'JobIds': ['91763580.0'], 'State': 'idle', 'RecordedSite': False}, '819': {'Retries': 0, 'Restarts': 0, 'SiteHistory': ['Unknown'], 'ResidentSetSize': [0], 'SubmitTimes': [1758829846.0], 'StartTimes': [], 'EndTimes': [], 'TotalUserCpuTimeHistory': [0.0], 'TotalSysCpuTimeHistory': [0.0], 'WallDurations': [0], 'JobIds': ['91763581.0'], 'State': 'idle', 'RecordedSite': False}, '820': {'Retries': 0, 'Restarts': 0, 'SiteHistory': ['Unknown'], 'ResidentSetSize': [0], 'SubmitTimes': [1758829846.0], 'StartTimes': [], 'EndTimes': [], 'TotalUserCpuTimeHistory': [0.0], 'TotalSysCpuTimeHistory': [0.0], 'WallDurations': [0], 'JobIds': ['91763582.0'], 'State': 'idle', 'RecordedSite': False}, '821': {'Retries': 0, 'Restarts': 0, 'SiteHistory': ['Unknown'], 'ResidentSetSize': [0], 'SubmitTimes': [1758829846.0], 'StartTimes': [], 'EndTimes': [], 'TotalUserCpuTimeHistory': [0.0], 'TotalSysCpuTimeHistory': [0.0], 'WallDurations': [0], 'JobIds': ['91763583.0'], 'State': 'idle', 'RecordedSite': False}, '822': {'Retries': 0, 'Restarts': 0, 'SiteHistory': ['Unknown'], 'ResidentSetSize': [0], 'SubmitTimes': [1758829846.0], 'StartTimes': [], 'EndTimes': [], 'TotalUserCpuTimeHistory': [0.0], 'TotalSysCpuTimeHistory': [0.0], 'WallDurations': [0], 'JobIds': ['91763584.0'], 'State': 'idle', 'RecordedSite': False}, '823': {'Retries': 0, 'Restarts': 0, 'SiteHistory': ['Unknown'], 'ResidentSetSize': [0], 'SubmitTimes': [1758829846.0], 'StartTimes': [], 'EndTimes': [], 'TotalUserCpuTimeHistory': [0.0], 'TotalSysCpuTimeHistory': [0.0], 'WallDurations': [0], 'JobIds': ['91763585.0'], 'State': 'idle', 'RecordedSite': False}, '824': {'Retries': 0, 'Restarts': 0, 'SiteHistory': ['Unknown'], 'ResidentSetSize': [0], 'SubmitTimes': [1758829846.0], 'StartTimes': [], 'EndTimes': [], 'TotalUserCpuTimeHistory': [0.0], 'TotalSysCpuTimeHistory': [0.0], 'WallDurations': [0], 'JobIds': ['91763586.0'], 'State': 'idle', 'RecordedSite': False}, '825': {'Retries': 0, 'Restarts': 0, 'SiteHistory': ['Unknown'], 'ResidentSetSize': [0], 'SubmitTimes': [1758829846.0], 'StartTimes': [], 'EndTimes': [], 'TotalUserCpuTimeHistory': [0.0], 'TotalSysCpuTimeHistory': [0.0], 'WallDurations': [0], 'JobIds': ['91763587.0'], 'State': 'idle', 'RecordedSite': False}, '826': {'Retries': 0, 'Restarts': 0, 'SiteHistory': [], 'ResidentSetSize': [], 'SubmitTimes': [], 'StartTimes': [], 'EndTimes': [], 'TotalUserCpuTimeHistory': [], 'TotalSysCpuTimeHistory': [], 'WallDurations': [], 'JobIds': [], 'State': 'unsubmitted'}, '827': {'Retries': 0, 'Restarts': 0, 'SiteHistory': ['Unknown'], 'ResidentSetSize': [0], 'SubmitTimes': [1758829847.0], 'StartTimes': [], 'EndTimes': [], 'TotalUserCpuTimeHistory': [0.0], 'TotalSysCpuTimeHistory': [0.0], 'WallDurations': [0], 'JobIds': ['91763591.0'], 'State': 'idle', 'RecordedSite': False}, '828': {'Retries': 0, 'Restarts': 0, 'SiteHistory': ['Unknown'], 'ResidentSetSize': [0], 'SubmitTimes': [1758829847.0], 'StartTimes': [], 'EndTimes': [], 'TotalUserCpuTimeHistory': [0.0], 'TotalSysCpuTimeHistory': [0.0], 'WallDurations': [0], 'JobIds': ['91763600.0'], 'State': 'idle', 'RecordedSite': False}, '829': {'Retries': 0, 'Restarts': 0, 'SiteHistory': ['Unknown'], 'ResidentSetSize': [0], 'SubmitTimes': [1758829846.0], 'StartTimes': [], 'EndTimes': [], 'TotalUserCpuTimeHistory': [0.0], 'TotalSysCpuTimeHistory': [0.0], 'WallDurations': [0], 'JobIds': ['91763588.0'], 'State': 'idle', 'RecordedSite': False}, '830': {'Retries': 0, 'Restarts': 0, 'SiteHistory': ['Unknown'], 'ResidentSetSize': [0], 'SubmitTimes': [1758829847.0], 'StartTimes': [], 'EndTimes': [], 'TotalUserCpuTimeHistory': [0.0], 'TotalSysCpuTimeHistory': [0.0], 'WallDurations': [0], 'JobIds': ['91763607.0'], 'State': 'idle', 'RecordedSite': False}, '831': {'Retries': 0, 'Restarts': 0, 'SiteHistory': ['Unknown'], 'ResidentSetSize': [0], 'SubmitTimes': [1758829847.0], 'StartTimes': [], 'EndTimes': [], 'TotalUserCpuTimeHistory': [0.0], 'TotalSysCpuTimeHistory': [0.0], 'WallDurations': [0], 'JobIds': ['91763602.0'], 'State': 'idle', 'RecordedSite': False}, '832': {'Retries': 0, 'Restarts': 0, 'SiteHistory': ['Unknown'], 'ResidentSetSize': [0], 'SubmitTimes': [1758829847.0], 'StartTimes': [], 'EndTimes': [], 'TotalUserCpuTimeHistory': [0.0], 'TotalSysCpuTimeHistory': [0.0], 'WallDurations': [0], 'JobIds': ['91763597.0'], 'State': 'idle', 'RecordedSite': False}, '833': {'Retries': 0, 'Restarts': 0, 'SiteHistory': ['Unknown'], 'ResidentSetSize': [0], 'SubmitTimes': [1758829847.0], 'StartTimes': [], 'EndTimes': [], 'TotalUserCpuTimeHistory': [0.0], 'TotalSysCpuTimeHistory': [0.0], 'WallDurations': [0], 'JobIds': ['91763598.0'], 'State': 'idle', 'RecordedSite': False}, '834': {'Retries': 0, 'Restarts': 0, 'SiteHistory': ['Unknown'], 'ResidentSetSize': [0], 'SubmitTimes': [1758829847.0], 'StartTimes': [], 'EndTimes': [], 'TotalUserCpuTimeHistory': [0.0], 'TotalSysCpuTimeHistory': [0.0], 'WallDurations': [0], 'JobIds': ['91763594.0'], 'State': 'idle', 'RecordedSite': False}, '835': {'Retries': 0, 'Restarts': 0, 'SiteHistory': ['Unknown'], 'ResidentSetSize': [0], 'SubmitTimes': [1758829846.0], 'StartTimes': [], 'EndTimes': [], 'TotalUserCpuTimeHistory': [0.0], 'TotalSysCpuTimeHistory': [0.0], 'WallDurations': [0], 'JobIds': ['91763589.0'], 'State': 'idle', 'RecordedSite': False}, '836': {'Retries': 0, 'Restarts': 0, 'SiteHistory': ['Unknown'], 'ResidentSetSize': [0], 'SubmitTimes': [1758829847.0], 'StartTimes': [], 'EndTimes': [], 'TotalUserCpuTimeHistory': [0.0], 'TotalSysCpuTimeHistory': [0.0], 'WallDurations': [0], 'JobIds': ['91763592.0'], 'State': 'idle', 'RecordedSite': False}, '837': {'Retries': 0, 'Restarts': 0, 'SiteHistory': ['Unknown'], 'ResidentSetSize': [0], 'SubmitTimes': [1758829846.0], 'StartTimes': [], 'EndTimes': [], 'TotalUserCpuTimeHistory': [0.0], 'TotalSysCpuTimeHistory': [0.0], 'WallDurations': [0], 'JobIds': ['91763590.0'], 'State': 'idle', 'RecordedSite': False}, '838': {'Retries': 0, 'Restarts': 0, 'SiteHistory': ['Unknown'], 'ResidentSetSize': [0], 'SubmitTimes': [1758829847.0], 'StartTimes': [], 'EndTimes': [], 'TotalUserCpuTimeHistory': [0.0], 'TotalSysCpuTimeHistory': [0.0], 'WallDurations': [0], 'JobIds': ['91763599.0'], 'State': 'idle', 'RecordedSite': False}, '839': {'Retries': 0, 'Restarts': 0, 'SiteHistory': ['Unknown'], 'ResidentSetSize': [0], 'SubmitTimes': [1758829847.0], 'StartTimes': [], 'EndTimes': [], 'TotalUserCpuTimeHistory': [0.0], 'TotalSysCpuTimeHistory': [0.0], 'WallDurations': [0], 'JobIds': ['91763603.0'], 'State': 'idle', 'RecordedSite': False}, '840': {'Retries': 0, 'Restarts': 0, 'SiteHistory': ['Unknown'], 'ResidentSetSize': [0], 'SubmitTimes': [1758829847.0], 'StartTimes': [], 'EndTimes': [], 'TotalUserCpuTimeHistory': [0.0], 'TotalSysCpuTimeHistory': [0.0], 'WallDurations': [0], 'JobIds': ['91763596.0'], 'State': 'idle', 'RecordedSite': False}, '841': {'Retries': 0, 'Restarts': 0, 'SiteHistory': ['Unknown'], 'ResidentSetSize': [0], 'SubmitTimes': [1758829847.0], 'StartTimes': [], 'EndTimes': [], 'TotalUserCpuTimeHistory': [0.0], 'TotalSysCpuTimeHistory': [0.0], 'WallDurations': [0], 'JobIds': ['91763595.0'], 'State': 'idle', 'RecordedSite': False}, '842': {'Retries': 0, 'Restarts': 0, 'SiteHistory': ['Unknown'], 'ResidentSetSize': [0], 'SubmitTimes': [1758829847.0], 'StartTimes': [], 'EndTimes': [], 'TotalUserCpuTimeHistory': [0.0], 'TotalSysCpuTimeHistory': [0.0], 'WallDurations': [0], 'JobIds': ['91763604.0'], 'State': 'idle', 'RecordedSite': False}, '843': {'Retries': 0, 'Restarts': 0, 'SiteHistory': ['Unknown'], 'ResidentSetSize': [0], 'SubmitTimes': [1758829847.0], 'StartTimes': [], 'EndTimes': [], 'TotalUserCpuTimeHistory': [0.0], 'TotalSysCpuTimeHistory': [0.0], 'WallDurations': [0], 'JobIds': ['91763601.0'], 'State': 'idle', 'RecordedSite': False}, '844': {'Retries': 0, 'Restarts': 0, 'SiteHistory': ['Unknown'], 'ResidentSetSize': [0], 'SubmitTimes': [1758829847.0], 'StartTimes': [], 'EndTimes': [], 'TotalUserCpuTimeHistory': [0.0], 'TotalSysCpuTimeHistory': [0.0], 'WallDurations': [0], 'JobIds': ['91763593.0'], 'State': 'idle', 'RecordedSite': False}, '845': {'Retries': 0, 'Restarts': 0, 'SiteHistory': ['Unknown'], 'ResidentSetSize': [0], 'SubmitTimes': [1758829847.0], 'StartTimes': [], 'EndTimes': [], 'TotalUserCpuTimeHistory': [0.0], 'TotalSysCpuTimeHistory': [0.0], 'WallDurations': [0], 'JobIds': ['91763605.0'], 'State': 'idle', 'RecordedSite': False}, '846': {'Retries': 0, 'Restarts': 0, 'SiteHistory': ['Unknown'], 'ResidentSetSize': [0], 'SubmitTimes': [1758829847.0], 'StartTimes': [], 'EndTimes': [], 'TotalUserCpuTimeHistory': [0.0], 'TotalSysCpuTimeHistory': [0.0], 'WallDurations': [0], 'JobIds': ['91763606.0'], 'State': 'idle', 'RecordedSite': False}, '847': {'Retries': 0, 'Restarts': 0, 'SiteHistory': ['Unknown'], 'ResidentSetSize': [0], 'SubmitTimes': [1758829847.0], 'StartTimes': [], 'EndTimes': [], 'TotalUserCpuTimeHistory': [0.0], 'TotalSysCpuTimeHistory': [0.0], 'WallDurations': [0], 'JobIds': ['91763608.0'], 'State': 'idle', 'RecordedSite': False}, '848': {'Retries': 0, 'Restarts': 0, 'SiteHistory': ['Unknown'], 'ResidentSetSize': [0], 'SubmitTimes': [1758829847.0], 'StartTimes': [], 'EndTimes': [], 'TotalUserCpuTimeHistory': [0.0], 'TotalSysCpuTimeHistory': [0.0], 'WallDurations': [0], 'JobIds': ['91763609.0'], 'State': 'idle', 'RecordedSite': False}, '849': {'Retries': 0, 'Restarts': 0, 'SiteHistory': ['Unknown'], 'ResidentSetSize': [0], 'SubmitTimes': [1758829847.0], 'StartTimes': [], 'EndTimes': [], 'TotalUserCpuTimeHistory': [0.0], 'TotalSysCpuTimeHistory': [0.0], 'WallDurations': [0], 'JobIds': ['91763610.0'], 'State': 'idle', 'RecordedSite': False}, '850': {'Retries': 0, 'Restarts': 0, 'SiteHistory': ['Unknown'], 'ResidentSetSize': [0], 'SubmitTimes': [1758829847.0], 'StartTimes': [], 'EndTimes': [], 'TotalUserCpuTimeHistory': [0.0], 'TotalSysCpuTimeHistory': [0.0], 'WallDurations': [0], 'JobIds': ['91763615.0'], 'State': 'idle', 'RecordedSite': False}, '851': {'Retries': 0, 'Restarts': 0, 'SiteHistory': ['Unknown'], 'ResidentSetSize': [0], 'SubmitTimes': [1758829848.0], 'StartTimes': [], 'EndTimes': [], 'TotalUserCpuTimeHistory': [0.0], 'TotalSysCpuTimeHistory': [0.0], 'WallDurations': [0], 'JobIds': ['91763618.0'], 'State': 'idle', 'RecordedSite': False}, '852': {'Retries': 0, 'Restarts': 0, 'SiteHistory': ['Unknown'], 'ResidentSetSize': [0], 'SubmitTimes': [1758829847.0], 'StartTimes': [], 'EndTimes': [], 'TotalUserCpuTimeHistory': [0.0], 'TotalSysCpuTimeHistory': [0.0], 'WallDurations': [0], 'JobIds': ['91763614.0'], 'State': 'idle', 'RecordedSite': False}, '853': {'Retries': 0, 'Restarts': 0, 'SiteHistory': ['Unknown'], 'ResidentSetSize': [0], 'SubmitTimes': [1758829847.0], 'StartTimes': [], 'EndTimes': [], 'TotalUserCpuTimeHistory': [0.0], 'TotalSysCpuTimeHistory': [0.0], 'WallDurations': [0], 'JobIds': ['91763613.0'], 'State': 'idle', 'RecordedSite': False}, '854': {'Retries': 0, 'Restarts': 0, 'SiteHistory': ['Unknown'], 'ResidentSetSize': [0], 'SubmitTimes': [1758829848.0], 'StartTimes': [], 'EndTimes': [], 'TotalUserCpuTimeHistory': [0.0], 'TotalSysCpuTimeHistory': [0.0], 'WallDurations': [0], 'JobIds': ['91763619.0'], 'State': 'idle', 'RecordedSite': False}, '855': {'Retries': 0, 'Restarts': 0, 'SiteHistory': ['Unknown'], 'ResidentSetSize': [0], 'SubmitTimes': [1758829853.0], 'StartTimes': [], 'EndTimes': [], 'TotalUserCpuTimeHistory': [0.0], 'TotalSysCpuTimeHistory': [0.0], 'WallDurations': [0], 'JobIds': ['91763622.0'], 'State': 'idle', 'RecordedSite': False}, '856': {'Retries': 0, 'Restarts': 0, 'SiteHistory': ['Unknown'], 'ResidentSetSize': [0], 'SubmitTimes': [1758829847.0], 'StartTimes': [], 'EndTimes': [], 'TotalUserCpuTimeHistory': [0.0], 'TotalSysCpuTimeHistory': [0.0], 'WallDurations': [0], 'JobIds': ['91763612.0'], 'State': 'idle', 'RecordedSite': False}, '857': {'Retries': 0, 'Restarts': 0, 'SiteHistory': ['Unknown'], 'ResidentSetSize': [0], 'SubmitTimes': [1758829848.0], 'StartTimes': [], 'EndTimes': [], 'TotalUserCpuTimeHistory': [0.0], 'TotalSysCpuTimeHistory': [0.0], 'WallDurations': [0], 'JobIds': ['91763617.0'], 'State': 'idle', 'RecordedSite': False}, '858': {'Retries': 0, 'Restarts': 0, 'SiteHistory': ['Unknown'], 'ResidentSetSize': [0], 'SubmitTimes': [1758829848.0], 'StartTimes': [], 'EndTimes': [], 'TotalUserCpuTimeHistory': [0.0], 'TotalSysCpuTimeHistory': [0.0], 'WallDurations': [0], 'JobIds': ['91763620.0'], 'State': 'idle', 'RecordedSite': False}, '859': {'Retries': 0, 'Restarts': 0, 'SiteHistory': ['Unknown'], 'ResidentSetSize': [0], 'SubmitTimes': [1758829848.0], 'StartTimes': [], 'EndTimes': [], 'TotalUserCpuTimeHistory': [0.0], 'TotalSysCpuTimeHistory': [0.0], 'WallDurations': [0], 'JobIds': ['91763621.0'], 'State': 'idle', 'RecordedSite': False}, '860': {'Retries': 0, 'Restarts': 0, 'SiteHistory': ['Unknown'], 'ResidentSetSize': [0], 'SubmitTimes': [1758829848.0], 'StartTimes': [], 'EndTimes': [], 'TotalUserCpuTimeHistory': [0.0], 'TotalSysCpuTimeHistory': [0.0], 'WallDurations': [0], 'JobIds': ['91763616.0'], 'State': 'idle', 'RecordedSite': False}, '861': {'Retries': 0, 'Restarts': 0, 'SiteHistory': ['Unknown'], 'ResidentSetSize': [0], 'SubmitTimes': [1758829847.0], 'StartTimes': [], 'EndTimes': [], 'TotalUserCpuTimeHistory': [0.0], 'TotalSysCpuTimeHistory': [0.0], 'WallDurations': [0], 'JobIds': ['91763611.0'], 'State': 'idle', 'RecordedSite': False}, '862': {'Retries': 0, 'Restarts': 0, 'SiteHistory': ['Unknown'], 'ResidentSetSize': [0], 'SubmitTimes': [1758829853.0], 'StartTimes': [], 'EndTimes': [], 'TotalUserCpuTimeHistory': [0.0], 'TotalSysCpuTimeHistory': [0.0], 'WallDurations': [0], 'JobIds': ['91763623.0'], 'State': 'idle', 'RecordedSite': False}, '863': {'Retries': 0, 'Restarts': 0, 'SiteHistory': ['Unknown'], 'ResidentSetSize': [0], 'SubmitTimes': [1758829853.0], 'StartTimes': [], 'EndTimes': [], 'TotalUserCpuTimeHistory': [0.0], 'TotalSysCpuTimeHistory': [0.0], 'WallDurations': [0], 'JobIds': ['91763624.0'], 'State': 'idle', 'RecordedSite': False}, '864': {'Retries': 0, 'Restarts': 0, 'SiteHistory': ['Unknown'], 'ResidentSetSize': [0], 'SubmitTimes': [1758829853.0], 'StartTimes': [], 'EndTimes': [], 'TotalUserCpuTimeHistory': [0.0], 'TotalSysCpuTimeHistory': [0.0], 'WallDurations': [0], 'JobIds': ['91763625.0'], 'State': 'idle', 'RecordedSite': False}, '865': {'Retries': 0, 'Restarts': 0, 'SiteHistory': ['Unknown'], 'ResidentSetSize': [0], 'SubmitTimes': [1758829853.0], 'StartTimes': [], 'EndTimes': [], 'TotalUserCpuTimeHistory': [0.0], 'TotalSysCpuTimeHistory': [0.0], 'WallDurations': [0], 'JobIds': ['91763626.0'], 'State': 'idle', 'RecordedSite': False}, '866': {'Retries': 0, 'Restarts': 0, 'SiteHistory': ['Unknown'], 'ResidentSetSize': [0], 'SubmitTimes': [1758829853.0], 'StartTimes': [], 'EndTimes': [], 'TotalUserCpuTimeHistory': [0.0], 'TotalSysCpuTimeHistory': [0.0], 'WallDurations': [0], 'JobIds': ['91763627.0'], 'State': 'idle', 'RecordedSite': False}, '867': {'Retries': 0, 'Restarts': 0, 'SiteHistory': ['Unknown'], 'ResidentSetSize': [0], 'SubmitTimes': [1758829853.0], 'StartTimes': [], 'EndTimes': [], 'TotalUserCpuTimeHistory': [0.0], 'TotalSysCpuTimeHistory': [0.0], 'WallDurations': [0], 'JobIds': ['91763628.0'], 'State': 'idle', 'RecordedSite': False}, '868': {'Retries': 0, 'Restarts': 0, 'SiteHistory': ['Unknown'], 'ResidentSetSize': [0], 'SubmitTimes': [1758829853.0], 'StartTimes': [], 'EndTimes': [], 'TotalUserCpuTimeHistory': [0.0], 'TotalSysCpuTimeHistory': [0.0], 'WallDurations': [0], 'JobIds': ['91763629.0'], 'State': 'idle', 'RecordedSite': False}, '869': {'Retries': 0, 'Restarts': 0, 'SiteHistory': ['Unknown'], 'ResidentSetSize': [0], 'SubmitTimes': [1758829853.0], 'StartTimes': [], 'EndTimes': [], 'TotalUserCpuTimeHistory': [0.0], 'TotalSysCpuTimeHistory': [0.0], 'WallDurations': [0], 'JobIds': ['91763630.0'], 'State': 'idle', 'RecordedSite': False}, '870': {'Retries': 0, 'Restarts': 0, 'SiteHistory': ['Unknown'], 'ResidentSetSize': [0], 'SubmitTimes': [1758829853.0], 'StartTimes': [], 'EndTimes': [], 'TotalUserCpuTimeHistory': [0.0], 'TotalSysCpuTimeHistory': [0.0], 'WallDurations': [0], 'JobIds': ['91763631.0'], 'State': 'idle', 'RecordedSite': False}, '871': {'Retries': 0, 'Restarts': 0, 'SiteHistory': ['Unknown'], 'ResidentSetSize': [0], 'SubmitTimes': [1758829853.0], 'StartTimes': [], 'EndTimes': [], 'TotalUserCpuTimeHistory': [0.0], 'TotalSysCpuTimeHistory': [0.0], 'WallDurations': [0], 'JobIds': ['91763632.0'], 'State': 'idle', 'RecordedSite': False}, '872': {'Retries': 0, 'Restarts': 0, 'SiteHistory': ['Unknown'], 'ResidentSetSize': [0], 'SubmitTimes': [1758829853.0], 'StartTimes': [], 'EndTimes': [], 'TotalUserCpuTimeHistory': [0.0], 'TotalSysCpuTimeHistory': [0.0], 'WallDurations': [0], 'JobIds': ['91763633.0'], 'State': 'idle', 'RecordedSite': False}, '873': {'Retries': 0, 'Restarts': 0, 'SiteHistory': ['Unknown'], 'ResidentSetSize': [0], 'SubmitTimes': [1758829853.0], 'StartTimes': [], 'EndTimes': [], 'TotalUserCpuTimeHistory': [0.0], 'TotalSysCpuTimeHistory': [0.0], 'WallDurations': [0], 'JobIds': ['91763634.0'], 'State': 'idle', 'RecordedSite': False}, '874': {'Retries': 0, 'Restarts': 0, 'SiteHistory': ['Unknown'], 'ResidentSetSize': [0], 'SubmitTimes': [1758829854.0], 'StartTimes': [], 'EndTimes': [], 'TotalUserCpuTimeHistory': [0.0], 'TotalSysCpuTimeHistory': [0.0], 'WallDurations': [0], 'JobIds': ['91763635.0'], 'State': 'idle', 'RecordedSite': False}, '875': {'Retries': 0, 'Restarts': 0, 'SiteHistory': ['Unknown'], 'ResidentSetSize': [0], 'SubmitTimes': [1758829854.0], 'StartTimes': [], 'EndTimes': [], 'TotalUserCpuTimeHistory': [0.0], 'TotalSysCpuTimeHistory': [0.0], 'WallDurations': [0], 'JobIds': ['91763636.0'], 'State': 'idle', 'RecordedSite': False}, '876': {'Retries': 0, 'Restarts': 0, 'SiteHistory': ['Unknown'], 'ResidentSetSize': [0], 'SubmitTimes': [1758829854.0], 'StartTimes': [], 'EndTimes': [], 'TotalUserCpuTimeHistory': [0.0], 'TotalSysCpuTimeHistory': [0.0], 'WallDurations': [0], 'JobIds': ['91763637.0'], 'State': 'idle', 'RecordedSite': False}, '877': {'Retries': 0, 'Restarts': 0, 'SiteHistory': ['Unknown'], 'ResidentSetSize': [0], 'SubmitTimes': [1758829854.0], 'StartTimes': [], 'EndTimes': [], 'TotalUserCpuTimeHistory': [0.0], 'TotalSysCpuTimeHistory': [0.0], 'WallDurations': [0], 'JobIds': ['91763638.0'], 'State': 'idle', 'RecordedSite': False}, '878': {'Retries': 0, 'Restarts': 0, 'SiteHistory': ['Unknown'], 'ResidentSetSize': [0], 'SubmitTimes': [1758829854.0], 'StartTimes': [], 'EndTimes': [], 'TotalUserCpuTimeHistory': [0.0], 'TotalSysCpuTimeHistory': [0.0], 'WallDurations': [0], 'JobIds': ['91763639.0'], 'State': 'idle', 'RecordedSite': False}, '879': {'Retries': 0, 'Restarts': 0, 'SiteHistory': ['Unknown'], 'ResidentSetSize': [0], 'SubmitTimes': [1758829855.0], 'StartTimes': [], 'EndTimes': [], 'TotalUserCpuTimeHistory': [0.0], 'TotalSysCpuTimeHistory': [0.0], 'WallDurations': [0], 'JobIds': ['91763640.0'], 'State': 'idle', 'RecordedSite': False}, '880': {'Retries': 0, 'Restarts': 0, 'SiteHistory': ['Unknown'], 'ResidentSetSize': [0], 'SubmitTimes': [1758829855.0], 'StartTimes': [], 'EndTimes': [], 'TotalUserCpuTimeHistory': [0.0], 'TotalSysCpuTimeHistory': [0.0], 'WallDurations': [0], 'JobIds': ['91763641.0'], 'State': 'idle', 'RecordedSite': False}, '881': {'Retries': 0, 'Restarts': 0, 'SiteHistory': [], 'ResidentSetSize': [], 'SubmitTimes': [], 'StartTimes': [], 'EndTimes': [], 'TotalUserCpuTimeHistory': [], 'TotalSysCpuTimeHistory': [], 'WallDurations': [], 'JobIds': [], 'State': 'unsubmitted'}, '882': {'Retries': 0, 'Restarts': 0, 'SiteHistory': ['Unknown'], 'ResidentSetSize': [0], 'SubmitTimes': [1758829855.0], 'StartTimes': [], 'EndTimes': [], 'TotalUserCpuTimeHistory': [0.0], 'TotalSysCpuTimeHistory': [0.0], 'WallDurations': [0], 'JobIds': ['91763642.0'], 'State': 'idle', 'RecordedSite': False}, '883': {'Retries': 0, 'Restarts': 0, 'SiteHistory': ['Unknown'], 'ResidentSetSize': [0], 'SubmitTimes': [1758829855.0], 'StartTimes': [], 'EndTimes': [], 'TotalUserCpuTimeHistory': [0.0], 'TotalSysCpuTimeHistory': [0.0], 'WallDurations': [0], 'JobIds': ['91763652.0'], 'State': 'idle', 'RecordedSite': False}, '884': {'Retries': 0, 'Restarts': 0, 'SiteHistory': ['Unknown'], 'ResidentSetSize': [0], 'SubmitTimes': [1758829855.0], 'StartTimes': [], 'EndTimes': [], 'TotalUserCpuTimeHistory': [0.0], 'TotalSysCpuTimeHistory': [0.0], 'WallDurations': [0], 'JobIds': ['91763645.0'], 'State': 'idle', 'RecordedSite': False}, '885': {'Retries': 0, 'Restarts': 0, 'SiteHistory': ['Unknown'], 'ResidentSetSize': [0], 'SubmitTimes': [1758829855.0], 'StartTimes': [], 'EndTimes': [], 'TotalUserCpuTimeHistory': [0.0], 'TotalSysCpuTimeHistory': [0.0], 'WallDurations': [0], 'JobIds': ['91763654.0'], 'State': 'idle', 'RecordedSite': False}, '886': {'Retries': 0, 'Restarts': 0, 'SiteHistory': ['Unknown'], 'ResidentSetSize': [0], 'SubmitTimes': [1758829855.0], 'StartTimes': [], 'EndTimes': [], 'TotalUserCpuTimeHistory': [0.0], 'TotalSysCpuTimeHistory': [0.0], 'WallDurations': [0], 'JobIds': ['91763644.0'], 'State': 'idle', 'RecordedSite': False}, '887': {'Retries': 0, 'Restarts': 0, 'SiteHistory': ['Unknown'], 'ResidentSetSize': [0], 'SubmitTimes': [1758829855.0], 'StartTimes': [], 'EndTimes': [], 'TotalUserCpuTimeHistory': [0.0], 'TotalSysCpuTimeHistory': [0.0], 'WallDurations': [0], 'JobIds': ['91763650.0'], 'State': 'idle', 'RecordedSite': False}, '888': {'Retries': 0, 'Restarts': 0, 'SiteHistory': ['Unknown'], 'ResidentSetSize': [0], 'SubmitTimes': [1758829855.0], 'StartTimes': [], 'EndTimes': [], 'TotalUserCpuTimeHistory': [0.0], 'TotalSysCpuTimeHistory': [0.0], 'WallDurations': [0], 'JobIds': ['91763643.0'], 'State': 'idle', 'RecordedSite': False}, '889': {'Retries': 0, 'Restarts': 0, 'SiteHistory': ['Unknown'], 'ResidentSetSize': [0], 'SubmitTimes': [1758829855.0], 'StartTimes': [], 'EndTimes': [], 'TotalUserCpuTimeHistory': [0.0], 'TotalSysCpuTimeHistory': [0.0], 'WallDurations': [0], 'JobIds': ['91763646.0'], 'State': 'idle', 'RecordedSite': False}, '890': {'Retries': 0, 'Restarts': 0, 'SiteHistory': ['Unknown'], 'ResidentSetSize': [0], 'SubmitTimes': [1758829855.0], 'StartTimes': [], 'EndTimes': [], 'TotalUserCpuTimeHistory': [0.0], 'TotalSysCpuTimeHistory': [0.0], 'WallDurations': [0], 'JobIds': ['91763653.0'], 'State': 'idle', 'RecordedSite': False}, '891': {'Retries': 0, 'Restarts': 0, 'SiteHistory': ['Unknown'], 'ResidentSetSize': [0], 'SubmitTimes': [1758829855.0], 'StartTimes': [], 'EndTimes': [], 'TotalUserCpuTimeHistory': [0.0], 'TotalSysCpuTimeHistory': [0.0], 'WallDurations': [0], 'JobIds': ['91763655.0'], 'State': 'idle', 'RecordedSite': False}, '892': {'Retries': 0, 'Restarts': 0, 'SiteHistory': ['Unknown'], 'ResidentSetSize': [0], 'SubmitTimes': [1758829855.0], 'StartTimes': [], 'EndTimes': [], 'TotalUserCpuTimeHistory': [0.0], 'TotalSysCpuTimeHistory': [0.0], 'WallDurations': [0], 'JobIds': ['91763647.0'], 'State': 'idle', 'RecordedSite': False}, '893': {'Retries': 0, 'Restarts': 0, 'SiteHistory': ['Unknown'], 'ResidentSetSize': [0], 'SubmitTimes': [1758829855.0], 'StartTimes': [], 'EndTimes': [], 'TotalUserCpuTimeHistory': [0.0], 'TotalSysCpuTimeHistory': [0.0], 'WallDurations': [0], 'JobIds': ['91763648.0'], 'State': 'idle', 'RecordedSite': False}, '894': {'Retries': 0, 'Restarts': 0, 'SiteHistory': ['Unknown'], 'ResidentSetSize': [0], 'SubmitTimes': [1758829855.0], 'StartTimes': [], 'EndTimes': [], 'TotalUserCpuTimeHistory': [0.0], 'TotalSysCpuTimeHistory': [0.0], 'WallDurations': [0], 'JobIds': ['91763651.0'], 'State': 'idle', 'RecordedSite': False}, '895': {'Retries': 0, 'Restarts': 0, 'SiteHistory': ['Unknown'], 'ResidentSetSize': [0], 'SubmitTimes': [1758829855.0], 'StartTimes': [], 'EndTimes': [], 'TotalUserCpuTimeHistory': [0.0], 'TotalSysCpuTimeHistory': [0.0], 'WallDurations': [0], 'JobIds': ['91763649.0'], 'State': 'idle', 'RecordedSite': False}, '896': {'Retries': 0, 'Restarts': 0, 'SiteHistory': ['Unknown'], 'ResidentSetSize': [0], 'SubmitTimes': [1758829856.0], 'StartTimes': [], 'EndTimes': [], 'TotalUserCpuTimeHistory': [0.0], 'TotalSysCpuTimeHistory': [0.0], 'WallDurations': [0], 'JobIds': ['91763669.0'], 'State': 'idle', 'RecordedSite': False}, '897': {'Retries': 0, 'Restarts': 0, 'SiteHistory': ['Unknown'], 'ResidentSetSize': [0], 'SubmitTimes': [1758829855.0], 'StartTimes': [], 'EndTimes': [], 'TotalUserCpuTimeHistory': [0.0], 'TotalSysCpuTimeHistory': [0.0], 'WallDurations': [0], 'JobIds': ['91763657.0'], 'State': 'idle', 'RecordedSite': False}, '898': {'Retries': 0, 'Restarts': 0, 'SiteHistory': ['Unknown'], 'ResidentSetSize': [0], 'SubmitTimes': [1758829855.0], 'StartTimes': [], 'EndTimes': [], 'TotalUserCpuTimeHistory': [0.0], 'TotalSysCpuTimeHistory': [0.0], 'WallDurations': [0], 'JobIds': ['91763656.0'], 'State': 'idle', 'RecordedSite': False}, '899': {'Retries': 0, 'Restarts': 0, 'SiteHistory': ['Unknown'], 'ResidentSetSize': [0], 'SubmitTimes': [1758829856.0], 'StartTimes': [], 'EndTimes': [], 'TotalUserCpuTimeHistory': [0.0], 'TotalSysCpuTimeHistory': [0.0], 'WallDurations': [0], 'JobIds': ['91763659.0'], 'State': 'idle', 'RecordedSite': False}, '900': {'Retries': 0, 'Restarts': 0, 'SiteHistory': ['Unknown'], 'ResidentSetSize': [0], 'SubmitTimes': [1758829855.0], 'StartTimes': [], 'EndTimes': [], 'TotalUserCpuTimeHistory': [0.0], 'TotalSysCpuTimeHistory': [0.0], 'WallDurations': [0], 'JobIds': ['91763658.0'], 'State': 'idle', 'RecordedSite': False}, '901': {'Retries': 0, 'Restarts': 0, 'SiteHistory': ['Unknown'], 'ResidentSetSize': [0], 'SubmitTimes': [1758829856.0], 'StartTimes': [], 'EndTimes': [], 'TotalUserCpuTimeHistory': [0.0], 'TotalSysCpuTimeHistory': [0.0], 'WallDurations': [0], 'JobIds': ['91763660.0'], 'State': 'idle', 'RecordedSite': False}, '902': {'Retries': 0, 'Restarts': 0, 'SiteHistory': ['Unknown'], 'ResidentSetSize': [0], 'SubmitTimes': [1758829857.0], 'StartTimes': [], 'EndTimes': [], 'TotalUserCpuTimeHistory': [0.0], 'TotalSysCpuTimeHistory': [0.0], 'WallDurations': [0], 'JobIds': ['91763672.0'], 'State': 'idle', 'RecordedSite': False}, '903': {'Retries': 0, 'Restarts': 0, 'SiteHistory': ['Unknown'], 'ResidentSetSize': [0], 'SubmitTimes': [1758829857.0], 'StartTimes': [], 'EndTimes': [], 'TotalUserCpuTimeHistory': [0.0], 'TotalSysCpuTimeHistory': [0.0], 'WallDurations': [0], 'JobIds': ['91763675.0'], 'State': 'idle', 'RecordedSite': False}, '904': {'Retries': 0, 'Restarts': 0, 'SiteHistory': ['Unknown'], 'ResidentSetSize': [0], 'SubmitTimes': [1758829856.0], 'StartTimes': [], 'EndTimes': [], 'TotalUserCpuTimeHistory': [0.0], 'TotalSysCpuTimeHistory': [0.0], 'WallDurations': [0], 'JobIds': ['91763666.0'], 'State': 'idle', 'RecordedSite': False}, '905': {'Retries': 0, 'Restarts': 0, 'SiteHistory': ['Unknown'], 'ResidentSetSize': [0], 'SubmitTimes': [1758829856.0], 'StartTimes': [], 'EndTimes': [], 'TotalUserCpuTimeHistory': [0.0], 'TotalSysCpuTimeHistory': [0.0], 'WallDurations': [0], 'JobIds': ['91763668.0'], 'State': 'idle', 'RecordedSite': False}, '906': {'Retries': 0, 'Restarts': 0, 'SiteHistory': ['Unknown'], 'ResidentSetSize': [0], 'SubmitTimes': [1758829856.0], 'StartTimes': [], 'EndTimes': [], 'TotalUserCpuTimeHistory': [0.0], 'TotalSysCpuTimeHistory': [0.0], 'WallDurations': [0], 'JobIds': ['91763663.0'], 'State': 'idle', 'RecordedSite': False}, '907': {'Retries': 0, 'Restarts': 0, 'SiteHistory': ['Unknown'], 'ResidentSetSize': [0], 'SubmitTimes': [1758829856.0], 'StartTimes': [], 'EndTimes': [], 'TotalUserCpuTimeHistory': [0.0], 'TotalSysCpuTimeHistory': [0.0], 'WallDurations': [0], 'JobIds': ['91763667.0'], 'State': 'idle', 'RecordedSite': False}, '908': {'Retries': 0, 'Restarts': 0, 'SiteHistory': ['Unknown'], 'ResidentSetSize': [0], 'SubmitTimes': [1758829856.0], 'StartTimes': [], 'EndTimes': [], 'TotalUserCpuTimeHistory': [0.0], 'TotalSysCpuTimeHistory': [0.0], 'WallDurations': [0], 'JobIds': ['91763665.0'], 'State': 'idle', 'RecordedSite': False}, '909': {'Retries': 0, 'Restarts': 0, 'SiteHistory': ['Unknown'], 'ResidentSetSize': [0], 'SubmitTimes': [1758829856.0], 'StartTimes': [], 'EndTimes': [], 'TotalUserCpuTimeHistory': [0.0], 'TotalSysCpuTimeHistory': [0.0], 'WallDurations': [0], 'JobIds': ['91763662.0'], 'State': 'idle', 'RecordedSite': False}, '910': {'Retries': 0, 'Restarts': 0, 'SiteHistory': ['Unknown'], 'ResidentSetSize': [0], 'SubmitTimes': [1758829857.0], 'StartTimes': [], 'EndTimes': [], 'TotalUserCpuTimeHistory': [0.0], 'TotalSysCpuTimeHistory': [0.0], 'WallDurations': [0], 'JobIds': ['91763671.0'], 'State': 'idle', 'RecordedSite': False}, '911': {'Retries': 0, 'Restarts': 0, 'SiteHistory': ['Unknown'], 'ResidentSetSize': [0], 'SubmitTimes': [1758829856.0], 'StartTimes': [], 'EndTimes': [], 'TotalUserCpuTimeHistory': [0.0], 'TotalSysCpuTimeHistory': [0.0], 'WallDurations': [0], 'JobIds': ['91763661.0'], 'State': 'idle', 'RecordedSite': False}, '912': {'Retries': 0, 'Restarts': 0, 'SiteHistory': ['Unknown'], 'ResidentSetSize': [0], 'SubmitTimes': [1758829857.0], 'StartTimes': [], 'EndTimes': [], 'TotalUserCpuTimeHistory': [0.0], 'TotalSysCpuTimeHistory': [0.0], 'WallDurations': [0], 'JobIds': ['91763674.0'], 'State': 'idle', 'RecordedSite': False}, '913': {'Retries': 0, 'Restarts': 0, 'SiteHistory': ['Unknown'], 'ResidentSetSize': [0], 'SubmitTimes': [1758829856.0], 'StartTimes': [], 'EndTimes': [], 'TotalUserCpuTimeHistory': [0.0], 'TotalSysCpuTimeHistory': [0.0], 'WallDurations': [0], 'JobIds': ['91763664.0'], 'State': 'idle', 'RecordedSite': False}, '914': {'Retries': 0, 'Restarts': 0, 'SiteHistory': ['Unknown'], 'ResidentSetSize': [0], 'SubmitTimes': [1758829857.0], 'StartTimes': [], 'EndTimes': [], 'TotalUserCpuTimeHistory': [0.0], 'TotalSysCpuTimeHistory': [0.0], 'WallDurations': [0], 'JobIds': ['91763673.0'], 'State': 'idle', 'RecordedSite': False}, '915': {'Retries': 0, 'Restarts': 0, 'SiteHistory': ['Unknown'], 'ResidentSetSize': [0], 'SubmitTimes': [1758829856.0], 'StartTimes': [], 'EndTimes': [], 'TotalUserCpuTimeHistory': [0.0], 'TotalSysCpuTimeHistory': [0.0], 'WallDurations': [0], 'JobIds': ['91763670.0'], 'State': 'idle', 'RecordedSite': False}, '916': {'Retries': 0, 'Restarts': 0, 'SiteHistory': ['Unknown'], 'ResidentSetSize': [0], 'SubmitTimes': [1758829857.0], 'StartTimes': [], 'EndTimes': [], 'TotalUserCpuTimeHistory': [0.0], 'TotalSysCpuTimeHistory': [0.0], 'WallDurations': [0], 'JobIds': ['91763676.0'], 'State': 'idle', 'RecordedSite': False}, '917': {'Retries': 0, 'Restarts': 0, 'SiteHistory': ['Unknown'], 'ResidentSetSize': [0], 'SubmitTimes': [1758829862.0], 'StartTimes': [], 'EndTimes': [], 'TotalUserCpuTimeHistory': [0.0], 'TotalSysCpuTimeHistory': [0.0], 'WallDurations': [0], 'JobIds': ['91763679.0'], 'State': 'idle', 'RecordedSite': False}, '918': {'Retries': 0, 'Restarts': 0, 'SiteHistory': ['Unknown'], 'ResidentSetSize': [0], 'SubmitTimes': [1758829862.0], 'StartTimes': [], 'EndTimes': [], 'TotalUserCpuTimeHistory': [0.0], 'TotalSysCpuTimeHistory': [0.0], 'WallDurations': [0], 'JobIds': ['91763678.0'], 'State': 'idle', 'RecordedSite': False}, '919': {'Retries': 0, 'Restarts': 0, 'SiteHistory': ['Unknown'], 'ResidentSetSize': [0], 'SubmitTimes': [1758829862.0], 'StartTimes': [], 'EndTimes': [], 'TotalUserCpuTimeHistory': [0.0], 'TotalSysCpuTimeHistory': [0.0], 'WallDurations': [0], 'JobIds': ['91763680.0'], 'State': 'idle', 'RecordedSite': False}, '920': {'Retries': 0, 'Restarts': 0, 'SiteHistory': ['Unknown'], 'ResidentSetSize': [0], 'SubmitTimes': [1758829862.0], 'StartTimes': [], 'EndTimes': [], 'TotalUserCpuTimeHistory': [0.0], 'TotalSysCpuTimeHistory': [0.0], 'WallDurations': [0], 'JobIds': ['91763681.0'], 'State': 'idle', 'RecordedSite': False}, '921': {'Retries': 0, 'Restarts': 0, 'SiteHistory': ['Unknown'], 'ResidentSetSize': [0], 'SubmitTimes': [1758829862.0], 'StartTimes': [], 'EndTimes': [], 'TotalUserCpuTimeHistory': [0.0], 'TotalSysCpuTimeHistory': [0.0], 'WallDurations': [0], 'JobIds': ['91763682.0'], 'State': 'idle', 'RecordedSite': False}, '922': {'Retries': 0, 'Restarts': 0, 'SiteHistory': ['Unknown'], 'ResidentSetSize': [0], 'SubmitTimes': [1758829862.0], 'StartTimes': [], 'EndTimes': [], 'TotalUserCpuTimeHistory': [0.0], 'TotalSysCpuTimeHistory': [0.0], 'WallDurations': [0], 'JobIds': ['91763683.0'], 'State': 'idle', 'RecordedSite': False}, '923': {'Retries': 0, 'Restarts': 0, 'SiteHistory': ['Unknown'], 'ResidentSetSize': [0], 'SubmitTimes': [1758829862.0], 'StartTimes': [], 'EndTimes': [], 'TotalUserCpuTimeHistory': [0.0], 'TotalSysCpuTimeHistory': [0.0], 'WallDurations': [0], 'JobIds': ['91763684.0'], 'State': 'idle', 'RecordedSite': False}, '924': {'Retries': 0, 'Restarts': 0, 'SiteHistory': ['Unknown'], 'ResidentSetSize': [0], 'SubmitTimes': [1758829863.0], 'StartTimes': [], 'EndTimes': [], 'TotalUserCpuTimeHistory': [0.0], 'TotalSysCpuTimeHistory': [0.0], 'WallDurations': [0], 'JobIds': ['91763685.0'], 'State': 'idle', 'RecordedSite': False}, '925': {'Retries': 0, 'Restarts': 0, 'SiteHistory': ['Unknown'], 'ResidentSetSize': [0], 'SubmitTimes': [1758829863.0], 'StartTimes': [], 'EndTimes': [], 'TotalUserCpuTimeHistory': [0.0], 'TotalSysCpuTimeHistory': [0.0], 'WallDurations': [0], 'JobIds': ['91763686.0'], 'State': 'idle', 'RecordedSite': False}, '926': {'Retries': 0, 'Restarts': 0, 'SiteHistory': ['Unknown'], 'ResidentSetSize': [0], 'SubmitTimes': [1758829863.0], 'StartTimes': [], 'EndTimes': [], 'TotalUserCpuTimeHistory': [0.0], 'TotalSysCpuTimeHistory': [0.0], 'WallDurations': [0], 'JobIds': ['91763687.0'], 'State': 'idle', 'RecordedSite': False}, '927': {'Retries': 0, 'Restarts': 0, 'SiteHistory': ['Unknown'], 'ResidentSetSize': [0], 'SubmitTimes': [1758829863.0], 'StartTimes': [], 'EndTimes': [], 'TotalUserCpuTimeHistory': [0.0], 'TotalSysCpuTimeHistory': [0.0], 'WallDurations': [0], 'JobIds': ['91763688.0'], 'State': 'idle', 'RecordedSite': False}, '928': {'Retries': 0, 'Restarts': 0, 'SiteHistory': ['Unknown'], 'ResidentSetSize': [0], 'SubmitTimes': [1758829863.0], 'StartTimes': [], 'EndTimes': [], 'TotalUserCpuTimeHistory': [0.0], 'TotalSysCpuTimeHistory': [0.0], 'WallDurations': [0], 'JobIds': ['91763689.0'], 'State': 'idle', 'RecordedSite': False}, '929': {'Retries': 0, 'Restarts': 0, 'SiteHistory': ['Unknown'], 'ResidentSetSize': [0], 'SubmitTimes': [1758829863.0], 'StartTimes': [], 'EndTimes': [], 'TotalUserCpuTimeHistory': [0.0], 'TotalSysCpuTimeHistory': [0.0], 'WallDurations': [0], 'JobIds': ['91763690.0'], 'State': 'idle', 'RecordedSite': False}, '930': {'Retries': 0, 'Restarts': 0, 'SiteHistory': ['Unknown'], 'ResidentSetSize': [0], 'SubmitTimes': [1758829863.0], 'StartTimes': [], 'EndTimes': [], 'TotalUserCpuTimeHistory': [0.0], 'TotalSysCpuTimeHistory': [0.0], 'WallDurations': [0], 'JobIds': ['91763691.0'], 'State': 'idle', 'RecordedSite': False}, '931': {'Retries': 0, 'Restarts': 0, 'SiteHistory': ['Unknown'], 'ResidentSetSize': [0], 'SubmitTimes': [1758829863.0], 'StartTimes': [], 'EndTimes': [], 'TotalUserCpuTimeHistory': [0.0], 'TotalSysCpuTimeHistory': [0.0], 'WallDurations': [0], 'JobIds': ['91763692.0'], 'State': 'idle', 'RecordedSite': False}, '932': {'Retries': 0, 'Restarts': 0, 'SiteHistory': ['Unknown'], 'ResidentSetSize': [0], 'SubmitTimes': [1758829863.0], 'StartTimes': [], 'EndTimes': [], 'TotalUserCpuTimeHistory': [0.0], 'TotalSysCpuTimeHistory': [0.0], 'WallDurations': [0], 'JobIds': ['91763693.0'], 'State': 'idle', 'RecordedSite': False}, '933': {'Retries': 0, 'Restarts': 0, 'SiteHistory': ['Unknown'], 'ResidentSetSize': [0], 'SubmitTimes': [1758829863.0], 'StartTimes': [], 'EndTimes': [], 'TotalUserCpuTimeHistory': [0.0], 'TotalSysCpuTimeHistory': [0.0], 'WallDurations': [0], 'JobIds': ['91763694.0'], 'State': 'idle', 'RecordedSite': False}, '934': {'Retries': 0, 'Restarts': 0, 'SiteHistory': ['Unknown'], 'ResidentSetSize': [0], 'SubmitTimes': [1758829863.0], 'StartTimes': [], 'EndTimes': [], 'TotalUserCpuTimeHistory': [0.0], 'TotalSysCpuTimeHistory': [0.0], 'WallDurations': [0], 'JobIds': ['91763695.0'], 'State': 'idle', 'RecordedSite': False}, '935': {'Retries': 0, 'Restarts': 0, 'SiteHistory': ['Unknown'], 'ResidentSetSize': [0], 'SubmitTimes': [1758829863.0], 'StartTimes': [], 'EndTimes': [], 'TotalUserCpuTimeHistory': [0.0], 'TotalSysCpuTimeHistory': [0.0], 'WallDurations': [0], 'JobIds': ['91763696.0'], 'State': 'idle', 'RecordedSite': False}, '936': {'Retries': 0, 'Restarts': 0, 'SiteHistory': ['Unknown'], 'ResidentSetSize': [0], 'SubmitTimes': [1758829863.0], 'StartTimes': [], 'EndTimes': [], 'TotalUserCpuTimeHistory': [0.0], 'TotalSysCpuTimeHistory': [0.0], 'WallDurations': [0], 'JobIds': ['91763697.0'], 'State': 'idle', 'RecordedSite': False}, '937': {'Retries': 0, 'Restarts': 0, 'SiteHistory': [], 'ResidentSetSize': [], 'SubmitTimes': [], 'StartTimes': [], 'EndTimes': [], 'TotalUserCpuTimeHistory': [], 'TotalSysCpuTimeHistory': [], 'WallDurations': [], 'JobIds': [], 'State': 'unsubmitted'}, '938': {'Retries': 0, 'Restarts': 0, 'SiteHistory': ['Unknown'], 'ResidentSetSize': [0], 'SubmitTimes': [1758829864.0], 'StartTimes': [], 'EndTimes': [], 'TotalUserCpuTimeHistory': [0.0], 'TotalSysCpuTimeHistory': [0.0], 'WallDurations': [0], 'JobIds': ['91763712.0'], 'State': 'idle', 'RecordedSite': False}, '939': {'Retries': 0, 'Restarts': 0, 'SiteHistory': ['Unknown'], 'ResidentSetSize': [0], 'SubmitTimes': [1758829865.0], 'StartTimes': [], 'EndTimes': [], 'TotalUserCpuTimeHistory': [0.0], 'TotalSysCpuTimeHistory': [0.0], 'WallDurations': [0], 'JobIds': ['91763716.0'], 'State': 'idle', 'RecordedSite': False}, '940': {'Retries': 0, 'Restarts': 0, 'SiteHistory': ['Unknown'], 'ResidentSetSize': [0], 'SubmitTimes': [1758829864.0], 'StartTimes': [], 'EndTimes': [], 'TotalUserCpuTimeHistory': [0.0], 'TotalSysCpuTimeHistory': [0.0], 'WallDurations': [0], 'JobIds': ['91763705.0'], 'State': 'idle', 'RecordedSite': False}, '941': {'Retries': 0, 'Restarts': 0, 'SiteHistory': ['Unknown'], 'ResidentSetSize': [0], 'SubmitTimes': [1758829864.0], 'StartTimes': [], 'EndTimes': [], 'TotalUserCpuTimeHistory': [0.0], 'TotalSysCpuTimeHistory': [0.0], 'WallDurations': [0], 'JobIds': ['91763698.0'], 'State': 'idle', 'RecordedSite': False}, '942': {'Retries': 0, 'Restarts': 0, 'SiteHistory': ['Unknown'], 'ResidentSetSize': [0], 'SubmitTimes': [1758829864.0], 'StartTimes': [], 'EndTimes': [], 'TotalUserCpuTimeHistory': [0.0], 'TotalSysCpuTimeHistory': [0.0], 'WallDurations': [0], 'JobIds': ['91763701.0'], 'State': 'idle', 'RecordedSite': False}, '943': {'Retries': 0, 'Restarts': 0, 'SiteHistory': ['Unknown'], 'ResidentSetSize': [0], 'SubmitTimes': [1758829864.0], 'StartTimes': [], 'EndTimes': [], 'TotalUserCpuTimeHistory': [0.0], 'TotalSysCpuTimeHistory': [0.0], 'WallDurations': [0], 'JobIds': ['91763700.0'], 'State': 'idle', 'RecordedSite': False}, '944': {'Retries': 0, 'Restarts': 0, 'SiteHistory': ['Unknown'], 'ResidentSetSize': [0], 'SubmitTimes': [1758829864.0], 'StartTimes': [], 'EndTimes': [], 'TotalUserCpuTimeHistory': [0.0], 'TotalSysCpuTimeHistory': [0.0], 'WallDurations': [0], 'JobIds': ['91763704.0'], 'State': 'idle', 'RecordedSite': False}, '945': {'Retries': 0, 'Restarts': 0, 'SiteHistory': ['Unknown'], 'ResidentSetSize': [0], 'SubmitTimes': [1758829864.0], 'StartTimes': [], 'EndTimes': [], 'TotalUserCpuTimeHistory': [0.0], 'TotalSysCpuTimeHistory': [0.0], 'WallDurations': [0], 'JobIds': ['91763706.0'], 'State': 'idle', 'RecordedSite': False}, '946': {'Retries': 0, 'Restarts': 0, 'SiteHistory': ['Unknown'], 'ResidentSetSize': [0], 'SubmitTimes': [1758829865.0], 'StartTimes': [], 'EndTimes': [], 'TotalUserCpuTimeHistory': [0.0], 'TotalSysCpuTimeHistory': [0.0], 'WallDurations': [0], 'JobIds': ['91763714.0'], 'State': 'idle', 'RecordedSite': False}, '947': {'Retries': 0, 'Restarts': 0, 'SiteHistory': ['Unknown'], 'ResidentSetSize': [0], 'SubmitTimes': [1758829865.0], 'StartTimes': [], 'EndTimes': [], 'TotalUserCpuTimeHistory': [0.0], 'TotalSysCpuTimeHistory': [0.0], 'WallDurations': [0], 'JobIds': ['91763717.0'], 'State': 'idle', 'RecordedSite': False}, '948': {'Retries': 0, 'Restarts': 0, 'SiteHistory': ['Unknown'], 'ResidentSetSize': [0], 'SubmitTimes': [1758829864.0], 'StartTimes': [], 'EndTimes': [], 'TotalUserCpuTimeHistory': [0.0], 'TotalSysCpuTimeHistory': [0.0], 'WallDurations': [0], 'JobIds': ['91763702.0'], 'State': 'idle', 'RecordedSite': False}, '949': {'Retries': 0, 'Restarts': 0, 'SiteHistory': ['Unknown'], 'ResidentSetSize': [0], 'SubmitTimes': [1758829864.0], 'StartTimes': [], 'EndTimes': [], 'TotalUserCpuTimeHistory': [0.0], 'TotalSysCpuTimeHistory': [0.0], 'WallDurations': [0], 'JobIds': ['91763711.0'], 'State': 'idle', 'RecordedSite': False}, '950': {'Retries': 0, 'Restarts': 0, 'SiteHistory': ['Unknown'], 'ResidentSetSize': [0], 'SubmitTimes': [1758829865.0], 'StartTimes': [], 'EndTimes': [], 'TotalUserCpuTimeHistory': [0.0], 'TotalSysCpuTimeHistory': [0.0], 'WallDurations': [0], 'JobIds': ['91763713.0'], 'State': 'idle', 'RecordedSite': False}, '951': {'Retries': 0, 'Restarts': 0, 'SiteHistory': ['Unknown'], 'ResidentSetSize': [0], 'SubmitTimes': [1758829865.0], 'StartTimes': [], 'EndTimes': [], 'TotalUserCpuTimeHistory': [0.0], 'TotalSysCpuTimeHistory': [0.0], 'WallDurations': [0], 'JobIds': ['91763715.0'], 'State': 'idle', 'RecordedSite': False}, '952': {'Retries': 0, 'Restarts': 0, 'SiteHistory': ['Unknown'], 'ResidentSetSize': [0], 'SubmitTimes': [1758829864.0], 'StartTimes': [], 'EndTimes': [], 'TotalUserCpuTimeHistory': [0.0], 'TotalSysCpuTimeHistory': [0.0], 'WallDurations': [0], 'JobIds': ['91763709.0'], 'State': 'idle', 'RecordedSite': False}, '953': {'Retries': 0, 'Restarts': 0, 'SiteHistory': ['Unknown'], 'ResidentSetSize': [0], 'SubmitTimes': [1758829864.0], 'StartTimes': [], 'EndTimes': [], 'TotalUserCpuTimeHistory': [0.0], 'TotalSysCpuTimeHistory': [0.0], 'WallDurations': [0], 'JobIds': ['91763710.0'], 'State': 'idle', 'RecordedSite': False}, '954': {'Retries': 0, 'Restarts': 0, 'SiteHistory': ['Unknown'], 'ResidentSetSize': [0], 'SubmitTimes': [1758829864.0], 'StartTimes': [], 'EndTimes': [], 'TotalUserCpuTimeHistory': [0.0], 'TotalSysCpuTimeHistory': [0.0], 'WallDurations': [0], 'JobIds': ['91763707.0'], 'State': 'idle', 'RecordedSite': False}, '955': {'Retries': 0, 'Restarts': 0, 'SiteHistory': ['Unknown'], 'ResidentSetSize': [0], 'SubmitTimes': [1758829864.0], 'StartTimes': [], 'EndTimes': [], 'TotalUserCpuTimeHistory': [0.0], 'TotalSysCpuTimeHistory': [0.0], 'WallDurations': [0], 'JobIds': ['91763703.0'], 'State': 'idle', 'RecordedSite': False}, '956': {'Retries': 0, 'Restarts': 0, 'SiteHistory': ['Unknown'], 'ResidentSetSize': [0], 'SubmitTimes': [1758829864.0], 'StartTimes': [], 'EndTimes': [], 'TotalUserCpuTimeHistory': [0.0], 'TotalSysCpuTimeHistory': [0.0], 'WallDurations': [0], 'JobIds': ['91763699.0'], 'State': 'idle', 'RecordedSite': False}, '957': {'Retries': 0, 'Restarts': 0, 'SiteHistory': ['Unknown'], 'ResidentSetSize': [0], 'SubmitTimes': [1758829864.0], 'StartTimes': [], 'EndTimes': [], 'TotalUserCpuTimeHistory': [0.0], 'TotalSysCpuTimeHistory': [0.0], 'WallDurations': [0], 'JobIds': ['91763708.0'], 'State': 'idle', 'RecordedSite': False}, '958': {'Retries': 0, 'Restarts': 0, 'SiteHistory': ['Unknown'], 'ResidentSetSize': [0], 'SubmitTimes': [1758829865.0], 'StartTimes': [], 'EndTimes': [], 'TotalUserCpuTimeHistory': [0.0], 'TotalSysCpuTimeHistory': [0.0], 'WallDurations': [0], 'JobIds': ['91763722.0'], 'State': 'idle', 'RecordedSite': False}, '959': {'Retries': 0, 'Restarts': 0, 'SiteHistory': ['Unknown'], 'ResidentSetSize': [0], 'SubmitTimes': [1758829866.0], 'StartTimes': [], 'EndTimes': [], 'TotalUserCpuTimeHistory': [0.0], 'TotalSysCpuTimeHistory': [0.0], 'WallDurations': [0], 'JobIds': ['91763729.0'], 'State': 'idle', 'RecordedSite': False}, '960': {'Retries': 0, 'Restarts': 0, 'SiteHistory': ['Unknown'], 'ResidentSetSize': [0], 'SubmitTimes': [1758829865.0], 'StartTimes': [], 'EndTimes': [], 'TotalUserCpuTimeHistory': [0.0], 'TotalSysCpuTimeHistory': [0.0], 'WallDurations': [0], 'JobIds': ['91763719.0'], 'State': 'idle', 'RecordedSite': False}, '961': {'Retries': 0, 'Restarts': 0, 'SiteHistory': ['Unknown'], 'ResidentSetSize': [0], 'SubmitTimes': [1758829865.0], 'StartTimes': [], 'EndTimes': [], 'TotalUserCpuTimeHistory': [0.0], 'TotalSysCpuTimeHistory': [0.0], 'WallDurations': [0], 'JobIds': ['91763720.0'], 'State': 'idle', 'RecordedSite': False}, '962': {'Retries': 0, 'Restarts': 0, 'SiteHistory': ['Unknown'], 'ResidentSetSize': [0], 'SubmitTimes': [1758829866.0], 'StartTimes': [], 'EndTimes': [], 'TotalUserCpuTimeHistory': [0.0], 'TotalSysCpuTimeHistory': [0.0], 'WallDurations': [0], 'JobIds': ['91763723.0'], 'State': 'idle', 'RecordedSite': False}, '963': {'Retries': 0, 'Restarts': 0, 'SiteHistory': ['Unknown'], 'ResidentSetSize': [0], 'SubmitTimes': [1758829865.0], 'StartTimes': [], 'EndTimes': [], 'TotalUserCpuTimeHistory': [0.0], 'TotalSysCpuTimeHistory': [0.0], 'WallDurations': [0], 'JobIds': ['91763718.0'], 'State': 'idle', 'RecordedSite': False}, '964': {'Retries': 0, 'Restarts': 0, 'SiteHistory': ['Unknown'], 'ResidentSetSize': [0], 'SubmitTimes': [1758829865.0], 'StartTimes': [], 'EndTimes': [], 'TotalUserCpuTimeHistory': [0.0], 'TotalSysCpuTimeHistory': [0.0], 'WallDurations': [0], 'JobIds': ['91763721.0'], 'State': 'idle', 'RecordedSite': False}, '965': {'Retries': 0, 'Restarts': 0, 'SiteHistory': ['Unknown'], 'ResidentSetSize': [0], 'SubmitTimes': [1758829866.0], 'StartTimes': [], 'EndTimes': [], 'TotalUserCpuTimeHistory': [0.0], 'TotalSysCpuTimeHistory': [0.0], 'WallDurations': [0], 'JobIds': ['91763731.0'], 'State': 'idle', 'RecordedSite': False}, '966': {'Retries': 0, 'Restarts': 0, 'SiteHistory': ['Unknown'], 'ResidentSetSize': [0], 'SubmitTimes': [1758829866.0], 'StartTimes': [], 'EndTimes': [], 'TotalUserCpuTimeHistory': [0.0], 'TotalSysCpuTimeHistory': [0.0], 'WallDurations': [0], 'JobIds': ['91763727.0'], 'State': 'idle', 'RecordedSite': False}, '967': {'Retries': 0, 'Restarts': 0, 'SiteHistory': ['Unknown'], 'ResidentSetSize': [0], 'SubmitTimes': [1758829866.0], 'StartTimes': [], 'EndTimes': [], 'TotalUserCpuTimeHistory': [0.0], 'TotalSysCpuTimeHistory': [0.0], 'WallDurations': [0], 'JobIds': ['91763725.0'], 'State': 'idle', 'RecordedSite': False}, '968': {'Retries': 0, 'Restarts': 0, 'SiteHistory': ['Unknown'], 'ResidentSetSize': [0], 'SubmitTimes': [1758829866.0], 'StartTimes': [], 'EndTimes': [], 'TotalUserCpuTimeHistory': [0.0], 'TotalSysCpuTimeHistory': [0.0], 'WallDurations': [0], 'JobIds': ['91763728.0'], 'State': 'idle', 'RecordedSite': False}, '969': {'Retries': 0, 'Restarts': 0, 'SiteHistory': ['Unknown'], 'ResidentSetSize': [0], 'SubmitTimes': [1758829866.0], 'StartTimes': [], 'EndTimes': [], 'TotalUserCpuTimeHistory': [0.0], 'TotalSysCpuTimeHistory': [0.0], 'WallDurations': [0], 'JobIds': ['91763724.0'], 'State': 'idle', 'RecordedSite': False}, '970': {'Retries': 0, 'Restarts': 0, 'SiteHistory': ['Unknown'], 'ResidentSetSize': [0], 'SubmitTimes': [1758829867.0], 'StartTimes': [], 'EndTimes': [], 'TotalUserCpuTimeHistory': [0.0], 'TotalSysCpuTimeHistory': [0.0], 'WallDurations': [0], 'JobIds': ['91763736.0'], 'State': 'idle', 'RecordedSite': False}, '971': {'Retries': 0, 'Restarts': 0, 'SiteHistory': ['Unknown'], 'ResidentSetSize': [0], 'SubmitTimes': [1758829866.0], 'StartTimes': [], 'EndTimes': [], 'TotalUserCpuTimeHistory': [0.0], 'TotalSysCpuTimeHistory': [0.0], 'WallDurations': [0], 'JobIds': ['91763734.0'], 'State': 'idle', 'RecordedSite': False}, '972': {'Retries': 0, 'Restarts': 0, 'SiteHistory': ['Unknown'], 'ResidentSetSize': [0], 'SubmitTimes': [1758829866.0], 'StartTimes': [], 'EndTimes': [], 'TotalUserCpuTimeHistory': [0.0], 'TotalSysCpuTimeHistory': [0.0], 'WallDurations': [0], 'JobIds': ['91763733.0'], 'State': 'idle', 'RecordedSite': False}, '973': {'Retries': 0, 'Restarts': 0, 'SiteHistory': ['Unknown'], 'ResidentSetSize': [0], 'SubmitTimes': [1758829866.0], 'StartTimes': [], 'EndTimes': [], 'TotalUserCpuTimeHistory': [0.0], 'TotalSysCpuTimeHistory': [0.0], 'WallDurations': [0], 'JobIds': ['91763726.0'], 'State': 'idle', 'RecordedSite': False}, '974': {'Retries': 0, 'Restarts': 0, 'SiteHistory': ['Unknown'], 'ResidentSetSize': [0], 'SubmitTimes': [1758829867.0], 'StartTimes': [], 'EndTimes': [], 'TotalUserCpuTimeHistory': [0.0], 'TotalSysCpuTimeHistory': [0.0], 'WallDurations': [0], 'JobIds': ['91763735.0'], 'State': 'idle', 'RecordedSite': False}, '975': {'Retries': 0, 'Restarts': 0, 'SiteHistory': ['Unknown'], 'ResidentSetSize': [0], 'SubmitTimes': [1758829872.0], 'StartTimes': [], 'EndTimes': [], 'TotalUserCpuTimeHistory': [0.0], 'TotalSysCpuTimeHistory': [0.0], 'WallDurations': [0], 'JobIds': ['91763737.0'], 'State': 'idle', 'RecordedSite': False}, '976': {'Retries': 0, 'Restarts': 0, 'SiteHistory': ['Unknown'], 'ResidentSetSize': [0], 'SubmitTimes': [1758829866.0], 'StartTimes': [], 'EndTimes': [], 'TotalUserCpuTimeHistory': [0.0], 'TotalSysCpuTimeHistory': [0.0], 'WallDurations': [0], 'JobIds': ['91763730.0'], 'State': 'idle', 'RecordedSite': False}, '977': {'Retries': 0, 'Restarts': 0, 'SiteHistory': ['Unknown'], 'ResidentSetSize': [0], 'SubmitTimes': [1758829872.0], 'StartTimes': [], 'EndTimes': [], 'TotalUserCpuTimeHistory': [0.0], 'TotalSysCpuTimeHistory': [0.0], 'WallDurations': [0], 'JobIds': ['91763738.0'], 'State': 'idle', 'RecordedSite': False}, '978': {'Retries': 0, 'Restarts': 0, 'SiteHistory': ['Unknown'], 'ResidentSetSize': [0], 'SubmitTimes': [1758829866.0], 'StartTimes': [], 'EndTimes': [], 'TotalUserCpuTimeHistory': [0.0], 'TotalSysCpuTimeHistory': [0.0], 'WallDurations': [0], 'JobIds': ['91763732.0'], 'State': 'idle', 'RecordedSite': False}, '979': {'Retries': 0, 'Restarts': 0, 'SiteHistory': ['Unknown'], 'ResidentSetSize': [0], 'SubmitTimes': [1758829872.0], 'StartTimes': [], 'EndTimes': [], 'TotalUserCpuTimeHistory': [0.0], 'TotalSysCpuTimeHistory': [0.0], 'WallDurations': [0], 'JobIds': ['91763739.0'], 'State': 'idle', 'RecordedSite': False}, '980': {'Retries': 0, 'Restarts': 0, 'SiteHistory': ['Unknown'], 'ResidentSetSize': [0], 'SubmitTimes': [1758829872.0], 'StartTimes': [], 'EndTimes': [], 'TotalUserCpuTimeHistory': [0.0], 'TotalSysCpuTimeHistory': [0.0], 'WallDurations': [0], 'JobIds': ['91763740.0'], 'State': 'idle', 'RecordedSite': False}, '981': {'Retries': 0, 'Restarts': 0, 'SiteHistory': ['Unknown'], 'ResidentSetSize': [0], 'SubmitTimes': [1758829872.0], 'StartTimes': [], 'EndTimes': [], 'TotalUserCpuTimeHistory': [0.0], 'TotalSysCpuTimeHistory': [0.0], 'WallDurations': [0], 'JobIds': ['91763741.0'], 'State': 'idle', 'RecordedSite': False}, '982': {'Retries': 0, 'Restarts': 0, 'SiteHistory': ['Unknown'], 'ResidentSetSize': [0], 'SubmitTimes': [1758829872.0], 'StartTimes': [], 'EndTimes': [], 'TotalUserCpuTimeHistory': [0.0], 'TotalSysCpuTimeHistory': [0.0], 'WallDurations': [0], 'JobIds': ['91763742.0'], 'State': 'idle', 'RecordedSite': False}, '983': {'Retries': 0, 'Restarts': 0, 'SiteHistory': ['Unknown'], 'ResidentSetSize': [0], 'SubmitTimes': [1758829872.0], 'StartTimes': [], 'EndTimes': [], 'TotalUserCpuTimeHistory': [0.0], 'TotalSysCpuTimeHistory': [0.0], 'WallDurations': [0], 'JobIds': ['91763743.0'], 'State': 'idle', 'RecordedSite': False}, '984': {'Retries': 0, 'Restarts': 0, 'SiteHistory': ['Unknown'], 'ResidentSetSize': [0], 'SubmitTimes': [1758829873.0], 'StartTimes': [], 'EndTimes': [], 'TotalUserCpuTimeHistory': [0.0], 'TotalSysCpuTimeHistory': [0.0], 'WallDurations': [0], 'JobIds': ['91763744.0'], 'State': 'idle', 'RecordedSite': False}, '985': {'Retries': 0, 'Restarts': 0, 'SiteHistory': ['Unknown'], 'ResidentSetSize': [0], 'SubmitTimes': [1758829873.0], 'StartTimes': [], 'EndTimes': [], 'TotalUserCpuTimeHistory': [0.0], 'TotalSysCpuTimeHistory': [0.0], 'WallDurations': [0], 'JobIds': ['91763745.0'], 'State': 'idle', 'RecordedSite': False}, '986': {'Retries': 0, 'Restarts': 0, 'SiteHistory': ['Unknown'], 'ResidentSetSize': [0], 'SubmitTimes': [1758829873.0], 'StartTimes': [], 'EndTimes': [], 'TotalUserCpuTimeHistory': [0.0], 'TotalSysCpuTimeHistory': [0.0], 'WallDurations': [0], 'JobIds': ['91763746.0'], 'State': 'idle', 'RecordedSite': False}, '987': {'Retries': 0, 'Restarts': 0, 'SiteHistory': ['Unknown'], 'ResidentSetSize': [0], 'SubmitTimes': [1758829873.0], 'StartTimes': [], 'EndTimes': [], 'TotalUserCpuTimeHistory': [0.0], 'TotalSysCpuTimeHistory': [0.0], 'WallDurations': [0], 'JobIds': ['91763747.0'], 'State': 'idle', 'RecordedSite': False}, '988': {'Retries': 0, 'Restarts': 0, 'SiteHistory': ['Unknown'], 'ResidentSetSize': [0], 'SubmitTimes': [1758829873.0], 'StartTimes': [], 'EndTimes': [], 'TotalUserCpuTimeHistory': [0.0], 'TotalSysCpuTimeHistory': [0.0], 'WallDurations': [0], 'JobIds': ['91763748.0'], 'State': 'idle', 'RecordedSite': False}, '989': {'Retries': 0, 'Restarts': 0, 'SiteHistory': ['Unknown'], 'ResidentSetSize': [0], 'SubmitTimes': [1758829873.0], 'StartTimes': [], 'EndTimes': [], 'TotalUserCpuTimeHistory': [0.0], 'TotalSysCpuTimeHistory': [0.0], 'WallDurations': [0], 'JobIds': ['91763749.0'], 'State': 'idle', 'RecordedSite': False}, '990': {'Retries': 0, 'Restarts': 0, 'SiteHistory': ['Unknown'], 'ResidentSetSize': [0], 'SubmitTimes': [1758829873.0], 'StartTimes': [], 'EndTimes': [], 'TotalUserCpuTimeHistory': [0.0], 'TotalSysCpuTimeHistory': [0.0], 'WallDurations': [0], 'JobIds': ['91763750.0'], 'State': 'idle', 'RecordedSite': False}, '991': {'Retries': 0, 'Restarts': 0, 'SiteHistory': ['Unknown'], 'ResidentSetSize': [0], 'SubmitTimes': [1758829873.0], 'StartTimes': [], 'EndTimes': [], 'TotalUserCpuTimeHistory': [0.0], 'TotalSysCpuTimeHistory': [0.0], 'WallDurations': [0], 'JobIds': ['91763751.0'], 'State': 'idle', 'RecordedSite': False}, '992': {'Retries': 0, 'Restarts': 0, 'SiteHistory': ['Unknown'], 'ResidentSetSize': [0], 'SubmitTimes': [1758829873.0], 'StartTimes': [], 'EndTimes': [], 'TotalUserCpuTimeHistory': [0.0], 'TotalSysCpuTimeHistory': [0.0], 'WallDurations': [0], 'JobIds': ['91763752.0'], 'State': 'idle', 'RecordedSite': False}, '993': {'Retries': 0, 'Restarts': 0, 'SiteHistory': ['Unknown'], 'ResidentSetSize': [0], 'SubmitTimes': [1758829873.0], 'StartTimes': [], 'EndTimes': [], 'TotalUserCpuTimeHistory': [0.0], 'TotalSysCpuTimeHistory': [0.0], 'WallDurations': [0], 'JobIds': ['91763753.0'], 'State': 'idle', 'RecordedSite': False}, '994': {'Retries': 0, 'Restarts': 0, 'SiteHistory': ['Unknown'], 'ResidentSetSize': [0], 'SubmitTimes': [1758829873.0], 'StartTimes': [], 'EndTimes': [], 'TotalUserCpuTimeHistory': [0.0], 'TotalSysCpuTimeHistory': [0.0], 'WallDurations': [0], 'JobIds': ['91763754.0'], 'State': 'idle', 'RecordedSite': False}, '995': {'Retries': 0, 'Restarts': 0, 'SiteHistory': ['Unknown'], 'ResidentSetSize': [0], 'SubmitTimes': [1758829873.0], 'StartTimes': [], 'EndTimes': [], 'TotalUserCpuTimeHistory': [0.0], 'TotalSysCpuTimeHistory': [0.0], 'WallDurations': [0], 'JobIds': ['91763755.0'], 'State': 'idle', 'RecordedSite': False}, '996': {'Retries': 0, 'Restarts': 0, 'SiteHistory': ['Unknown'], 'ResidentSetSize': [0], 'SubmitTimes': [1758829873.0], 'StartTimes': [], 'EndTimes': [], 'TotalUserCpuTimeHistory': [0.0], 'TotalSysCpuTimeHistory': [0.0], 'WallDurations': [0], 'JobIds': ['91763756.0'], 'State': 'idle', 'RecordedSite': False}, '997': {'Retries': 0, 'Restarts': 0, 'SiteHistory': [], 'ResidentSetSize': [], 'SubmitTimes': [], 'StartTimes': [], 'EndTimes': [], 'TotalUserCpuTimeHistory': [], 'TotalSysCpuTimeHistory': [], 'WallDurations': [], 'JobIds': [], 'State': 'unsubmitted'}, '998': {'Retries': 0, 'Restarts': 0, 'SiteHistory': ['Unknown'], 'ResidentSetSize': [0], 'SubmitTimes': [1758829874.0], 'StartTimes': [], 'EndTimes': [], 'TotalUserCpuTimeHistory': [0.0], 'TotalSysCpuTimeHistory': [0.0], 'WallDurations': [0], 'JobIds': ['91763774.0'], 'State': 'idle', 'RecordedSite': False}, '999': {'Retries': 0, 'Restarts': 0, 'SiteHistory': ['Unknown'], 'ResidentSetSize': [0], 'SubmitTimes': [1758829874.0], 'StartTimes': [], 'EndTimes': [], 'TotalUserCpuTimeHistory': [0.0], 'TotalSysCpuTimeHistory': [0.0], 'WallDurations': [0], 'JobIds': ['91763763.0'], 'State': 'idle', 'RecordedSite': False}, '1000': {'Retries': 0, 'Restarts': 0, 'SiteHistory': ['Unknown'], 'ResidentSetSize': [0], 'SubmitTimes': [1758829874.0], 'StartTimes': [], 'EndTimes': [], 'TotalUserCpuTimeHistory': [0.0], 'TotalSysCpuTimeHistory': [0.0], 'WallDurations': [0], 'JobIds': ['91763775.0'], 'State': 'idle', 'RecordedSite': False}, '1001': {'Retries': 0, 'Restarts': 0, 'SiteHistory': ['Unknown'], 'ResidentSetSize': [0], 'SubmitTimes': [1758829874.0], 'StartTimes': [], 'EndTimes': [], 'TotalUserCpuTimeHistory': [0.0], 'TotalSysCpuTimeHistory': [0.0], 'WallDurations': [0], 'JobIds': ['91763762.0'], 'State': 'idle', 'RecordedSite': False}, '1002': {'Retries': 0, 'Restarts': 0, 'SiteHistory': ['Unknown'], 'ResidentSetSize': [0], 'SubmitTimes': [1758829874.0], 'StartTimes': [], 'EndTimes': [], 'TotalUserCpuTimeHistory': [0.0], 'TotalSysCpuTimeHistory': [0.0], 'WallDurations': [0], 'JobIds': ['91763761.0'], 'State': 'idle', 'RecordedSite': False}, '1003': {'Retries': 0, 'Restarts': 0, 'SiteHistory': ['Unknown'], 'ResidentSetSize': [0], 'SubmitTimes': [1758829874.0], 'StartTimes': [], 'EndTimes': [], 'TotalUserCpuTimeHistory': [0.0], 'TotalSysCpuTimeHistory': [0.0], 'WallDurations': [0], 'JobIds': ['91763767.0'], 'State': 'idle', 'RecordedSite': False}, '1004': {'Retries': 0, 'Restarts': 0, 'SiteHistory': ['Unknown'], 'ResidentSetSize': [0], 'SubmitTimes': [1758829874.0], 'StartTimes': [], 'EndTimes': [], 'TotalUserCpuTimeHistory': [0.0], 'TotalSysCpuTimeHistory': [0.0], 'WallDurations': [0], 'JobIds': ['91763773.0'], 'State': 'idle', 'RecordedSite': False}, '1005': {'Retries': 0, 'Restarts': 0, 'SiteHistory': ['Unknown'], 'ResidentSetSize': [0], 'SubmitTimes': [1758829874.0], 'StartTimes': [], 'EndTimes': [], 'TotalUserCpuTimeHistory': [0.0], 'TotalSysCpuTimeHistory': [0.0], 'WallDurations': [0], 'JobIds': ['91763770.0'], 'State': 'idle', 'RecordedSite': False}, '1006': {'Retries': 0, 'Restarts': 0, 'SiteHistory': ['Unknown'], 'ResidentSetSize': [0], 'SubmitTimes': [1758829873.0], 'StartTimes': [], 'EndTimes': [], 'TotalUserCpuTimeHistory': [0.0], 'TotalSysCpuTimeHistory': [0.0], 'WallDurations': [0], 'JobIds': ['91763758.0'], 'State': 'idle', 'RecordedSite': False}, '1007': {'Retries': 0, 'Restarts': 0, 'SiteHistory': ['Unknown'], 'ResidentSetSize': [0], 'SubmitTimes': [1758829874.0], 'StartTimes': [], 'EndTimes': [], 'TotalUserCpuTimeHistory': [0.0], 'TotalSysCpuTimeHistory': [0.0], 'WallDurations': [0], 'JobIds': ['91763771.0'], 'State': 'idle', 'RecordedSite': False}, '1008': {'Retries': 0, 'Restarts': 0, 'SiteHistory': ['Unknown'], 'ResidentSetSize': [0], 'SubmitTimes': [1758829874.0], 'StartTimes': [], 'EndTimes': [], 'TotalUserCpuTimeHistory': [0.0], 'TotalSysCpuTimeHistory': [0.0], 'WallDurations': [0], 'JobIds': ['91763760.0'], 'State': 'idle', 'RecordedSite': False}, '1009': {'Retries': 0, 'Restarts': 0, 'SiteHistory': ['Unknown'], 'ResidentSetSize': [0], 'SubmitTimes': [1758829874.0], 'StartTimes': [], 'EndTimes': [], 'TotalUserCpuTimeHistory': [0.0], 'TotalSysCpuTimeHistory': [0.0], 'WallDurations': [0], 'JobIds': ['91763768.0'], 'State': 'idle', 'RecordedSite': False}, '1010': {'Retries': 0, 'Restarts': 0, 'SiteHistory': ['Unknown'], 'ResidentSetSize': [0], 'SubmitTimes': [1758829874.0], 'StartTimes': [], 'EndTimes': [], 'TotalUserCpuTimeHistory': [0.0], 'TotalSysCpuTimeHistory': [0.0], 'WallDurations': [0], 'JobIds': ['91763764.0'], 'State': 'idle', 'RecordedSite': False}, '1011': {'Retries': 0, 'Restarts': 0, 'SiteHistory': ['Unknown'], 'ResidentSetSize': [0], 'SubmitTimes': [1758829874.0], 'StartTimes': [], 'EndTimes': [], 'TotalUserCpuTimeHistory': [0.0], 'TotalSysCpuTimeHistory': [0.0], 'WallDurations': [0], 'JobIds': ['91763772.0'], 'State': 'idle', 'RecordedSite': False}, '1012': {'Retries': 0, 'Restarts': 0, 'SiteHistory': ['Unknown'], 'ResidentSetSize': [0], 'SubmitTimes': [1758829874.0], 'StartTimes': [], 'EndTimes': [], 'TotalUserCpuTimeHistory': [0.0], 'TotalSysCpuTimeHistory': [0.0], 'WallDurations': [0], 'JobIds': ['91763776.0'], 'State': 'idle', 'RecordedSite': False}, '1013': {'Retries': 0, 'Restarts': 0, 'SiteHistory': ['Unknown'], 'ResidentSetSize': [0], 'SubmitTimes': [1758829874.0], 'StartTimes': [], 'EndTimes': [], 'TotalUserCpuTimeHistory': [0.0], 'TotalSysCpuTimeHistory': [0.0], 'WallDurations': [0], 'JobIds': ['91763769.0'], 'State': 'idle', 'RecordedSite': False}, '1014': {'Retries': 0, 'Restarts': 0, 'SiteHistory': ['Unknown'], 'ResidentSetSize': [0], 'SubmitTimes': [1758829874.0], 'StartTimes': [], 'EndTimes': [], 'TotalUserCpuTimeHistory': [0.0], 'TotalSysCpuTimeHistory': [0.0], 'WallDurations': [0], 'JobIds': ['91763765.0'], 'State': 'idle', 'RecordedSite': False}, '1015': {'Retries': 0, 'Restarts': 0, 'SiteHistory': ['Unknown'], 'ResidentSetSize': [0], 'SubmitTimes': [1758829874.0], 'StartTimes': [], 'EndTimes': [], 'TotalUserCpuTimeHistory': [0.0], 'TotalSysCpuTimeHistory': [0.0], 'WallDurations': [0], 'JobIds': ['91763766.0'], 'State': 'idle', 'RecordedSite': False}, '1016': {'Retries': 0, 'Restarts': 0, 'SiteHistory': ['Unknown'], 'ResidentSetSize': [0], 'SubmitTimes': [1758829874.0], 'StartTimes': [], 'EndTimes': [], 'TotalUserCpuTimeHistory': [0.0], 'TotalSysCpuTimeHistory': [0.0], 'WallDurations': [0], 'JobIds': ['91763759.0'], 'State': 'idle', 'RecordedSite': False}, '1017': {'Retries': 0, 'Restarts': 0, 'SiteHistory': ['Unknown'], 'ResidentSetSize': [0], 'SubmitTimes': [1758829873.0], 'StartTimes': [], 'EndTimes': [], 'TotalUserCpuTimeHistory': [0.0], 'TotalSysCpuTimeHistory': [0.0], 'WallDurations': [0], 'JobIds': ['91763757.0'], 'State': 'idle', 'RecordedSite': False}, '1018': {'Retries': 0, 'Restarts': 0, 'SiteHistory': ['Unknown'], 'ResidentSetSize': [0], 'SubmitTimes': [1758829874.0], 'StartTimes': [], 'EndTimes': [], 'TotalUserCpuTimeHistory': [0.0], 'TotalSysCpuTimeHistory': [0.0], 'WallDurations': [0], 'JobIds': ['91763781.0'], 'State': 'idle', 'RecordedSite': False}, '1019': {'Retries': 0, 'Restarts': 0, 'SiteHistory': ['Unknown'], 'ResidentSetSize': [0], 'SubmitTimes': [1758829874.0], 'StartTimes': [], 'EndTimes': [], 'TotalUserCpuTimeHistory': [0.0], 'TotalSysCpuTimeHistory': [0.0], 'WallDurations': [0], 'JobIds': ['91763779.0'], 'State': 'idle', 'RecordedSite': False}, '1020': {'Retries': 0, 'Restarts': 0, 'SiteHistory': ['Unknown'], 'ResidentSetSize': [0], 'SubmitTimes': [1758829874.0], 'StartTimes': [], 'EndTimes': [], 'TotalUserCpuTimeHistory': [0.0], 'TotalSysCpuTimeHistory': [0.0], 'WallDurations': [0], 'JobIds': ['91763777.0'], 'State': 'idle', 'RecordedSite': False}, '1021': {'Retries': 0, 'Restarts': 0, 'SiteHistory': ['Unknown'], 'ResidentSetSize': [0], 'SubmitTimes': [1758829874.0], 'StartTimes': [], 'EndTimes': [], 'TotalUserCpuTimeHistory': [0.0], 'TotalSysCpuTimeHistory': [0.0], 'WallDurations': [0], 'JobIds': ['91763778.0'], 'State': 'idle', 'RecordedSite': False}, '1022': {'Retries': 0, 'Restarts': 0, 'SiteHistory': ['Unknown'], 'ResidentSetSize': [0], 'SubmitTimes': [1758829875.0], 'StartTimes': [], 'EndTimes': [], 'TotalUserCpuTimeHistory': [0.0], 'TotalSysCpuTimeHistory': [0.0], 'WallDurations': [0], 'JobIds': ['91763785.0'], 'State': 'idle', 'RecordedSite': False}, '1023': {'Retries': 0, 'Restarts': 0, 'SiteHistory': ['Unknown'], 'ResidentSetSize': [0], 'SubmitTimes': [1758829875.0], 'StartTimes': [], 'EndTimes': [], 'TotalUserCpuTimeHistory': [0.0], 'TotalSysCpuTimeHistory': [0.0], 'WallDurations': [0], 'JobIds': ['91763787.0'], 'State': 'idle', 'RecordedSite': False}, '1024': {'Retries': 0, 'Restarts': 0, 'SiteHistory': ['Unknown'], 'ResidentSetSize': [0], 'SubmitTimes': [1758829875.0], 'StartTimes': [], 'EndTimes': [], 'TotalUserCpuTimeHistory': [0.0], 'TotalSysCpuTimeHistory': [0.0], 'WallDurations': [0], 'JobIds': ['91763791.0'], 'State': 'idle', 'RecordedSite': False}, '1025': {'Retries': 0, 'Restarts': 0, 'SiteHistory': ['Unknown'], 'ResidentSetSize': [0], 'SubmitTimes': [1758829875.0], 'StartTimes': [], 'EndTimes': [], 'TotalUserCpuTimeHistory': [0.0], 'TotalSysCpuTimeHistory': [0.0], 'WallDurations': [0], 'JobIds': ['91763792.0'], 'State': 'idle', 'RecordedSite': False}, '1026': {'Retries': 0, 'Restarts': 0, 'SiteHistory': ['Unknown'], 'ResidentSetSize': [0], 'SubmitTimes': [1758829875.0], 'StartTimes': [], 'EndTimes': [], 'TotalUserCpuTimeHistory': [0.0], 'TotalSysCpuTimeHistory': [0.0], 'WallDurations': [0], 'JobIds': ['91763788.0'], 'State': 'idle', 'RecordedSite': False}, '1027': {'Retries': 0, 'Restarts': 0, 'SiteHistory': ['Unknown'], 'ResidentSetSize': [0], 'SubmitTimes': [1758829875.0], 'StartTimes': [], 'EndTimes': [], 'TotalUserCpuTimeHistory': [0.0], 'TotalSysCpuTimeHistory': [0.0], 'WallDurations': [0], 'JobIds': ['91763784.0'], 'State': 'idle', 'RecordedSite': False}, '1028': {'Retries': 0, 'Restarts': 0, 'SiteHistory': ['Unknown'], 'ResidentSetSize': [0], 'SubmitTimes': [1758829874.0], 'StartTimes': [], 'EndTimes': [], 'TotalUserCpuTimeHistory': [0.0], 'TotalSysCpuTimeHistory': [0.0], 'WallDurations': [0], 'JobIds': ['91763782.0'], 'State': 'idle', 'RecordedSite': False}, '1029': {'Retries': 0, 'Restarts': 0, 'SiteHistory': ['Unknown'], 'ResidentSetSize': [0], 'SubmitTimes': [1758829875.0], 'StartTimes': [], 'EndTimes': [], 'TotalUserCpuTimeHistory': [0.0], 'TotalSysCpuTimeHistory': [0.0], 'WallDurations': [0], 'JobIds': ['91763783.0'], 'State': 'idle', 'RecordedSite': False}, '1030': {'Retries': 0, 'Restarts': 0, 'SiteHistory': ['Unknown'], 'ResidentSetSize': [0], 'SubmitTimes': [1758829875.0], 'StartTimes': [], 'EndTimes': [], 'TotalUserCpuTimeHistory': [0.0], 'TotalSysCpuTimeHistory': [0.0], 'WallDurations': [0], 'JobIds': ['91763786.0'], 'State': 'idle', 'RecordedSite': False}, '1031': {'Retries': 0, 'Restarts': 0, 'SiteHistory': ['Unknown'], 'ResidentSetSize': [0], 'SubmitTimes': [1758829875.0], 'StartTimes': [], 'EndTimes': [], 'TotalUserCpuTimeHistory': [0.0], 'TotalSysCpuTimeHistory': [0.0], 'WallDurations': [0], 'JobIds': ['91763793.0'], 'State': 'idle', 'RecordedSite': False}, '1032': {'Retries': 0, 'Restarts': 0, 'SiteHistory': ['Unknown'], 'ResidentSetSize': [0], 'SubmitTimes': [1758829874.0], 'StartTimes': [], 'EndTimes': [], 'TotalUserCpuTimeHistory': [0.0], 'TotalSysCpuTimeHistory': [0.0], 'WallDurations': [0], 'JobIds': ['91763780.0'], 'State': 'idle', 'RecordedSite': False}, '1033': {'Retries': 0, 'Restarts': 0, 'SiteHistory': ['Unknown'], 'ResidentSetSize': [0], 'SubmitTimes': [1758829875.0], 'StartTimes': [], 'EndTimes': [], 'TotalUserCpuTimeHistory': [0.0], 'TotalSysCpuTimeHistory': [0.0], 'WallDurations': [0], 'JobIds': ['91763797.0'], 'State': 'idle', 'RecordedSite': False}, '1034': {'Retries': 0, 'Restarts': 0, 'SiteHistory': ['Unknown'], 'ResidentSetSize': [0], 'SubmitTimes': [1758829875.0], 'StartTimes': [], 'EndTimes': [], 'TotalUserCpuTimeHistory': [0.0], 'TotalSysCpuTimeHistory': [0.0], 'WallDurations': [0], 'JobIds': ['91763795.0'], 'State': 'idle', 'RecordedSite': False}, '1035': {'Retries': 0, 'Restarts': 0, 'SiteHistory': ['Unknown'], 'ResidentSetSize': [0], 'SubmitTimes': [1758829875.0], 'StartTimes': [], 'EndTimes': [], 'TotalUserCpuTimeHistory': [0.0], 'TotalSysCpuTimeHistory': [0.0], 'WallDurations': [0], 'JobIds': ['91763790.0'], 'State': 'idle', 'RecordedSite': False}, '1036': {'Retries': 0, 'Restarts': 0, 'SiteHistory': ['Unknown'], 'ResidentSetSize': [0], 'SubmitTimes': [1758829875.0], 'StartTimes': [], 'EndTimes': [], 'TotalUserCpuTimeHistory': [0.0], 'TotalSysCpuTimeHistory': [0.0], 'WallDurations': [0], 'JobIds': ['91763789.0'], 'State': 'idle', 'RecordedSite': False}, '1037': {'Retries': 0, 'Restarts': 0, 'SiteHistory': ['Unknown'], 'ResidentSetSize': [0], 'SubmitTimes': [1758829875.0], 'StartTimes': [], 'EndTimes': [], 'TotalUserCpuTimeHistory': [0.0], 'TotalSysCpuTimeHistory': [0.0], 'WallDurations': [0], 'JobIds': ['91763794.0'], 'State': 'idle', 'RecordedSite': False}, '1038': {'Retries': 0, 'Restarts': 0, 'SiteHistory': ['Unknown'], 'ResidentSetSize': [0], 'SubmitTimes': [1758829875.0], 'StartTimes': [], 'EndTimes': [], 'TotalUserCpuTimeHistory': [0.0], 'TotalSysCpuTimeHistory': [0.0], 'WallDurations': [0], 'JobIds': ['91763798.0'], 'State': 'idle', 'RecordedSite': False}, '1039': {'Retries': 0, 'Restarts': 0, 'SiteHistory': ['Unknown'], 'ResidentSetSize': [0], 'SubmitTimes': [1758829875.0], 'StartTimes': [], 'EndTimes': [], 'TotalUserCpuTimeHistory': [0.0], 'TotalSysCpuTimeHistory': [0.0], 'WallDurations': [0], 'JobIds': ['91763799.0'], 'State': 'idle', 'RecordedSite': False}, '1040': {'Retries': 0, 'Restarts': 0, 'SiteHistory': [], 'ResidentSetSize': [], 'SubmitTimes': [], 'StartTimes': [], 'EndTimes': [], 'TotalUserCpuTimeHistory': [], 'TotalSysCpuTimeHistory': [], 'WallDurations': [], 'JobIds': [], 'State': 'unsubmitted'}, '1041': {'Retries': 0, 'Restarts': 0, 'SiteHistory': ['Unknown'], 'ResidentSetSize': [0], 'SubmitTimes': [1758829875.0], 'StartTimes': [], 'EndTimes': [], 'TotalUserCpuTimeHistory': [0.0], 'TotalSysCpuTimeHistory': [0.0], 'WallDurations': [0], 'JobIds': ['91763796.0'], 'State': 'idle', 'RecordedSite': False}, '1042': {'Retries': 0, 'Restarts': 0, 'SiteHistory': [], 'ResidentSetSize': [], 'SubmitTimes': [], 'StartTimes': [], 'EndTimes': [], 'TotalUserCpuTimeHistory': [], 'TotalSysCpuTimeHistory': [], 'WallDurations': [], 'JobIds': [], 'State': 'unsubmitted'}, '1043': {'Retries': 0, 'Restarts': 0, 'SiteHistory': [], 'ResidentSetSize': [], 'SubmitTimes': [], 'StartTimes': [], 'EndTimes': [], 'TotalUserCpuTimeHistory': [], 'TotalSysCpuTimeHistory': [], 'WallDurations': [], 'JobIds': [], 'State': 'unsubmitted'}, '1044': {'Retries': 0, 'Restarts': 0, 'SiteHistory': [], 'ResidentSetSize': [], 'SubmitTimes': [], 'StartTimes': [], 'EndTimes': [], 'TotalUserCpuTimeHistory': [], 'TotalSysCpuTimeHistory': [], 'WallDurations': [], 'JobIds': [], 'State': 'unsubmitted'}, '1045': {'Retries': 0, 'Restarts': 0, 'SiteHistory': [], 'ResidentSetSize': [], 'SubmitTimes': [], 'StartTimes': [], 'EndTimes': [], 'TotalUserCpuTimeHistory': [], 'TotalSysCpuTimeHistory': [], 'WallDurations': [], 'JobIds': [], 'State': 'unsubmitted'}, '1046': {'Retries': 0, 'Restarts': 0, 'SiteHistory': [], 'ResidentSetSize': [], 'SubmitTimes': [], 'StartTimes': [], 'EndTimes': [], 'TotalUserCpuTimeHistory': [], 'TotalSysCpuTimeHistory': [], 'WallDurations': [], 'JobIds': [], 'State': 'unsubmitted'}, '1047': {'Retries': 0, 'Restarts': 0, 'SiteHistory': [], 'ResidentSetSize': [], 'SubmitTimes': [], 'StartTimes': [], 'EndTimes': [], 'TotalUserCpuTimeHistory': [], 'TotalSysCpuTimeHistory': [], 'WallDurations': [], 'JobIds': [], 'State': 'unsubmitted'}, '1048': {'Retries': 0, 'Restarts': 0, 'SiteHistory': [], 'ResidentSetSize': [], 'SubmitTimes': [], 'StartTimes': [], 'EndTimes': [], 'TotalUserCpuTimeHistory': [], 'TotalSysCpuTimeHistory': [], 'WallDurations': [], 'JobIds': [], 'State': 'unsubmitted'}, '1049': {'Retries': 0, 'Restarts': 0, 'SiteHistory': [], 'ResidentSetSize': [], 'SubmitTimes': [], 'StartTimes': [], 'EndTimes': [], 'TotalUserCpuTimeHistory': [], 'TotalSysCpuTimeHistory': [], 'WallDurations': [], 'JobIds': [], 'State': 'unsubmitted'}, '1050': {'Retries': 0, 'Restarts': 0, 'SiteHistory': [], 'ResidentSetSize': [], 'SubmitTimes': [], 'StartTimes': [], 'EndTimes': [], 'TotalUserCpuTimeHistory': [], 'TotalSysCpuTimeHistory': [], 'WallDurations': [], 'JobIds': [], 'State': 'unsubmitted'}, '1051': {'Retries': 0, 'Restarts': 0, 'SiteHistory': [], 'ResidentSetSize': [], 'SubmitTimes': [], 'StartTimes': [], 'EndTimes': [], 'TotalUserCpuTimeHistory': [], 'TotalSysCpuTimeHistory': [], 'WallDurations': [], 'JobIds': [], 'State': 'unsubmitted'}, '1052': {'Retries': 0, 'Restarts': 0, 'SiteHistory': [], 'ResidentSetSize': [], 'SubmitTimes': [], 'StartTimes': [], 'EndTimes': [], 'TotalUserCpuTimeHistory': [], 'TotalSysCpuTimeHistory': [], 'WallDurations': [], 'JobIds': [], 'State': 'unsubmitted'}, '1053': {'Retries': 0, 'Restarts': 0, 'SiteHistory': [], 'ResidentSetSize': [], 'SubmitTimes': [], 'StartTimes': [], 'EndTimes': [], 'TotalUserCpuTimeHistory': [], 'TotalSysCpuTimeHistory': [], 'WallDurations': [], 'JobIds': [], 'State': 'unsubmitted'}, '1054': {'Retries': 0, 'Restarts': 0, 'SiteHistory': [], 'ResidentSetSize': [], 'SubmitTimes': [], 'StartTimes': [], 'EndTimes': [], 'TotalUserCpuTimeHistory': [], 'TotalSysCpuTimeHistory': [], 'WallDurations': [], 'JobIds': [], 'State': 'unsubmitted'}, '1055': {'Retries': 0, 'Restarts': 0, 'SiteHistory': [], 'ResidentSetSize': [], 'SubmitTimes': [], 'StartTimes': [], 'EndTimes': [], 'TotalUserCpuTimeHistory': [], 'TotalSysCpuTimeHistory': [], 'WallDurations': [], 'JobIds': [], 'State': 'unsubmitted'}, '1056': {'Retries': 0, 'Restarts': 0, 'SiteHistory': [], 'ResidentSetSize': [], 'SubmitTimes': [], 'StartTimes': [], 'EndTimes': [], 'TotalUserCpuTimeHistory': [], 'TotalSysCpuTimeHistory': [], 'WallDurations': [], 'JobIds': [], 'State': 'unsubmitted'}, '1057': {'Retries': 0, 'Restarts': 0, 'SiteHistory': [], 'ResidentSetSize': [], 'SubmitTimes': [], 'StartTimes': [], 'EndTimes': [], 'TotalUserCpuTimeHistory': [], 'TotalSysCpuTimeHistory': [], 'WallDurations': [], 'JobIds': [], 'State': 'unsubmitted'}, '1058': {'Retries': 0, 'Restarts': 0, 'SiteHistory': [], 'ResidentSetSize': [], 'SubmitTimes': [], 'StartTimes': [], 'EndTimes': [], 'TotalUserCpuTimeHistory': [], 'TotalSysCpuTimeHistory': [], 'WallDurations': [], 'JobIds': [], 'State': 'unsubmitted'}, '1059': {'Retries': 0, 'Restarts': 0, 'SiteHistory': [], 'ResidentSetSize': [], 'SubmitTimes': [], 'StartTimes': [], 'EndTimes': [], 'TotalUserCpuTimeHistory': [], 'TotalSysCpuTimeHistory': [], 'WallDurations': [], 'JobIds': [], 'State': 'unsubmitted'}, '1060': {'Retries': 0, 'Restarts': 0, 'SiteHistory': [], 'ResidentSetSize': [], 'SubmitTimes': [], 'StartTimes': [], 'EndTimes': [], 'TotalUserCpuTimeHistory': [], 'TotalSysCpuTimeHistory': [], 'WallDurations': [], 'JobIds': [], 'State': 'unsubmitted'}, '1061': {'Retries': 0, 'Restarts': 0, 'SiteHistory': [], 'ResidentSetSize': [], 'SubmitTimes': [], 'StartTimes': [], 'EndTimes': [], 'TotalUserCpuTimeHistory': [], 'TotalSysCpuTimeHistory': [], 'WallDurations': [], 'JobIds': [], 'State': 'unsubmitted'}, '1062': {'Retries': 0, 'Restarts': 0, 'SiteHistory': [], 'ResidentSetSize': [], 'SubmitTimes': [], 'StartTimes': [], 'EndTimes': [], 'TotalUserCpuTimeHistory': [], 'TotalSysCpuTimeHistory': [], 'WallDurations': [], 'JobIds': [], 'State': 'unsubmitted'}, '1063': {'Retries': 0, 'Restarts': 0, 'SiteHistory': [], 'ResidentSetSize': [], 'SubmitTimes': [], 'StartTimes': [], 'EndTimes': [], 'TotalUserCpuTimeHistory': [], 'TotalSysCpuTimeHistory': [], 'WallDurations': [], 'JobIds': [], 'State': 'unsubmitted'}, '1064': {'Retries': 0, 'Restarts': 0, 'SiteHistory': [], 'ResidentSetSize': [], 'SubmitTimes': [], 'StartTimes': [], 'EndTimes': [], 'TotalUserCpuTimeHistory': [], 'TotalSysCpuTimeHistory': [], 'WallDurations': [], 'JobIds': [], 'State': 'unsubmitted'}, '1065': {'Retries': 0, 'Restarts': 0, 'SiteHistory': [], 'ResidentSetSize': [], 'SubmitTimes': [], 'StartTimes': [], 'EndTimes': [], 'TotalUserCpuTimeHistory': [], 'TotalSysCpuTimeHistory': [], 'WallDurations': [], 'JobIds': [], 'State': 'unsubmitted'}, '1066': {'Retries': 0, 'Restarts': 0, 'SiteHistory': [], 'ResidentSetSize': [], 'SubmitTimes': [], 'StartTimes': [], 'EndTimes': [], 'TotalUserCpuTimeHistory': [], 'TotalSysCpuTimeHistory': [], 'WallDurations': [], 'JobIds': [], 'State': 'unsubmitted'}, '1067': {'Retries': 0, 'Restarts': 0, 'SiteHistory': [], 'ResidentSetSize': [], 'SubmitTimes': [], 'StartTimes': [], 'EndTimes': [], 'TotalUserCpuTimeHistory': [], 'TotalSysCpuTimeHistory': [], 'WallDurations': [], 'JobIds': [], 'State': 'unsubmitted'}, '1068': {'Retries': 0, 'Restarts': 0, 'SiteHistory': [], 'ResidentSetSize': [], 'SubmitTimes': [], 'StartTimes': [], 'EndTimes': [], 'TotalUserCpuTimeHistory': [], 'TotalSysCpuTimeHistory': [], 'WallDurations': [], 'JobIds': [], 'State': 'unsubmitted'}, '1069': {'Retries': 0, 'Restarts': 0, 'SiteHistory': [], 'ResidentSetSize': [], 'SubmitTimes': [], 'StartTimes': [], 'EndTimes': [], 'TotalUserCpuTimeHistory': [], 'TotalSysCpuTimeHistory': [], 'WallDurations': [], 'JobIds': [], 'State': 'unsubmitted'}, '1070': {'Retries': 0, 'Restarts': 0, 'SiteHistory': [], 'ResidentSetSize': [], 'SubmitTimes': [], 'StartTimes': [], 'EndTimes': [], 'TotalUserCpuTimeHistory': [], 'TotalSysCpuTimeHistory': [], 'WallDurations': [], 'JobIds': [], 'State': 'unsubmitted'}, '1071': {'Retries': 0, 'Restarts': 0, 'SiteHistory': [], 'ResidentSetSize': [], 'SubmitTimes': [], 'StartTimes': [], 'EndTimes': [], 'TotalUserCpuTimeHistory': [], 'TotalSysCpuTimeHistory': [], 'WallDurations': [], 'JobIds': [], 'State': 'unsubmitted'}, '1072': {'Retries': 0, 'Restarts': 0, 'SiteHistory': [], 'ResidentSetSize': [], 'SubmitTimes': [], 'StartTimes': [], 'EndTimes': [], 'TotalUserCpuTimeHistory': [], 'TotalSysCpuTimeHistory': [], 'WallDurations': [], 'JobIds': [], 'State': 'unsubmitted'}, '1073': {'Retries': 0, 'Restarts': 0, 'SiteHistory': [], 'ResidentSetSize': [], 'SubmitTimes': [], 'StartTimes': [], 'EndTimes': [], 'TotalUserCpuTimeHistory': [], 'TotalSysCpuTimeHistory': [], 'WallDurations': [], 'JobIds': [], 'State': 'unsubmitted'}, '1074': {'Retries': 0, 'Restarts': 0, 'SiteHistory': [], 'ResidentSetSize': [], 'SubmitTimes': [], 'StartTimes': [], 'EndTimes': [], 'TotalUserCpuTimeHistory': [], 'TotalSysCpuTimeHistory': [], 'WallDurations': [], 'JobIds': [], 'State': 'unsubmitted'}, '1075': {'Retries': 0, 'Restarts': 0, 'SiteHistory': [], 'ResidentSetSize': [], 'SubmitTimes': [], 'StartTimes': [], 'EndTimes': [], 'TotalUserCpuTimeHistory': [], 'TotalSysCpuTimeHistory': [], 'WallDurations': [], 'JobIds': [], 'State': 'unsubmitted'}, '1076': {'Retries': 0, 'Restarts': 0, 'SiteHistory': [], 'ResidentSetSize': [], 'SubmitTimes': [], 'StartTimes': [], 'EndTimes': [], 'TotalUserCpuTimeHistory': [], 'TotalSysCpuTimeHistory': [], 'WallDurations': [], 'JobIds': [], 'State': 'unsubmitted'}, '1077': {'Retries': 0, 'Restarts': 0, 'SiteHistory': [], 'ResidentSetSize': [], 'SubmitTimes': [], 'StartTimes': [], 'EndTimes': [], 'TotalUserCpuTimeHistory': [], 'TotalSysCpuTimeHistory': [], 'WallDurations': [], 'JobIds': [], 'State': 'unsubmitted'}, '1078': {'Retries': 0, 'Restarts': 0, 'SiteHistory': [], 'ResidentSetSize': [], 'SubmitTimes': [], 'StartTimes': [], 'EndTimes': [], 'TotalUserCpuTimeHistory': [], 'TotalSysCpuTimeHistory': [], 'WallDurations': [], 'JobIds': [], 'State': 'unsubmitted'}, '1079': {'Retries': 0, 'Restarts': 0, 'SiteHistory': [], 'ResidentSetSize': [], 'SubmitTimes': [], 'StartTimes': [], 'EndTimes': [], 'TotalUserCpuTimeHistory': [], 'TotalSysCpuTimeHistory': [], 'WallDurations': [], 'JobIds': [], 'State': 'unsubmitted'}, '1080': {'Retries': 0, 'Restarts': 0, 'SiteHistory': [], 'ResidentSetSize': [], 'SubmitTimes': [], 'StartTimes': [], 'EndTimes': [], 'TotalUserCpuTimeHistory': [], 'TotalSysCpuTimeHistory': [], 'WallDurations': [], 'JobIds': [], 'State': 'unsubmitted'}, '1081': {'Retries': 0, 'Restarts': 0, 'SiteHistory': [], 'ResidentSetSize': [], 'SubmitTimes': [], 'StartTimes': [], 'EndTimes': [], 'TotalUserCpuTimeHistory': [], 'TotalSysCpuTimeHistory': [], 'WallDurations': [], 'JobIds': [], 'State': 'unsubmitted'}, '1082': {'Retries': 0, 'Restarts': 0, 'SiteHistory': [], 'ResidentSetSize': [], 'SubmitTimes': [], 'StartTimes': [], 'EndTimes': [], 'TotalUserCpuTimeHistory': [], 'TotalSysCpuTimeHistory': [], 'WallDurations': [], 'JobIds': [], 'State': 'unsubmitted'}, '1083': {'Retries': 0, 'Restarts': 0, 'SiteHistory': [], 'ResidentSetSize': [], 'SubmitTimes': [], 'StartTimes': [], 'EndTimes': [], 'TotalUserCpuTimeHistory': [], 'TotalSysCpuTimeHistory': [], 'WallDurations': [], 'JobIds': [], 'State': 'unsubmitted'}, '1084': {'Retries': 0, 'Restarts': 0, 'SiteHistory': [], 'ResidentSetSize': [], 'SubmitTimes': [], 'StartTimes': [], 'EndTimes': [], 'TotalUserCpuTimeHistory': [], 'TotalSysCpuTimeHistory': [], 'WallDurations': [], 'JobIds': [], 'State': 'unsubmitted'}, '1085': {'Retries': 0, 'Restarts': 0, 'SiteHistory': [], 'ResidentSetSize': [], 'SubmitTimes': [], 'StartTimes': [], 'EndTimes': [], 'TotalUserCpuTimeHistory': [], 'TotalSysCpuTimeHistory': [], 'WallDurations': [], 'JobIds': [], 'State': 'unsubmitted'}, '1086': {'Retries': 0, 'Restarts': 0, 'SiteHistory': [], 'ResidentSetSize': [], 'SubmitTimes': [], 'StartTimes': [], 'EndTimes': [], 'TotalUserCpuTimeHistory': [], 'TotalSysCpuTimeHistory': [], 'WallDurations': [], 'JobIds': [], 'State': 'unsubmitted'}, '1087': {'Retries': 0, 'Restarts': 0, 'SiteHistory': [], 'ResidentSetSize': [], 'SubmitTimes': [], 'StartTimes': [], 'EndTimes': [], 'TotalUserCpuTimeHistory': [], 'TotalSysCpuTimeHistory': [], 'WallDurations': [], 'JobIds': [], 'State': 'unsubmitted'}, '1088': {'Retries': 0, 'Restarts': 0, 'SiteHistory': [], 'ResidentSetSize': [], 'SubmitTimes': [], 'StartTimes': [], 'EndTimes': [], 'TotalUserCpuTimeHistory': [], 'TotalSysCpuTimeHistory': [], 'WallDurations': [], 'JobIds': [], 'State': 'unsubmitted'}, '1089': {'Retries': 0, 'Restarts': 0, 'SiteHistory': [], 'ResidentSetSize': [], 'SubmitTimes': [], 'StartTimes': [], 'EndTimes': [], 'TotalUserCpuTimeHistory': [], 'TotalSysCpuTimeHistory': [], 'WallDurations': [], 'JobIds': [], 'State': 'unsubmitted'}, '1090': {'Retries': 0, 'Restarts': 0, 'SiteHistory': [], 'ResidentSetSize': [], 'SubmitTimes': [], 'StartTimes': [], 'EndTimes': [], 'TotalUserCpuTimeHistory': [], 'TotalSysCpuTimeHistory': [], 'WallDurations': [], 'JobIds': [], 'State': 'unsubmitted'}, '1091': {'Retries': 0, 'Restarts': 0, 'SiteHistory': [], 'ResidentSetSize': [], 'SubmitTimes': [], 'StartTimes': [], 'EndTimes': [], 'TotalUserCpuTimeHistory': [], 'TotalSysCpuTimeHistory': [], 'WallDurations': [], 'JobIds': [], 'State': 'unsubmitted'}, '1092': {'Retries': 0, 'Restarts': 0, 'SiteHistory': [], 'ResidentSetSize': [], 'SubmitTimes': [], 'StartTimes': [], 'EndTimes': [], 'TotalUserCpuTimeHistory': [], 'TotalSysCpuTimeHistory': [], 'WallDurations': [], 'JobIds': [], 'State': 'unsubmitted'}, '1093': {'Retries': 0, 'Restarts': 0, 'SiteHistory': [], 'ResidentSetSize': [], 'SubmitTimes': [], 'StartTimes': [], 'EndTimes': [], 'TotalUserCpuTimeHistory': [], 'TotalSysCpuTimeHistory': [], 'WallDurations': [], 'JobIds': [], 'State': 'unsubmitted'}, '1094': {'Retries': 0, 'Restarts': 0, 'SiteHistory': [], 'ResidentSetSize': [], 'SubmitTimes': [], 'StartTimes': [], 'EndTimes': [], 'TotalUserCpuTimeHistory': [], 'TotalSysCpuTimeHistory': [], 'WallDurations': [], 'JobIds': [], 'State': 'unsubmitted'}, '1095': {'Retries': 0, 'Restarts': 0, 'SiteHistory': [], 'ResidentSetSize': [], 'SubmitTimes': [], 'StartTimes': [], 'EndTimes': [], 'TotalUserCpuTimeHistory': [], 'TotalSysCpuTimeHistory': [], 'WallDurations': [], 'JobIds': [], 'State': 'unsubmitted'}, '1096': {'Retries': 0, 'Restarts': 0, 'SiteHistory': [], 'ResidentSetSize': [], 'SubmitTimes': [], 'StartTimes': [], 'EndTimes': [], 'TotalUserCpuTimeHistory': [], 'TotalSysCpuTimeHistory': [], 'WallDurations': [], 'JobIds': [], 'State': 'unsubmitted'}, '1097': {'Retries': 0, 'Restarts': 0, 'SiteHistory': [], 'ResidentSetSize': [], 'SubmitTimes': [], 'StartTimes': [], 'EndTimes': [], 'TotalUserCpuTimeHistory': [], 'TotalSysCpuTimeHistory': [], 'WallDurations': [], 'JobIds': [], 'State': 'unsubmitted'}, '1098': {'Retries': 0, 'Restarts': 0, 'SiteHistory': [], 'ResidentSetSize': [], 'SubmitTimes': [], 'StartTimes': [], 'EndTimes': [], 'TotalUserCpuTimeHistory': [], 'TotalSysCpuTimeHistory': [], 'WallDurations': [], 'JobIds': [], 'State': 'unsubmitted'}, '1099': {'Retries': 0, 'Restarts': 0, 'SiteHistory': [], 'ResidentSetSize': [], 'SubmitTimes': [], 'StartTimes': [], 'EndTimes': [], 'TotalUserCpuTimeHistory': [], 'TotalSysCpuTimeHistory': [], 'WallDurations': [], 'JobIds': [], 'State': 'unsubmitted'}, '1100': {'Retries': 0, 'Restarts': 0, 'SiteHistory': [], 'ResidentSetSize': [], 'SubmitTimes': [], 'StartTimes': [], 'EndTimes': [], 'TotalUserCpuTimeHistory': [], 'TotalSysCpuTimeHistory': [], 'WallDurations': [], 'JobIds': [], 'State': 'unsubmitted'}, '1101': {'Retries': 0, 'Restarts': 0, 'SiteHistory': [], 'ResidentSetSize': [], 'SubmitTimes': [], 'StartTimes': [], 'EndTimes': [], 'TotalUserCpuTimeHistory': [], 'TotalSysCpuTimeHistory': [], 'WallDurations': [], 'JobIds': [], 'State': 'unsubmitted'}, '1102': {'Retries': 0, 'Restarts': 0, 'SiteHistory': [], 'ResidentSetSize': [], 'SubmitTimes': [], 'StartTimes': [], 'EndTimes': [], 'TotalUserCpuTimeHistory': [], 'TotalSysCpuTimeHistory': [], 'WallDurations': [], 'JobIds': [], 'State': 'unsubmitted'}, '1103': {'Retries': 0, 'Restarts': 0, 'SiteHistory': [], 'ResidentSetSize': [], 'SubmitTimes': [], 'StartTimes': [], 'EndTimes': [], 'TotalUserCpuTimeHistory': [], 'TotalSysCpuTimeHistory': [], 'WallDurations': [], 'JobIds': [], 'State': 'unsubmitted'}, '1104': {'Retries': 0, 'Restarts': 0, 'SiteHistory': [], 'ResidentSetSize': [], 'SubmitTimes': [], 'StartTimes': [], 'EndTimes': [], 'TotalUserCpuTimeHistory': [], 'TotalSysCpuTimeHistory': [], 'WallDurations': [], 'JobIds': [], 'State': 'unsubmitted'}, '1105': {'Retries': 0, 'Restarts': 0, 'SiteHistory': [], 'ResidentSetSize': [], 'SubmitTimes': [], 'StartTimes': [], 'EndTimes': [], 'TotalUserCpuTimeHistory': [], 'TotalSysCpuTimeHistory': [], 'WallDurations': [], 'JobIds': [], 'State': 'unsubmitted'}, '1106': {'Retries': 0, 'Restarts': 0, 'SiteHistory': [], 'ResidentSetSize': [], 'SubmitTimes': [], 'StartTimes': [], 'EndTimes': [], 'TotalUserCpuTimeHistory': [], 'TotalSysCpuTimeHistory': [], 'WallDurations': [], 'JobIds': [], 'State': 'unsubmitted'}, '1107': {'Retries': 0, 'Restarts': 0, 'SiteHistory': [], 'ResidentSetSize': [], 'SubmitTimes': [], 'StartTimes': [], 'EndTimes': [], 'TotalUserCpuTimeHistory': [], 'TotalSysCpuTimeHistory': [], 'WallDurations': [], 'JobIds': [], 'State': 'unsubmitted'}, '1108': {'Retries': 0, 'Restarts': 0, 'SiteHistory': [], 'ResidentSetSize': [], 'SubmitTimes': [], 'StartTimes': [], 'EndTimes': [], 'TotalUserCpuTimeHistory': [], 'TotalSysCpuTimeHistory': [], 'WallDurations': [], 'JobIds': [], 'State': 'unsubmitted'}, '1109': {'Retries': 0, 'Restarts': 0, 'SiteHistory': [], 'ResidentSetSize': [], 'SubmitTimes': [], 'StartTimes': [], 'EndTimes': [], 'TotalUserCpuTimeHistory': [], 'TotalSysCpuTimeHistory': [], 'WallDurations': [], 'JobIds': [], 'State': 'unsubmitted'}, '1110': {'Retries': 0, 'Restarts': 0, 'SiteHistory': [], 'ResidentSetSize': [], 'SubmitTimes': [], 'StartTimes': [], 'EndTimes': [], 'TotalUserCpuTimeHistory': [], 'TotalSysCpuTimeHistory': [], 'WallDurations': [], 'JobIds': [], 'State': 'unsubmitted'}, '1111': {'Retries': 0, 'Restarts': 0, 'SiteHistory': [], 'ResidentSetSize': [], 'SubmitTimes': [], 'StartTimes': [], 'EndTimes': [], 'TotalUserCpuTimeHistory': [], 'TotalSysCpuTimeHistory': [], 'WallDurations': [], 'JobIds': [], 'State': 'unsubmitted'}, '1112': {'Retries': 0, 'Restarts': 0, 'SiteHistory': [], 'ResidentSetSize': [], 'SubmitTimes': [], 'StartTimes': [], 'EndTimes': [], 'TotalUserCpuTimeHistory': [], 'TotalSysCpuTimeHistory': [], 'WallDurations': [], 'JobIds': [], 'State': 'unsubmitted'}, '1113': {'Retries': 0, 'Restarts': 0, 'SiteHistory': [], 'ResidentSetSize': [], 'SubmitTimes': [], 'StartTimes': [], 'EndTimes': [], 'TotalUserCpuTimeHistory': [], 'TotalSysCpuTimeHistory': [], 'WallDurations': [], 'JobIds': [], 'State': 'unsubmitted'}, '1114': {'Retries': 0, 'Restarts': 0, 'SiteHistory': [], 'ResidentSetSize': [], 'SubmitTimes': [], 'StartTimes': [], 'EndTimes': [], 'TotalUserCpuTimeHistory': [], 'TotalSysCpuTimeHistory': [], 'WallDurations': [], 'JobIds': [], 'State': 'unsubmitted'}, '1115': {'Retries': 0, 'Restarts': 0, 'SiteHistory': [], 'ResidentSetSize': [], 'SubmitTimes': [], 'StartTimes': [], 'EndTimes': [], 'TotalUserCpuTimeHistory': [], 'TotalSysCpuTimeHistory': [], 'WallDurations': [], 'JobIds': [], 'State': 'unsubmitted'}, '1116': {'Retries': 0, 'Restarts': 0, 'SiteHistory': [], 'ResidentSetSize': [], 'SubmitTimes': [], 'StartTimes': [], 'EndTimes': [], 'TotalUserCpuTimeHistory': [], 'TotalSysCpuTimeHistory': [], 'WallDurations': [], 'JobIds': [], 'State': 'unsubmitted'}, '1117': {'Retries': 0, 'Restarts': 0, 'SiteHistory': [], 'ResidentSetSize': [], 'SubmitTimes': [], 'StartTimes': [], 'EndTimes': [], 'TotalUserCpuTimeHistory': [], 'TotalSysCpuTimeHistory': [], 'WallDurations': [], 'JobIds': [], 'State': 'unsubmitted'}, '1118': {'Retries': 0, 'Restarts': 0, 'SiteHistory': [], 'ResidentSetSize': [], 'SubmitTimes': [], 'StartTimes': [], 'EndTimes': [], 'TotalUserCpuTimeHistory': [], 'TotalSysCpuTimeHistory': [], 'WallDurations': [], 'JobIds': [], 'State': 'unsubmitted'}, '1119': {'Retries': 0, 'Restarts': 0, 'SiteHistory': [], 'ResidentSetSize': [], 'SubmitTimes': [], 'StartTimes': [], 'EndTimes': [], 'TotalUserCpuTimeHistory': [], 'TotalSysCpuTimeHistory': [], 'WallDurations': [], 'JobIds': [], 'State': 'unsubmitted'}, '1120': {'Retries': 0, 'Restarts': 0, 'SiteHistory': [], 'ResidentSetSize': [], 'SubmitTimes': [], 'StartTimes': [], 'EndTimes': [], 'TotalUserCpuTimeHistory': [], 'TotalSysCpuTimeHistory': [], 'WallDurations': [], 'JobIds': [], 'State': 'unsubmitted'}, '1121': {'Retries': 0, 'Restarts': 0, 'SiteHistory': [], 'ResidentSetSize': [], 'SubmitTimes': [], 'StartTimes': [], 'EndTimes': [], 'TotalUserCpuTimeHistory': [], 'TotalSysCpuTimeHistory': [], 'WallDurations': [], 'JobIds': [], 'State': 'unsubmitted'}, '1122': {'Retries': 0, 'Restarts': 0, 'SiteHistory': [], 'ResidentSetSize': [], 'SubmitTimes': [], 'StartTimes': [], 'EndTimes': [], 'TotalUserCpuTimeHistory': [], 'TotalSysCpuTimeHistory': [], 'WallDurations': [], 'JobIds': [], 'State': 'unsubmitted'}, '1123': {'Retries': 0, 'Restarts': 0, 'SiteHistory': [], 'ResidentSetSize': [], 'SubmitTimes': [], 'StartTimes': [], 'EndTimes': [], 'TotalUserCpuTimeHistory': [], 'TotalSysCpuTimeHistory': [], 'WallDurations': [], 'JobIds': [], 'State': 'unsubmitted'}, '1124': {'Retries': 0, 'Restarts': 0, 'SiteHistory': [], 'ResidentSetSize': [], 'SubmitTimes': [], 'StartTimes': [], 'EndTimes': [], 'TotalUserCpuTimeHistory': [], 'TotalSysCpuTimeHistory': [], 'WallDurations': [], 'JobIds': [], 'State': 'unsubmitted'}, '1125': {'Retries': 0, 'Restarts': 0, 'SiteHistory': [], 'ResidentSetSize': [], 'SubmitTimes': [], 'StartTimes': [], 'EndTimes': [], 'TotalUserCpuTimeHistory': [], 'TotalSysCpuTimeHistory': [], 'WallDurations': [], 'JobIds': [], 'State': 'unsubmitted'}, '1126': {'Retries': 0, 'Restarts': 0, 'SiteHistory': [], 'ResidentSetSize': [], 'SubmitTimes': [], 'StartTimes': [], 'EndTimes': [], 'TotalUserCpuTimeHistory': [], 'TotalSysCpuTimeHistory': [], 'WallDurations': [], 'JobIds': [], 'State': 'unsubmitted'}, '1127': {'Retries': 0, 'Restarts': 0, 'SiteHistory': [], 'ResidentSetSize': [], 'SubmitTimes': [], 'StartTimes': [], 'EndTimes': [], 'TotalUserCpuTimeHistory': [], 'TotalSysCpuTimeHistory': [], 'WallDurations': [], 'JobIds': [], 'State': 'unsubmitted'}, '1128': {'Retries': 0, 'Restarts': 0, 'SiteHistory': [], 'ResidentSetSize': [], 'SubmitTimes': [], 'StartTimes': [], 'EndTimes': [], 'TotalUserCpuTimeHistory': [], 'TotalSysCpuTimeHistory': [], 'WallDurations': [], 'JobIds': [], 'State': 'unsubmitted'}, '1129': {'Retries': 0, 'Restarts': 0, 'SiteHistory': [], 'ResidentSetSize': [], 'SubmitTimes': [], 'StartTimes': [], 'EndTimes': [], 'TotalUserCpuTimeHistory': [], 'TotalSysCpuTimeHistory': [], 'WallDurations': [], 'JobIds': [], 'State': 'unsubmitted'}, '1130': {'Retries': 0, 'Restarts': 0, 'SiteHistory': [], 'ResidentSetSize': [], 'SubmitTimes': [], 'StartTimes': [], 'EndTimes': [], 'TotalUserCpuTimeHistory': [], 'TotalSysCpuTimeHistory': [], 'WallDurations': [], 'JobIds': [], 'State': 'unsubmitted'}, '1131': {'Retries': 0, 'Restarts': 0, 'SiteHistory': [], 'ResidentSetSize': [], 'SubmitTimes': [], 'StartTimes': [], 'EndTimes': [], 'TotalUserCpuTimeHistory': [], 'TotalSysCpuTimeHistory': [], 'WallDurations': [], 'JobIds': [], 'State': 'unsubmitted'}, '1132': {'Retries': 0, 'Restarts': 0, 'SiteHistory': [], 'ResidentSetSize': [], 'SubmitTimes': [], 'StartTimes': [], 'EndTimes': [], 'TotalUserCpuTimeHistory': [], 'TotalSysCpuTimeHistory': [], 'WallDurations': [], 'JobIds': [], 'State': 'unsubmitted'}, '1133': {'Retries': 0, 'Restarts': 0, 'SiteHistory': [], 'ResidentSetSize': [], 'SubmitTimes': [], 'StartTimes': [], 'EndTimes': [], 'TotalUserCpuTimeHistory': [], 'TotalSysCpuTimeHistory': [], 'WallDurations': [], 'JobIds': [], 'State': 'unsubmitted'}, '1134': {'Retries': 0, 'Restarts': 0, 'SiteHistory': [], 'ResidentSetSize': [], 'SubmitTimes': [], 'StartTimes': [], 'EndTimes': [], 'TotalUserCpuTimeHistory': [], 'TotalSysCpuTimeHistory': [], 'WallDurations': [], 'JobIds': [], 'State': 'unsubmitted'}, '1135': {'Retries': 0, 'Restarts': 0, 'SiteHistory': [], 'ResidentSetSize': [], 'SubmitTimes': [], 'StartTimes': [], 'EndTimes': [], 'TotalUserCpuTimeHistory': [], 'TotalSysCpuTimeHistory': [], 'WallDurations': [], 'JobIds': [], 'State': 'unsubmitted'}, '1136': {'Retries': 0, 'Restarts': 0, 'SiteHistory': [], 'ResidentSetSize': [], 'SubmitTimes': [], 'StartTimes': [], 'EndTimes': [], 'TotalUserCpuTimeHistory': [], 'TotalSysCpuTimeHistory': [], 'WallDurations': [], 'JobIds': [], 'State': 'unsubmitted'}, '1137': {'Retries': 0, 'Restarts': 0, 'SiteHistory': [], 'ResidentSetSize': [], 'SubmitTimes': [], 'StartTimes': [], 'EndTimes': [], 'TotalUserCpuTimeHistory': [], 'TotalSysCpuTimeHistory': [], 'WallDurations': [], 'JobIds': [], 'State': 'unsubmitted'}, '1138': {'Retries': 0, 'Restarts': 0, 'SiteHistory': [], 'ResidentSetSize': [], 'SubmitTimes': [], 'StartTimes': [], 'EndTimes': [], 'TotalUserCpuTimeHistory': [], 'TotalSysCpuTimeHistory': [], 'WallDurations': [], 'JobIds': [], 'State': 'unsubmitted'}, '1139': {'Retries': 0, 'Restarts': 0, 'SiteHistory': [], 'ResidentSetSize': [], 'SubmitTimes': [], 'StartTimes': [], 'EndTimes': [], 'TotalUserCpuTimeHistory': [], 'TotalSysCpuTimeHistory': [], 'WallDurations': [], 'JobIds': [], 'State': 'unsubmitted'}, '1140': {'Retries': 0, 'Restarts': 0, 'SiteHistory': [], 'ResidentSetSize': [], 'SubmitTimes': [], 'StartTimes': [], 'EndTimes': [], 'TotalUserCpuTimeHistory': [], 'TotalSysCpuTimeHistory': [], 'WallDurations': [], 'JobIds': [], 'State': 'unsubmitted'}, '1141': {'Retries': 0, 'Restarts': 0, 'SiteHistory': [], 'ResidentSetSize': [], 'SubmitTimes': [], 'StartTimes': [], 'EndTimes': [], 'TotalUserCpuTimeHistory': [], 'TotalSysCpuTimeHistory': [], 'WallDurations': [], 'JobIds': [], 'State': 'unsubmitted'}, '1142': {'Retries': 0, 'Restarts': 0, 'SiteHistory': [], 'ResidentSetSize': [], 'SubmitTimes': [], 'StartTimes': [], 'EndTimes': [], 'TotalUserCpuTimeHistory': [], 'TotalSysCpuTimeHistory': [], 'WallDurations': [], 'JobIds': [], 'State': 'unsubmitted'}, '1143': {'Retries': 0, 'Restarts': 0, 'SiteHistory': [], 'ResidentSetSize': [], 'SubmitTimes': [], 'StartTimes': [], 'EndTimes': [], 'TotalUserCpuTimeHistory': [], 'TotalSysCpuTimeHistory': [], 'WallDurations': [], 'JobIds': [], 'State': 'unsubmitted'}, '1144': {'Retries': 0, 'Restarts': 0, 'SiteHistory': [], 'ResidentSetSize': [], 'SubmitTimes': [], 'StartTimes': [], 'EndTimes': [], 'TotalUserCpuTimeHistory': [], 'TotalSysCpuTimeHistory': [], 'WallDurations': [], 'JobIds': [], 'State': 'unsubmitted'}, '1145': {'Retries': 0, 'Restarts': 0, 'SiteHistory': [], 'ResidentSetSize': [], 'SubmitTimes': [], 'StartTimes': [], 'EndTimes': [], 'TotalUserCpuTimeHistory': [], 'TotalSysCpuTimeHistory': [], 'WallDurations': [], 'JobIds': [], 'State': 'unsubmitted'}, '1146': {'Retries': 0, 'Restarts': 0, 'SiteHistory': [], 'ResidentSetSize': [], 'SubmitTimes': [], 'StartTimes': [], 'EndTimes': [], 'TotalUserCpuTimeHistory': [], 'TotalSysCpuTimeHistory': [], 'WallDurations': [], 'JobIds': [], 'State': 'unsubmitted'}, '1147': {'Retries': 0, 'Restarts': 0, 'SiteHistory': [], 'ResidentSetSize': [], 'SubmitTimes': [], 'StartTimes': [], 'EndTimes': [], 'TotalUserCpuTimeHistory': [], 'TotalSysCpuTimeHistory': [], 'WallDurations': [], 'JobIds': [], 'State': 'unsubmitted'}, '1148': {'Retries': 0, 'Restarts': 0, 'SiteHistory': [], 'ResidentSetSize': [], 'SubmitTimes': [], 'StartTimes': [], 'EndTimes': [], 'TotalUserCpuTimeHistory': [], 'TotalSysCpuTimeHistory': [], 'WallDurations': [], 'JobIds': [], 'State': 'unsubmitted'}, '1149': {'Retries': 0, 'Restarts': 0, 'SiteHistory': [], 'ResidentSetSize': [], 'SubmitTimes': [], 'StartTimes': [], 'EndTimes': [], 'TotalUserCpuTimeHistory': [], 'TotalSysCpuTimeHistory': [], 'WallDurations': [], 'JobIds': [], 'State': 'unsubmitted'}, '1150': {'Retries': 0, 'Restarts': 0, 'SiteHistory': [], 'ResidentSetSize': [], 'SubmitTimes': [], 'StartTimes': [], 'EndTimes': [], 'TotalUserCpuTimeHistory': [], 'TotalSysCpuTimeHistory': [], 'WallDurations': [], 'JobIds': [], 'State': 'unsubmitted'}, '1151': {'Retries': 0, 'Restarts': 0, 'SiteHistory': [], 'ResidentSetSize': [], 'SubmitTimes': [], 'StartTimes': [], 'EndTimes': [], 'TotalUserCpuTimeHistory': [], 'TotalSysCpuTimeHistory': [], 'WallDurations': [], 'JobIds': [], 'State': 'unsubmitted'}, '1152': {'Retries': 0, 'Restarts': 0, 'SiteHistory': [], 'ResidentSetSize': [], 'SubmitTimes': [], 'StartTimes': [], 'EndTimes': [], 'TotalUserCpuTimeHistory': [], 'TotalSysCpuTimeHistory': [], 'WallDurations': [], 'JobIds': [], 'State': 'unsubmitted'}, '1153': {'Retries': 0, 'Restarts': 0, 'SiteHistory': [], 'ResidentSetSize': [], 'SubmitTimes': [], 'StartTimes': [], 'EndTimes': [], 'TotalUserCpuTimeHistory': [], 'TotalSysCpuTimeHistory': [], 'WallDurations': [], 'JobIds': [], 'State': 'unsubmitted'}, '1154': {'Retries': 0, 'Restarts': 0, 'SiteHistory': [], 'ResidentSetSize': [], 'SubmitTimes': [], 'StartTimes': [], 'EndTimes': [], 'TotalUserCpuTimeHistory': [], 'TotalSysCpuTimeHistory': [], 'WallDurations': [], 'JobIds': [], 'State': 'unsubmitted'}, '1155': {'Retries': 0, 'Restarts': 0, 'SiteHistory': [], 'ResidentSetSize': [], 'SubmitTimes': [], 'StartTimes': [], 'EndTimes': [], 'TotalUserCpuTimeHistory': [], 'TotalSysCpuTimeHistory': [], 'WallDurations': [], 'JobIds': [], 'State': 'unsubmitted'}, '1156': {'Retries': 0, 'Restarts': 0, 'SiteHistory': [], 'ResidentSetSize': [], 'SubmitTimes': [], 'StartTimes': [], 'EndTimes': [], 'TotalUserCpuTimeHistory': [], 'TotalSysCpuTimeHistory': [], 'WallDurations': [], 'JobIds': [], 'State': 'unsubmitted'}, '1157': {'Retries': 0, 'Restarts': 0, 'SiteHistory': [], 'ResidentSetSize': [], 'SubmitTimes': [], 'StartTimes': [], 'EndTimes': [], 'TotalUserCpuTimeHistory': [], 'TotalSysCpuTimeHistory': [], 'WallDurations': [], 'JobIds': [], 'State': 'unsubmitted'}, '1158': {'Retries': 0, 'Restarts': 0, 'SiteHistory': [], 'ResidentSetSize': [], 'SubmitTimes': [], 'StartTimes': [], 'EndTimes': [], 'TotalUserCpuTimeHistory': [], 'TotalSysCpuTimeHistory': [], 'WallDurations': [], 'JobIds': [], 'State': 'unsubmitted'}, '1159': {'Retries': 0, 'Restarts': 0, 'SiteHistory': [], 'ResidentSetSize': [], 'SubmitTimes': [], 'StartTimes': [], 'EndTimes': [], 'TotalUserCpuTimeHistory': [], 'TotalSysCpuTimeHistory': [], 'WallDurations': [], 'JobIds': [], 'State': 'unsubmitted'}, '1160': {'Retries': 0, 'Restarts': 0, 'SiteHistory': [], 'ResidentSetSize': [], 'SubmitTimes': [], 'StartTimes': [], 'EndTimes': [], 'TotalUserCpuTimeHistory': [], 'TotalSysCpuTimeHistory': [], 'WallDurations': [], 'JobIds': [], 'State': 'unsubmitted'}, '1161': {'Retries': 0, 'Restarts': 0, 'SiteHistory': [], 'ResidentSetSize': [], 'SubmitTimes': [], 'StartTimes': [], 'EndTimes': [], 'TotalUserCpuTimeHistory': [], 'TotalSysCpuTimeHistory': [], 'WallDurations': [], 'JobIds': [], 'State': 'unsubmitted'}, '1162': {'Retries': 0, 'Restarts': 0, 'SiteHistory': [], 'ResidentSetSize': [], 'SubmitTimes': [], 'StartTimes': [], 'EndTimes': [], 'TotalUserCpuTimeHistory': [], 'TotalSysCpuTimeHistory': [], 'WallDurations': [], 'JobIds': [], 'State': 'unsubmitted'}, '1163': {'Retries': 0, 'Restarts': 0, 'SiteHistory': [], 'ResidentSetSize': [], 'SubmitTimes': [], 'StartTimes': [], 'EndTimes': [], 'TotalUserCpuTimeHistory': [], 'TotalSysCpuTimeHistory': [], 'WallDurations': [], 'JobIds': [], 'State': 'unsubmitted'}, '1164': {'Retries': 0, 'Restarts': 0, 'SiteHistory': [], 'ResidentSetSize': [], 'SubmitTimes': [], 'StartTimes': [], 'EndTimes': [], 'TotalUserCpuTimeHistory': [], 'TotalSysCpuTimeHistory': [], 'WallDurations': [], 'JobIds': [], 'State': 'unsubmitted'}, '1165': {'Retries': 0, 'Restarts': 0, 'SiteHistory': [], 'ResidentSetSize': [], 'SubmitTimes': [], 'StartTimes': [], 'EndTimes': [], 'TotalUserCpuTimeHistory': [], 'TotalSysCpuTimeHistory': [], 'WallDurations': [], 'JobIds': [], 'State': 'unsubmitted'}, '1166': {'Retries': 0, 'Restarts': 0, 'SiteHistory': [], 'ResidentSetSize': [], 'SubmitTimes': [], 'StartTimes': [], 'EndTimes': [], 'TotalUserCpuTimeHistory': [], 'TotalSysCpuTimeHistory': [], 'WallDurations': [], 'JobIds': [], 'State': 'unsubmitted'}, '1167': {'Retries': 0, 'Restarts': 0, 'SiteHistory': [], 'ResidentSetSize': [], 'SubmitTimes': [], 'StartTimes': [], 'EndTimes': [], 'TotalUserCpuTimeHistory': [], 'TotalSysCpuTimeHistory': [], 'WallDurations': [], 'JobIds': [], 'State': 'unsubmitted'}, '1168': {'Retries': 0, 'Restarts': 0, 'SiteHistory': [], 'ResidentSetSize': [], 'SubmitTimes': [], 'StartTimes': [], 'EndTimes': [], 'TotalUserCpuTimeHistory': [], 'TotalSysCpuTimeHistory': [], 'WallDurations': [], 'JobIds': [], 'State': 'unsubmitted'}, '1169': {'Retries': 0, 'Restarts': 0, 'SiteHistory': [], 'ResidentSetSize': [], 'SubmitTimes': [], 'StartTimes': [], 'EndTimes': [], 'TotalUserCpuTimeHistory': [], 'TotalSysCpuTimeHistory': [], 'WallDurations': [], 'JobIds': [], 'State': 'unsubmitted'}, '1170': {'Retries': 0, 'Restarts': 0, 'SiteHistory': [], 'ResidentSetSize': [], 'SubmitTimes': [], 'StartTimes': [], 'EndTimes': [], 'TotalUserCpuTimeHistory': [], 'TotalSysCpuTimeHistory': [], 'WallDurations': [], 'JobIds': [], 'State': 'unsubmitted'}, '1171': {'Retries': 0, 'Restarts': 0, 'SiteHistory': [], 'ResidentSetSize': [], 'SubmitTimes': [], 'StartTimes': [], 'EndTimes': [], 'TotalUserCpuTimeHistory': [], 'TotalSysCpuTimeHistory': [], 'WallDurations': [], 'JobIds': [], 'State': 'unsubmitted'}, '1172': {'Retries': 0, 'Restarts': 0, 'SiteHistory': [], 'ResidentSetSize': [], 'SubmitTimes': [], 'StartTimes': [], 'EndTimes': [], 'TotalUserCpuTimeHistory': [], 'TotalSysCpuTimeHistory': [], 'WallDurations': [], 'JobIds': [], 'State': 'unsubmitted'}, '1173': {'Retries': 0, 'Restarts': 0, 'SiteHistory': [], 'ResidentSetSize': [], 'SubmitTimes': [], 'StartTimes': [], 'EndTimes': [], 'TotalUserCpuTimeHistory': [], 'TotalSysCpuTimeHistory': [], 'WallDurations': [], 'JobIds': [], 'State': 'unsubmitted'}, '1174': {'Retries': 0, 'Restarts': 0, 'SiteHistory': [], 'ResidentSetSize': [], 'SubmitTimes': [], 'StartTimes': [], 'EndTimes': [], 'TotalUserCpuTimeHistory': [], 'TotalSysCpuTimeHistory': [], 'WallDurations': [], 'JobIds': [], 'State': 'unsubmitted'}, '1175': {'Retries': 0, 'Restarts': 0, 'SiteHistory': [], 'ResidentSetSize': [], 'SubmitTimes': [], 'StartTimes': [], 'EndTimes': [], 'TotalUserCpuTimeHistory': [], 'TotalSysCpuTimeHistory': [], 'WallDurations': [], 'JobIds': [], 'State': 'unsubmitted'}, '1176': {'Retries': 0, 'Restarts': 0, 'SiteHistory': [], 'ResidentSetSize': [], 'SubmitTimes': [], 'StartTimes': [], 'EndTimes': [], 'TotalUserCpuTimeHistory': [], 'TotalSysCpuTimeHistory': [], 'WallDurations': [], 'JobIds': [], 'State': 'unsubmitted'}, '1177': {'Retries': 0, 'Restarts': 0, 'SiteHistory': [], 'ResidentSetSize': [], 'SubmitTimes': [], 'StartTimes': [], 'EndTimes': [], 'TotalUserCpuTimeHistory': [], 'TotalSysCpuTimeHistory': [], 'WallDurations': [], 'JobIds': [], 'State': 'unsubmitted'}, '1178': {'Retries': 0, 'Restarts': 0, 'SiteHistory': [], 'ResidentSetSize': [], 'SubmitTimes': [], 'StartTimes': [], 'EndTimes': [], 'TotalUserCpuTimeHistory': [], 'TotalSysCpuTimeHistory': [], 'WallDurations': [], 'JobIds': [], 'State': 'unsubmitted'}, '1179': {'Retries': 0, 'Restarts': 0, 'SiteHistory': [], 'ResidentSetSize': [], 'SubmitTimes': [], 'StartTimes': [], 'EndTimes': [], 'TotalUserCpuTimeHistory': [], 'TotalSysCpuTimeHistory': [], 'WallDurations': [], 'JobIds': [], 'State': 'unsubmitted'}, '1180': {'Retries': 0, 'Restarts': 0, 'SiteHistory': [], 'ResidentSetSize': [], 'SubmitTimes': [], 'StartTimes': [], 'EndTimes': [], 'TotalUserCpuTimeHistory': [], 'TotalSysCpuTimeHistory': [], 'WallDurations': [], 'JobIds': [], 'State': 'unsubmitted'}, '1181': {'Retries': 0, 'Restarts': 0, 'SiteHistory': [], 'ResidentSetSize': [], 'SubmitTimes': [], 'StartTimes': [], 'EndTimes': [], 'TotalUserCpuTimeHistory': [], 'TotalSysCpuTimeHistory': [], 'WallDurations': [], 'JobIds': [], 'State': 'unsubmitted'}, '1182': {'Retries': 0, 'Restarts': 0, 'SiteHistory': [], 'ResidentSetSize': [], 'SubmitTimes': [], 'StartTimes': [], 'EndTimes': [], 'TotalUserCpuTimeHistory': [], 'TotalSysCpuTimeHistory': [], 'WallDurations': [], 'JobIds': [], 'State': 'unsubmitted'}, '1183': {'Retries': 0, 'Restarts': 0, 'SiteHistory': [], 'ResidentSetSize': [], 'SubmitTimes': [], 'StartTimes': [], 'EndTimes': [], 'TotalUserCpuTimeHistory': [], 'TotalSysCpuTimeHistory': [], 'WallDurations': [], 'JobIds': [], 'State': 'unsubmitted'}, '1184': {'Retries': 0, 'Restarts': 0, 'SiteHistory': [], 'ResidentSetSize': [], 'SubmitTimes': [], 'StartTimes': [], 'EndTimes': [], 'TotalUserCpuTimeHistory': [], 'TotalSysCpuTimeHistory': [], 'WallDurations': [], 'JobIds': [], 'State': 'unsubmitted'}, '1185': {'Retries': 0, 'Restarts': 0, 'SiteHistory': [], 'ResidentSetSize': [], 'SubmitTimes': [], 'StartTimes': [], 'EndTimes': [], 'TotalUserCpuTimeHistory': [], 'TotalSysCpuTimeHistory': [], 'WallDurations': [], 'JobIds': [], 'State': 'unsubmitted'}, '1186': {'Retries': 0, 'Restarts': 0, 'SiteHistory': [], 'ResidentSetSize': [], 'SubmitTimes': [], 'StartTimes': [], 'EndTimes': [], 'TotalUserCpuTimeHistory': [], 'TotalSysCpuTimeHistory': [], 'WallDurations': [], 'JobIds': [], 'State': 'unsubmitted'}, '1187': {'Retries': 0, 'Restarts': 0, 'SiteHistory': [], 'ResidentSetSize': [], 'SubmitTimes': [], 'StartTimes': [], 'EndTimes': [], 'TotalUserCpuTimeHistory': [], 'TotalSysCpuTimeHistory': [], 'WallDurations': [], 'JobIds': [], 'State': 'unsubmitted'}, '1188': {'Retries': 0, 'Restarts': 0, 'SiteHistory': [], 'ResidentSetSize': [], 'SubmitTimes': [], 'StartTimes': [], 'EndTimes': [], 'TotalUserCpuTimeHistory': [], 'TotalSysCpuTimeHistory': [], 'WallDurations': [], 'JobIds': [], 'State': 'unsubmitted'}, '1189': {'Retries': 0, 'Restarts': 0, 'SiteHistory': [], 'ResidentSetSize': [], 'SubmitTimes': [], 'StartTimes': [], 'EndTimes': [], 'TotalUserCpuTimeHistory': [], 'TotalSysCpuTimeHistory': [], 'WallDurations': [], 'JobIds': [], 'State': 'unsubmitted'}, '1190': {'Retries': 0, 'Restarts': 0, 'SiteHistory': [], 'ResidentSetSize': [], 'SubmitTimes': [], 'StartTimes': [], 'EndTimes': [], 'TotalUserCpuTimeHistory': [], 'TotalSysCpuTimeHistory': [], 'WallDurations': [], 'JobIds': [], 'State': 'unsubmitted'}, '1191': {'Retries': 0, 'Restarts': 0, 'SiteHistory': [], 'ResidentSetSize': [], 'SubmitTimes': [], 'StartTimes': [], 'EndTimes': [], 'TotalUserCpuTimeHistory': [], 'TotalSysCpuTimeHistory': [], 'WallDurations': [], 'JobIds': [], 'State': 'unsubmitted'}, '1192': {'Retries': 0, 'Restarts': 0, 'SiteHistory': [], 'ResidentSetSize': [], 'SubmitTimes': [], 'StartTimes': [], 'EndTimes': [], 'TotalUserCpuTimeHistory': [], 'TotalSysCpuTimeHistory': [], 'WallDurations': [], 'JobIds': [], 'State': 'unsubmitted'}, '1193': {'Retries': 0, 'Restarts': 0, 'SiteHistory': [], 'ResidentSetSize': [], 'SubmitTimes': [], 'StartTimes': [], 'EndTimes': [], 'TotalUserCpuTimeHistory': [], 'TotalSysCpuTimeHistory': [], 'WallDurations': [], 'JobIds': [], 'State': 'unsubmitted'}, '1194': {'Retries': 0, 'Restarts': 0, 'SiteHistory': [], 'ResidentSetSize': [], 'SubmitTimes': [], 'StartTimes': [], 'EndTimes': [], 'TotalUserCpuTimeHistory': [], 'TotalSysCpuTimeHistory': [], 'WallDurations': [], 'JobIds': [], 'State': 'unsubmitted'}, '1195': {'Retries': 0, 'Restarts': 0, 'SiteHistory': [], 'ResidentSetSize': [], 'SubmitTimes': [], 'StartTimes': [], 'EndTimes': [], 'TotalUserCpuTimeHistory': [], 'TotalSysCpuTimeHistory': [], 'WallDurations': [], 'JobIds': [], 'State': 'unsubmitted'}, '1196': {'Retries': 0, 'Restarts': 0, 'SiteHistory': [], 'ResidentSetSize': [], 'SubmitTimes': [], 'StartTimes': [], 'EndTimes': [], 'TotalUserCpuTimeHistory': [], 'TotalSysCpuTimeHistory': [], 'WallDurations': [], 'JobIds': [], 'State': 'unsubmitted'}, '1197': {'Retries': 0, 'Restarts': 0, 'SiteHistory': [], 'ResidentSetSize': [], 'SubmitTimes': [], 'StartTimes': [], 'EndTimes': [], 'TotalUserCpuTimeHistory': [], 'TotalSysCpuTimeHistory': [], 'WallDurations': [], 'JobIds': [], 'State': 'unsubmitted'}, '1198': {'Retries': 0, 'Restarts': 0, 'SiteHistory': [], 'ResidentSetSize': [], 'SubmitTimes': [], 'StartTimes': [], 'EndTimes': [], 'TotalUserCpuTimeHistory': [], 'TotalSysCpuTimeHistory': [], 'WallDurations': [], 'JobIds': [], 'State': 'unsubmitted'}, '1199': {'Retries': 0, 'Restarts': 0, 'SiteHistory': [], 'ResidentSetSize': [], 'SubmitTimes': [], 'StartTimes': [], 'EndTimes': [], 'TotalUserCpuTimeHistory': [], 'TotalSysCpuTimeHistory': [], 'WallDurations': [], 'JobIds': [], 'State': 'unsubmitted'}, '1200': {'Retries': 0, 'Restarts': 0, 'SiteHistory': [], 'ResidentSetSize': [], 'SubmitTimes': [], 'StartTimes': [], 'EndTimes': [], 'TotalUserCpuTimeHistory': [], 'TotalSysCpuTimeHistory': [], 'WallDurations': [], 'JobIds': [], 'State': 'unsubmitted'}, '1201': {'Retries': 0, 'Restarts': 0, 'SiteHistory': [], 'ResidentSetSize': [], 'SubmitTimes': [], 'StartTimes': [], 'EndTimes': [], 'TotalUserCpuTimeHistory': [], 'TotalSysCpuTimeHistory': [], 'WallDurations': [], 'JobIds': [], 'State': 'unsubmitted'}, '1202': {'Retries': 0, 'Restarts': 0, 'SiteHistory': [], 'ResidentSetSize': [], 'SubmitTimes': [], 'StartTimes': [], 'EndTimes': [], 'TotalUserCpuTimeHistory': [], 'TotalSysCpuTimeHistory': [], 'WallDurations': [], 'JobIds': [], 'State': 'unsubmitted'}, '1203': {'Retries': 0, 'Restarts': 0, 'SiteHistory': [], 'ResidentSetSize': [], 'SubmitTimes': [], 'StartTimes': [], 'EndTimes': [], 'TotalUserCpuTimeHistory': [], 'TotalSysCpuTimeHistory': [], 'WallDurations': [], 'JobIds': [], 'State': 'unsubmitted'}, '1204': {'Retries': 0, 'Restarts': 0, 'SiteHistory': [], 'ResidentSetSize': [], 'SubmitTimes': [], 'StartTimes': [], 'EndTimes': [], 'TotalUserCpuTimeHistory': [], 'TotalSysCpuTimeHistory': [], 'WallDurations': [], 'JobIds': [], 'State': 'unsubmitted'}, '1205': {'Retries': 0, 'Restarts': 0, 'SiteHistory': [], 'ResidentSetSize': [], 'SubmitTimes': [], 'StartTimes': [], 'EndTimes': [], 'TotalUserCpuTimeHistory': [], 'TotalSysCpuTimeHistory': [], 'WallDurations': [], 'JobIds': [], 'State': 'unsubmitted'}, '1206': {'Retries': 0, 'Restarts': 0, 'SiteHistory': [], 'ResidentSetSize': [], 'SubmitTimes': [], 'StartTimes': [], 'EndTimes': [], 'TotalUserCpuTimeHistory': [], 'TotalSysCpuTimeHistory': [], 'WallDurations': [], 'JobIds': [], 'State': 'unsubmitted'}, '1207': {'Retries': 0, 'Restarts': 0, 'SiteHistory': [], 'ResidentSetSize': [], 'SubmitTimes': [], 'StartTimes': [], 'EndTimes': [], 'TotalUserCpuTimeHistory': [], 'TotalSysCpuTimeHistory': [], 'WallDurations': [], 'JobIds': [], 'State': 'unsubmitted'}, '1208': {'Retries': 0, 'Restarts': 0, 'SiteHistory': [], 'ResidentSetSize': [], 'SubmitTimes': [], 'StartTimes': [], 'EndTimes': [], 'TotalUserCpuTimeHistory': [], 'TotalSysCpuTimeHistory': [], 'WallDurations': [], 'JobIds': [], 'State': 'unsubmitted'}, '1209': {'Retries': 0, 'Restarts': 0, 'SiteHistory': [], 'ResidentSetSize': [], 'SubmitTimes': [], 'StartTimes': [], 'EndTimes': [], 'TotalUserCpuTimeHistory': [], 'TotalSysCpuTimeHistory': [], 'WallDurations': [], 'JobIds': [], 'State': 'unsubmitted'}, '1210': {'Retries': 0, 'Restarts': 0, 'SiteHistory': [], 'ResidentSetSize': [], 'SubmitTimes': [], 'StartTimes': [], 'EndTimes': [], 'TotalUserCpuTimeHistory': [], 'TotalSysCpuTimeHistory': [], 'WallDurations': [], 'JobIds': [], 'State': 'unsubmitted'}, '1211': {'Retries': 0, 'Restarts': 0, 'SiteHistory': [], 'ResidentSetSize': [], 'SubmitTimes': [], 'StartTimes': [], 'EndTimes': [], 'TotalUserCpuTimeHistory': [], 'TotalSysCpuTimeHistory': [], 'WallDurations': [], 'JobIds': [], 'State': 'unsubmitted'}, '1212': {'Retries': 0, 'Restarts': 0, 'SiteHistory': [], 'ResidentSetSize': [], 'SubmitTimes': [], 'StartTimes': [], 'EndTimes': [], 'TotalUserCpuTimeHistory': [], 'TotalSysCpuTimeHistory': [], 'WallDurations': [], 'JobIds': [], 'State': 'unsubmitted'}, '1213': {'Retries': 0, 'Restarts': 0, 'SiteHistory': [], 'ResidentSetSize': [], 'SubmitTimes': [], 'StartTimes': [], 'EndTimes': [], 'TotalUserCpuTimeHistory': [], 'TotalSysCpuTimeHistory': [], 'WallDurations': [], 'JobIds': [], 'State': 'unsubmitted'}, '1214': {'Retries': 0, 'Restarts': 0, 'SiteHistory': [], 'ResidentSetSize': [], 'SubmitTimes': [], 'StartTimes': [], 'EndTimes': [], 'TotalUserCpuTimeHistory': [], 'TotalSysCpuTimeHistory': [], 'WallDurations': [], 'JobIds': [], 'State': 'unsubmitted'}, '1215': {'Retries': 0, 'Restarts': 0, 'SiteHistory': [], 'ResidentSetSize': [], 'SubmitTimes': [], 'StartTimes': [], 'EndTimes': [], 'TotalUserCpuTimeHistory': [], 'TotalSysCpuTimeHistory': [], 'WallDurations': [], 'JobIds': [], 'State': 'unsubmitted'}, '1216': {'Retries': 0, 'Restarts': 0, 'SiteHistory': [], 'ResidentSetSize': [], 'SubmitTimes': [], 'StartTimes': [], 'EndTimes': [], 'TotalUserCpuTimeHistory': [], 'TotalSysCpuTimeHistory': [], 'WallDurations': [], 'JobIds': [], 'State': 'unsubmitted'}, '1217': {'Retries': 0, 'Restarts': 0, 'SiteHistory': [], 'ResidentSetSize': [], 'SubmitTimes': [], 'StartTimes': [], 'EndTimes': [], 'TotalUserCpuTimeHistory': [], 'TotalSysCpuTimeHistory': [], 'WallDurations': [], 'JobIds': [], 'State': 'unsubmitted'}, '1218': {'Retries': 0, 'Restarts': 0, 'SiteHistory': [], 'ResidentSetSize': [], 'SubmitTimes': [], 'StartTimes': [], 'EndTimes': [], 'TotalUserCpuTimeHistory': [], 'TotalSysCpuTimeHistory': [], 'WallDurations': [], 'JobIds': [], 'State': 'unsubmitted'}, '1219': {'Retries': 0, 'Restarts': 0, 'SiteHistory': [], 'ResidentSetSize': [], 'SubmitTimes': [], 'StartTimes': [], 'EndTimes': [], 'TotalUserCpuTimeHistory': [], 'TotalSysCpuTimeHistory': [], 'WallDurations': [], 'JobIds': [], 'State': 'unsubmitted'}, '1220': {'Retries': 0, 'Restarts': 0, 'SiteHistory': [], 'ResidentSetSize': [], 'SubmitTimes': [], 'StartTimes': [], 'EndTimes': [], 'TotalUserCpuTimeHistory': [], 'TotalSysCpuTimeHistory': [], 'WallDurations': [], 'JobIds': [], 'State': 'unsubmitted'}, '1221': {'Retries': 0, 'Restarts': 0, 'SiteHistory': [], 'ResidentSetSize': [], 'SubmitTimes': [], 'StartTimes': [], 'EndTimes': [], 'TotalUserCpuTimeHistory': [], 'TotalSysCpuTimeHistory': [], 'WallDurations': [], 'JobIds': [], 'State': 'unsubmitted'}, '1222': {'Retries': 0, 'Restarts': 0, 'SiteHistory': [], 'ResidentSetSize': [], 'SubmitTimes': [], 'StartTimes': [], 'EndTimes': [], 'TotalUserCpuTimeHistory': [], 'TotalSysCpuTimeHistory': [], 'WallDurations': [], 'JobIds': [], 'State': 'unsubmitted'}, '1223': {'Retries': 0, 'Restarts': 0, 'SiteHistory': [], 'ResidentSetSize': [], 'SubmitTimes': [], 'StartTimes': [], 'EndTimes': [], 'TotalUserCpuTimeHistory': [], 'TotalSysCpuTimeHistory': [], 'WallDurations': [], 'JobIds': [], 'State': 'unsubmitted'}, '1224': {'Retries': 0, 'Restarts': 0, 'SiteHistory': [], 'ResidentSetSize': [], 'SubmitTimes': [], 'StartTimes': [], 'EndTimes': [], 'TotalUserCpuTimeHistory': [], 'TotalSysCpuTimeHistory': [], 'WallDurations': [], 'JobIds': [], 'State': 'unsubmitted'}, '1225': {'Retries': 0, 'Restarts': 0, 'SiteHistory': [], 'ResidentSetSize': [], 'SubmitTimes': [], 'StartTimes': [], 'EndTimes': [], 'TotalUserCpuTimeHistory': [], 'TotalSysCpuTimeHistory': [], 'WallDurations': [], 'JobIds': [], 'State': 'unsubmitted'}, '1226': {'Retries': 0, 'Restarts': 0, 'SiteHistory': [], 'ResidentSetSize': [], 'SubmitTimes': [], 'StartTimes': [], 'EndTimes': [], 'TotalUserCpuTimeHistory': [], 'TotalSysCpuTimeHistory': [], 'WallDurations': [], 'JobIds': [], 'State': 'unsubmitted'}, '1227': {'Retries': 0, 'Restarts': 0, 'SiteHistory': [], 'ResidentSetSize': [], 'SubmitTimes': [], 'StartTimes': [], 'EndTimes': [], 'TotalUserCpuTimeHistory': [], 'TotalSysCpuTimeHistory': [], 'WallDurations': [], 'JobIds': [], 'State': 'unsubmitted'}, '1228': {'Retries': 0, 'Restarts': 0, 'SiteHistory': [], 'ResidentSetSize': [], 'SubmitTimes': [], 'StartTimes': [], 'EndTimes': [], 'TotalUserCpuTimeHistory': [], 'TotalSysCpuTimeHistory': [], 'WallDurations': [], 'JobIds': [], 'State': 'unsubmitted'}, '1229': {'Retries': 0, 'Restarts': 0, 'SiteHistory': [], 'ResidentSetSize': [], 'SubmitTimes': [], 'StartTimes': [], 'EndTimes': [], 'TotalUserCpuTimeHistory': [], 'TotalSysCpuTimeHistory': [], 'WallDurations': [], 'JobIds': [], 'State': 'unsubmitted'}, '1230': {'Retries': 0, 'Restarts': 0, 'SiteHistory': [], 'ResidentSetSize': [], 'SubmitTimes': [], 'StartTimes': [], 'EndTimes': [], 'TotalUserCpuTimeHistory': [], 'TotalSysCpuTimeHistory': [], 'WallDurations': [], 'JobIds': [], 'State': 'unsubmitted'}, '1231': {'Retries': 0, 'Restarts': 0, 'SiteHistory': [], 'ResidentSetSize': [], 'SubmitTimes': [], 'StartTimes': [], 'EndTimes': [], 'TotalUserCpuTimeHistory': [], 'TotalSysCpuTimeHistory': [], 'WallDurations': [], 'JobIds': [], 'State': 'unsubmitted'}, '1232': {'Retries': 0, 'Restarts': 0, 'SiteHistory': [], 'ResidentSetSize': [], 'SubmitTimes': [], 'StartTimes': [], 'EndTimes': [], 'TotalUserCpuTimeHistory': [], 'TotalSysCpuTimeHistory': [], 'WallDurations': [], 'JobIds': [], 'State': 'unsubmitted'}, '1233': {'Retries': 0, 'Restarts': 0, 'SiteHistory': [], 'ResidentSetSize': [], 'SubmitTimes': [], 'StartTimes': [], 'EndTimes': [], 'TotalUserCpuTimeHistory': [], 'TotalSysCpuTimeHistory': [], 'WallDurations': [], 'JobIds': [], 'State': 'unsubmitted'}, '1234': {'Retries': 0, 'Restarts': 0, 'SiteHistory': [], 'ResidentSetSize': [], 'SubmitTimes': [], 'StartTimes': [], 'EndTimes': [], 'TotalUserCpuTimeHistory': [], 'TotalSysCpuTimeHistory': [], 'WallDurations': [], 'JobIds': [], 'State': 'unsubmitted'}, '1235': {'Retries': 0, 'Restarts': 0, 'SiteHistory': [], 'ResidentSetSize': [], 'SubmitTimes': [], 'StartTimes': [], 'EndTimes': [], 'TotalUserCpuTimeHistory': [], 'TotalSysCpuTimeHistory': [], 'WallDurations': [], 'JobIds': [], 'State': 'unsubmitted'}, '1236': {'Retries': 0, 'Restarts': 0, 'SiteHistory': [], 'ResidentSetSize': [], 'SubmitTimes': [], 'StartTimes': [], 'EndTimes': [], 'TotalUserCpuTimeHistory': [], 'TotalSysCpuTimeHistory': [], 'WallDurations': [], 'JobIds': [], 'State': 'unsubmitted'}, '1237': {'Retries': 0, 'Restarts': 0, 'SiteHistory': [], 'ResidentSetSize': [], 'SubmitTimes': [], 'StartTimes': [], 'EndTimes': [], 'TotalUserCpuTimeHistory': [], 'TotalSysCpuTimeHistory': [], 'WallDurations': [], 'JobIds': [], 'State': 'unsubmitted'}, '1238': {'Retries': 0, 'Restarts': 0, 'SiteHistory': [], 'ResidentSetSize': [], 'SubmitTimes': [], 'StartTimes': [], 'EndTimes': [], 'TotalUserCpuTimeHistory': [], 'TotalSysCpuTimeHistory': [], 'WallDurations': [], 'JobIds': [], 'State': 'unsubmitted'}, '1239': {'Retries': 0, 'Restarts': 0, 'SiteHistory': [], 'ResidentSetSize': [], 'SubmitTimes': [], 'StartTimes': [], 'EndTimes': [], 'TotalUserCpuTimeHistory': [], 'TotalSysCpuTimeHistory': [], 'WallDurations': [], 'JobIds': [], 'State': 'unsubmitted'}, '1240': {'Retries': 0, 'Restarts': 0, 'SiteHistory': [], 'ResidentSetSize': [], 'SubmitTimes': [], 'StartTimes': [], 'EndTimes': [], 'TotalUserCpuTimeHistory': [], 'TotalSysCpuTimeHistory': [], 'WallDurations': [], 'JobIds': [], 'State': 'unsubmitted'}, '1241': {'Retries': 0, 'Restarts': 0, 'SiteHistory': [], 'ResidentSetSize': [], 'SubmitTimes': [], 'StartTimes': [], 'EndTimes': [], 'TotalUserCpuTimeHistory': [], 'TotalSysCpuTimeHistory': [], 'WallDurations': [], 'JobIds': [], 'State': 'unsubmitted'}, '1242': {'Retries': 0, 'Restarts': 0, 'SiteHistory': [], 'ResidentSetSize': [], 'SubmitTimes': [], 'StartTimes': [], 'EndTimes': [], 'TotalUserCpuTimeHistory': [], 'TotalSysCpuTimeHistory': [], 'WallDurations': [], 'JobIds': [], 'State': 'unsubmitted'}, '1243': {'Retries': 0, 'Restarts': 0, 'SiteHistory': [], 'ResidentSetSize': [], 'SubmitTimes': [], 'StartTimes': [], 'EndTimes': [], 'TotalUserCpuTimeHistory': [], 'TotalSysCpuTimeHistory': [], 'WallDurations': [], 'JobIds': [], 'State': 'unsubmitted'}, '1244': {'Retries': 0, 'Restarts': 0, 'SiteHistory': [], 'ResidentSetSize': [], 'SubmitTimes': [], 'StartTimes': [], 'EndTimes': [], 'TotalUserCpuTimeHistory': [], 'TotalSysCpuTimeHistory': [], 'WallDurations': [], 'JobIds': [], 'State': 'unsubmitted'}, '1245': {'Retries': 0, 'Restarts': 0, 'SiteHistory': [], 'ResidentSetSize': [], 'SubmitTimes': [], 'StartTimes': [], 'EndTimes': [], 'TotalUserCpuTimeHistory': [], 'TotalSysCpuTimeHistory': [], 'WallDurations': [], 'JobIds': [], 'State': 'unsubmitted'}, '1246': {'Retries': 0, 'Restarts': 0, 'SiteHistory': [], 'ResidentSetSize': [], 'SubmitTimes': [], 'StartTimes': [], 'EndTimes': [], 'TotalUserCpuTimeHistory': [], 'TotalSysCpuTimeHistory': [], 'WallDurations': [], 'JobIds': [], 'State': 'unsubmitted'}, '1247': {'Retries': 0, 'Restarts': 0, 'SiteHistory': [], 'ResidentSetSize': [], 'SubmitTimes': [], 'StartTimes': [], 'EndTimes': [], 'TotalUserCpuTimeHistory': [], 'TotalSysCpuTimeHistory': [], 'WallDurations': [], 'JobIds': [], 'State': 'unsubmitted'}, '1248': {'Retries': 0, 'Restarts': 0, 'SiteHistory': [], 'ResidentSetSize': [], 'SubmitTimes': [], 'StartTimes': [], 'EndTimes': [], 'TotalUserCpuTimeHistory': [], 'TotalSysCpuTimeHistory': [], 'WallDurations': [], 'JobIds': [], 'State': 'unsubmitted'}, '1249': {'Retries': 0, 'Restarts': 0, 'SiteHistory': [], 'ResidentSetSize': [], 'SubmitTimes': [], 'StartTimes': [], 'EndTimes': [], 'TotalUserCpuTimeHistory': [], 'TotalSysCpuTimeHistory': [], 'WallDurations': [], 'JobIds': [], 'State': 'unsubmitted'}, '1250': {'Retries': 0, 'Restarts': 0, 'SiteHistory': [], 'ResidentSetSize': [], 'SubmitTimes': [], 'StartTimes': [], 'EndTimes': [], 'TotalUserCpuTimeHistory': [], 'TotalSysCpuTimeHistory': [], 'WallDurations': [], 'JobIds': [], 'State': 'unsubmitted'}, '1251': {'Retries': 0, 'Restarts': 0, 'SiteHistory': [], 'ResidentSetSize': [], 'SubmitTimes': [], 'StartTimes': [], 'EndTimes': [], 'TotalUserCpuTimeHistory': [], 'TotalSysCpuTimeHistory': [], 'WallDurations': [], 'JobIds': [], 'State': 'unsubmitted'}, '1252': {'Retries': 0, 'Restarts': 0, 'SiteHistory': [], 'ResidentSetSize': [], 'SubmitTimes': [], 'StartTimes': [], 'EndTimes': [], 'TotalUserCpuTimeHistory': [], 'TotalSysCpuTimeHistory': [], 'WallDurations': [], 'JobIds': [], 'State': 'unsubmitted'}, '1253': {'Retries': 0, 'Restarts': 0, 'SiteHistory': [], 'ResidentSetSize': [], 'SubmitTimes': [], 'StartTimes': [], 'EndTimes': [], 'TotalUserCpuTimeHistory': [], 'TotalSysCpuTimeHistory': [], 'WallDurations': [], 'JobIds': [], 'State': 'unsubmitted'}, '1254': {'Retries': 0, 'Restarts': 0, 'SiteHistory': [], 'ResidentSetSize': [], 'SubmitTimes': [], 'StartTimes': [], 'EndTimes': [], 'TotalUserCpuTimeHistory': [], 'TotalSysCpuTimeHistory': [], 'WallDurations': [], 'JobIds': [], 'State': 'unsubmitted'}, '1255': {'Retries': 0, 'Restarts': 0, 'SiteHistory': [], 'ResidentSetSize': [], 'SubmitTimes': [], 'StartTimes': [], 'EndTimes': [], 'TotalUserCpuTimeHistory': [], 'TotalSysCpuTimeHistory': [], 'WallDurations': [], 'JobIds': [], 'State': 'unsubmitted'}, '1256': {'Retries': 0, 'Restarts': 0, 'SiteHistory': [], 'ResidentSetSize': [], 'SubmitTimes': [], 'StartTimes': [], 'EndTimes': [], 'TotalUserCpuTimeHistory': [], 'TotalSysCpuTimeHistory': [], 'WallDurations': [], 'JobIds': [], 'State': 'unsubmitted'}, '1257': {'Retries': 0, 'Restarts': 0, 'SiteHistory': [], 'ResidentSetSize': [], 'SubmitTimes': [], 'StartTimes': [], 'EndTimes': [], 'TotalUserCpuTimeHistory': [], 'TotalSysCpuTimeHistory': [], 'WallDurations': [], 'JobIds': [], 'State': 'unsubmitted'}, '1258': {'Retries': 0, 'Restarts': 0, 'SiteHistory': [], 'ResidentSetSize': [], 'SubmitTimes': [], 'StartTimes': [], 'EndTimes': [], 'TotalUserCpuTimeHistory': [], 'TotalSysCpuTimeHistory': [], 'WallDurations': [], 'JobIds': [], 'State': 'unsubmitted'}, '1259': {'Retries': 0, 'Restarts': 0, 'SiteHistory': [], 'ResidentSetSize': [], 'SubmitTimes': [], 'StartTimes': [], 'EndTimes': [], 'TotalUserCpuTimeHistory': [], 'TotalSysCpuTimeHistory': [], 'WallDurations': [], 'JobIds': [], 'State': 'unsubmitted'}, '1260': {'Retries': 0, 'Restarts': 0, 'SiteHistory': [], 'ResidentSetSize': [], 'SubmitTimes': [], 'StartTimes': [], 'EndTimes': [], 'TotalUserCpuTimeHistory': [], 'TotalSysCpuTimeHistory': [], 'WallDurations': [], 'JobIds': [], 'State': 'unsubmitted'}, '1261': {'Retries': 0, 'Restarts': 0, 'SiteHistory': [], 'ResidentSetSize': [], 'SubmitTimes': [], 'StartTimes': [], 'EndTimes': [], 'TotalUserCpuTimeHistory': [], 'TotalSysCpuTimeHistory': [], 'WallDurations': [], 'JobIds': [], 'State': 'unsubmitted'}, '1262': {'Retries': 0, 'Restarts': 0, 'SiteHistory': [], 'ResidentSetSize': [], 'SubmitTimes': [], 'StartTimes': [], 'EndTimes': [], 'TotalUserCpuTimeHistory': [], 'TotalSysCpuTimeHistory': [], 'WallDurations': [], 'JobIds': [], 'State': 'unsubmitted'}, '1263': {'Retries': 0, 'Restarts': 0, 'SiteHistory': [], 'ResidentSetSize': [], 'SubmitTimes': [], 'StartTimes': [], 'EndTimes': [], 'TotalUserCpuTimeHistory': [], 'TotalSysCpuTimeHistory': [], 'WallDurations': [], 'JobIds': [], 'State': 'unsubmitted'}, '1264': {'Retries': 0, 'Restarts': 0, 'SiteHistory': [], 'ResidentSetSize': [], 'SubmitTimes': [], 'StartTimes': [], 'EndTimes': [], 'TotalUserCpuTimeHistory': [], 'TotalSysCpuTimeHistory': [], 'WallDurations': [], 'JobIds': [], 'State': 'unsubmitted'}, '1265': {'Retries': 0, 'Restarts': 0, 'SiteHistory': [], 'ResidentSetSize': [], 'SubmitTimes': [], 'StartTimes': [], 'EndTimes': [], 'TotalUserCpuTimeHistory': [], 'TotalSysCpuTimeHistory': [], 'WallDurations': [], 'JobIds': [], 'State': 'unsubmitted'}, '1266': {'Retries': 0, 'Restarts': 0, 'SiteHistory': [], 'ResidentSetSize': [], 'SubmitTimes': [], 'StartTimes': [], 'EndTimes': [], 'TotalUserCpuTimeHistory': [], 'TotalSysCpuTimeHistory': [], 'WallDurations': [], 'JobIds': [], 'State': 'unsubmitted'}, '1267': {'Retries': 0, 'Restarts': 0, 'SiteHistory': [], 'ResidentSetSize': [], 'SubmitTimes': [], 'StartTimes': [], 'EndTimes': [], 'TotalUserCpuTimeHistory': [], 'TotalSysCpuTimeHistory': [], 'WallDurations': [], 'JobIds': [], 'State': 'unsubmitted'}, '1268': {'Retries': 0, 'Restarts': 0, 'SiteHistory': [], 'ResidentSetSize': [], 'SubmitTimes': [], 'StartTimes': [], 'EndTimes': [], 'TotalUserCpuTimeHistory': [], 'TotalSysCpuTimeHistory': [], 'WallDurations': [], 'JobIds': [], 'State': 'unsubmitted'}, '1269': {'Retries': 0, 'Restarts': 0, 'SiteHistory': [], 'ResidentSetSize': [], 'SubmitTimes': [], 'StartTimes': [], 'EndTimes': [], 'TotalUserCpuTimeHistory': [], 'TotalSysCpuTimeHistory': [], 'WallDurations': [], 'JobIds': [], 'State': 'unsubmitted'}, '1270': {'Retries': 0, 'Restarts': 0, 'SiteHistory': [], 'ResidentSetSize': [], 'SubmitTimes': [], 'StartTimes': [], 'EndTimes': [], 'TotalUserCpuTimeHistory': [], 'TotalSysCpuTimeHistory': [], 'WallDurations': [], 'JobIds': [], 'State': 'unsubmitted'}, '1271': {'Retries': 0, 'Restarts': 0, 'SiteHistory': [], 'ResidentSetSize': [], 'SubmitTimes': [], 'StartTimes': [], 'EndTimes': [], 'TotalUserCpuTimeHistory': [], 'TotalSysCpuTimeHistory': [], 'WallDurations': [], 'JobIds': [], 'State': 'unsubmitted'}, '1272': {'Retries': 0, 'Restarts': 0, 'SiteHistory': [], 'ResidentSetSize': [], 'SubmitTimes': [], 'StartTimes': [], 'EndTimes': [], 'TotalUserCpuTimeHistory': [], 'TotalSysCpuTimeHistory': [], 'WallDurations': [], 'JobIds': [], 'State': 'unsubmitted'}, '1273': {'Retries': 0, 'Restarts': 0, 'SiteHistory': [], 'ResidentSetSize': [], 'SubmitTimes': [], 'StartTimes': [], 'EndTimes': [], 'TotalUserCpuTimeHistory': [], 'TotalSysCpuTimeHistory': [], 'WallDurations': [], 'JobIds': [], 'State': 'unsubmitted'}, '1274': {'Retries': 0, 'Restarts': 0, 'SiteHistory': [], 'ResidentSetSize': [], 'SubmitTimes': [], 'StartTimes': [], 'EndTimes': [], 'TotalUserCpuTimeHistory': [], 'TotalSysCpuTimeHistory': [], 'WallDurations': [], 'JobIds': [], 'State': 'unsubmitted'}, '1275': {'Retries': 0, 'Restarts': 0, 'SiteHistory': [], 'ResidentSetSize': [], 'SubmitTimes': [], 'StartTimes': [], 'EndTimes': [], 'TotalUserCpuTimeHistory': [], 'TotalSysCpuTimeHistory': [], 'WallDurations': [], 'JobIds': [], 'State': 'unsubmitted'}, '1276': {'Retries': 0, 'Restarts': 0, 'SiteHistory': [], 'ResidentSetSize': [], 'SubmitTimes': [], 'StartTimes': [], 'EndTimes': [], 'TotalUserCpuTimeHistory': [], 'TotalSysCpuTimeHistory': [], 'WallDurations': [], 'JobIds': [], 'State': 'unsubmitted'}, '1277': {'Retries': 0, 'Restarts': 0, 'SiteHistory': [], 'ResidentSetSize': [], 'SubmitTimes': [], 'StartTimes': [], 'EndTimes': [], 'TotalUserCpuTimeHistory': [], 'TotalSysCpuTimeHistory': [], 'WallDurations': [], 'JobIds': [], 'State': 'unsubmitted'}, '1278': {'Retries': 0, 'Restarts': 0, 'SiteHistory': [], 'ResidentSetSize': [], 'SubmitTimes': [], 'StartTimes': [], 'EndTimes': [], 'TotalUserCpuTimeHistory': [], 'TotalSysCpuTimeHistory': [], 'WallDurations': [], 'JobIds': [], 'State': 'unsubmitted'}, '1279': {'Retries': 0, 'Restarts': 0, 'SiteHistory': [], 'ResidentSetSize': [], 'SubmitTimes': [], 'StartTimes': [], 'EndTimes': [], 'TotalUserCpuTimeHistory': [], 'TotalSysCpuTimeHistory': [], 'WallDurations': [], 'JobIds': [], 'State': 'unsubmitted'}, '1280': {'Retries': 0, 'Restarts': 0, 'SiteHistory': [], 'ResidentSetSize': [], 'SubmitTimes': [], 'StartTimes': [], 'EndTimes': [], 'TotalUserCpuTimeHistory': [], 'TotalSysCpuTimeHistory': [], 'WallDurations': [], 'JobIds': [], 'State': 'unsubmitted'}, '1281': {'Retries': 0, 'Restarts': 0, 'SiteHistory': [], 'ResidentSetSize': [], 'SubmitTimes': [], 'StartTimes': [], 'EndTimes': [], 'TotalUserCpuTimeHistory': [], 'TotalSysCpuTimeHistory': [], 'WallDurations': [], 'JobIds': [], 'State': 'unsubmitted'}, '1282': {'Retries': 0, 'Restarts': 0, 'SiteHistory': [], 'ResidentSetSize': [], 'SubmitTimes': [], 'StartTimes': [], 'EndTimes': [], 'TotalUserCpuTimeHistory': [], 'TotalSysCpuTimeHistory': [], 'WallDurations': [], 'JobIds': [], 'State': 'unsubmitted'}, '1283': {'Retries': 0, 'Restarts': 0, 'SiteHistory': [], 'ResidentSetSize': [], 'SubmitTimes': [], 'StartTimes': [], 'EndTimes': [], 'TotalUserCpuTimeHistory': [], 'TotalSysCpuTimeHistory': [], 'WallDurations': [], 'JobIds': [], 'State': 'unsubmitted'}, '1284': {'Retries': 0, 'Restarts': 0, 'SiteHistory': [], 'ResidentSetSize': [], 'SubmitTimes': [], 'StartTimes': [], 'EndTimes': [], 'TotalUserCpuTimeHistory': [], 'TotalSysCpuTimeHistory': [], 'WallDurations': [], 'JobIds': [], 'State': 'unsubmitted'}, '1285': {'Retries': 0, 'Restarts': 0, 'SiteHistory': [], 'ResidentSetSize': [], 'SubmitTimes': [], 'StartTimes': [], 'EndTimes': [], 'TotalUserCpuTimeHistory': [], 'TotalSysCpuTimeHistory': [], 'WallDurations': [], 'JobIds': [], 'State': 'unsubmitted'}, '1286': {'Retries': 0, 'Restarts': 0, 'SiteHistory': [], 'ResidentSetSize': [], 'SubmitTimes': [], 'StartTimes': [], 'EndTimes': [], 'TotalUserCpuTimeHistory': [], 'TotalSysCpuTimeHistory': [], 'WallDurations': [], 'JobIds': [], 'State': 'unsubmitted'}, '1287': {'Retries': 0, 'Restarts': 0, 'SiteHistory': [], 'ResidentSetSize': [], 'SubmitTimes': [], 'StartTimes': [], 'EndTimes': [], 'TotalUserCpuTimeHistory': [], 'TotalSysCpuTimeHistory': [], 'WallDurations': [], 'JobIds': [], 'State': 'unsubmitted'}, '1288': {'Retries': 0, 'Restarts': 0, 'SiteHistory': [], 'ResidentSetSize': [], 'SubmitTimes': [], 'StartTimes': [], 'EndTimes': [], 'TotalUserCpuTimeHistory': [], 'TotalSysCpuTimeHistory': [], 'WallDurations': [], 'JobIds': [], 'State': 'unsubmitted'}, '1289': {'Retries': 0, 'Restarts': 0, 'SiteHistory': [], 'ResidentSetSize': [], 'SubmitTimes': [], 'StartTimes': [], 'EndTimes': [], 'TotalUserCpuTimeHistory': [], 'TotalSysCpuTimeHistory': [], 'WallDurations': [], 'JobIds': [], 'State': 'unsubmitted'}, '1290': {'Retries': 0, 'Restarts': 0, 'SiteHistory': [], 'ResidentSetSize': [], 'SubmitTimes': [], 'StartTimes': [], 'EndTimes': [], 'TotalUserCpuTimeHistory': [], 'TotalSysCpuTimeHistory': [], 'WallDurations': [], 'JobIds': [], 'State': 'unsubmitted'}, '1291': {'Retries': 0, 'Restarts': 0, 'SiteHistory': [], 'ResidentSetSize': [], 'SubmitTimes': [], 'StartTimes': [], 'EndTimes': [], 'TotalUserCpuTimeHistory': [], 'TotalSysCpuTimeHistory': [], 'WallDurations': [], 'JobIds': [], 'State': 'unsubmitted'}, '1292': {'Retries': 0, 'Restarts': 0, 'SiteHistory': [], 'ResidentSetSize': [], 'SubmitTimes': [], 'StartTimes': [], 'EndTimes': [], 'TotalUserCpuTimeHistory': [], 'TotalSysCpuTimeHistory': [], 'WallDurations': [], 'JobIds': [], 'State': 'unsubmitted'}, '1293': {'Retries': 0, 'Restarts': 0, 'SiteHistory': [], 'ResidentSetSize': [], 'SubmitTimes': [], 'StartTimes': [], 'EndTimes': [], 'TotalUserCpuTimeHistory': [], 'TotalSysCpuTimeHistory': [], 'WallDurations': [], 'JobIds': [], 'State': 'unsubmitted'}, '1294': {'Retries': 0, 'Restarts': 0, 'SiteHistory': [], 'ResidentSetSize': [], 'SubmitTimes': [], 'StartTimes': [], 'EndTimes': [], 'TotalUserCpuTimeHistory': [], 'TotalSysCpuTimeHistory': [], 'WallDurations': [], 'JobIds': [], 'State': 'unsubmitted'}, '1295': {'Retries': 0, 'Restarts': 0, 'SiteHistory': [], 'ResidentSetSize': [], 'SubmitTimes': [], 'StartTimes': [], 'EndTimes': [], 'TotalUserCpuTimeHistory': [], 'TotalSysCpuTimeHistory': [], 'WallDurations': [], 'JobIds': [], 'State': 'unsubmitted'}, '1296': {'Retries': 0, 'Restarts': 0, 'SiteHistory': [], 'ResidentSetSize': [], 'SubmitTimes': [], 'StartTimes': [], 'EndTimes': [], 'TotalUserCpuTimeHistory': [], 'TotalSysCpuTimeHistory': [], 'WallDurations': [], 'JobIds': [], 'State': 'unsubmitted'}, '1297': {'Retries': 0, 'Restarts': 0, 'SiteHistory': [], 'ResidentSetSize': [], 'SubmitTimes': [], 'StartTimes': [], 'EndTimes': [], 'TotalUserCpuTimeHistory': [], 'TotalSysCpuTimeHistory': [], 'WallDurations': [], 'JobIds': [], 'State': 'unsubmitted'}, '1298': {'Retries': 0, 'Restarts': 0, 'SiteHistory': [], 'ResidentSetSize': [], 'SubmitTimes': [], 'StartTimes': [], 'EndTimes': [], 'TotalUserCpuTimeHistory': [], 'TotalSysCpuTimeHistory': [], 'WallDurations': [], 'JobIds': [], 'State': 'unsubmitted'}, '1299': {'Retries': 0, 'Restarts': 0, 'SiteHistory': [], 'ResidentSetSize': [], 'SubmitTimes': [], 'StartTimes': [], 'EndTimes': [], 'TotalUserCpuTimeHistory': [], 'TotalSysCpuTimeHistory': [], 'WallDurations': [], 'JobIds': [], 'State': 'unsubmitted'}, '1300': {'Retries': 0, 'Restarts': 0, 'SiteHistory': [], 'ResidentSetSize': [], 'SubmitTimes': [], 'StartTimes': [], 'EndTimes': [], 'TotalUserCpuTimeHistory': [], 'TotalSysCpuTimeHistory': [], 'WallDurations': [], 'JobIds': [], 'State': 'unsubmitted'}, '1301': {'Retries': 0, 'Restarts': 0, 'SiteHistory': [], 'ResidentSetSize': [], 'SubmitTimes': [], 'StartTimes': [], 'EndTimes': [], 'TotalUserCpuTimeHistory': [], 'TotalSysCpuTimeHistory': [], 'WallDurations': [], 'JobIds': [], 'State': 'unsubmitted'}, '1302': {'Retries': 0, 'Restarts': 0, 'SiteHistory': [], 'ResidentSetSize': [], 'SubmitTimes': [], 'StartTimes': [], 'EndTimes': [], 'TotalUserCpuTimeHistory': [], 'TotalSysCpuTimeHistory': [], 'WallDurations': [], 'JobIds': [], 'State': 'unsubmitted'}, '1303': {'Retries': 0, 'Restarts': 0, 'SiteHistory': [], 'ResidentSetSize': [], 'SubmitTimes': [], 'StartTimes': [], 'EndTimes': [], 'TotalUserCpuTimeHistory': [], 'TotalSysCpuTimeHistory': [], 'WallDurations': [], 'JobIds': [], 'State': 'unsubmitted'}, '1304': {'Retries': 0, 'Restarts': 0, 'SiteHistory': [], 'ResidentSetSize': [], 'SubmitTimes': [], 'StartTimes': [], 'EndTimes': [], 'TotalUserCpuTimeHistory': [], 'TotalSysCpuTimeHistory': [], 'WallDurations': [], 'JobIds': [], 'State': 'unsubmitted'}, '1305': {'Retries': 0, 'Restarts': 0, 'SiteHistory': [], 'ResidentSetSize': [], 'SubmitTimes': [], 'StartTimes': [], 'EndTimes': [], 'TotalUserCpuTimeHistory': [], 'TotalSysCpuTimeHistory': [], 'WallDurations': [], 'JobIds': [], 'State': 'unsubmitted'}, '1306': {'Retries': 0, 'Restarts': 0, 'SiteHistory': [], 'ResidentSetSize': [], 'SubmitTimes': [], 'StartTimes': [], 'EndTimes': [], 'TotalUserCpuTimeHistory': [], 'TotalSysCpuTimeHistory': [], 'WallDurations': [], 'JobIds': [], 'State': 'unsubmitted'}, '1307': {'Retries': 0, 'Restarts': 0, 'SiteHistory': [], 'ResidentSetSize': [], 'SubmitTimes': [], 'StartTimes': [], 'EndTimes': [], 'TotalUserCpuTimeHistory': [], 'TotalSysCpuTimeHistory': [], 'WallDurations': [], 'JobIds': [], 'State': 'unsubmitted'}, '1308': {'Retries': 0, 'Restarts': 0, 'SiteHistory': [], 'ResidentSetSize': [], 'SubmitTimes': [], 'StartTimes': [], 'EndTimes': [], 'TotalUserCpuTimeHistory': [], 'TotalSysCpuTimeHistory': [], 'WallDurations': [], 'JobIds': [], 'State': 'unsubmitted'}, '1309': {'Retries': 0, 'Restarts': 0, 'SiteHistory': [], 'ResidentSetSize': [], 'SubmitTimes': [], 'StartTimes': [], 'EndTimes': [], 'TotalUserCpuTimeHistory': [], 'TotalSysCpuTimeHistory': [], 'WallDurations': [], 'JobIds': [], 'State': 'unsubmitted'}, '1310': {'Retries': 0, 'Restarts': 0, 'SiteHistory': [], 'ResidentSetSize': [], 'SubmitTimes': [], 'StartTimes': [], 'EndTimes': [], 'TotalUserCpuTimeHistory': [], 'TotalSysCpuTimeHistory': [], 'WallDurations': [], 'JobIds': [], 'State': 'unsubmitted'}, '1311': {'Retries': 0, 'Restarts': 0, 'SiteHistory': [], 'ResidentSetSize': [], 'SubmitTimes': [], 'StartTimes': [], 'EndTimes': [], 'TotalUserCpuTimeHistory': [], 'TotalSysCpuTimeHistory': [], 'WallDurations': [], 'JobIds': [], 'State': 'unsubmitted'}, '1312': {'Retries': 0, 'Restarts': 0, 'SiteHistory': [], 'ResidentSetSize': [], 'SubmitTimes': [], 'StartTimes': [], 'EndTimes': [], 'TotalUserCpuTimeHistory': [], 'TotalSysCpuTimeHistory': [], 'WallDurations': [], 'JobIds': [], 'State': 'unsubmitted'}, '1313': {'Retries': 0, 'Restarts': 0, 'SiteHistory': [], 'ResidentSetSize': [], 'SubmitTimes': [], 'StartTimes': [], 'EndTimes': [], 'TotalUserCpuTimeHistory': [], 'TotalSysCpuTimeHistory': [], 'WallDurations': [], 'JobIds': [], 'State': 'unsubmitted'}, '1314': {'Retries': 0, 'Restarts': 0, 'SiteHistory': [], 'ResidentSetSize': [], 'SubmitTimes': [], 'StartTimes': [], 'EndTimes': [], 'TotalUserCpuTimeHistory': [], 'TotalSysCpuTimeHistory': [], 'WallDurations': [], 'JobIds': [], 'State': 'unsubmitted'}, '1315': {'Retries': 0, 'Restarts': 0, 'SiteHistory': [], 'ResidentSetSize': [], 'SubmitTimes': [], 'StartTimes': [], 'EndTimes': [], 'TotalUserCpuTimeHistory': [], 'TotalSysCpuTimeHistory': [], 'WallDurations': [], 'JobIds': [], 'State': 'unsubmitted'}, '1316': {'Retries': 0, 'Restarts': 0, 'SiteHistory': [], 'ResidentSetSize': [], 'SubmitTimes': [], 'StartTimes': [], 'EndTimes': [], 'TotalUserCpuTimeHistory': [], 'TotalSysCpuTimeHistory': [], 'WallDurations': [], 'JobIds': [], 'State': 'unsubmitted'}, '1317': {'Retries': 0, 'Restarts': 0, 'SiteHistory': [], 'ResidentSetSize': [], 'SubmitTimes': [], 'StartTimes': [], 'EndTimes': [], 'TotalUserCpuTimeHistory': [], 'TotalSysCpuTimeHistory': [], 'WallDurations': [], 'JobIds': [], 'State': 'unsubmitted'}, '1318': {'Retries': 0, 'Restarts': 0, 'SiteHistory': [], 'ResidentSetSize': [], 'SubmitTimes': [], 'StartTimes': [], 'EndTimes': [], 'TotalUserCpuTimeHistory': [], 'TotalSysCpuTimeHistory': [], 'WallDurations': [], 'JobIds': [], 'State': 'unsubmitted'}, '1319': {'Retries': 0, 'Restarts': 0, 'SiteHistory': [], 'ResidentSetSize': [], 'SubmitTimes': [], 'StartTimes': [], 'EndTimes': [], 'TotalUserCpuTimeHistory': [], 'TotalSysCpuTimeHistory': [], 'WallDurations': [], 'JobIds': [], 'State': 'unsubmitted'}, '1320': {'Retries': 0, 'Restarts': 0, 'SiteHistory': [], 'ResidentSetSize': [], 'SubmitTimes': [], 'StartTimes': [], 'EndTimes': [], 'TotalUserCpuTimeHistory': [], 'TotalSysCpuTimeHistory': [], 'WallDurations': [], 'JobIds': [], 'State': 'unsubmitted'}, '1321': {'Retries': 0, 'Restarts': 0, 'SiteHistory': [], 'ResidentSetSize': [], 'SubmitTimes': [], 'StartTimes': [], 'EndTimes': [], 'TotalUserCpuTimeHistory': [], 'TotalSysCpuTimeHistory': [], 'WallDurations': [], 'JobIds': [], 'State': 'unsubmitted'}, '1322': {'Retries': 0, 'Restarts': 0, 'SiteHistory': [], 'ResidentSetSize': [], 'SubmitTimes': [], 'StartTimes': [], 'EndTimes': [], 'TotalUserCpuTimeHistory': [], 'TotalSysCpuTimeHistory': [], 'WallDurations': [], 'JobIds': [], 'State': 'unsubmitted'}, '1323': {'Retries': 0, 'Restarts': 0, 'SiteHistory': [], 'ResidentSetSize': [], 'SubmitTimes': [], 'StartTimes': [], 'EndTimes': [], 'TotalUserCpuTimeHistory': [], 'TotalSysCpuTimeHistory': [], 'WallDurations': [], 'JobIds': [], 'State': 'unsubmitted'}, '1324': {'Retries': 0, 'Restarts': 0, 'SiteHistory': [], 'ResidentSetSize': [], 'SubmitTimes': [], 'StartTimes': [], 'EndTimes': [], 'TotalUserCpuTimeHistory': [], 'TotalSysCpuTimeHistory': [], 'WallDurations': [], 'JobIds': [], 'State': 'unsubmitted'}, '1325': {'Retries': 0, 'Restarts': 0, 'SiteHistory': [], 'ResidentSetSize': [], 'SubmitTimes': [], 'StartTimes': [], 'EndTimes': [], 'TotalUserCpuTimeHistory': [], 'TotalSysCpuTimeHistory': [], 'WallDurations': [], 'JobIds': [], 'State': 'unsubmitted'}, '1326': {'Retries': 0, 'Restarts': 0, 'SiteHistory': [], 'ResidentSetSize': [], 'SubmitTimes': [], 'StartTimes': [], 'EndTimes': [], 'TotalUserCpuTimeHistory': [], 'TotalSysCpuTimeHistory': [], 'WallDurations': [], 'JobIds': [], 'State': 'unsubmitted'}, '1327': {'Retries': 0, 'Restarts': 0, 'SiteHistory': [], 'ResidentSetSize': [], 'SubmitTimes': [], 'StartTimes': [], 'EndTimes': [], 'TotalUserCpuTimeHistory': [], 'TotalSysCpuTimeHistory': [], 'WallDurations': [], 'JobIds': [], 'State': 'unsubmitted'}, '1328': {'Retries': 0, 'Restarts': 0, 'SiteHistory': [], 'ResidentSetSize': [], 'SubmitTimes': [], 'StartTimes': [], 'EndTimes': [], 'TotalUserCpuTimeHistory': [], 'TotalSysCpuTimeHistory': [], 'WallDurations': [], 'JobIds': [], 'State': 'unsubmitted'}, '1329': {'Retries': 0, 'Restarts': 0, 'SiteHistory': [], 'ResidentSetSize': [], 'SubmitTimes': [], 'StartTimes': [], 'EndTimes': [], 'TotalUserCpuTimeHistory': [], 'TotalSysCpuTimeHistory': [], 'WallDurations': [], 'JobIds': [], 'State': 'unsubmitted'}, '1330': {'Retries': 0, 'Restarts': 0, 'SiteHistory': [], 'ResidentSetSize': [], 'SubmitTimes': [], 'StartTimes': [], 'EndTimes': [], 'TotalUserCpuTimeHistory': [], 'TotalSysCpuTimeHistory': [], 'WallDurations': [], 'JobIds': [], 'State': 'unsubmitted'}, '1331': {'Retries': 0, 'Restarts': 0, 'SiteHistory': [], 'ResidentSetSize': [], 'SubmitTimes': [], 'StartTimes': [], 'EndTimes': [], 'TotalUserCpuTimeHistory': [], 'TotalSysCpuTimeHistory': [], 'WallDurations': [], 'JobIds': [], 'State': 'unsubmitted'}, '1332': {'Retries': 0, 'Restarts': 0, 'SiteHistory': [], 'ResidentSetSize': [], 'SubmitTimes': [], 'StartTimes': [], 'EndTimes': [], 'TotalUserCpuTimeHistory': [], 'TotalSysCpuTimeHistory': [], 'WallDurations': [], 'JobIds': [], 'State': 'unsubmitted'}, '1333': {'Retries': 0, 'Restarts': 0, 'SiteHistory': [], 'ResidentSetSize': [], 'SubmitTimes': [], 'StartTimes': [], 'EndTimes': [], 'TotalUserCpuTimeHistory': [], 'TotalSysCpuTimeHistory': [], 'WallDurations': [], 'JobIds': [], 'State': 'unsubmitted'}, '1334': {'Retries': 0, 'Restarts': 0, 'SiteHistory': [], 'ResidentSetSize': [], 'SubmitTimes': [], 'StartTimes': [], 'EndTimes': [], 'TotalUserCpuTimeHistory': [], 'TotalSysCpuTimeHistory': [], 'WallDurations': [], 'JobIds': [], 'State': 'unsubmitted'}, '1335': {'Retries': 0, 'Restarts': 0, 'SiteHistory': [], 'ResidentSetSize': [], 'SubmitTimes': [], 'StartTimes': [], 'EndTimes': [], 'TotalUserCpuTimeHistory': [], 'TotalSysCpuTimeHistory': [], 'WallDurations': [], 'JobIds': [], 'State': 'unsubmitted'}, '1336': {'Retries': 0, 'Restarts': 0, 'SiteHistory': [], 'ResidentSetSize': [], 'SubmitTimes': [], 'StartTimes': [], 'EndTimes': [], 'TotalUserCpuTimeHistory': [], 'TotalSysCpuTimeHistory': [], 'WallDurations': [], 'JobIds': [], 'State': 'unsubmitted'}, '1337': {'Retries': 0, 'Restarts': 0, 'SiteHistory': [], 'ResidentSetSize': [], 'SubmitTimes': [], 'StartTimes': [], 'EndTimes': [], 'TotalUserCpuTimeHistory': [], 'TotalSysCpuTimeHistory': [], 'WallDurations': [], 'JobIds': [], 'State': 'unsubmitted'}, '1338': {'Retries': 0, 'Restarts': 0, 'SiteHistory': [], 'ResidentSetSize': [], 'SubmitTimes': [], 'StartTimes': [], 'EndTimes': [], 'TotalUserCpuTimeHistory': [], 'TotalSysCpuTimeHistory': [], 'WallDurations': [], 'JobIds': [], 'State': 'unsubmitted'}, '1339': {'Retries': 0, 'Restarts': 0, 'SiteHistory': [], 'ResidentSetSize': [], 'SubmitTimes': [], 'StartTimes': [], 'EndTimes': [], 'TotalUserCpuTimeHistory': [], 'TotalSysCpuTimeHistory': [], 'WallDurations': [], 'JobIds': [], 'State': 'unsubmitted'}, '1340': {'Retries': 0, 'Restarts': 0, 'SiteHistory': [], 'ResidentSetSize': [], 'SubmitTimes': [], 'StartTimes': [], 'EndTimes': [], 'TotalUserCpuTimeHistory': [], 'TotalSysCpuTimeHistory': [], 'WallDurations': [], 'JobIds': [], 'State': 'unsubmitted'}, '1341': {'Retries': 0, 'Restarts': 0, 'SiteHistory': [], 'ResidentSetSize': [], 'SubmitTimes': [], 'StartTimes': [], 'EndTimes': [], 'TotalUserCpuTimeHistory': [], 'TotalSysCpuTimeHistory': [], 'WallDurations': [], 'JobIds': [], 'State': 'unsubmitted'}, '1342': {'Retries': 0, 'Restarts': 0, 'SiteHistory': [], 'ResidentSetSize': [], 'SubmitTimes': [], 'StartTimes': [], 'EndTimes': [], 'TotalUserCpuTimeHistory': [], 'TotalSysCpuTimeHistory': [], 'WallDurations': [], 'JobIds': [], 'State': 'unsubmitted'}, '1343': {'Retries': 0, 'Restarts': 0, 'SiteHistory': [], 'ResidentSetSize': [], 'SubmitTimes': [], 'StartTimes': [], 'EndTimes': [], 'TotalUserCpuTimeHistory': [], 'TotalSysCpuTimeHistory': [], 'WallDurations': [], 'JobIds': [], 'State': 'unsubmitted'}, '1344': {'Retries': 0, 'Restarts': 0, 'SiteHistory': [], 'ResidentSetSize': [], 'SubmitTimes': [], 'StartTimes': [], 'EndTimes': [], 'TotalUserCpuTimeHistory': [], 'TotalSysCpuTimeHistory': [], 'WallDurations': [], 'JobIds': [], 'State': 'unsubmitted'}, '1345': {'Retries': 0, 'Restarts': 0, 'SiteHistory': [], 'ResidentSetSize': [], 'SubmitTimes': [], 'StartTimes': [], 'EndTimes': [], 'TotalUserCpuTimeHistory': [], 'TotalSysCpuTimeHistory': [], 'WallDurations': [], 'JobIds': [], 'State': 'unsubmitted'}, '1346': {'Retries': 0, 'Restarts': 0, 'SiteHistory': [], 'ResidentSetSize': [], 'SubmitTimes': [], 'StartTimes': [], 'EndTimes': [], 'TotalUserCpuTimeHistory': [], 'TotalSysCpuTimeHistory': [], 'WallDurations': [], 'JobIds': [], 'State': 'unsubmitted'}, '1347': {'Retries': 0, 'Restarts': 0, 'SiteHistory': [], 'ResidentSetSize': [], 'SubmitTimes': [], 'StartTimes': [], 'EndTimes': [], 'TotalUserCpuTimeHistory': [], 'TotalSysCpuTimeHistory': [], 'WallDurations': [], 'JobIds': [], 'State': 'unsubmitted'}, '1348': {'Retries': 0, 'Restarts': 0, 'SiteHistory': [], 'ResidentSetSize': [], 'SubmitTimes': [], 'StartTimes': [], 'EndTimes': [], 'TotalUserCpuTimeHistory': [], 'TotalSysCpuTimeHistory': [], 'WallDurations': [], 'JobIds': [], 'State': 'unsubmitted'}, '1349': {'Retries': 0, 'Restarts': 0, 'SiteHistory': [], 'ResidentSetSize': [], 'SubmitTimes': [], 'StartTimes': [], 'EndTimes': [], 'TotalUserCpuTimeHistory': [], 'TotalSysCpuTimeHistory': [], 'WallDurations': [], 'JobIds': [], 'State': 'unsubmitted'}, '1350': {'Retries': 0, 'Restarts': 0, 'SiteHistory': [], 'ResidentSetSize': [], 'SubmitTimes': [], 'StartTimes': [], 'EndTimes': [], 'TotalUserCpuTimeHistory': [], 'TotalSysCpuTimeHistory': [], 'WallDurations': [], 'JobIds': [], 'State': 'unsubmitted'}, '1351': {'Retries': 0, 'Restarts': 0, 'SiteHistory': [], 'ResidentSetSize': [], 'SubmitTimes': [], 'StartTimes': [], 'EndTimes': [], 'TotalUserCpuTimeHistory': [], 'TotalSysCpuTimeHistory': [], 'WallDurations': [], 'JobIds': [], 'State': 'unsubmitted'}, '1352': {'Retries': 0, 'Restarts': 0, 'SiteHistory': [], 'ResidentSetSize': [], 'SubmitTimes': [], 'StartTimes': [], 'EndTimes': [], 'TotalUserCpuTimeHistory': [], 'TotalSysCpuTimeHistory': [], 'WallDurations': [], 'JobIds': [], 'State': 'unsubmitted'}, '1353': {'Retries': 0, 'Restarts': 0, 'SiteHistory': [], 'ResidentSetSize': [], 'SubmitTimes': [], 'StartTimes': [], 'EndTimes': [], 'TotalUserCpuTimeHistory': [], 'TotalSysCpuTimeHistory': [], 'WallDurations': [], 'JobIds': [], 'State': 'unsubmitted'}, '1354': {'Retries': 0, 'Restarts': 0, 'SiteHistory': [], 'ResidentSetSize': [], 'SubmitTimes': [], 'StartTimes': [], 'EndTimes': [], 'TotalUserCpuTimeHistory': [], 'TotalSysCpuTimeHistory': [], 'WallDurations': [], 'JobIds': [], 'State': 'unsubmitted'}, '1355': {'Retries': 0, 'Restarts': 0, 'SiteHistory': [], 'ResidentSetSize': [], 'SubmitTimes': [], 'StartTimes': [], 'EndTimes': [], 'TotalUserCpuTimeHistory': [], 'TotalSysCpuTimeHistory': [], 'WallDurations': [], 'JobIds': [], 'State': 'unsubmitted'}, '1356': {'Retries': 0, 'Restarts': 0, 'SiteHistory': [], 'ResidentSetSize': [], 'SubmitTimes': [], 'StartTimes': [], 'EndTimes': [], 'TotalUserCpuTimeHistory': [], 'TotalSysCpuTimeHistory': [], 'WallDurations': [], 'JobIds': [], 'State': 'unsubmitted'}, '1357': {'Retries': 0, 'Restarts': 0, 'SiteHistory': [], 'ResidentSetSize': [], 'SubmitTimes': [], 'StartTimes': [], 'EndTimes': [], 'TotalUserCpuTimeHistory': [], 'TotalSysCpuTimeHistory': [], 'WallDurations': [], 'JobIds': [], 'State': 'unsubmitted'}, '1358': {'Retries': 0, 'Restarts': 0, 'SiteHistory': [], 'ResidentSetSize': [], 'SubmitTimes': [], 'StartTimes': [], 'EndTimes': [], 'TotalUserCpuTimeHistory': [], 'TotalSysCpuTimeHistory': [], 'WallDurations': [], 'JobIds': [], 'State': 'unsubmitted'}, '1359': {'Retries': 0, 'Restarts': 0, 'SiteHistory': [], 'ResidentSetSize': [], 'SubmitTimes': [], 'StartTimes': [], 'EndTimes': [], 'TotalUserCpuTimeHistory': [], 'TotalSysCpuTimeHistory': [], 'WallDurations': [], 'JobIds': [], 'State': 'unsubmitted'}, '1360': {'Retries': 0, 'Restarts': 0, 'SiteHistory': [], 'ResidentSetSize': [], 'SubmitTimes': [], 'StartTimes': [], 'EndTimes': [], 'TotalUserCpuTimeHistory': [], 'TotalSysCpuTimeHistory': [], 'WallDurations': [], 'JobIds': [], 'State': 'unsubmitted'}, '1361': {'Retries': 0, 'Restarts': 0, 'SiteHistory': [], 'ResidentSetSize': [], 'SubmitTimes': [], 'StartTimes': [], 'EndTimes': [], 'TotalUserCpuTimeHistory': [], 'TotalSysCpuTimeHistory': [], 'WallDurations': [], 'JobIds': [], 'State': 'unsubmitted'}, '1362': {'Retries': 0, 'Restarts': 0, 'SiteHistory': [], 'ResidentSetSize': [], 'SubmitTimes': [], 'StartTimes': [], 'EndTimes': [], 'TotalUserCpuTimeHistory': [], 'TotalSysCpuTimeHistory': [], 'WallDurations': [], 'JobIds': [], 'State': 'unsubmitted'}, '1363': {'Retries': 0, 'Restarts': 0, 'SiteHistory': [], 'ResidentSetSize': [], 'SubmitTimes': [], 'StartTimes': [], 'EndTimes': [], 'TotalUserCpuTimeHistory': [], 'TotalSysCpuTimeHistory': [], 'WallDurations': [], 'JobIds': [], 'State': 'unsubmitted'}, '1364': {'Retries': 0, 'Restarts': 0, 'SiteHistory': [], 'ResidentSetSize': [], 'SubmitTimes': [], 'StartTimes': [], 'EndTimes': [], 'TotalUserCpuTimeHistory': [], 'TotalSysCpuTimeHistory': [], 'WallDurations': [], 'JobIds': [], 'State': 'unsubmitted'}, '1365': {'Retries': 0, 'Restarts': 0, 'SiteHistory': [], 'ResidentSetSize': [], 'SubmitTimes': [], 'StartTimes': [], 'EndTimes': [], 'TotalUserCpuTimeHistory': [], 'TotalSysCpuTimeHistory': [], 'WallDurations': [], 'JobIds': [], 'State': 'unsubmitted'}, '1366': {'Retries': 0, 'Restarts': 0, 'SiteHistory': [], 'ResidentSetSize': [], 'SubmitTimes': [], 'StartTimes': [], 'EndTimes': [], 'TotalUserCpuTimeHistory': [], 'TotalSysCpuTimeHistory': [], 'WallDurations': [], 'JobIds': [], 'State': 'unsubmitted'}, '1367': {'Retries': 0, 'Restarts': 0, 'SiteHistory': [], 'ResidentSetSize': [], 'SubmitTimes': [], 'StartTimes': [], 'EndTimes': [], 'TotalUserCpuTimeHistory': [], 'TotalSysCpuTimeHistory': [], 'WallDurations': [], 'JobIds': [], 'State': 'unsubmitted'}, '1368': {'Retries': 0, 'Restarts': 0, 'SiteHistory': [], 'ResidentSetSize': [], 'SubmitTimes': [], 'StartTimes': [], 'EndTimes': [], 'TotalUserCpuTimeHistory': [], 'TotalSysCpuTimeHistory': [], 'WallDurations': [], 'JobIds': [], 'State': 'unsubmitted'}, '1369': {'Retries': 0, 'Restarts': 0, 'SiteHistory': [], 'ResidentSetSize': [], 'SubmitTimes': [], 'StartTimes': [], 'EndTimes': [], 'TotalUserCpuTimeHistory': [], 'TotalSysCpuTimeHistory': [], 'WallDurations': [], 'JobIds': [], 'State': 'unsubmitted'}, '1370': {'Retries': 0, 'Restarts': 0, 'SiteHistory': [], 'ResidentSetSize': [], 'SubmitTimes': [], 'StartTimes': [], 'EndTimes': [], 'TotalUserCpuTimeHistory': [], 'TotalSysCpuTimeHistory': [], 'WallDurations': [], 'JobIds': [], 'State': 'unsubmitted'}, '1371': {'Retries': 0, 'Restarts': 0, 'SiteHistory': [], 'ResidentSetSize': [], 'SubmitTimes': [], 'StartTimes': [], 'EndTimes': [], 'TotalUserCpuTimeHistory': [], 'TotalSysCpuTimeHistory': [], 'WallDurations': [], 'JobIds': [], 'State': 'unsubmitted'}, '1372': {'Retries': 0, 'Restarts': 0, 'SiteHistory': [], 'ResidentSetSize': [], 'SubmitTimes': [], 'StartTimes': [], 'EndTimes': [], 'TotalUserCpuTimeHistory': [], 'TotalSysCpuTimeHistory': [], 'WallDurations': [], 'JobIds': [], 'State': 'unsubmitted'}, '1373': {'Retries': 0, 'Restarts': 0, 'SiteHistory': [], 'ResidentSetSize': [], 'SubmitTimes': [], 'StartTimes': [], 'EndTimes': [], 'TotalUserCpuTimeHistory': [], 'TotalSysCpuTimeHistory': [], 'WallDurations': [], 'JobIds': [], 'State': 'unsubmitted'}, '1374': {'Retries': 0, 'Restarts': 0, 'SiteHistory': [], 'ResidentSetSize': [], 'SubmitTimes': [], 'StartTimes': [], 'EndTimes': [], 'TotalUserCpuTimeHistory': [], 'TotalSysCpuTimeHistory': [], 'WallDurations': [], 'JobIds': [], 'State': 'unsubmitted'}, '1375': {'Retries': 0, 'Restarts': 0, 'SiteHistory': [], 'ResidentSetSize': [], 'SubmitTimes': [], 'StartTimes': [], 'EndTimes': [], 'TotalUserCpuTimeHistory': [], 'TotalSysCpuTimeHistory': [], 'WallDurations': [], 'JobIds': [], 'State': 'unsubmitted'}, '1376': {'Retries': 0, 'Restarts': 0, 'SiteHistory': [], 'ResidentSetSize': [], 'SubmitTimes': [], 'StartTimes': [], 'EndTimes': [], 'TotalUserCpuTimeHistory': [], 'TotalSysCpuTimeHistory': [], 'WallDurations': [], 'JobIds': [], 'State': 'unsubmitted'}, '1377': {'Retries': 0, 'Restarts': 0, 'SiteHistory': [], 'ResidentSetSize': [], 'SubmitTimes': [], 'StartTimes': [], 'EndTimes': [], 'TotalUserCpuTimeHistory': [], 'TotalSysCpuTimeHistory': [], 'WallDurations': [], 'JobIds': [], 'State': 'unsubmitted'}, '1378': {'Retries': 0, 'Restarts': 0, 'SiteHistory': [], 'ResidentSetSize': [], 'SubmitTimes': [], 'StartTimes': [], 'EndTimes': [], 'TotalUserCpuTimeHistory': [], 'TotalSysCpuTimeHistory': [], 'WallDurations': [], 'JobIds': [], 'State': 'unsubmitted'}, '1379': {'Retries': 0, 'Restarts': 0, 'SiteHistory': [], 'ResidentSetSize': [], 'SubmitTimes': [], 'StartTimes': [], 'EndTimes': [], 'TotalUserCpuTimeHistory': [], 'TotalSysCpuTimeHistory': [], 'WallDurations': [], 'JobIds': [], 'State': 'unsubmitted'}, '1380': {'Retries': 0, 'Restarts': 0, 'SiteHistory': [], 'ResidentSetSize': [], 'SubmitTimes': [], 'StartTimes': [], 'EndTimes': [], 'TotalUserCpuTimeHistory': [], 'TotalSysCpuTimeHistory': [], 'WallDurations': [], 'JobIds': [], 'State': 'unsubmitted'}, '1381': {'Retries': 0, 'Restarts': 0, 'SiteHistory': [], 'ResidentSetSize': [], 'SubmitTimes': [], 'StartTimes': [], 'EndTimes': [], 'TotalUserCpuTimeHistory': [], 'TotalSysCpuTimeHistory': [], 'WallDurations': [], 'JobIds': [], 'State': 'unsubmitted'}, '1382': {'Retries': 0, 'Restarts': 0, 'SiteHistory': [], 'ResidentSetSize': [], 'SubmitTimes': [], 'StartTimes': [], 'EndTimes': [], 'TotalUserCpuTimeHistory': [], 'TotalSysCpuTimeHistory': [], 'WallDurations': [], 'JobIds': [], 'State': 'unsubmitted'}, '1383': {'Retries': 0, 'Restarts': 0, 'SiteHistory': [], 'ResidentSetSize': [], 'SubmitTimes': [], 'StartTimes': [], 'EndTimes': [], 'TotalUserCpuTimeHistory': [], 'TotalSysCpuTimeHistory': [], 'WallDurations': [], 'JobIds': [], 'State': 'unsubmitted'}, '1384': {'Retries': 0, 'Restarts': 0, 'SiteHistory': [], 'ResidentSetSize': [], 'SubmitTimes': [], 'StartTimes': [], 'EndTimes': [], 'TotalUserCpuTimeHistory': [], 'TotalSysCpuTimeHistory': [], 'WallDurations': [], 'JobIds': [], 'State': 'unsubmitted'}, '1385': {'Retries': 0, 'Restarts': 0, 'SiteHistory': [], 'ResidentSetSize': [], 'SubmitTimes': [], 'StartTimes': [], 'EndTimes': [], 'TotalUserCpuTimeHistory': [], 'TotalSysCpuTimeHistory': [], 'WallDurations': [], 'JobIds': [], 'State': 'unsubmitted'}, '1386': {'Retries': 0, 'Restarts': 0, 'SiteHistory': [], 'ResidentSetSize': [], 'SubmitTimes': [], 'StartTimes': [], 'EndTimes': [], 'TotalUserCpuTimeHistory': [], 'TotalSysCpuTimeHistory': [], 'WallDurations': [], 'JobIds': [], 'State': 'unsubmitted'}, '1387': {'Retries': 0, 'Restarts': 0, 'SiteHistory': [], 'ResidentSetSize': [], 'SubmitTimes': [], 'StartTimes': [], 'EndTimes': [], 'TotalUserCpuTimeHistory': [], 'TotalSysCpuTimeHistory': [], 'WallDurations': [], 'JobIds': [], 'State': 'unsubmitted'}, '1388': {'Retries': 0, 'Restarts': 0, 'SiteHistory': [], 'ResidentSetSize': [], 'SubmitTimes': [], 'StartTimes': [], 'EndTimes': [], 'TotalUserCpuTimeHistory': [], 'TotalSysCpuTimeHistory': [], 'WallDurations': [], 'JobIds': [], 'State': 'unsubmitted'}, '1389': {'Retries': 0, 'Restarts': 0, 'SiteHistory': [], 'ResidentSetSize': [], 'SubmitTimes': [], 'StartTimes': [], 'EndTimes': [], 'TotalUserCpuTimeHistory': [], 'TotalSysCpuTimeHistory': [], 'WallDurations': [], 'JobIds': [], 'State': 'unsubmitted'}, '1390': {'Retries': 0, 'Restarts': 0, 'SiteHistory': [], 'ResidentSetSize': [], 'SubmitTimes': [], 'StartTimes': [], 'EndTimes': [], 'TotalUserCpuTimeHistory': [], 'TotalSysCpuTimeHistory': [], 'WallDurations': [], 'JobIds': [], 'State': 'unsubmitted'}, '1391': {'Retries': 0, 'Restarts': 0, 'SiteHistory': [], 'ResidentSetSize': [], 'SubmitTimes': [], 'StartTimes': [], 'EndTimes': [], 'TotalUserCpuTimeHistory': [], 'TotalSysCpuTimeHistory': [], 'WallDurations': [], 'JobIds': [], 'State': 'unsubmitted'}, '1392': {'Retries': 0, 'Restarts': 0, 'SiteHistory': [], 'ResidentSetSize': [], 'SubmitTimes': [], 'StartTimes': [], 'EndTimes': [], 'TotalUserCpuTimeHistory': [], 'TotalSysCpuTimeHistory': [], 'WallDurations': [], 'JobIds': [], 'State': 'unsubmitted'}, '1393': {'Retries': 0, 'Restarts': 0, 'SiteHistory': [], 'ResidentSetSize': [], 'SubmitTimes': [], 'StartTimes': [], 'EndTimes': [], 'TotalUserCpuTimeHistory': [], 'TotalSysCpuTimeHistory': [], 'WallDurations': [], 'JobIds': [], 'State': 'unsubmitted'}, '1394': {'Retries': 0, 'Restarts': 0, 'SiteHistory': [], 'ResidentSetSize': [], 'SubmitTimes': [], 'StartTimes': [], 'EndTimes': [], 'TotalUserCpuTimeHistory': [], 'TotalSysCpuTimeHistory': [], 'WallDurations': [], 'JobIds': [], 'State': 'unsubmitted'}, '1395': {'Retries': 0, 'Restarts': 0, 'SiteHistory': [], 'ResidentSetSize': [], 'SubmitTimes': [], 'StartTimes': [], 'EndTimes': [], 'TotalUserCpuTimeHistory': [], 'TotalSysCpuTimeHistory': [], 'WallDurations': [], 'JobIds': [], 'State': 'unsubmitted'}, '1396': {'Retries': 0, 'Restarts': 0, 'SiteHistory': [], 'ResidentSetSize': [], 'SubmitTimes': [], 'StartTimes': [], 'EndTimes': [], 'TotalUserCpuTimeHistory': [], 'TotalSysCpuTimeHistory': [], 'WallDurations': [], 'JobIds': [], 'State': 'unsubmitted'}, '1397': {'Retries': 0, 'Restarts': 0, 'SiteHistory': [], 'ResidentSetSize': [], 'SubmitTimes': [], 'StartTimes': [], 'EndTimes': [], 'TotalUserCpuTimeHistory': [], 'TotalSysCpuTimeHistory': [], 'WallDurations': [], 'JobIds': [], 'State': 'unsubmitted'}, '1398': {'Retries': 0, 'Restarts': 0, 'SiteHistory': [], 'ResidentSetSize': [], 'SubmitTimes': [], 'StartTimes': [], 'EndTimes': [], 'TotalUserCpuTimeHistory': [], 'TotalSysCpuTimeHistory': [], 'WallDurations': [], 'JobIds': [], 'State': 'unsubmitted'}, '1399': {'Retries': 0, 'Restarts': 0, 'SiteHistory': [], 'ResidentSetSize': [], 'SubmitTimes': [], 'StartTimes': [], 'EndTimes': [], 'TotalUserCpuTimeHistory': [], 'TotalSysCpuTimeHistory': [], 'WallDurations': [], 'JobIds': [], 'State': 'unsubmitted'}, '1400': {'Retries': 0, 'Restarts': 0, 'SiteHistory': [], 'ResidentSetSize': [], 'SubmitTimes': [], 'StartTimes': [], 'EndTimes': [], 'TotalUserCpuTimeHistory': [], 'TotalSysCpuTimeHistory': [], 'WallDurations': [], 'JobIds': [], 'State': 'unsubmitted'}, '1401': {'Retries': 0, 'Restarts': 0, 'SiteHistory': [], 'ResidentSetSize': [], 'SubmitTimes': [], 'StartTimes': [], 'EndTimes': [], 'TotalUserCpuTimeHistory': [], 'TotalSysCpuTimeHistory': [], 'WallDurations': [], 'JobIds': [], 'State': 'unsubmitted'}, '1402': {'Retries': 0, 'Restarts': 0, 'SiteHistory': [], 'ResidentSetSize': [], 'SubmitTimes': [], 'StartTimes': [], 'EndTimes': [], 'TotalUserCpuTimeHistory': [], 'TotalSysCpuTimeHistory': [], 'WallDurations': [], 'JobIds': [], 'State': 'unsubmitted'}, '1403': {'Retries': 0, 'Restarts': 0, 'SiteHistory': [], 'ResidentSetSize': [], 'SubmitTimes': [], 'StartTimes': [], 'EndTimes': [], 'TotalUserCpuTimeHistory': [], 'TotalSysCpuTimeHistory': [], 'WallDurations': [], 'JobIds': [], 'State': 'unsubmitted'}, '1404': {'Retries': 0, 'Restarts': 0, 'SiteHistory': [], 'ResidentSetSize': [], 'SubmitTimes': [], 'StartTimes': [], 'EndTimes': [], 'TotalUserCpuTimeHistory': [], 'TotalSysCpuTimeHistory': [], 'WallDurations': [], 'JobIds': [], 'State': 'unsubmitted'}, '1405': {'Retries': 0, 'Restarts': 0, 'SiteHistory': [], 'ResidentSetSize': [], 'SubmitTimes': [], 'StartTimes': [], 'EndTimes': [], 'TotalUserCpuTimeHistory': [], 'TotalSysCpuTimeHistory': [], 'WallDurations': [], 'JobIds': [], 'State': 'unsubmitted'}, '1406': {'Retries': 0, 'Restarts': 0, 'SiteHistory': [], 'ResidentSetSize': [], 'SubmitTimes': [], 'StartTimes': [], 'EndTimes': [], 'TotalUserCpuTimeHistory': [], 'TotalSysCpuTimeHistory': [], 'WallDurations': [], 'JobIds': [], 'State': 'unsubmitted'}, '1407': {'Retries': 0, 'Restarts': 0, 'SiteHistory': [], 'ResidentSetSize': [], 'SubmitTimes': [], 'StartTimes': [], 'EndTimes': [], 'TotalUserCpuTimeHistory': [], 'TotalSysCpuTimeHistory': [], 'WallDurations': [], 'JobIds': [], 'State': 'unsubmitted'}, '1408': {'Retries': 0, 'Restarts': 0, 'SiteHistory': [], 'ResidentSetSize': [], 'SubmitTimes': [], 'StartTimes': [], 'EndTimes': [], 'TotalUserCpuTimeHistory': [], 'TotalSysCpuTimeHistory': [], 'WallDurations': [], 'JobIds': [], 'State': 'unsubmitted'}, '1409': {'Retries': 0, 'Restarts': 0, 'SiteHistory': [], 'ResidentSetSize': [], 'SubmitTimes': [], 'StartTimes': [], 'EndTimes': [], 'TotalUserCpuTimeHistory': [], 'TotalSysCpuTimeHistory': [], 'WallDurations': [], 'JobIds': [], 'State': 'unsubmitted'}, '1410': {'Retries': 0, 'Restarts': 0, 'SiteHistory': [], 'ResidentSetSize': [], 'SubmitTimes': [], 'StartTimes': [], 'EndTimes': [], 'TotalUserCpuTimeHistory': [], 'TotalSysCpuTimeHistory': [], 'WallDurations': [], 'JobIds': [], 'State': 'unsubmitted'}, '1411': {'Retries': 0, 'Restarts': 0, 'SiteHistory': [], 'ResidentSetSize': [], 'SubmitTimes': [], 'StartTimes': [], 'EndTimes': [], 'TotalUserCpuTimeHistory': [], 'TotalSysCpuTimeHistory': [], 'WallDurations': [], 'JobIds': [], 'State': 'unsubmitted'}, '1412': {'Retries': 0, 'Restarts': 0, 'SiteHistory': [], 'ResidentSetSize': [], 'SubmitTimes': [], 'StartTimes': [], 'EndTimes': [], 'TotalUserCpuTimeHistory': [], 'TotalSysCpuTimeHistory': [], 'WallDurations': [], 'JobIds': [], 'State': 'unsubmitted'}, '1413': {'Retries': 0, 'Restarts': 0, 'SiteHistory': [], 'ResidentSetSize': [], 'SubmitTimes': [], 'StartTimes': [], 'EndTimes': [], 'TotalUserCpuTimeHistory': [], 'TotalSysCpuTimeHistory': [], 'WallDurations': [], 'JobIds': [], 'State': 'unsubmitted'}, '1414': {'Retries': 0, 'Restarts': 0, 'SiteHistory': [], 'ResidentSetSize': [], 'SubmitTimes': [], 'StartTimes': [], 'EndTimes': [], 'TotalUserCpuTimeHistory': [], 'TotalSysCpuTimeHistory': [], 'WallDurations': [], 'JobIds': [], 'State': 'unsubmitted'}, '1415': {'Retries': 0, 'Restarts': 0, 'SiteHistory': [], 'ResidentSetSize': [], 'SubmitTimes': [], 'StartTimes': [], 'EndTimes': [], 'TotalUserCpuTimeHistory': [], 'TotalSysCpuTimeHistory': [], 'WallDurations': [], 'JobIds': [], 'State': 'unsubmitted'}, '1416': {'Retries': 0, 'Restarts': 0, 'SiteHistory': [], 'ResidentSetSize': [], 'SubmitTimes': [], 'StartTimes': [], 'EndTimes': [], 'TotalUserCpuTimeHistory': [], 'TotalSysCpuTimeHistory': [], 'WallDurations': [], 'JobIds': [], 'State': 'unsubmitted'}, '1417': {'Retries': 0, 'Restarts': 0, 'SiteHistory': [], 'ResidentSetSize': [], 'SubmitTimes': [], 'StartTimes': [], 'EndTimes': [], 'TotalUserCpuTimeHistory': [], 'TotalSysCpuTimeHistory': [], 'WallDurations': [], 'JobIds': [], 'State': 'unsubmitted'}, '1418': {'Retries': 0, 'Restarts': 0, 'SiteHistory': [], 'ResidentSetSize': [], 'SubmitTimes': [], 'StartTimes': [], 'EndTimes': [], 'TotalUserCpuTimeHistory': [], 'TotalSysCpuTimeHistory': [], 'WallDurations': [], 'JobIds': [], 'State': 'unsubmitted'}, '1419': {'Retries': 0, 'Restarts': 0, 'SiteHistory': [], 'ResidentSetSize': [], 'SubmitTimes': [], 'StartTimes': [], 'EndTimes': [], 'TotalUserCpuTimeHistory': [], 'TotalSysCpuTimeHistory': [], 'WallDurations': [], 'JobIds': [], 'State': 'unsubmitted'}, '1420': {'Retries': 0, 'Restarts': 0, 'SiteHistory': [], 'ResidentSetSize': [], 'SubmitTimes': [], 'StartTimes': [], 'EndTimes': [], 'TotalUserCpuTimeHistory': [], 'TotalSysCpuTimeHistory': [], 'WallDurations': [], 'JobIds': [], 'State': 'unsubmitted'}, '1421': {'Retries': 0, 'Restarts': 0, 'SiteHistory': [], 'ResidentSetSize': [], 'SubmitTimes': [], 'StartTimes': [], 'EndTimes': [], 'TotalUserCpuTimeHistory': [], 'TotalSysCpuTimeHistory': [], 'WallDurations': [], 'JobIds': [], 'State': 'unsubmitted'}, '1422': {'Retries': 0, 'Restarts': 0, 'SiteHistory': [], 'ResidentSetSize': [], 'SubmitTimes': [], 'StartTimes': [], 'EndTimes': [], 'TotalUserCpuTimeHistory': [], 'TotalSysCpuTimeHistory': [], 'WallDurations': [], 'JobIds': [], 'State': 'unsubmitted'}, '1423': {'Retries': 0, 'Restarts': 0, 'SiteHistory': [], 'ResidentSetSize': [], 'SubmitTimes': [], 'StartTimes': [], 'EndTimes': [], 'TotalUserCpuTimeHistory': [], 'TotalSysCpuTimeHistory': [], 'WallDurations': [], 'JobIds': [], 'State': 'unsubmitted'}, '1424': {'Retries': 0, 'Restarts': 0, 'SiteHistory': [], 'ResidentSetSize': [], 'SubmitTimes': [], 'StartTimes': [], 'EndTimes': [], 'TotalUserCpuTimeHistory': [], 'TotalSysCpuTimeHistory': [], 'WallDurations': [], 'JobIds': [], 'State': 'unsubmitted'}, '1425': {'Retries': 0, 'Restarts': 0, 'SiteHistory': [], 'ResidentSetSize': [], 'SubmitTimes': [], 'StartTimes': [], 'EndTimes': [], 'TotalUserCpuTimeHistory': [], 'TotalSysCpuTimeHistory': [], 'WallDurations': [], 'JobIds': [], 'State': 'unsubmitted'}, '1426': {'Retries': 0, 'Restarts': 0, 'SiteHistory': [], 'ResidentSetSize': [], 'SubmitTimes': [], 'StartTimes': [], 'EndTimes': [], 'TotalUserCpuTimeHistory': [], 'TotalSysCpuTimeHistory': [], 'WallDurations': [], 'JobIds': [], 'State': 'unsubmitted'}, '1427': {'Retries': 0, 'Restarts': 0, 'SiteHistory': [], 'ResidentSetSize': [], 'SubmitTimes': [], 'StartTimes': [], 'EndTimes': [], 'TotalUserCpuTimeHistory': [], 'TotalSysCpuTimeHistory': [], 'WallDurations': [], 'JobIds': [], 'State': 'unsubmitted'}, '1428': {'Retries': 0, 'Restarts': 0, 'SiteHistory': [], 'ResidentSetSize': [], 'SubmitTimes': [], 'StartTimes': [], 'EndTimes': [], 'TotalUserCpuTimeHistory': [], 'TotalSysCpuTimeHistory': [], 'WallDurations': [], 'JobIds': [], 'State': 'unsubmitted'}, '1429': {'Retries': 0, 'Restarts': 0, 'SiteHistory': [], 'ResidentSetSize': [], 'SubmitTimes': [], 'StartTimes': [], 'EndTimes': [], 'TotalUserCpuTimeHistory': [], 'TotalSysCpuTimeHistory': [], 'WallDurations': [], 'JobIds': [], 'State': 'unsubmitted'}, '1430': {'Retries': 0, 'Restarts': 0, 'SiteHistory': [], 'ResidentSetSize': [], 'SubmitTimes': [], 'StartTimes': [], 'EndTimes': [], 'TotalUserCpuTimeHistory': [], 'TotalSysCpuTimeHistory': [], 'WallDurations': [], 'JobIds': [], 'State': 'unsubmitted'}, '1431': {'Retries': 0, 'Restarts': 0, 'SiteHistory': [], 'ResidentSetSize': [], 'SubmitTimes': [], 'StartTimes': [], 'EndTimes': [], 'TotalUserCpuTimeHistory': [], 'TotalSysCpuTimeHistory': [], 'WallDurations': [], 'JobIds': [], 'State': 'unsubmitted'}, '1432': {'Retries': 0, 'Restarts': 0, 'SiteHistory': [], 'ResidentSetSize': [], 'SubmitTimes': [], 'StartTimes': [], 'EndTimes': [], 'TotalUserCpuTimeHistory': [], 'TotalSysCpuTimeHistory': [], 'WallDurations': [], 'JobIds': [], 'State': 'unsubmitted'}, '1433': {'Retries': 0, 'Restarts': 0, 'SiteHistory': [], 'ResidentSetSize': [], 'SubmitTimes': [], 'StartTimes': [], 'EndTimes': [], 'TotalUserCpuTimeHistory': [], 'TotalSysCpuTimeHistory': [], 'WallDurations': [], 'JobIds': [], 'State': 'unsubmitted'}, '1434': {'Retries': 0, 'Restarts': 0, 'SiteHistory': [], 'ResidentSetSize': [], 'SubmitTimes': [], 'StartTimes': [], 'EndTimes': [], 'TotalUserCpuTimeHistory': [], 'TotalSysCpuTimeHistory': [], 'WallDurations': [], 'JobIds': [], 'State': 'unsubmitted'}, '1435': {'Retries': 0, 'Restarts': 0, 'SiteHistory': [], 'ResidentSetSize': [], 'SubmitTimes': [], 'StartTimes': [], 'EndTimes': [], 'TotalUserCpuTimeHistory': [], 'TotalSysCpuTimeHistory': [], 'WallDurations': [], 'JobIds': [], 'State': 'unsubmitted'}, '1436': {'Retries': 0, 'Restarts': 0, 'SiteHistory': [], 'ResidentSetSize': [], 'SubmitTimes': [], 'StartTimes': [], 'EndTimes': [], 'TotalUserCpuTimeHistory': [], 'TotalSysCpuTimeHistory': [], 'WallDurations': [], 'JobIds': [], 'State': 'unsubmitted'}, '1437': {'Retries': 0, 'Restarts': 0, 'SiteHistory': [], 'ResidentSetSize': [], 'SubmitTimes': [], 'StartTimes': [], 'EndTimes': [], 'TotalUserCpuTimeHistory': [], 'TotalSysCpuTimeHistory': [], 'WallDurations': [], 'JobIds': [], 'State': 'unsubmitted'}, '1438': {'Retries': 0, 'Restarts': 0, 'SiteHistory': [], 'ResidentSetSize': [], 'SubmitTimes': [], 'StartTimes': [], 'EndTimes': [], 'TotalUserCpuTimeHistory': [], 'TotalSysCpuTimeHistory': [], 'WallDurations': [], 'JobIds': [], 'State': 'unsubmitted'}, '1439': {'Retries': 0, 'Restarts': 0, 'SiteHistory': [], 'ResidentSetSize': [], 'SubmitTimes': [], 'StartTimes': [], 'EndTimes': [], 'TotalUserCpuTimeHistory': [], 'TotalSysCpuTimeHistory': [], 'WallDurations': [], 'JobIds': [], 'State': 'unsubmitted'}, '1440': {'Retries': 0, 'Restarts': 0, 'SiteHistory': [], 'ResidentSetSize': [], 'SubmitTimes': [], 'StartTimes': [], 'EndTimes': [], 'TotalUserCpuTimeHistory': [], 'TotalSysCpuTimeHistory': [], 'WallDurations': [], 'JobIds': [], 'State': 'unsubmitted'}, '1441': {'Retries': 0, 'Restarts': 0, 'SiteHistory': [], 'ResidentSetSize': [], 'SubmitTimes': [], 'StartTimes': [], 'EndTimes': [], 'TotalUserCpuTimeHistory': [], 'TotalSysCpuTimeHistory': [], 'WallDurations': [], 'JobIds': [], 'State': 'unsubmitted'}, '1442': {'Retries': 0, 'Restarts': 0, 'SiteHistory': [], 'ResidentSetSize': [], 'SubmitTimes': [], 'StartTimes': [], 'EndTimes': [], 'TotalUserCpuTimeHistory': [], 'TotalSysCpuTimeHistory': [], 'WallDurations': [], 'JobIds': [], 'State': 'unsubmitted'}, '1443': {'Retries': 0, 'Restarts': 0, 'SiteHistory': [], 'ResidentSetSize': [], 'SubmitTimes': [], 'StartTimes': [], 'EndTimes': [], 'TotalUserCpuTimeHistory': [], 'TotalSysCpuTimeHistory': [], 'WallDurations': [], 'JobIds': [], 'State': 'unsubmitted'}, '1444': {'Retries': 0, 'Restarts': 0, 'SiteHistory': [], 'ResidentSetSize': [], 'SubmitTimes': [], 'StartTimes': [], 'EndTimes': [], 'TotalUserCpuTimeHistory': [], 'TotalSysCpuTimeHistory': [], 'WallDurations': [], 'JobIds': [], 'State': 'unsubmitted'}, '1445': {'Retries': 0, 'Restarts': 0, 'SiteHistory': [], 'ResidentSetSize': [], 'SubmitTimes': [], 'StartTimes': [], 'EndTimes': [], 'TotalUserCpuTimeHistory': [], 'TotalSysCpuTimeHistory': [], 'WallDurations': [], 'JobIds': [], 'State': 'unsubmitted'}, '1446': {'Retries': 0, 'Restarts': 0, 'SiteHistory': [], 'ResidentSetSize': [], 'SubmitTimes': [], 'StartTimes': [], 'EndTimes': [], 'TotalUserCpuTimeHistory': [], 'TotalSysCpuTimeHistory': [], 'WallDurations': [], 'JobIds': [], 'State': 'unsubmitted'}, '1447': {'Retries': 0, 'Restarts': 0, 'SiteHistory': [], 'ResidentSetSize': [], 'SubmitTimes': [], 'StartTimes': [], 'EndTimes': [], 'TotalUserCpuTimeHistory': [], 'TotalSysCpuTimeHistory': [], 'WallDurations': [], 'JobIds': [], 'State': 'unsubmitted'}, '1448': {'Retries': 0, 'Restarts': 0, 'SiteHistory': [], 'ResidentSetSize': [], 'SubmitTimes': [], 'StartTimes': [], 'EndTimes': [], 'TotalUserCpuTimeHistory': [], 'TotalSysCpuTimeHistory': [], 'WallDurations': [], 'JobIds': [], 'State': 'unsubmitted'}, '1449': {'Retries': 0, 'Restarts': 0, 'SiteHistory': [], 'ResidentSetSize': [], 'SubmitTimes': [], 'StartTimes': [], 'EndTimes': [], 'TotalUserCpuTimeHistory': [], 'TotalSysCpuTimeHistory': [], 'WallDurations': [], 'JobIds': [], 'State': 'unsubmitted'}, '1450': {'Retries': 0, 'Restarts': 0, 'SiteHistory': [], 'ResidentSetSize': [], 'SubmitTimes': [], 'StartTimes': [], 'EndTimes': [], 'TotalUserCpuTimeHistory': [], 'TotalSysCpuTimeHistory': [], 'WallDurations': [], 'JobIds': [], 'State': 'unsubmitted'}, '1451': {'Retries': 0, 'Restarts': 0, 'SiteHistory': [], 'ResidentSetSize': [], 'SubmitTimes': [], 'StartTimes': [], 'EndTimes': [], 'TotalUserCpuTimeHistory': [], 'TotalSysCpuTimeHistory': [], 'WallDurations': [], 'JobIds': [], 'State': 'unsubmitted'}, '1452': {'Retries': 0, 'Restarts': 0, 'SiteHistory': [], 'ResidentSetSize': [], 'SubmitTimes': [], 'StartTimes': [], 'EndTimes': [], 'TotalUserCpuTimeHistory': [], 'TotalSysCpuTimeHistory': [], 'WallDurations': [], 'JobIds': [], 'State': 'unsubmitted'}, '1453': {'Retries': 0, 'Restarts': 0, 'SiteHistory': [], 'ResidentSetSize': [], 'SubmitTimes': [], 'StartTimes': [], 'EndTimes': [], 'TotalUserCpuTimeHistory': [], 'TotalSysCpuTimeHistory': [], 'WallDurations': [], 'JobIds': [], 'State': 'unsubmitted'}, '1454': {'Retries': 0, 'Restarts': 0, 'SiteHistory': [], 'ResidentSetSize': [], 'SubmitTimes': [], 'StartTimes': [], 'EndTimes': [], 'TotalUserCpuTimeHistory': [], 'TotalSysCpuTimeHistory': [], 'WallDurations': [], 'JobIds': [], 'State': 'unsubmitted'}, '1455': {'Retries': 0, 'Restarts': 0, 'SiteHistory': [], 'ResidentSetSize': [], 'SubmitTimes': [], 'StartTimes': [], 'EndTimes': [], 'TotalUserCpuTimeHistory': [], 'TotalSysCpuTimeHistory': [], 'WallDurations': [], 'JobIds': [], 'State': 'unsubmitted'}, '1456': {'Retries': 0, 'Restarts': 0, 'SiteHistory': [], 'ResidentSetSize': [], 'SubmitTimes': [], 'StartTimes': [], 'EndTimes': [], 'TotalUserCpuTimeHistory': [], 'TotalSysCpuTimeHistory': [], 'WallDurations': [], 'JobIds': [], 'State': 'unsubmitted'}, '1457': {'Retries': 0, 'Restarts': 0, 'SiteHistory': [], 'ResidentSetSize': [], 'SubmitTimes': [], 'StartTimes': [], 'EndTimes': [], 'TotalUserCpuTimeHistory': [], 'TotalSysCpuTimeHistory': [], 'WallDurations': [], 'JobIds': [], 'State': 'unsubmitted'}, '1458': {'Retries': 0, 'Restarts': 0, 'SiteHistory': [], 'ResidentSetSize': [], 'SubmitTimes': [], 'StartTimes': [], 'EndTimes': [], 'TotalUserCpuTimeHistory': [], 'TotalSysCpuTimeHistory': [], 'WallDurations': [], 'JobIds': [], 'State': 'unsubmitted'}, '1459': {'Retries': 0, 'Restarts': 0, 'SiteHistory': [], 'ResidentSetSize': [], 'SubmitTimes': [], 'StartTimes': [], 'EndTimes': [], 'TotalUserCpuTimeHistory': [], 'TotalSysCpuTimeHistory': [], 'WallDurations': [], 'JobIds': [], 'State': 'unsubmitted'}, '1460': {'Retries': 0, 'Restarts': 0, 'SiteHistory': [], 'ResidentSetSize': [], 'SubmitTimes': [], 'StartTimes': [], 'EndTimes': [], 'TotalUserCpuTimeHistory': [], 'TotalSysCpuTimeHistory': [], 'WallDurations': [], 'JobIds': [], 'State': 'unsubmitted'}, '1461': {'Retries': 0, 'Restarts': 0, 'SiteHistory': [], 'ResidentSetSize': [], 'SubmitTimes': [], 'StartTimes': [], 'EndTimes': [], 'TotalUserCpuTimeHistory': [], 'TotalSysCpuTimeHistory': [], 'WallDurations': [], 'JobIds': [], 'State': 'unsubmitted'}, '1462': {'Retries': 0, 'Restarts': 0, 'SiteHistory': [], 'ResidentSetSize': [], 'SubmitTimes': [], 'StartTimes': [], 'EndTimes': [], 'TotalUserCpuTimeHistory': [], 'TotalSysCpuTimeHistory': [], 'WallDurations': [], 'JobIds': [], 'State': 'unsubmitted'}, '1463': {'Retries': 0, 'Restarts': 0, 'SiteHistory': [], 'ResidentSetSize': [], 'SubmitTimes': [], 'StartTimes': [], 'EndTimes': [], 'TotalUserCpuTimeHistory': [], 'TotalSysCpuTimeHistory': [], 'WallDurations': [], 'JobIds': [], 'State': 'unsubmitted'}, '1464': {'Retries': 0, 'Restarts': 0, 'SiteHistory': [], 'ResidentSetSize': [], 'SubmitTimes': [], 'StartTimes': [], 'EndTimes': [], 'TotalUserCpuTimeHistory': [], 'TotalSysCpuTimeHistory': [], 'WallDurations': [], 'JobIds': [], 'State': 'unsubmitted'}, '1465': {'Retries': 0, 'Restarts': 0, 'SiteHistory': [], 'ResidentSetSize': [], 'SubmitTimes': [], 'StartTimes': [], 'EndTimes': [], 'TotalUserCpuTimeHistory': [], 'TotalSysCpuTimeHistory': [], 'WallDurations': [], 'JobIds': [], 'State': 'unsubmitted'}, '1466': {'Retries': 0, 'Restarts': 0, 'SiteHistory': [], 'ResidentSetSize': [], 'SubmitTimes': [], 'StartTimes': [], 'EndTimes': [], 'TotalUserCpuTimeHistory': [], 'TotalSysCpuTimeHistory': [], 'WallDurations': [], 'JobIds': [], 'State': 'unsubmitted'}, '1467': {'Retries': 0, 'Restarts': 0, 'SiteHistory': [], 'ResidentSetSize': [], 'SubmitTimes': [], 'StartTimes': [], 'EndTimes': [], 'TotalUserCpuTimeHistory': [], 'TotalSysCpuTimeHistory': [], 'WallDurations': [], 'JobIds': [], 'State': 'unsubmitted'}, '1468': {'Retries': 0, 'Restarts': 0, 'SiteHistory': [], 'ResidentSetSize': [], 'SubmitTimes': [], 'StartTimes': [], 'EndTimes': [], 'TotalUserCpuTimeHistory': [], 'TotalSysCpuTimeHistory': [], 'WallDurations': [], 'JobIds': [], 'State': 'unsubmitted'}, '1469': {'Retries': 0, 'Restarts': 0, 'SiteHistory': [], 'ResidentSetSize': [], 'SubmitTimes': [], 'StartTimes': [], 'EndTimes': [], 'TotalUserCpuTimeHistory': [], 'TotalSysCpuTimeHistory': [], 'WallDurations': [], 'JobIds': [], 'State': 'unsubmitted'}, '1470': {'Retries': 0, 'Restarts': 0, 'SiteHistory': [], 'ResidentSetSize': [], 'SubmitTimes': [], 'StartTimes': [], 'EndTimes': [], 'TotalUserCpuTimeHistory': [], 'TotalSysCpuTimeHistory': [], 'WallDurations': [], 'JobIds': [], 'State': 'unsubmitted'}, '1471': {'Retries': 0, 'Restarts': 0, 'SiteHistory': [], 'ResidentSetSize': [], 'SubmitTimes': [], 'StartTimes': [], 'EndTimes': [], 'TotalUserCpuTimeHistory': [], 'TotalSysCpuTimeHistory': [], 'WallDurations': [], 'JobIds': [], 'State': 'unsubmitted'}, '1472': {'Retries': 0, 'Restarts': 0, 'SiteHistory': [], 'ResidentSetSize': [], 'SubmitTimes': [], 'StartTimes': [], 'EndTimes': [], 'TotalUserCpuTimeHistory': [], 'TotalSysCpuTimeHistory': [], 'WallDurations': [], 'JobIds': [], 'State': 'unsubmitted'}, '1473': {'Retries': 0, 'Restarts': 0, 'SiteHistory': [], 'ResidentSetSize': [], 'SubmitTimes': [], 'StartTimes': [], 'EndTimes': [], 'TotalUserCpuTimeHistory': [], 'TotalSysCpuTimeHistory': [], 'WallDurations': [], 'JobIds': [], 'State': 'unsubmitted'}, '1474': {'Retries': 0, 'Restarts': 0, 'SiteHistory': [], 'ResidentSetSize': [], 'SubmitTimes': [], 'StartTimes': [], 'EndTimes': [], 'TotalUserCpuTimeHistory': [], 'TotalSysCpuTimeHistory': [], 'WallDurations': [], 'JobIds': [], 'State': 'unsubmitted'}, '1475': {'Retries': 0, 'Restarts': 0, 'SiteHistory': [], 'ResidentSetSize': [], 'SubmitTimes': [], 'StartTimes': [], 'EndTimes': [], 'TotalUserCpuTimeHistory': [], 'TotalSysCpuTimeHistory': [], 'WallDurations': [], 'JobIds': [], 'State': 'unsubmitted'}, '1476': {'Retries': 0, 'Restarts': 0, 'SiteHistory': [], 'ResidentSetSize': [], 'SubmitTimes': [], 'StartTimes': [], 'EndTimes': [], 'TotalUserCpuTimeHistory': [], 'TotalSysCpuTimeHistory': [], 'WallDurations': [], 'JobIds': [], 'State': 'unsubmitted'}, '1477': {'Retries': 0, 'Restarts': 0, 'SiteHistory': [], 'ResidentSetSize': [], 'SubmitTimes': [], 'StartTimes': [], 'EndTimes': [], 'TotalUserCpuTimeHistory': [], 'TotalSysCpuTimeHistory': [], 'WallDurations': [], 'JobIds': [], 'State': 'unsubmitted'}, '1478': {'Retries': 0, 'Restarts': 0, 'SiteHistory': [], 'ResidentSetSize': [], 'SubmitTimes': [], 'StartTimes': [], 'EndTimes': [], 'TotalUserCpuTimeHistory': [], 'TotalSysCpuTimeHistory': [], 'WallDurations': [], 'JobIds': [], 'State': 'unsubmitted'}, '1479': {'Retries': 0, 'Restarts': 0, 'SiteHistory': [], 'ResidentSetSize': [], 'SubmitTimes': [], 'StartTimes': [], 'EndTimes': [], 'TotalUserCpuTimeHistory': [], 'TotalSysCpuTimeHistory': [], 'WallDurations': [], 'JobIds': [], 'State': 'unsubmitted'}, '1480': {'Retries': 0, 'Restarts': 0, 'SiteHistory': [], 'ResidentSetSize': [], 'SubmitTimes': [], 'StartTimes': [], 'EndTimes': [], 'TotalUserCpuTimeHistory': [], 'TotalSysCpuTimeHistory': [], 'WallDurations': [], 'JobIds': [], 'State': 'unsubmitted'}, '1481': {'Retries': 0, 'Restarts': 0, 'SiteHistory': [], 'ResidentSetSize': [], 'SubmitTimes': [], 'StartTimes': [], 'EndTimes': [], 'TotalUserCpuTimeHistory': [], 'TotalSysCpuTimeHistory': [], 'WallDurations': [], 'JobIds': [], 'State': 'unsubmitted'}, '1482': {'Retries': 0, 'Restarts': 0, 'SiteHistory': [], 'ResidentSetSize': [], 'SubmitTimes': [], 'StartTimes': [], 'EndTimes': [], 'TotalUserCpuTimeHistory': [], 'TotalSysCpuTimeHistory': [], 'WallDurations': [], 'JobIds': [], 'State': 'unsubmitted'}, '1483': {'Retries': 0, 'Restarts': 0, 'SiteHistory': [], 'ResidentSetSize': [], 'SubmitTimes': [], 'StartTimes': [], 'EndTimes': [], 'TotalUserCpuTimeHistory': [], 'TotalSysCpuTimeHistory': [], 'WallDurations': [], 'JobIds': [], 'State': 'unsubmitted'}, '1484': {'Retries': 0, 'Restarts': 0, 'SiteHistory': [], 'ResidentSetSize': [], 'SubmitTimes': [], 'StartTimes': [], 'EndTimes': [], 'TotalUserCpuTimeHistory': [], 'TotalSysCpuTimeHistory': [], 'WallDurations': [], 'JobIds': [], 'State': 'unsubmitted'}, '1485': {'Retries': 0, 'Restarts': 0, 'SiteHistory': [], 'ResidentSetSize': [], 'SubmitTimes': [], 'StartTimes': [], 'EndTimes': [], 'TotalUserCpuTimeHistory': [], 'TotalSysCpuTimeHistory': [], 'WallDurations': [], 'JobIds': [], 'State': 'unsubmitted'}, '1486': {'Retries': 0, 'Restarts': 0, 'SiteHistory': [], 'ResidentSetSize': [], 'SubmitTimes': [], 'StartTimes': [], 'EndTimes': [], 'TotalUserCpuTimeHistory': [], 'TotalSysCpuTimeHistory': [], 'WallDurations': [], 'JobIds': [], 'State': 'unsubmitted'}, '1487': {'Retries': 0, 'Restarts': 0, 'SiteHistory': [], 'ResidentSetSize': [], 'SubmitTimes': [], 'StartTimes': [], 'EndTimes': [], 'TotalUserCpuTimeHistory': [], 'TotalSysCpuTimeHistory': [], 'WallDurations': [], 'JobIds': [], 'State': 'unsubmitted'}, '1488': {'Retries': 0, 'Restarts': 0, 'SiteHistory': [], 'ResidentSetSize': [], 'SubmitTimes': [], 'StartTimes': [], 'EndTimes': [], 'TotalUserCpuTimeHistory': [], 'TotalSysCpuTimeHistory': [], 'WallDurations': [], 'JobIds': [], 'State': 'unsubmitted'}, '1489': {'Retries': 0, 'Restarts': 0, 'SiteHistory': [], 'ResidentSetSize': [], 'SubmitTimes': [], 'StartTimes': [], 'EndTimes': [], 'TotalUserCpuTimeHistory': [], 'TotalSysCpuTimeHistory': [], 'WallDurations': [], 'JobIds': [], 'State': 'unsubmitted'}, '1490': {'Retries': 0, 'Restarts': 0, 'SiteHistory': [], 'ResidentSetSize': [], 'SubmitTimes': [], 'StartTimes': [], 'EndTimes': [], 'TotalUserCpuTimeHistory': [], 'TotalSysCpuTimeHistory': [], 'WallDurations': [], 'JobIds': [], 'State': 'unsubmitted'}, '1491': {'Retries': 0, 'Restarts': 0, 'SiteHistory': [], 'ResidentSetSize': [], 'SubmitTimes': [], 'StartTimes': [], 'EndTimes': [], 'TotalUserCpuTimeHistory': [], 'TotalSysCpuTimeHistory': [], 'WallDurations': [], 'JobIds': [], 'State': 'unsubmitted'}, '1492': {'Retries': 0, 'Restarts': 0, 'SiteHistory': [], 'ResidentSetSize': [], 'SubmitTimes': [], 'StartTimes': [], 'EndTimes': [], 'TotalUserCpuTimeHistory': [], 'TotalSysCpuTimeHistory': [], 'WallDurations': [], 'JobIds': [], 'State': 'unsubmitted'}, '1493': {'Retries': 0, 'Restarts': 0, 'SiteHistory': [], 'ResidentSetSize': [], 'SubmitTimes': [], 'StartTimes': [], 'EndTimes': [], 'TotalUserCpuTimeHistory': [], 'TotalSysCpuTimeHistory': [], 'WallDurations': [], 'JobIds': [], 'State': 'unsubmitted'}, '1494': {'Retries': 0, 'Restarts': 0, 'SiteHistory': [], 'ResidentSetSize': [], 'SubmitTimes': [], 'StartTimes': [], 'EndTimes': [], 'TotalUserCpuTimeHistory': [], 'TotalSysCpuTimeHistory': [], 'WallDurations': [], 'JobIds': [], 'State': 'unsubmitted'}, '1495': {'Retries': 0, 'Restarts': 0, 'SiteHistory': [], 'ResidentSetSize': [], 'SubmitTimes': [], 'StartTimes': [], 'EndTimes': [], 'TotalUserCpuTimeHistory': [], 'TotalSysCpuTimeHistory': [], 'WallDurations': [], 'JobIds': [], 'State': 'unsubmitted'}, '1496': {'Retries': 0, 'Restarts': 0, 'SiteHistory': [], 'ResidentSetSize': [], 'SubmitTimes': [], 'StartTimes': [], 'EndTimes': [], 'TotalUserCpuTimeHistory': [], 'TotalSysCpuTimeHistory': [], 'WallDurations': [], 'JobIds': [], 'State': 'unsubmitted'}, '1497': {'Retries': 0, 'Restarts': 0, 'SiteHistory': [], 'ResidentSetSize': [], 'SubmitTimes': [], 'StartTimes': [], 'EndTimes': [], 'TotalUserCpuTimeHistory': [], 'TotalSysCpuTimeHistory': [], 'WallDurations': [], 'JobIds': [], 'State': 'unsubmitted'}, '1498': {'Retries': 0, 'Restarts': 0, 'SiteHistory': [], 'ResidentSetSize': [], 'SubmitTimes': [], 'StartTimes': [], 'EndTimes': [], 'TotalUserCpuTimeHistory': [], 'TotalSysCpuTimeHistory': [], 'WallDurations': [], 'JobIds': [], 'State': 'unsubmitted'}, '1499': {'Retries': 0, 'Restarts': 0, 'SiteHistory': [], 'ResidentSetSize': [], 'SubmitTimes': [], 'StartTimes': [], 'EndTimes': [], 'TotalUserCpuTimeHistory': [], 'TotalSysCpuTimeHistory': [], 'WallDurations': [], 'JobIds': [], 'State': 'unsubmitted'}, '1500': {'Retries': 0, 'Restarts': 0, 'SiteHistory': [], 'ResidentSetSize': [], 'SubmitTimes': [], 'StartTimes': [], 'EndTimes': [], 'TotalUserCpuTimeHistory': [], 'TotalSysCpuTimeHistory': [], 'WallDurations': [], 'JobIds': [], 'State': 'unsubmitted'}, '1501': {'Retries': 0, 'Restarts': 0, 'SiteHistory': [], 'ResidentSetSize': [], 'SubmitTimes': [], 'StartTimes': [], 'EndTimes': [], 'TotalUserCpuTimeHistory': [], 'TotalSysCpuTimeHistory': [], 'WallDurations': [], 'JobIds': [], 'State': 'unsubmitted'}, '1502': {'Retries': 0, 'Restarts': 0, 'SiteHistory': [], 'ResidentSetSize': [], 'SubmitTimes': [], 'StartTimes': [], 'EndTimes': [], 'TotalUserCpuTimeHistory': [], 'TotalSysCpuTimeHistory': [], 'WallDurations': [], 'JobIds': [], 'State': 'unsubmitted'}, '1503': {'Retries': 0, 'Restarts': 0, 'SiteHistory': [], 'ResidentSetSize': [], 'SubmitTimes': [], 'StartTimes': [], 'EndTimes': [], 'TotalUserCpuTimeHistory': [], 'TotalSysCpuTimeHistory': [], 'WallDurations': [], 'JobIds': [], 'State': 'unsubmitted'}, '1504': {'Retries': 0, 'Restarts': 0, 'SiteHistory': [], 'ResidentSetSize': [], 'SubmitTimes': [], 'StartTimes': [], 'EndTimes': [], 'TotalUserCpuTimeHistory': [], 'TotalSysCpuTimeHistory': [], 'WallDurations': [], 'JobIds': [], 'State': 'unsubmitted'}, '1505': {'Retries': 0, 'Restarts': 0, 'SiteHistory': [], 'ResidentSetSize': [], 'SubmitTimes': [], 'StartTimes': [], 'EndTimes': [], 'TotalUserCpuTimeHistory': [], 'TotalSysCpuTimeHistory': [], 'WallDurations': [], 'JobIds': [], 'State': 'unsubmitted'}, '1506': {'Retries': 0, 'Restarts': 0, 'SiteHistory': [], 'ResidentSetSize': [], 'SubmitTimes': [], 'StartTimes': [], 'EndTimes': [], 'TotalUserCpuTimeHistory': [], 'TotalSysCpuTimeHistory': [], 'WallDurations': [], 'JobIds': [], 'State': 'unsubmitted'}, '1507': {'Retries': 0, 'Restarts': 0, 'SiteHistory': [], 'ResidentSetSize': [], 'SubmitTimes': [], 'StartTimes': [], 'EndTimes': [], 'TotalUserCpuTimeHistory': [], 'TotalSysCpuTimeHistory': [], 'WallDurations': [], 'JobIds': [], 'State': 'unsubmitted'}, '1508': {'Retries': 0, 'Restarts': 0, 'SiteHistory': [], 'ResidentSetSize': [], 'SubmitTimes': [], 'StartTimes': [], 'EndTimes': [], 'TotalUserCpuTimeHistory': [], 'TotalSysCpuTimeHistory': [], 'WallDurations': [], 'JobIds': [], 'State': 'unsubmitted'}, '1509': {'Retries': 0, 'Restarts': 0, 'SiteHistory': [], 'ResidentSetSize': [], 'SubmitTimes': [], 'StartTimes': [], 'EndTimes': [], 'TotalUserCpuTimeHistory': [], 'TotalSysCpuTimeHistory': [], 'WallDurations': [], 'JobIds': [], 'State': 'unsubmitted'}, '1510': {'Retries': 0, 'Restarts': 0, 'SiteHistory': [], 'ResidentSetSize': [], 'SubmitTimes': [], 'StartTimes': [], 'EndTimes': [], 'TotalUserCpuTimeHistory': [], 'TotalSysCpuTimeHistory': [], 'WallDurations': [], 'JobIds': [], 'State': 'unsubmitted'}, '1511': {'Retries': 0, 'Restarts': 0, 'SiteHistory': [], 'ResidentSetSize': [], 'SubmitTimes': [], 'StartTimes': [], 'EndTimes': [], 'TotalUserCpuTimeHistory': [], 'TotalSysCpuTimeHistory': [], 'WallDurations': [], 'JobIds': [], 'State': 'unsubmitted'}, '1512': {'Retries': 0, 'Restarts': 0, 'SiteHistory': [], 'ResidentSetSize': [], 'SubmitTimes': [], 'StartTimes': [], 'EndTimes': [], 'TotalUserCpuTimeHistory': [], 'TotalSysCpuTimeHistory': [], 'WallDurations': [], 'JobIds': [], 'State': 'unsubmitted'}, '1513': {'Retries': 0, 'Restarts': 0, 'SiteHistory': [], 'ResidentSetSize': [], 'SubmitTimes': [], 'StartTimes': [], 'EndTimes': [], 'TotalUserCpuTimeHistory': [], 'TotalSysCpuTimeHistory': [], 'WallDurations': [], 'JobIds': [], 'State': 'unsubmitted'}, '1514': {'Retries': 0, 'Restarts': 0, 'SiteHistory': [], 'ResidentSetSize': [], 'SubmitTimes': [], 'StartTimes': [], 'EndTimes': [], 'TotalUserCpuTimeHistory': [], 'TotalSysCpuTimeHistory': [], 'WallDurations': [], 'JobIds': [], 'State': 'unsubmitted'}, '1515': {'Retries': 0, 'Restarts': 0, 'SiteHistory': [], 'ResidentSetSize': [], 'SubmitTimes': [], 'StartTimes': [], 'EndTimes': [], 'TotalUserCpuTimeHistory': [], 'TotalSysCpuTimeHistory': [], 'WallDurations': [], 'JobIds': [], 'State': 'unsubmitted'}, '1516': {'Retries': 0, 'Restarts': 0, 'SiteHistory': [], 'ResidentSetSize': [], 'SubmitTimes': [], 'StartTimes': [], 'EndTimes': [], 'TotalUserCpuTimeHistory': [], 'TotalSysCpuTimeHistory': [], 'WallDurations': [], 'JobIds': [], 'State': 'unsubmitted'}, '1517': {'Retries': 0, 'Restarts': 0, 'SiteHistory': [], 'ResidentSetSize': [], 'SubmitTimes': [], 'StartTimes': [], 'EndTimes': [], 'TotalUserCpuTimeHistory': [], 'TotalSysCpuTimeHistory': [], 'WallDurations': [], 'JobIds': [], 'State': 'unsubmitted'}, '1518': {'Retries': 0, 'Restarts': 0, 'SiteHistory': [], 'ResidentSetSize': [], 'SubmitTimes': [], 'StartTimes': [], 'EndTimes': [], 'TotalUserCpuTimeHistory': [], 'TotalSysCpuTimeHistory': [], 'WallDurations': [], 'JobIds': [], 'State': 'unsubmitted'}, '1519': {'Retries': 0, 'Restarts': 0, 'SiteHistory': [], 'ResidentSetSize': [], 'SubmitTimes': [], 'StartTimes': [], 'EndTimes': [], 'TotalUserCpuTimeHistory': [], 'TotalSysCpuTimeHistory': [], 'WallDurations': [], 'JobIds': [], 'State': 'unsubmitted'}, '1520': {'Retries': 0, 'Restarts': 0, 'SiteHistory': [], 'ResidentSetSize': [], 'SubmitTimes': [], 'StartTimes': [], 'EndTimes': [], 'TotalUserCpuTimeHistory': [], 'TotalSysCpuTimeHistory': [], 'WallDurations': [], 'JobIds': [], 'State': 'unsubmitted'}, '1521': {'Retries': 0, 'Restarts': 0, 'SiteHistory': [], 'ResidentSetSize': [], 'SubmitTimes': [], 'StartTimes': [], 'EndTimes': [], 'TotalUserCpuTimeHistory': [], 'TotalSysCpuTimeHistory': [], 'WallDurations': [], 'JobIds': [], 'State': 'unsubmitted'}, '1522': {'Retries': 0, 'Restarts': 0, 'SiteHistory': [], 'ResidentSetSize': [], 'SubmitTimes': [], 'StartTimes': [], 'EndTimes': [], 'TotalUserCpuTimeHistory': [], 'TotalSysCpuTimeHistory': [], 'WallDurations': [], 'JobIds': [], 'State': 'unsubmitted'}, '1523': {'Retries': 0, 'Restarts': 0, 'SiteHistory': [], 'ResidentSetSize': [], 'SubmitTimes': [], 'StartTimes': [], 'EndTimes': [], 'TotalUserCpuTimeHistory': [], 'TotalSysCpuTimeHistory': [], 'WallDurations': [], 'JobIds': [], 'State': 'unsubmitted'}, '1524': {'Retries': 0, 'Restarts': 0, 'SiteHistory': [], 'ResidentSetSize': [], 'SubmitTimes': [], 'StartTimes': [], 'EndTimes': [], 'TotalUserCpuTimeHistory': [], 'TotalSysCpuTimeHistory': [], 'WallDurations': [], 'JobIds': [], 'State': 'unsubmitted'}, '1525': {'Retries': 0, 'Restarts': 0, 'SiteHistory': [], 'ResidentSetSize': [], 'SubmitTimes': [], 'StartTimes': [], 'EndTimes': [], 'TotalUserCpuTimeHistory': [], 'TotalSysCpuTimeHistory': [], 'WallDurations': [], 'JobIds': [], 'State': 'unsubmitted'}, '1526': {'Retries': 0, 'Restarts': 0, 'SiteHistory': [], 'ResidentSetSize': [], 'SubmitTimes': [], 'StartTimes': [], 'EndTimes': [], 'TotalUserCpuTimeHistory': [], 'TotalSysCpuTimeHistory': [], 'WallDurations': [], 'JobIds': [], 'State': 'unsubmitted'}, '1527': {'Retries': 0, 'Restarts': 0, 'SiteHistory': [], 'ResidentSetSize': [], 'SubmitTimes': [], 'StartTimes': [], 'EndTimes': [], 'TotalUserCpuTimeHistory': [], 'TotalSysCpuTimeHistory': [], 'WallDurations': [], 'JobIds': [], 'State': 'unsubmitted'}, '1528': {'Retries': 0, 'Restarts': 0, 'SiteHistory': [], 'ResidentSetSize': [], 'SubmitTimes': [], 'StartTimes': [], 'EndTimes': [], 'TotalUserCpuTimeHistory': [], 'TotalSysCpuTimeHistory': [], 'WallDurations': [], 'JobIds': [], 'State': 'unsubmitted'}, '1529': {'Retries': 0, 'Restarts': 0, 'SiteHistory': [], 'ResidentSetSize': [], 'SubmitTimes': [], 'StartTimes': [], 'EndTimes': [], 'TotalUserCpuTimeHistory': [], 'TotalSysCpuTimeHistory': [], 'WallDurations': [], 'JobIds': [], 'State': 'unsubmitted'}, '1530': {'Retries': 0, 'Restarts': 0, 'SiteHistory': [], 'ResidentSetSize': [], 'SubmitTimes': [], 'StartTimes': [], 'EndTimes': [], 'TotalUserCpuTimeHistory': [], 'TotalSysCpuTimeHistory': [], 'WallDurations': [], 'JobIds': [], 'State': 'unsubmitted'}, '1531': {'Retries': 0, 'Restarts': 0, 'SiteHistory': [], 'ResidentSetSize': [], 'SubmitTimes': [], 'StartTimes': [], 'EndTimes': [], 'TotalUserCpuTimeHistory': [], 'TotalSysCpuTimeHistory': [], 'WallDurations': [], 'JobIds': [], 'State': 'unsubmitted'}, '1532': {'Retries': 0, 'Restarts': 0, 'SiteHistory': [], 'ResidentSetSize': [], 'SubmitTimes': [], 'StartTimes': [], 'EndTimes': [], 'TotalUserCpuTimeHistory': [], 'TotalSysCpuTimeHistory': [], 'WallDurations': [], 'JobIds': [], 'State': 'unsubmitted'}, '1533': {'Retries': 0, 'Restarts': 0, 'SiteHistory': [], 'ResidentSetSize': [], 'SubmitTimes': [], 'StartTimes': [], 'EndTimes': [], 'TotalUserCpuTimeHistory': [], 'TotalSysCpuTimeHistory': [], 'WallDurations': [], 'JobIds': [], 'State': 'unsubmitted'}, '1534': {'Retries': 0, 'Restarts': 0, 'SiteHistory': [], 'ResidentSetSize': [], 'SubmitTimes': [], 'StartTimes': [], 'EndTimes': [], 'TotalUserCpuTimeHistory': [], 'TotalSysCpuTimeHistory': [], 'WallDurations': [], 'JobIds': [], 'State': 'unsubmitted'}, '1535': {'Retries': 0, 'Restarts': 0, 'SiteHistory': [], 'ResidentSetSize': [], 'SubmitTimes': [], 'StartTimes': [], 'EndTimes': [], 'TotalUserCpuTimeHistory': [], 'TotalSysCpuTimeHistory': [], 'WallDurations': [], 'JobIds': [], 'State': 'unsubmitted'}, '1536': {'Retries': 0, 'Restarts': 0, 'SiteHistory': [], 'ResidentSetSize': [], 'SubmitTimes': [], 'StartTimes': [], 'EndTimes': [], 'TotalUserCpuTimeHistory': [], 'TotalSysCpuTimeHistory': [], 'WallDurations': [], 'JobIds': [], 'State': 'unsubmitted'}, '1537': {'Retries': 0, 'Restarts': 0, 'SiteHistory': [], 'ResidentSetSize': [], 'SubmitTimes': [], 'StartTimes': [], 'EndTimes': [], 'TotalUserCpuTimeHistory': [], 'TotalSysCpuTimeHistory': [], 'WallDurations': [], 'JobIds': [], 'State': 'unsubmitted'}, '1538': {'Retries': 0, 'Restarts': 0, 'SiteHistory': [], 'ResidentSetSize': [], 'SubmitTimes': [], 'StartTimes': [], 'EndTimes': [], 'TotalUserCpuTimeHistory': [], 'TotalSysCpuTimeHistory': [], 'WallDurations': [], 'JobIds': [], 'State': 'unsubmitted'}, '1539': {'Retries': 0, 'Restarts': 0, 'SiteHistory': [], 'ResidentSetSize': [], 'SubmitTimes': [], 'StartTimes': [], 'EndTimes': [], 'TotalUserCpuTimeHistory': [], 'TotalSysCpuTimeHistory': [], 'WallDurations': [], 'JobIds': [], 'State': 'unsubmitted'}, '1540': {'Retries': 0, 'Restarts': 0, 'SiteHistory': [], 'ResidentSetSize': [], 'SubmitTimes': [], 'StartTimes': [], 'EndTimes': [], 'TotalUserCpuTimeHistory': [], 'TotalSysCpuTimeHistory': [], 'WallDurations': [], 'JobIds': [], 'State': 'unsubmitted'}, '1541': {'Retries': 0, 'Restarts': 0, 'SiteHistory': [], 'ResidentSetSize': [], 'SubmitTimes': [], 'StartTimes': [], 'EndTimes': [], 'TotalUserCpuTimeHistory': [], 'TotalSysCpuTimeHistory': [], 'WallDurations': [], 'JobIds': [], 'State': 'unsubmitted'}, '1542': {'Retries': 0, 'Restarts': 0, 'SiteHistory': [], 'ResidentSetSize': [], 'SubmitTimes': [], 'StartTimes': [], 'EndTimes': [], 'TotalUserCpuTimeHistory': [], 'TotalSysCpuTimeHistory': [], 'WallDurations': [], 'JobIds': [], 'State': 'unsubmitted'}, '1543': {'Retries': 0, 'Restarts': 0, 'SiteHistory': [], 'ResidentSetSize': [], 'SubmitTimes': [], 'StartTimes': [], 'EndTimes': [], 'TotalUserCpuTimeHistory': [], 'TotalSysCpuTimeHistory': [], 'WallDurations': [], 'JobIds': [], 'State': 'unsubmitted'}, '1544': {'Retries': 0, 'Restarts': 0, 'SiteHistory': [], 'ResidentSetSize': [], 'SubmitTimes': [], 'StartTimes': [], 'EndTimes': [], 'TotalUserCpuTimeHistory': [], 'TotalSysCpuTimeHistory': [], 'WallDurations': [], 'JobIds': [], 'State': 'unsubmitted'}, '1545': {'Retries': 0, 'Restarts': 0, 'SiteHistory': [], 'ResidentSetSize': [], 'SubmitTimes': [], 'StartTimes': [], 'EndTimes': [], 'TotalUserCpuTimeHistory': [], 'TotalSysCpuTimeHistory': [], 'WallDurations': [], 'JobIds': [], 'State': 'unsubmitted'}, '1546': {'Retries': 0, 'Restarts': 0, 'SiteHistory': [], 'ResidentSetSize': [], 'SubmitTimes': [], 'StartTimes': [], 'EndTimes': [], 'TotalUserCpuTimeHistory': [], 'TotalSysCpuTimeHistory': [], 'WallDurations': [], 'JobIds': [], 'State': 'unsubmitted'}, '1547': {'Retries': 0, 'Restarts': 0, 'SiteHistory': [], 'ResidentSetSize': [], 'SubmitTimes': [], 'StartTimes': [], 'EndTimes': [], 'TotalUserCpuTimeHistory': [], 'TotalSysCpuTimeHistory': [], 'WallDurations': [], 'JobIds': [], 'State': 'unsubmitted'}, '1548': {'Retries': 0, 'Restarts': 0, 'SiteHistory': [], 'ResidentSetSize': [], 'SubmitTimes': [], 'StartTimes': [], 'EndTimes': [], 'TotalUserCpuTimeHistory': [], 'TotalSysCpuTimeHistory': [], 'WallDurations': [], 'JobIds': [], 'State': 'unsubmitted'}, '1549': {'Retries': 0, 'Restarts': 0, 'SiteHistory': [], 'ResidentSetSize': [], 'SubmitTimes': [], 'StartTimes': [], 'EndTimes': [], 'TotalUserCpuTimeHistory': [], 'TotalSysCpuTimeHistory': [], 'WallDurations': [], 'JobIds': [], 'State': 'unsubmitted'}, '1550': {'Retries': 0, 'Restarts': 0, 'SiteHistory': [], 'ResidentSetSize': [], 'SubmitTimes': [], 'StartTimes': [], 'EndTimes': [], 'TotalUserCpuTimeHistory': [], 'TotalSysCpuTimeHistory': [], 'WallDurations': [], 'JobIds': [], 'State': 'unsubmitted'}, '1551': {'Retries': 0, 'Restarts': 0, 'SiteHistory': [], 'ResidentSetSize': [], 'SubmitTimes': [], 'StartTimes': [], 'EndTimes': [], 'TotalUserCpuTimeHistory': [], 'TotalSysCpuTimeHistory': [], 'WallDurations': [], 'JobIds': [], 'State': 'unsubmitted'}, '1552': {'Retries': 0, 'Restarts': 0, 'SiteHistory': [], 'ResidentSetSize': [], 'SubmitTimes': [], 'StartTimes': [], 'EndTimes': [], 'TotalUserCpuTimeHistory': [], 'TotalSysCpuTimeHistory': [], 'WallDurations': [], 'JobIds': [], 'State': 'unsubmitted'}, '1553': {'Retries': 0, 'Restarts': 0, 'SiteHistory': [], 'ResidentSetSize': [], 'SubmitTimes': [], 'StartTimes': [], 'EndTimes': [], 'TotalUserCpuTimeHistory': [], 'TotalSysCpuTimeHistory': [], 'WallDurations': [], 'JobIds': [], 'State': 'unsubmitted'}, '1554': {'Retries': 0, 'Restarts': 0, 'SiteHistory': [], 'ResidentSetSize': [], 'SubmitTimes': [], 'StartTimes': [], 'EndTimes': [], 'TotalUserCpuTimeHistory': [], 'TotalSysCpuTimeHistory': [], 'WallDurations': [], 'JobIds': [], 'State': 'unsubmitted'}, '1555': {'Retries': 0, 'Restarts': 0, 'SiteHistory': [], 'ResidentSetSize': [], 'SubmitTimes': [], 'StartTimes': [], 'EndTimes': [], 'TotalUserCpuTimeHistory': [], 'TotalSysCpuTimeHistory': [], 'WallDurations': [], 'JobIds': [], 'State': 'unsubmitted'}, '1556': {'Retries': 0, 'Restarts': 0, 'SiteHistory': [], 'ResidentSetSize': [], 'SubmitTimes': [], 'StartTimes': [], 'EndTimes': [], 'TotalUserCpuTimeHistory': [], 'TotalSysCpuTimeHistory': [], 'WallDurations': [], 'JobIds': [], 'State': 'unsubmitted'}, '1557': {'Retries': 0, 'Restarts': 0, 'SiteHistory': [], 'ResidentSetSize': [], 'SubmitTimes': [], 'StartTimes': [], 'EndTimes': [], 'TotalUserCpuTimeHistory': [], 'TotalSysCpuTimeHistory': [], 'WallDurations': [], 'JobIds': [], 'State': 'unsubmitted'}, '1558': {'Retries': 0, 'Restarts': 0, 'SiteHistory': [], 'ResidentSetSize': [], 'SubmitTimes': [], 'StartTimes': [], 'EndTimes': [], 'TotalUserCpuTimeHistory': [], 'TotalSysCpuTimeHistory': [], 'WallDurations': [], 'JobIds': [], 'State': 'unsubmitted'}, '1559': {'Retries': 0, 'Restarts': 0, 'SiteHistory': [], 'ResidentSetSize': [], 'SubmitTimes': [], 'StartTimes': [], 'EndTimes': [], 'TotalUserCpuTimeHistory': [], 'TotalSysCpuTimeHistory': [], 'WallDurations': [], 'JobIds': [], 'State': 'unsubmitted'}, '1560': {'Retries': 0, 'Restarts': 0, 'SiteHistory': [], 'ResidentSetSize': [], 'SubmitTimes': [], 'StartTimes': [], 'EndTimes': [], 'TotalUserCpuTimeHistory': [], 'TotalSysCpuTimeHistory': [], 'WallDurations': [], 'JobIds': [], 'State': 'unsubmitted'}, '1561': {'Retries': 0, 'Restarts': 0, 'SiteHistory': [], 'ResidentSetSize': [], 'SubmitTimes': [], 'StartTimes': [], 'EndTimes': [], 'TotalUserCpuTimeHistory': [], 'TotalSysCpuTimeHistory': [], 'WallDurations': [], 'JobIds': [], 'State': 'unsubmitted'}, '1562': {'Retries': 0, 'Restarts': 0, 'SiteHistory': [], 'ResidentSetSize': [], 'SubmitTimes': [], 'StartTimes': [], 'EndTimes': [], 'TotalUserCpuTimeHistory': [], 'TotalSysCpuTimeHistory': [], 'WallDurations': [], 'JobIds': [], 'State': 'unsubmitted'}, '1563': {'Retries': 0, 'Restarts': 0, 'SiteHistory': [], 'ResidentSetSize': [], 'SubmitTimes': [], 'StartTimes': [], 'EndTimes': [], 'TotalUserCpuTimeHistory': [], 'TotalSysCpuTimeHistory': [], 'WallDurations': [], 'JobIds': [], 'State': 'unsubmitted'}, '1564': {'Retries': 0, 'Restarts': 0, 'SiteHistory': [], 'ResidentSetSize': [], 'SubmitTimes': [], 'StartTimes': [], 'EndTimes': [], 'TotalUserCpuTimeHistory': [], 'TotalSysCpuTimeHistory': [], 'WallDurations': [], 'JobIds': [], 'State': 'unsubmitted'}, '1565': {'Retries': 0, 'Restarts': 0, 'SiteHistory': [], 'ResidentSetSize': [], 'SubmitTimes': [], 'StartTimes': [], 'EndTimes': [], 'TotalUserCpuTimeHistory': [], 'TotalSysCpuTimeHistory': [], 'WallDurations': [], 'JobIds': [], 'State': 'unsubmitted'}, '1566': {'Retries': 0, 'Restarts': 0, 'SiteHistory': [], 'ResidentSetSize': [], 'SubmitTimes': [], 'StartTimes': [], 'EndTimes': [], 'TotalUserCpuTimeHistory': [], 'TotalSysCpuTimeHistory': [], 'WallDurations': [], 'JobIds': [], 'State': 'unsubmitted'}, '1567': {'Retries': 0, 'Restarts': 0, 'SiteHistory': [], 'ResidentSetSize': [], 'SubmitTimes': [], 'StartTimes': [], 'EndTimes': [], 'TotalUserCpuTimeHistory': [], 'TotalSysCpuTimeHistory': [], 'WallDurations': [], 'JobIds': [], 'State': 'unsubmitted'}, '1568': {'Retries': 0, 'Restarts': 0, 'SiteHistory': [], 'ResidentSetSize': [], 'SubmitTimes': [], 'StartTimes': [], 'EndTimes': [], 'TotalUserCpuTimeHistory': [], 'TotalSysCpuTimeHistory': [], 'WallDurations': [], 'JobIds': [], 'State': 'unsubmitted'}, '1569': {'Retries': 0, 'Restarts': 0, 'SiteHistory': [], 'ResidentSetSize': [], 'SubmitTimes': [], 'StartTimes': [], 'EndTimes': [], 'TotalUserCpuTimeHistory': [], 'TotalSysCpuTimeHistory': [], 'WallDurations': [], 'JobIds': [], 'State': 'unsubmitted'}, '1570': {'Retries': 0, 'Restarts': 0, 'SiteHistory': [], 'ResidentSetSize': [], 'SubmitTimes': [], 'StartTimes': [], 'EndTimes': [], 'TotalUserCpuTimeHistory': [], 'TotalSysCpuTimeHistory': [], 'WallDurations': [], 'JobIds': [], 'State': 'unsubmitted'}, '1571': {'Retries': 0, 'Restarts': 0, 'SiteHistory': [], 'ResidentSetSize': [], 'SubmitTimes': [], 'StartTimes': [], 'EndTimes': [], 'TotalUserCpuTimeHistory': [], 'TotalSysCpuTimeHistory': [], 'WallDurations': [], 'JobIds': [], 'State': 'unsubmitted'}, '1572': {'Retries': 0, 'Restarts': 0, 'SiteHistory': [], 'ResidentSetSize': [], 'SubmitTimes': [], 'StartTimes': [], 'EndTimes': [], 'TotalUserCpuTimeHistory': [], 'TotalSysCpuTimeHistory': [], 'WallDurations': [], 'JobIds': [], 'State': 'unsubmitted'}, '1573': {'Retries': 0, 'Restarts': 0, 'SiteHistory': [], 'ResidentSetSize': [], 'SubmitTimes': [], 'StartTimes': [], 'EndTimes': [], 'TotalUserCpuTimeHistory': [], 'TotalSysCpuTimeHistory': [], 'WallDurations': [], 'JobIds': [], 'State': 'unsubmitted'}, '1574': {'Retries': 0, 'Restarts': 0, 'SiteHistory': [], 'ResidentSetSize': [], 'SubmitTimes': [], 'StartTimes': [], 'EndTimes': [], 'TotalUserCpuTimeHistory': [], 'TotalSysCpuTimeHistory': [], 'WallDurations': [], 'JobIds': [], 'State': 'unsubmitted'}, '1575': {'Retries': 0, 'Restarts': 0, 'SiteHistory': [], 'ResidentSetSize': [], 'SubmitTimes': [], 'StartTimes': [], 'EndTimes': [], 'TotalUserCpuTimeHistory': [], 'TotalSysCpuTimeHistory': [], 'WallDurations': [], 'JobIds': [], 'State': 'unsubmitted'}, '1576': {'Retries': 0, 'Restarts': 0, 'SiteHistory': [], 'ResidentSetSize': [], 'SubmitTimes': [], 'StartTimes': [], 'EndTimes': [], 'TotalUserCpuTimeHistory': [], 'TotalSysCpuTimeHistory': [], 'WallDurations': [], 'JobIds': [], 'State': 'unsubmitted'}, '1577': {'Retries': 0, 'Restarts': 0, 'SiteHistory': [], 'ResidentSetSize': [], 'SubmitTimes': [], 'StartTimes': [], 'EndTimes': [], 'TotalUserCpuTimeHistory': [], 'TotalSysCpuTimeHistory': [], 'WallDurations': [], 'JobIds': [], 'State': 'unsubmitted'}, '1578': {'Retries': 0, 'Restarts': 0, 'SiteHistory': [], 'ResidentSetSize': [], 'SubmitTimes': [], 'StartTimes': [], 'EndTimes': [], 'TotalUserCpuTimeHistory': [], 'TotalSysCpuTimeHistory': [], 'WallDurations': [], 'JobIds': [], 'State': 'unsubmitted'}, '1579': {'Retries': 0, 'Restarts': 0, 'SiteHistory': [], 'ResidentSetSize': [], 'SubmitTimes': [], 'StartTimes': [], 'EndTimes': [], 'TotalUserCpuTimeHistory': [], 'TotalSysCpuTimeHistory': [], 'WallDurations': [], 'JobIds': [], 'State': 'unsubmitted'}, '1580': {'Retries': 0, 'Restarts': 0, 'SiteHistory': [], 'ResidentSetSize': [], 'SubmitTimes': [], 'StartTimes': [], 'EndTimes': [], 'TotalUserCpuTimeHistory': [], 'TotalSysCpuTimeHistory': [], 'WallDurations': [], 'JobIds': [], 'State': 'unsubmitted'}, '1581': {'Retries': 0, 'Restarts': 0, 'SiteHistory': [], 'ResidentSetSize': [], 'SubmitTimes': [], 'StartTimes': [], 'EndTimes': [], 'TotalUserCpuTimeHistory': [], 'TotalSysCpuTimeHistory': [], 'WallDurations': [], 'JobIds': [], 'State': 'unsubmitted'}, '1582': {'Retries': 0, 'Restarts': 0, 'SiteHistory': [], 'ResidentSetSize': [], 'SubmitTimes': [], 'StartTimes': [], 'EndTimes': [], 'TotalUserCpuTimeHistory': [], 'TotalSysCpuTimeHistory': [], 'WallDurations': [], 'JobIds': [], 'State': 'unsubmitted'}, '1583': {'Retries': 0, 'Restarts': 0, 'SiteHistory': [], 'ResidentSetSize': [], 'SubmitTimes': [], 'StartTimes': [], 'EndTimes': [], 'TotalUserCpuTimeHistory': [], 'TotalSysCpuTimeHistory': [], 'WallDurations': [], 'JobIds': [], 'State': 'unsubmitted'}, '1584': {'Retries': 0, 'Restarts': 0, 'SiteHistory': [], 'ResidentSetSize': [], 'SubmitTimes': [], 'StartTimes': [], 'EndTimes': [], 'TotalUserCpuTimeHistory': [], 'TotalSysCpuTimeHistory': [], 'WallDurations': [], 'JobIds': [], 'State': 'unsubmitted'}, '1585': {'Retries': 0, 'Restarts': 0, 'SiteHistory': [], 'ResidentSetSize': [], 'SubmitTimes': [], 'StartTimes': [], 'EndTimes': [], 'TotalUserCpuTimeHistory': [], 'TotalSysCpuTimeHistory': [], 'WallDurations': [], 'JobIds': [], 'State': 'unsubmitted'}, '1586': {'Retries': 0, 'Restarts': 0, 'SiteHistory': [], 'ResidentSetSize': [], 'SubmitTimes': [], 'StartTimes': [], 'EndTimes': [], 'TotalUserCpuTimeHistory': [], 'TotalSysCpuTimeHistory': [], 'WallDurations': [], 'JobIds': [], 'State': 'unsubmitted'}, '1587': {'Retries': 0, 'Restarts': 0, 'SiteHistory': [], 'ResidentSetSize': [], 'SubmitTimes': [], 'StartTimes': [], 'EndTimes': [], 'TotalUserCpuTimeHistory': [], 'TotalSysCpuTimeHistory': [], 'WallDurations': [], 'JobIds': [], 'State': 'unsubmitted'}, '1588': {'Retries': 0, 'Restarts': 0, 'SiteHistory': [], 'ResidentSetSize': [], 'SubmitTimes': [], 'StartTimes': [], 'EndTimes': [], 'TotalUserCpuTimeHistory': [], 'TotalSysCpuTimeHistory': [], 'WallDurations': [], 'JobIds': [], 'State': 'unsubmitted'}, '1589': {'Retries': 0, 'Restarts': 0, 'SiteHistory': [], 'ResidentSetSize': [], 'SubmitTimes': [], 'StartTimes': [], 'EndTimes': [], 'TotalUserCpuTimeHistory': [], 'TotalSysCpuTimeHistory': [], 'WallDurations': [], 'JobIds': [], 'State': 'unsubmitted'}, '1590': {'Retries': 0, 'Restarts': 0, 'SiteHistory': [], 'ResidentSetSize': [], 'SubmitTimes': [], 'StartTimes': [], 'EndTimes': [], 'TotalUserCpuTimeHistory': [], 'TotalSysCpuTimeHistory': [], 'WallDurations': [], 'JobIds': [], 'State': 'unsubmitted'}, '1591': {'Retries': 0, 'Restarts': 0, 'SiteHistory': [], 'ResidentSetSize': [], 'SubmitTimes': [], 'StartTimes': [], 'EndTimes': [], 'TotalUserCpuTimeHistory': [], 'TotalSysCpuTimeHistory': [], 'WallDurations': [], 'JobIds': [], 'State': 'unsubmitted'}, '1592': {'Retries': 0, 'Restarts': 0, 'SiteHistory': [], 'ResidentSetSize': [], 'SubmitTimes': [], 'StartTimes': [], 'EndTimes': [], 'TotalUserCpuTimeHistory': [], 'TotalSysCpuTimeHistory': [], 'WallDurations': [], 'JobIds': [], 'State': 'unsubmitted'}, '1593': {'Retries': 0, 'Restarts': 0, 'SiteHistory': [], 'ResidentSetSize': [], 'SubmitTimes': [], 'StartTimes': [], 'EndTimes': [], 'TotalUserCpuTimeHistory': [], 'TotalSysCpuTimeHistory': [], 'WallDurations': [], 'JobIds': [], 'State': 'unsubmitted'}, '1594': {'Retries': 0, 'Restarts': 0, 'SiteHistory': [], 'ResidentSetSize': [], 'SubmitTimes': [], 'StartTimes': [], 'EndTimes': [], 'TotalUserCpuTimeHistory': [], 'TotalSysCpuTimeHistory': [], 'WallDurations': [], 'JobIds': [], 'State': 'unsubmitted'}, '1595': {'Retries': 0, 'Restarts': 0, 'SiteHistory': [], 'ResidentSetSize': [], 'SubmitTimes': [], 'StartTimes': [], 'EndTimes': [], 'TotalUserCpuTimeHistory': [], 'TotalSysCpuTimeHistory': [], 'WallDurations': [], 'JobIds': [], 'State': 'unsubmitted'}, '1596': {'Retries': 0, 'Restarts': 0, 'SiteHistory': [], 'ResidentSetSize': [], 'SubmitTimes': [], 'StartTimes': [], 'EndTimes': [], 'TotalUserCpuTimeHistory': [], 'TotalSysCpuTimeHistory': [], 'WallDurations': [], 'JobIds': [], 'State': 'unsubmitted'}, '1597': {'Retries': 0, 'Restarts': 0, 'SiteHistory': [], 'ResidentSetSize': [], 'SubmitTimes': [], 'StartTimes': [], 'EndTimes': [], 'TotalUserCpuTimeHistory': [], 'TotalSysCpuTimeHistory': [], 'WallDurations': [], 'JobIds': [], 'State': 'unsubmitted'}, '1598': {'Retries': 0, 'Restarts': 0, 'SiteHistory': [], 'ResidentSetSize': [], 'SubmitTimes': [], 'StartTimes': [], 'EndTimes': [], 'TotalUserCpuTimeHistory': [], 'TotalSysCpuTimeHistory': [], 'WallDurations': [], 'JobIds': [], 'State': 'unsubmitted'}, '1599': {'Retries': 0, 'Restarts': 0, 'SiteHistory': [], 'ResidentSetSize': [], 'SubmitTimes': [], 'StartTimes': [], 'EndTimes': [], 'TotalUserCpuTimeHistory': [], 'TotalSysCpuTimeHistory': [], 'WallDurations': [], 'JobIds': [], 'State': 'unsubmitted'}, '1600': {'Retries': 0, 'Restarts': 0, 'SiteHistory': [], 'ResidentSetSize': [], 'SubmitTimes': [], 'StartTimes': [], 'EndTimes': [], 'TotalUserCpuTimeHistory': [], 'TotalSysCpuTimeHistory': [], 'WallDurations': [], 'JobIds': [], 'State': 'unsubmitted'}, '1601': {'Retries': 0, 'Restarts': 0, 'SiteHistory': [], 'ResidentSetSize': [], 'SubmitTimes': [], 'StartTimes': [], 'EndTimes': [], 'TotalUserCpuTimeHistory': [], 'TotalSysCpuTimeHistory': [], 'WallDurations': [], 'JobIds': [], 'State': 'unsubmitted'}, '1602': {'Retries': 0, 'Restarts': 0, 'SiteHistory': [], 'ResidentSetSize': [], 'SubmitTimes': [], 'StartTimes': [], 'EndTimes': [], 'TotalUserCpuTimeHistory': [], 'TotalSysCpuTimeHistory': [], 'WallDurations': [], 'JobIds': [], 'State': 'unsubmitted'}, '1603': {'Retries': 0, 'Restarts': 0, 'SiteHistory': [], 'ResidentSetSize': [], 'SubmitTimes': [], 'StartTimes': [], 'EndTimes': [], 'TotalUserCpuTimeHistory': [], 'TotalSysCpuTimeHistory': [], 'WallDurations': [], 'JobIds': [], 'State': 'unsubmitted'}, '1604': {'Retries': 0, 'Restarts': 0, 'SiteHistory': [], 'ResidentSetSize': [], 'SubmitTimes': [], 'StartTimes': [], 'EndTimes': [], 'TotalUserCpuTimeHistory': [], 'TotalSysCpuTimeHistory': [], 'WallDurations': [], 'JobIds': [], 'State': 'unsubmitted'}, '1605': {'Retries': 0, 'Restarts': 0, 'SiteHistory': [], 'ResidentSetSize': [], 'SubmitTimes': [], 'StartTimes': [], 'EndTimes': [], 'TotalUserCpuTimeHistory': [], 'TotalSysCpuTimeHistory': [], 'WallDurations': [], 'JobIds': [], 'State': 'unsubmitted'}, '1606': {'Retries': 0, 'Restarts': 0, 'SiteHistory': [], 'ResidentSetSize': [], 'SubmitTimes': [], 'StartTimes': [], 'EndTimes': [], 'TotalUserCpuTimeHistory': [], 'TotalSysCpuTimeHistory': [], 'WallDurations': [], 'JobIds': [], 'State': 'unsubmitted'}, '1607': {'Retries': 0, 'Restarts': 0, 'SiteHistory': [], 'ResidentSetSize': [], 'SubmitTimes': [], 'StartTimes': [], 'EndTimes': [], 'TotalUserCpuTimeHistory': [], 'TotalSysCpuTimeHistory': [], 'WallDurations': [], 'JobIds': [], 'State': 'unsubmitted'}, '1608': {'Retries': 0, 'Restarts': 0, 'SiteHistory': [], 'ResidentSetSize': [], 'SubmitTimes': [], 'StartTimes': [], 'EndTimes': [], 'TotalUserCpuTimeHistory': [], 'TotalSysCpuTimeHistory': [], 'WallDurations': [], 'JobIds': [], 'State': 'unsubmitted'}, '1609': {'Retries': 0, 'Restarts': 0, 'SiteHistory': [], 'ResidentSetSize': [], 'SubmitTimes': [], 'StartTimes': [], 'EndTimes': [], 'TotalUserCpuTimeHistory': [], 'TotalSysCpuTimeHistory': [], 'WallDurations': [], 'JobIds': [], 'State': 'unsubmitted'}, '1610': {'Retries': 0, 'Restarts': 0, 'SiteHistory': [], 'ResidentSetSize': [], 'SubmitTimes': [], 'StartTimes': [], 'EndTimes': [], 'TotalUserCpuTimeHistory': [], 'TotalSysCpuTimeHistory': [], 'WallDurations': [], 'JobIds': [], 'State': 'unsubmitted'}, '1611': {'Retries': 0, 'Restarts': 0, 'SiteHistory': [], 'ResidentSetSize': [], 'SubmitTimes': [], 'StartTimes': [], 'EndTimes': [], 'TotalUserCpuTimeHistory': [], 'TotalSysCpuTimeHistory': [], 'WallDurations': [], 'JobIds': [], 'State': 'unsubmitted'}, '1612': {'Retries': 0, 'Restarts': 0, 'SiteHistory': [], 'ResidentSetSize': [], 'SubmitTimes': [], 'StartTimes': [], 'EndTimes': [], 'TotalUserCpuTimeHistory': [], 'TotalSysCpuTimeHistory': [], 'WallDurations': [], 'JobIds': [], 'State': 'unsubmitted'}, '1613': {'Retries': 0, 'Restarts': 0, 'SiteHistory': [], 'ResidentSetSize': [], 'SubmitTimes': [], 'StartTimes': [], 'EndTimes': [], 'TotalUserCpuTimeHistory': [], 'TotalSysCpuTimeHistory': [], 'WallDurations': [], 'JobIds': [], 'State': 'unsubmitted'}, '1614': {'Retries': 0, 'Restarts': 0, 'SiteHistory': [], 'ResidentSetSize': [], 'SubmitTimes': [], 'StartTimes': [], 'EndTimes': [], 'TotalUserCpuTimeHistory': [], 'TotalSysCpuTimeHistory': [], 'WallDurations': [], 'JobIds': [], 'State': 'unsubmitted'}, '1615': {'Retries': 0, 'Restarts': 0, 'SiteHistory': [], 'ResidentSetSize': [], 'SubmitTimes': [], 'StartTimes': [], 'EndTimes': [], 'TotalUserCpuTimeHistory': [], 'TotalSysCpuTimeHistory': [], 'WallDurations': [], 'JobIds': [], 'State': 'unsubmitted'}, '1616': {'Retries': 0, 'Restarts': 0, 'SiteHistory': [], 'ResidentSetSize': [], 'SubmitTimes': [], 'StartTimes': [], 'EndTimes': [], 'TotalUserCpuTimeHistory': [], 'TotalSysCpuTimeHistory': [], 'WallDurations': [], 'JobIds': [], 'State': 'unsubmitted'}, '1617': {'Retries': 0, 'Restarts': 0, 'SiteHistory': [], 'ResidentSetSize': [], 'SubmitTimes': [], 'StartTimes': [], 'EndTimes': [], 'TotalUserCpuTimeHistory': [], 'TotalSysCpuTimeHistory': [], 'WallDurations': [], 'JobIds': [], 'State': 'unsubmitted'}, '1618': {'Retries': 0, 'Restarts': 0, 'SiteHistory': [], 'ResidentSetSize': [], 'SubmitTimes': [], 'StartTimes': [], 'EndTimes': [], 'TotalUserCpuTimeHistory': [], 'TotalSysCpuTimeHistory': [], 'WallDurations': [], 'JobIds': [], 'State': 'unsubmitted'}, '1619': {'Retries': 0, 'Restarts': 0, 'SiteHistory': [], 'ResidentSetSize': [], 'SubmitTimes': [], 'StartTimes': [], 'EndTimes': [], 'TotalUserCpuTimeHistory': [], 'TotalSysCpuTimeHistory': [], 'WallDurations': [], 'JobIds': [], 'State': 'unsubmitted'}, '1620': {'Retries': 0, 'Restarts': 0, 'SiteHistory': [], 'ResidentSetSize': [], 'SubmitTimes': [], 'StartTimes': [], 'EndTimes': [], 'TotalUserCpuTimeHistory': [], 'TotalSysCpuTimeHistory': [], 'WallDurations': [], 'JobIds': [], 'State': 'unsubmitted'}, '1621': {'Retries': 0, 'Restarts': 0, 'SiteHistory': [], 'ResidentSetSize': [], 'SubmitTimes': [], 'StartTimes': [], 'EndTimes': [], 'TotalUserCpuTimeHistory': [], 'TotalSysCpuTimeHistory': [], 'WallDurations': [], 'JobIds': [], 'State': 'unsubmitted'}, '1622': {'Retries': 0, 'Restarts': 0, 'SiteHistory': [], 'ResidentSetSize': [], 'SubmitTimes': [], 'StartTimes': [], 'EndTimes': [], 'TotalUserCpuTimeHistory': [], 'TotalSysCpuTimeHistory': [], 'WallDurations': [], 'JobIds': [], 'State': 'unsubmitted'}, '1623': {'Retries': 0, 'Restarts': 0, 'SiteHistory': [], 'ResidentSetSize': [], 'SubmitTimes': [], 'StartTimes': [], 'EndTimes': [], 'TotalUserCpuTimeHistory': [], 'TotalSysCpuTimeHistory': [], 'WallDurations': [], 'JobIds': [], 'State': 'unsubmitted'}, '1624': {'Retries': 0, 'Restarts': 0, 'SiteHistory': [], 'ResidentSetSize': [], 'SubmitTimes': [], 'StartTimes': [], 'EndTimes': [], 'TotalUserCpuTimeHistory': [], 'TotalSysCpuTimeHistory': [], 'WallDurations': [], 'JobIds': [], 'State': 'unsubmitted'}, '1625': {'Retries': 0, 'Restarts': 0, 'SiteHistory': [], 'ResidentSetSize': [], 'SubmitTimes': [], 'StartTimes': [], 'EndTimes': [], 'TotalUserCpuTimeHistory': [], 'TotalSysCpuTimeHistory': [], 'WallDurations': [], 'JobIds': [], 'State': 'unsubmitted'}, '1626': {'Retries': 0, 'Restarts': 0, 'SiteHistory': [], 'ResidentSetSize': [], 'SubmitTimes': [], 'StartTimes': [], 'EndTimes': [], 'TotalUserCpuTimeHistory': [], 'TotalSysCpuTimeHistory': [], 'WallDurations': [], 'JobIds': [], 'State': 'unsubmitted'}, '1627': {'Retries': 0, 'Restarts': 0, 'SiteHistory': [], 'ResidentSetSize': [], 'SubmitTimes': [], 'StartTimes': [], 'EndTimes': [], 'TotalUserCpuTimeHistory': [], 'TotalSysCpuTimeHistory': [], 'WallDurations': [], 'JobIds': [], 'State': 'unsubmitted'}, '1628': {'Retries': 0, 'Restarts': 0, 'SiteHistory': [], 'ResidentSetSize': [], 'SubmitTimes': [], 'StartTimes': [], 'EndTimes': [], 'TotalUserCpuTimeHistory': [], 'TotalSysCpuTimeHistory': [], 'WallDurations': [], 'JobIds': [], 'State': 'unsubmitted'}, '1629': {'Retries': 0, 'Restarts': 0, 'SiteHistory': [], 'ResidentSetSize': [], 'SubmitTimes': [], 'StartTimes': [], 'EndTimes': [], 'TotalUserCpuTimeHistory': [], 'TotalSysCpuTimeHistory': [], 'WallDurations': [], 'JobIds': [], 'State': 'unsubmitted'}, '1630': {'Retries': 0, 'Restarts': 0, 'SiteHistory': [], 'ResidentSetSize': [], 'SubmitTimes': [], 'StartTimes': [], 'EndTimes': [], 'TotalUserCpuTimeHistory': [], 'TotalSysCpuTimeHistory': [], 'WallDurations': [], 'JobIds': [], 'State': 'unsubmitted'}, '1631': {'Retries': 0, 'Restarts': 0, 'SiteHistory': [], 'ResidentSetSize': [], 'SubmitTimes': [], 'StartTimes': [], 'EndTimes': [], 'TotalUserCpuTimeHistory': [], 'TotalSysCpuTimeHistory': [], 'WallDurations': [], 'JobIds': [], 'State': 'unsubmitted'}, '1632': {'Retries': 0, 'Restarts': 0, 'SiteHistory': [], 'ResidentSetSize': [], 'SubmitTimes': [], 'StartTimes': [], 'EndTimes': [], 'TotalUserCpuTimeHistory': [], 'TotalSysCpuTimeHistory': [], 'WallDurations': [], 'JobIds': [], 'State': 'unsubmitted'}, '1633': {'Retries': 0, 'Restarts': 0, 'SiteHistory': [], 'ResidentSetSize': [], 'SubmitTimes': [], 'StartTimes': [], 'EndTimes': [], 'TotalUserCpuTimeHistory': [], 'TotalSysCpuTimeHistory': [], 'WallDurations': [], 'JobIds': [], 'State': 'unsubmitted'}, '1634': {'Retries': 0, 'Restarts': 0, 'SiteHistory': [], 'ResidentSetSize': [], 'SubmitTimes': [], 'StartTimes': [], 'EndTimes': [], 'TotalUserCpuTimeHistory': [], 'TotalSysCpuTimeHistory': [], 'WallDurations': [], 'JobIds': [], 'State': 'unsubmitted'}, '1635': {'Retries': 0, 'Restarts': 0, 'SiteHistory': [], 'ResidentSetSize': [], 'SubmitTimes': [], 'StartTimes': [], 'EndTimes': [], 'TotalUserCpuTimeHistory': [], 'TotalSysCpuTimeHistory': [], 'WallDurations': [], 'JobIds': [], 'State': 'unsubmitted'}, '1636': {'Retries': 0, 'Restarts': 0, 'SiteHistory': [], 'ResidentSetSize': [], 'SubmitTimes': [], 'StartTimes': [], 'EndTimes': [], 'TotalUserCpuTimeHistory': [], 'TotalSysCpuTimeHistory': [], 'WallDurations': [], 'JobIds': [], 'State': 'unsubmitted'}, '1637': {'Retries': 0, 'Restarts': 0, 'SiteHistory': [], 'ResidentSetSize': [], 'SubmitTimes': [], 'StartTimes': [], 'EndTimes': [], 'TotalUserCpuTimeHistory': [], 'TotalSysCpuTimeHistory': [], 'WallDurations': [], 'JobIds': [], 'State': 'unsubmitted'}, '1638': {'Retries': 0, 'Restarts': 0, 'SiteHistory': [], 'ResidentSetSize': [], 'SubmitTimes': [], 'StartTimes': [], 'EndTimes': [], 'TotalUserCpuTimeHistory': [], 'TotalSysCpuTimeHistory': [], 'WallDurations': [], 'JobIds': [], 'State': 'unsubmitted'}, '1639': {'Retries': 0, 'Restarts': 0, 'SiteHistory': [], 'ResidentSetSize': [], 'SubmitTimes': [], 'StartTimes': [], 'EndTimes': [], 'TotalUserCpuTimeHistory': [], 'TotalSysCpuTimeHistory': [], 'WallDurations': [], 'JobIds': [], 'State': 'unsubmitted'}, '1640': {'Retries': 0, 'Restarts': 0, 'SiteHistory': [], 'ResidentSetSize': [], 'SubmitTimes': [], 'StartTimes': [], 'EndTimes': [], 'TotalUserCpuTimeHistory': [], 'TotalSysCpuTimeHistory': [], 'WallDurations': [], 'JobIds': [], 'State': 'unsubmitted'}, '1641': {'Retries': 0, 'Restarts': 0, 'SiteHistory': [], 'ResidentSetSize': [], 'SubmitTimes': [], 'StartTimes': [], 'EndTimes': [], 'TotalUserCpuTimeHistory': [], 'TotalSysCpuTimeHistory': [], 'WallDurations': [], 'JobIds': [], 'State': 'unsubmitted'}, '1642': {'Retries': 0, 'Restarts': 0, 'SiteHistory': [], 'ResidentSetSize': [], 'SubmitTimes': [], 'StartTimes': [], 'EndTimes': [], 'TotalUserCpuTimeHistory': [], 'TotalSysCpuTimeHistory': [], 'WallDurations': [], 'JobIds': [], 'State': 'unsubmitted'}, '1643': {'Retries': 0, 'Restarts': 0, 'SiteHistory': [], 'ResidentSetSize': [], 'SubmitTimes': [], 'StartTimes': [], 'EndTimes': [], 'TotalUserCpuTimeHistory': [], 'TotalSysCpuTimeHistory': [], 'WallDurations': [], 'JobIds': [], 'State': 'unsubmitted'}, '1644': {'Retries': 0, 'Restarts': 0, 'SiteHistory': [], 'ResidentSetSize': [], 'SubmitTimes': [], 'StartTimes': [], 'EndTimes': [], 'TotalUserCpuTimeHistory': [], 'TotalSysCpuTimeHistory': [], 'WallDurations': [], 'JobIds': [], 'State': 'unsubmitted'}, '1645': {'Retries': 0, 'Restarts': 0, 'SiteHistory': [], 'ResidentSetSize': [], 'SubmitTimes': [], 'StartTimes': [], 'EndTimes': [], 'TotalUserCpuTimeHistory': [], 'TotalSysCpuTimeHistory': [], 'WallDurations': [], 'JobIds': [], 'State': 'unsubmitted'}, '1646': {'Retries': 0, 'Restarts': 0, 'SiteHistory': [], 'ResidentSetSize': [], 'SubmitTimes': [], 'StartTimes': [], 'EndTimes': [], 'TotalUserCpuTimeHistory': [], 'TotalSysCpuTimeHistory': [], 'WallDurations': [], 'JobIds': [], 'State': 'unsubmitted'}, '1647': {'Retries': 0, 'Restarts': 0, 'SiteHistory': [], 'ResidentSetSize': [], 'SubmitTimes': [], 'StartTimes': [], 'EndTimes': [], 'TotalUserCpuTimeHistory': [], 'TotalSysCpuTimeHistory': [], 'WallDurations': [], 'JobIds': [], 'State': 'unsubmitted'}, '1648': {'Retries': 0, 'Restarts': 0, 'SiteHistory': [], 'ResidentSetSize': [], 'SubmitTimes': [], 'StartTimes': [], 'EndTimes': [], 'TotalUserCpuTimeHistory': [], 'TotalSysCpuTimeHistory': [], 'WallDurations': [], 'JobIds': [], 'State': 'unsubmitted'}, '1649': {'Retries': 0, 'Restarts': 0, 'SiteHistory': [], 'ResidentSetSize': [], 'SubmitTimes': [], 'StartTimes': [], 'EndTimes': [], 'TotalUserCpuTimeHistory': [], 'TotalSysCpuTimeHistory': [], 'WallDurations': [], 'JobIds': [], 'State': 'unsubmitted'}, '1650': {'Retries': 0, 'Restarts': 0, 'SiteHistory': [], 'ResidentSetSize': [], 'SubmitTimes': [], 'StartTimes': [], 'EndTimes': [], 'TotalUserCpuTimeHistory': [], 'TotalSysCpuTimeHistory': [], 'WallDurations': [], 'JobIds': [], 'State': 'unsubmitted'}, '1651': {'Retries': 0, 'Restarts': 0, 'SiteHistory': [], 'ResidentSetSize': [], 'SubmitTimes': [], 'StartTimes': [], 'EndTimes': [], 'TotalUserCpuTimeHistory': [], 'TotalSysCpuTimeHistory': [], 'WallDurations': [], 'JobIds': [], 'State': 'unsubmitted'}, '1652': {'Retries': 0, 'Restarts': 0, 'SiteHistory': [], 'ResidentSetSize': [], 'SubmitTimes': [], 'StartTimes': [], 'EndTimes': [], 'TotalUserCpuTimeHistory': [], 'TotalSysCpuTimeHistory': [], 'WallDurations': [], 'JobIds': [], 'State': 'unsubmitted'}, '1653': {'Retries': 0, 'Restarts': 0, 'SiteHistory': [], 'ResidentSetSize': [], 'SubmitTimes': [], 'StartTimes': [], 'EndTimes': [], 'TotalUserCpuTimeHistory': [], 'TotalSysCpuTimeHistory': [], 'WallDurations': [], 'JobIds': [], 'State': 'unsubmitted'}, '1654': {'Retries': 0, 'Restarts': 0, 'SiteHistory': [], 'ResidentSetSize': [], 'SubmitTimes': [], 'StartTimes': [], 'EndTimes': [], 'TotalUserCpuTimeHistory': [], 'TotalSysCpuTimeHistory': [], 'WallDurations': [], 'JobIds': [], 'State': 'unsubmitted'}, '1655': {'Retries': 0, 'Restarts': 0, 'SiteHistory': [], 'ResidentSetSize': [], 'SubmitTimes': [], 'StartTimes': [], 'EndTimes': [], 'TotalUserCpuTimeHistory': [], 'TotalSysCpuTimeHistory': [], 'WallDurations': [], 'JobIds': [], 'State': 'unsubmitted'}, '1656': {'Retries': 0, 'Restarts': 0, 'SiteHistory': [], 'ResidentSetSize': [], 'SubmitTimes': [], 'StartTimes': [], 'EndTimes': [], 'TotalUserCpuTimeHistory': [], 'TotalSysCpuTimeHistory': [], 'WallDurations': [], 'JobIds': [], 'State': 'unsubmitted'}, '1657': {'Retries': 0, 'Restarts': 0, 'SiteHistory': [], 'ResidentSetSize': [], 'SubmitTimes': [], 'StartTimes': [], 'EndTimes': [], 'TotalUserCpuTimeHistory': [], 'TotalSysCpuTimeHistory': [], 'WallDurations': [], 'JobIds': [], 'State': 'unsubmitted'}, '1658': {'Retries': 0, 'Restarts': 0, 'SiteHistory': [], 'ResidentSetSize': [], 'SubmitTimes': [], 'StartTimes': [], 'EndTimes': [], 'TotalUserCpuTimeHistory': [], 'TotalSysCpuTimeHistory': [], 'WallDurations': [], 'JobIds': [], 'State': 'unsubmitted'}, '1659': {'Retries': 0, 'Restarts': 0, 'SiteHistory': [], 'ResidentSetSize': [], 'SubmitTimes': [], 'StartTimes': [], 'EndTimes': [], 'TotalUserCpuTimeHistory': [], 'TotalSysCpuTimeHistory': [], 'WallDurations': [], 'JobIds': [], 'State': 'unsubmitted'}, '1660': {'Retries': 0, 'Restarts': 0, 'SiteHistory': [], 'ResidentSetSize': [], 'SubmitTimes': [], 'StartTimes': [], 'EndTimes': [], 'TotalUserCpuTimeHistory': [], 'TotalSysCpuTimeHistory': [], 'WallDurations': [], 'JobIds': [], 'State': 'unsubmitted'}, '1661': {'Retries': 0, 'Restarts': 0, 'SiteHistory': [], 'ResidentSetSize': [], 'SubmitTimes': [], 'StartTimes': [], 'EndTimes': [], 'TotalUserCpuTimeHistory': [], 'TotalSysCpuTimeHistory': [], 'WallDurations': [], 'JobIds': [], 'State': 'unsubmitted'}, '1662': {'Retries': 0, 'Restarts': 0, 'SiteHistory': [], 'ResidentSetSize': [], 'SubmitTimes': [], 'StartTimes': [], 'EndTimes': [], 'TotalUserCpuTimeHistory': [], 'TotalSysCpuTimeHistory': [], 'WallDurations': [], 'JobIds': [], 'State': 'unsubmitted'}, '1663': {'Retries': 0, 'Restarts': 0, 'SiteHistory': [], 'ResidentSetSize': [], 'SubmitTimes': [], 'StartTimes': [], 'EndTimes': [], 'TotalUserCpuTimeHistory': [], 'TotalSysCpuTimeHistory': [], 'WallDurations': [], 'JobIds': [], 'State': 'unsubmitted'}, '1664': {'Retries': 0, 'Restarts': 0, 'SiteHistory': [], 'ResidentSetSize': [], 'SubmitTimes': [], 'StartTimes': [], 'EndTimes': [], 'TotalUserCpuTimeHistory': [], 'TotalSysCpuTimeHistory': [], 'WallDurations': [], 'JobIds': [], 'State': 'unsubmitted'}, '1665': {'Retries': 0, 'Restarts': 0, 'SiteHistory': [], 'ResidentSetSize': [], 'SubmitTimes': [], 'StartTimes': [], 'EndTimes': [], 'TotalUserCpuTimeHistory': [], 'TotalSysCpuTimeHistory': [], 'WallDurations': [], 'JobIds': [], 'State': 'unsubmitted'}, '1666': {'Retries': 0, 'Restarts': 0, 'SiteHistory': [], 'ResidentSetSize': [], 'SubmitTimes': [], 'StartTimes': [], 'EndTimes': [], 'TotalUserCpuTimeHistory': [], 'TotalSysCpuTimeHistory': [], 'WallDurations': [], 'JobIds': [], 'State': 'unsubmitted'}, '1667': {'Retries': 0, 'Restarts': 0, 'SiteHistory': [], 'ResidentSetSize': [], 'SubmitTimes': [], 'StartTimes': [], 'EndTimes': [], 'TotalUserCpuTimeHistory': [], 'TotalSysCpuTimeHistory': [], 'WallDurations': [], 'JobIds': [], 'State': 'unsubmitted'}, '1668': {'Retries': 0, 'Restarts': 0, 'SiteHistory': [], 'ResidentSetSize': [], 'SubmitTimes': [], 'StartTimes': [], 'EndTimes': [], 'TotalUserCpuTimeHistory': [], 'TotalSysCpuTimeHistory': [], 'WallDurations': [], 'JobIds': [], 'State': 'unsubmitted'}, '1669': {'Retries': 0, 'Restarts': 0, 'SiteHistory': [], 'ResidentSetSize': [], 'SubmitTimes': [], 'StartTimes': [], 'EndTimes': [], 'TotalUserCpuTimeHistory': [], 'TotalSysCpuTimeHistory': [], 'WallDurations': [], 'JobIds': [], 'State': 'unsubmitted'}, '1670': {'Retries': 0, 'Restarts': 0, 'SiteHistory': [], 'ResidentSetSize': [], 'SubmitTimes': [], 'StartTimes': [], 'EndTimes': [], 'TotalUserCpuTimeHistory': [], 'TotalSysCpuTimeHistory': [], 'WallDurations': [], 'JobIds': [], 'State': 'unsubmitted'}, '1671': {'Retries': 0, 'Restarts': 0, 'SiteHistory': [], 'ResidentSetSize': [], 'SubmitTimes': [], 'StartTimes': [], 'EndTimes': [], 'TotalUserCpuTimeHistory': [], 'TotalSysCpuTimeHistory': [], 'WallDurations': [], 'JobIds': [], 'State': 'unsubmitted'}, '1672': {'Retries': 0, 'Restarts': 0, 'SiteHistory': [], 'ResidentSetSize': [], 'SubmitTimes': [], 'StartTimes': [], 'EndTimes': [], 'TotalUserCpuTimeHistory': [], 'TotalSysCpuTimeHistory': [], 'WallDurations': [], 'JobIds': [], 'State': 'unsubmitted'}, '1673': {'Retries': 0, 'Restarts': 0, 'SiteHistory': [], 'ResidentSetSize': [], 'SubmitTimes': [], 'StartTimes': [], 'EndTimes': [], 'TotalUserCpuTimeHistory': [], 'TotalSysCpuTimeHistory': [], 'WallDurations': [], 'JobIds': [], 'State': 'unsubmitted'}, '1674': {'Retries': 0, 'Restarts': 0, 'SiteHistory': [], 'ResidentSetSize': [], 'SubmitTimes': [], 'StartTimes': [], 'EndTimes': [], 'TotalUserCpuTimeHistory': [], 'TotalSysCpuTimeHistory': [], 'WallDurations': [], 'JobIds': [], 'State': 'unsubmitted'}, '1675': {'Retries': 0, 'Restarts': 0, 'SiteHistory': [], 'ResidentSetSize': [], 'SubmitTimes': [], 'StartTimes': [], 'EndTimes': [], 'TotalUserCpuTimeHistory': [], 'TotalSysCpuTimeHistory': [], 'WallDurations': [], 'JobIds': [], 'State': 'unsubmitted'}, '1676': {'Retries': 0, 'Restarts': 0, 'SiteHistory': [], 'ResidentSetSize': [], 'SubmitTimes': [], 'StartTimes': [], 'EndTimes': [], 'TotalUserCpuTimeHistory': [], 'TotalSysCpuTimeHistory': [], 'WallDurations': [], 'JobIds': [], 'State': 'unsubmitted'}, '1677': {'Retries': 0, 'Restarts': 0, 'SiteHistory': [], 'ResidentSetSize': [], 'SubmitTimes': [], 'StartTimes': [], 'EndTimes': [], 'TotalUserCpuTimeHistory': [], 'TotalSysCpuTimeHistory': [], 'WallDurations': [], 'JobIds': [], 'State': 'unsubmitted'}, '1678': {'Retries': 0, 'Restarts': 0, 'SiteHistory': [], 'ResidentSetSize': [], 'SubmitTimes': [], 'StartTimes': [], 'EndTimes': [], 'TotalUserCpuTimeHistory': [], 'TotalSysCpuTimeHistory': [], 'WallDurations': [], 'JobIds': [], 'State': 'unsubmitted'}, '1679': {'Retries': 0, 'Restarts': 0, 'SiteHistory': [], 'ResidentSetSize': [], 'SubmitTimes': [], 'StartTimes': [], 'EndTimes': [], 'TotalUserCpuTimeHistory': [], 'TotalSysCpuTimeHistory': [], 'WallDurations': [], 'JobIds': [], 'State': 'unsubmitted'}, '1680': {'Retries': 0, 'Restarts': 0, 'SiteHistory': [], 'ResidentSetSize': [], 'SubmitTimes': [], 'StartTimes': [], 'EndTimes': [], 'TotalUserCpuTimeHistory': [], 'TotalSysCpuTimeHistory': [], 'WallDurations': [], 'JobIds': [], 'State': 'unsubmitted'}, '1681': {'Retries': 0, 'Restarts': 0, 'SiteHistory': [], 'ResidentSetSize': [], 'SubmitTimes': [], 'StartTimes': [], 'EndTimes': [], 'TotalUserCpuTimeHistory': [], 'TotalSysCpuTimeHistory': [], 'WallDurations': [], 'JobIds': [], 'State': 'unsubmitted'}, '1682': {'Retries': 0, 'Restarts': 0, 'SiteHistory': [], 'ResidentSetSize': [], 'SubmitTimes': [], 'StartTimes': [], 'EndTimes': [], 'TotalUserCpuTimeHistory': [], 'TotalSysCpuTimeHistory': [], 'WallDurations': [], 'JobIds': [], 'State': 'unsubmitted'}, '1683': {'Retries': 0, 'Restarts': 0, 'SiteHistory': [], 'ResidentSetSize': [], 'SubmitTimes': [], 'StartTimes': [], 'EndTimes': [], 'TotalUserCpuTimeHistory': [], 'TotalSysCpuTimeHistory': [], 'WallDurations': [], 'JobIds': [], 'State': 'unsubmitted'}, '1684': {'Retries': 0, 'Restarts': 0, 'SiteHistory': [], 'ResidentSetSize': [], 'SubmitTimes': [], 'StartTimes': [], 'EndTimes': [], 'TotalUserCpuTimeHistory': [], 'TotalSysCpuTimeHistory': [], 'WallDurations': [], 'JobIds': [], 'State': 'unsubmitted'}, '1685': {'Retries': 0, 'Restarts': 0, 'SiteHistory': [], 'ResidentSetSize': [], 'SubmitTimes': [], 'StartTimes': [], 'EndTimes': [], 'TotalUserCpuTimeHistory': [], 'TotalSysCpuTimeHistory': [], 'WallDurations': [], 'JobIds': [], 'State': 'unsubmitted'}, '1686': {'Retries': 0, 'Restarts': 0, 'SiteHistory': [], 'ResidentSetSize': [], 'SubmitTimes': [], 'StartTimes': [], 'EndTimes': [], 'TotalUserCpuTimeHistory': [], 'TotalSysCpuTimeHistory': [], 'WallDurations': [], 'JobIds': [], 'State': 'unsubmitted'}, '1687': {'Retries': 0, 'Restarts': 0, 'SiteHistory': [], 'ResidentSetSize': [], 'SubmitTimes': [], 'StartTimes': [], 'EndTimes': [], 'TotalUserCpuTimeHistory': [], 'TotalSysCpuTimeHistory': [], 'WallDurations': [], 'JobIds': [], 'State': 'unsubmitted'}, '1688': {'Retries': 0, 'Restarts': 0, 'SiteHistory': [], 'ResidentSetSize': [], 'SubmitTimes': [], 'StartTimes': [], 'EndTimes': [], 'TotalUserCpuTimeHistory': [], 'TotalSysCpuTimeHistory': [], 'WallDurations': [], 'JobIds': [], 'State': 'unsubmitted'}, '1689': {'Retries': 0, 'Restarts': 0, 'SiteHistory': [], 'ResidentSetSize': [], 'SubmitTimes': [], 'StartTimes': [], 'EndTimes': [], 'TotalUserCpuTimeHistory': [], 'TotalSysCpuTimeHistory': [], 'WallDurations': [], 'JobIds': [], 'State': 'unsubmitted'}, '1690': {'Retries': 0, 'Restarts': 0, 'SiteHistory': [], 'ResidentSetSize': [], 'SubmitTimes': [], 'StartTimes': [], 'EndTimes': [], 'TotalUserCpuTimeHistory': [], 'TotalSysCpuTimeHistory': [], 'WallDurations': [], 'JobIds': [], 'State': 'unsubmitted'}, '1691': {'Retries': 0, 'Restarts': 0, 'SiteHistory': [], 'ResidentSetSize': [], 'SubmitTimes': [], 'StartTimes': [], 'EndTimes': [], 'TotalUserCpuTimeHistory': [], 'TotalSysCpuTimeHistory': [], 'WallDurations': [], 'JobIds': [], 'State': 'unsubmitted'}, '1692': {'Retries': 0, 'Restarts': 0, 'SiteHistory': [], 'ResidentSetSize': [], 'SubmitTimes': [], 'StartTimes': [], 'EndTimes': [], 'TotalUserCpuTimeHistory': [], 'TotalSysCpuTimeHistory': [], 'WallDurations': [], 'JobIds': [], 'State': 'unsubmitted'}, '1693': {'Retries': 0, 'Restarts': 0, 'SiteHistory': [], 'ResidentSetSize': [], 'SubmitTimes': [], 'StartTimes': [], 'EndTimes': [], 'TotalUserCpuTimeHistory': [], 'TotalSysCpuTimeHistory': [], 'WallDurations': [], 'JobIds': [], 'State': 'unsubmitted'}, '1694': {'Retries': 0, 'Restarts': 0, 'SiteHistory': [], 'ResidentSetSize': [], 'SubmitTimes': [], 'StartTimes': [], 'EndTimes': [], 'TotalUserCpuTimeHistory': [], 'TotalSysCpuTimeHistory': [], 'WallDurations': [], 'JobIds': [], 'State': 'unsubmitted'}, '1695': {'Retries': 0, 'Restarts': 0, 'SiteHistory': [], 'ResidentSetSize': [], 'SubmitTimes': [], 'StartTimes': [], 'EndTimes': [], 'TotalUserCpuTimeHistory': [], 'TotalSysCpuTimeHistory': [], 'WallDurations': [], 'JobIds': [], 'State': 'unsubmitted'}, '1696': {'Retries': 0, 'Restarts': 0, 'SiteHistory': [], 'ResidentSetSize': [], 'SubmitTimes': [], 'StartTimes': [], 'EndTimes': [], 'TotalUserCpuTimeHistory': [], 'TotalSysCpuTimeHistory': [], 'WallDurations': [], 'JobIds': [], 'State': 'unsubmitted'}, '1697': {'Retries': 0, 'Restarts': 0, 'SiteHistory': [], 'ResidentSetSize': [], 'SubmitTimes': [], 'StartTimes': [], 'EndTimes': [], 'TotalUserCpuTimeHistory': [], 'TotalSysCpuTimeHistory': [], 'WallDurations': [], 'JobIds': [], 'State': 'unsubmitted'}, '1698': {'Retries': 0, 'Restarts': 0, 'SiteHistory': [], 'ResidentSetSize': [], 'SubmitTimes': [], 'StartTimes': [], 'EndTimes': [], 'TotalUserCpuTimeHistory': [], 'TotalSysCpuTimeHistory': [], 'WallDurations': [], 'JobIds': [], 'State': 'unsubmitted'}, '1699': {'Retries': 0, 'Restarts': 0, 'SiteHistory': [], 'ResidentSetSize': [], 'SubmitTimes': [], 'StartTimes': [], 'EndTimes': [], 'TotalUserCpuTimeHistory': [], 'TotalSysCpuTimeHistory': [], 'WallDurations': [], 'JobIds': [], 'State': 'unsubmitted'}, '1700': {'Retries': 0, 'Restarts': 0, 'SiteHistory': [], 'ResidentSetSize': [], 'SubmitTimes': [], 'StartTimes': [], 'EndTimes': [], 'TotalUserCpuTimeHistory': [], 'TotalSysCpuTimeHistory': [], 'WallDurations': [], 'JobIds': [], 'State': 'unsubmitted'}, '1701': {'Retries': 0, 'Restarts': 0, 'SiteHistory': [], 'ResidentSetSize': [], 'SubmitTimes': [], 'StartTimes': [], 'EndTimes': [], 'TotalUserCpuTimeHistory': [], 'TotalSysCpuTimeHistory': [], 'WallDurations': [], 'JobIds': [], 'State': 'unsubmitted'}, '1702': {'Retries': 0, 'Restarts': 0, 'SiteHistory': [], 'ResidentSetSize': [], 'SubmitTimes': [], 'StartTimes': [], 'EndTimes': [], 'TotalUserCpuTimeHistory': [], 'TotalSysCpuTimeHistory': [], 'WallDurations': [], 'JobIds': [], 'State': 'unsubmitted'}, '1703': {'Retries': 0, 'Restarts': 0, 'SiteHistory': [], 'ResidentSetSize': [], 'SubmitTimes': [], 'StartTimes': [], 'EndTimes': [], 'TotalUserCpuTimeHistory': [], 'TotalSysCpuTimeHistory': [], 'WallDurations': [], 'JobIds': [], 'State': 'unsubmitted'}, '1704': {'Retries': 0, 'Restarts': 0, 'SiteHistory': [], 'ResidentSetSize': [], 'SubmitTimes': [], 'StartTimes': [], 'EndTimes': [], 'TotalUserCpuTimeHistory': [], 'TotalSysCpuTimeHistory': [], 'WallDurations': [], 'JobIds': [], 'State': 'unsubmitted'}, '1705': {'Retries': 0, 'Restarts': 0, 'SiteHistory': [], 'ResidentSetSize': [], 'SubmitTimes': [], 'StartTimes': [], 'EndTimes': [], 'TotalUserCpuTimeHistory': [], 'TotalSysCpuTimeHistory': [], 'WallDurations': [], 'JobIds': [], 'State': 'unsubmitted'}, '1706': {'Retries': 0, 'Restarts': 0, 'SiteHistory': [], 'ResidentSetSize': [], 'SubmitTimes': [], 'StartTimes': [], 'EndTimes': [], 'TotalUserCpuTimeHistory': [], 'TotalSysCpuTimeHistory': [], 'WallDurations': [], 'JobIds': [], 'State': 'unsubmitted'}, '1707': {'Retries': 0, 'Restarts': 0, 'SiteHistory': [], 'ResidentSetSize': [], 'SubmitTimes': [], 'StartTimes': [], 'EndTimes': [], 'TotalUserCpuTimeHistory': [], 'TotalSysCpuTimeHistory': [], 'WallDurations': [], 'JobIds': [], 'State': 'unsubmitted'}, '1708': {'Retries': 0, 'Restarts': 0, 'SiteHistory': [], 'ResidentSetSize': [], 'SubmitTimes': [], 'StartTimes': [], 'EndTimes': [], 'TotalUserCpuTimeHistory': [], 'TotalSysCpuTimeHistory': [], 'WallDurations': [], 'JobIds': [], 'State': 'unsubmitted'}, '1709': {'Retries': 0, 'Restarts': 0, 'SiteHistory': [], 'ResidentSetSize': [], 'SubmitTimes': [], 'StartTimes': [], 'EndTimes': [], 'TotalUserCpuTimeHistory': [], 'TotalSysCpuTimeHistory': [], 'WallDurations': [], 'JobIds': [], 'State': 'unsubmitted'}, '1710': {'Retries': 0, 'Restarts': 0, 'SiteHistory': [], 'ResidentSetSize': [], 'SubmitTimes': [], 'StartTimes': [], 'EndTimes': [], 'TotalUserCpuTimeHistory': [], 'TotalSysCpuTimeHistory': [], 'WallDurations': [], 'JobIds': [], 'State': 'unsubmitted'}, '1711': {'Retries': 0, 'Restarts': 0, 'SiteHistory': [], 'ResidentSetSize': [], 'SubmitTimes': [], 'StartTimes': [], 'EndTimes': [], 'TotalUserCpuTimeHistory': [], 'TotalSysCpuTimeHistory': [], 'WallDurations': [], 'JobIds': [], 'State': 'unsubmitted'}, '1712': {'Retries': 0, 'Restarts': 0, 'SiteHistory': [], 'ResidentSetSize': [], 'SubmitTimes': [], 'StartTimes': [], 'EndTimes': [], 'TotalUserCpuTimeHistory': [], 'TotalSysCpuTimeHistory': [], 'WallDurations': [], 'JobIds': [], 'State': 'unsubmitted'}, '1713': {'Retries': 0, 'Restarts': 0, 'SiteHistory': [], 'ResidentSetSize': [], 'SubmitTimes': [], 'StartTimes': [], 'EndTimes': [], 'TotalUserCpuTimeHistory': [], 'TotalSysCpuTimeHistory': [], 'WallDurations': [], 'JobIds': [], 'State': 'unsubmitted'}, '1714': {'Retries': 0, 'Restarts': 0, 'SiteHistory': [], 'ResidentSetSize': [], 'SubmitTimes': [], 'StartTimes': [], 'EndTimes': [], 'TotalUserCpuTimeHistory': [], 'TotalSysCpuTimeHistory': [], 'WallDurations': [], 'JobIds': [], 'State': 'unsubmitted'}, '1715': {'Retries': 0, 'Restarts': 0, 'SiteHistory': [], 'ResidentSetSize': [], 'SubmitTimes': [], 'StartTimes': [], 'EndTimes': [], 'TotalUserCpuTimeHistory': [], 'TotalSysCpuTimeHistory': [], 'WallDurations': [], 'JobIds': [], 'State': 'unsubmitted'}, '1716': {'Retries': 0, 'Restarts': 0, 'SiteHistory': [], 'ResidentSetSize': [], 'SubmitTimes': [], 'StartTimes': [], 'EndTimes': [], 'TotalUserCpuTimeHistory': [], 'TotalSysCpuTimeHistory': [], 'WallDurations': [], 'JobIds': [], 'State': 'unsubmitted'}, '1717': {'Retries': 0, 'Restarts': 0, 'SiteHistory': [], 'ResidentSetSize': [], 'SubmitTimes': [], 'StartTimes': [], 'EndTimes': [], 'TotalUserCpuTimeHistory': [], 'TotalSysCpuTimeHistory': [], 'WallDurations': [], 'JobIds': [], 'State': 'unsubmitted'}, '1718': {'Retries': 0, 'Restarts': 0, 'SiteHistory': [], 'ResidentSetSize': [], 'SubmitTimes': [], 'StartTimes': [], 'EndTimes': [], 'TotalUserCpuTimeHistory': [], 'TotalSysCpuTimeHistory': [], 'WallDurations': [], 'JobIds': [], 'State': 'unsubmitted'}, '1719': {'Retries': 0, 'Restarts': 0, 'SiteHistory': [], 'ResidentSetSize': [], 'SubmitTimes': [], 'StartTimes': [], 'EndTimes': [], 'TotalUserCpuTimeHistory': [], 'TotalSysCpuTimeHistory': [], 'WallDurations': [], 'JobIds': [], 'State': 'unsubmitted'}, '1720': {'Retries': 0, 'Restarts': 0, 'SiteHistory': [], 'ResidentSetSize': [], 'SubmitTimes': [], 'StartTimes': [], 'EndTimes': [], 'TotalUserCpuTimeHistory': [], 'TotalSysCpuTimeHistory': [], 'WallDurations': [], 'JobIds': [], 'State': 'unsubmitted'}, '1721': {'Retries': 0, 'Restarts': 0, 'SiteHistory': [], 'ResidentSetSize': [], 'SubmitTimes': [], 'StartTimes': [], 'EndTimes': [], 'TotalUserCpuTimeHistory': [], 'TotalSysCpuTimeHistory': [], 'WallDurations': [], 'JobIds': [], 'State': 'unsubmitted'}, '1722': {'Retries': 0, 'Restarts': 0, 'SiteHistory': [], 'ResidentSetSize': [], 'SubmitTimes': [], 'StartTimes': [], 'EndTimes': [], 'TotalUserCpuTimeHistory': [], 'TotalSysCpuTimeHistory': [], 'WallDurations': [], 'JobIds': [], 'State': 'unsubmitted'}, '1723': {'Retries': 0, 'Restarts': 0, 'SiteHistory': [], 'ResidentSetSize': [], 'SubmitTimes': [], 'StartTimes': [], 'EndTimes': [], 'TotalUserCpuTimeHistory': [], 'TotalSysCpuTimeHistory': [], 'WallDurations': [], 'JobIds': [], 'State': 'unsubmitted'}, '1724': {'Retries': 0, 'Restarts': 0, 'SiteHistory': [], 'ResidentSetSize': [], 'SubmitTimes': [], 'StartTimes': [], 'EndTimes': [], 'TotalUserCpuTimeHistory': [], 'TotalSysCpuTimeHistory': [], 'WallDurations': [], 'JobIds': [], 'State': 'unsubmitted'}, '1725': {'Retries': 0, 'Restarts': 0, 'SiteHistory': [], 'ResidentSetSize': [], 'SubmitTimes': [], 'StartTimes': [], 'EndTimes': [], 'TotalUserCpuTimeHistory': [], 'TotalSysCpuTimeHistory': [], 'WallDurations': [], 'JobIds': [], 'State': 'unsubmitted'}, '1726': {'Retries': 0, 'Restarts': 0, 'SiteHistory': [], 'ResidentSetSize': [], 'SubmitTimes': [], 'StartTimes': [], 'EndTimes': [], 'TotalUserCpuTimeHistory': [], 'TotalSysCpuTimeHistory': [], 'WallDurations': [], 'JobIds': [], 'State': 'unsubmitted'}, '1727': {'Retries': 0, 'Restarts': 0, 'SiteHistory': [], 'ResidentSetSize': [], 'SubmitTimes': [], 'StartTimes': [], 'EndTimes': [], 'TotalUserCpuTimeHistory': [], 'TotalSysCpuTimeHistory': [], 'WallDurations': [], 'JobIds': [], 'State': 'unsubmitted'}, '1728': {'Retries': 0, 'Restarts': 0, 'SiteHistory': [], 'ResidentSetSize': [], 'SubmitTimes': [], 'StartTimes': [], 'EndTimes': [], 'TotalUserCpuTimeHistory': [], 'TotalSysCpuTimeHistory': [], 'WallDurations': [], 'JobIds': [], 'State': 'unsubmitted'}, '1729': {'Retries': 0, 'Restarts': 0, 'SiteHistory': [], 'ResidentSetSize': [], 'SubmitTimes': [], 'StartTimes': [], 'EndTimes': [], 'TotalUserCpuTimeHistory': [], 'TotalSysCpuTimeHistory': [], 'WallDurations': [], 'JobIds': [], 'State': 'unsubmitted'}, '1730': {'Retries': 0, 'Restarts': 0, 'SiteHistory': [], 'ResidentSetSize': [], 'SubmitTimes': [], 'StartTimes': [], 'EndTimes': [], 'TotalUserCpuTimeHistory': [], 'TotalSysCpuTimeHistory': [], 'WallDurations': [], 'JobIds': [], 'State': 'unsubmitted'}, '1731': {'Retries': 0, 'Restarts': 0, 'SiteHistory': [], 'ResidentSetSize': [], 'SubmitTimes': [], 'StartTimes': [], 'EndTimes': [], 'TotalUserCpuTimeHistory': [], 'TotalSysCpuTimeHistory': [], 'WallDurations': [], 'JobIds': [], 'State': 'unsubmitted'}, '1732': {'Retries': 0, 'Restarts': 0, 'SiteHistory': [], 'ResidentSetSize': [], 'SubmitTimes': [], 'StartTimes': [], 'EndTimes': [], 'TotalUserCpuTimeHistory': [], 'TotalSysCpuTimeHistory': [], 'WallDurations': [], 'JobIds': [], 'State': 'unsubmitted'}, '1733': {'Retries': 0, 'Restarts': 0, 'SiteHistory': [], 'ResidentSetSize': [], 'SubmitTimes': [], 'StartTimes': [], 'EndTimes': [], 'TotalUserCpuTimeHistory': [], 'TotalSysCpuTimeHistory': [], 'WallDurations': [], 'JobIds': [], 'State': 'unsubmitted'}, '1734': {'Retries': 0, 'Restarts': 0, 'SiteHistory': [], 'ResidentSetSize': [], 'SubmitTimes': [], 'StartTimes': [], 'EndTimes': [], 'TotalUserCpuTimeHistory': [], 'TotalSysCpuTimeHistory': [], 'WallDurations': [], 'JobIds': [], 'State': 'unsubmitted'}, '1735': {'Retries': 0, 'Restarts': 0, 'SiteHistory': [], 'ResidentSetSize': [], 'SubmitTimes': [], 'StartTimes': [], 'EndTimes': [], 'TotalUserCpuTimeHistory': [], 'TotalSysCpuTimeHistory': [], 'WallDurations': [], 'JobIds': [], 'State': 'unsubmitted'}, '1736': {'Retries': 0, 'Restarts': 0, 'SiteHistory': [], 'ResidentSetSize': [], 'SubmitTimes': [], 'StartTimes': [], 'EndTimes': [], 'TotalUserCpuTimeHistory': [], 'TotalSysCpuTimeHistory': [], 'WallDurations': [], 'JobIds': [], 'State': 'unsubmitted'}, '1737': {'Retries': 0, 'Restarts': 0, 'SiteHistory': [], 'ResidentSetSize': [], 'SubmitTimes': [], 'StartTimes': [], 'EndTimes': [], 'TotalUserCpuTimeHistory': [], 'TotalSysCpuTimeHistory': [], 'WallDurations': [], 'JobIds': [], 'State': 'unsubmitted'}, '1738': {'Retries': 0, 'Restarts': 0, 'SiteHistory': [], 'ResidentSetSize': [], 'SubmitTimes': [], 'StartTimes': [], 'EndTimes': [], 'TotalUserCpuTimeHistory': [], 'TotalSysCpuTimeHistory': [], 'WallDurations': [], 'JobIds': [], 'State': 'unsubmitted'}, '1739': {'Retries': 0, 'Restarts': 0, 'SiteHistory': [], 'ResidentSetSize': [], 'SubmitTimes': [], 'StartTimes': [], 'EndTimes': [], 'TotalUserCpuTimeHistory': [], 'TotalSysCpuTimeHistory': [], 'WallDurations': [], 'JobIds': [], 'State': 'unsubmitted'}, '1740': {'Retries': 0, 'Restarts': 0, 'SiteHistory': [], 'ResidentSetSize': [], 'SubmitTimes': [], 'StartTimes': [], 'EndTimes': [], 'TotalUserCpuTimeHistory': [], 'TotalSysCpuTimeHistory': [], 'WallDurations': [], 'JobIds': [], 'State': 'unsubmitted'}, '1741': {'Retries': 0, 'Restarts': 0, 'SiteHistory': [], 'ResidentSetSize': [], 'SubmitTimes': [], 'StartTimes': [], 'EndTimes': [], 'TotalUserCpuTimeHistory': [], 'TotalSysCpuTimeHistory': [], 'WallDurations': [], 'JobIds': [], 'State': 'unsubmitted'}, '1742': {'Retries': 0, 'Restarts': 0, 'SiteHistory': [], 'ResidentSetSize': [], 'SubmitTimes': [], 'StartTimes': [], 'EndTimes': [], 'TotalUserCpuTimeHistory': [], 'TotalSysCpuTimeHistory': [], 'WallDurations': [], 'JobIds': [], 'State': 'unsubmitted'}, '1743': {'Retries': 0, 'Restarts': 0, 'SiteHistory': [], 'ResidentSetSize': [], 'SubmitTimes': [], 'StartTimes': [], 'EndTimes': [], 'TotalUserCpuTimeHistory': [], 'TotalSysCpuTimeHistory': [], 'WallDurations': [], 'JobIds': [], 'State': 'unsubmitted'}, '1744': {'Retries': 0, 'Restarts': 0, 'SiteHistory': [], 'ResidentSetSize': [], 'SubmitTimes': [], 'StartTimes': [], 'EndTimes': [], 'TotalUserCpuTimeHistory': [], 'TotalSysCpuTimeHistory': [], 'WallDurations': [], 'JobIds': [], 'State': 'unsubmitted'}, '1745': {'Retries': 0, 'Restarts': 0, 'SiteHistory': [], 'ResidentSetSize': [], 'SubmitTimes': [], 'StartTimes': [], 'EndTimes': [], 'TotalUserCpuTimeHistory': [], 'TotalSysCpuTimeHistory': [], 'WallDurations': [], 'JobIds': [], 'State': 'unsubmitted'}, '1746': {'Retries': 0, 'Restarts': 0, 'SiteHistory': [], 'ResidentSetSize': [], 'SubmitTimes': [], 'StartTimes': [], 'EndTimes': [], 'TotalUserCpuTimeHistory': [], 'TotalSysCpuTimeHistory': [], 'WallDurations': [], 'JobIds': [], 'State': 'unsubmitted'}, '1747': {'Retries': 0, 'Restarts': 0, 'SiteHistory': [], 'ResidentSetSize': [], 'SubmitTimes': [], 'StartTimes': [], 'EndTimes': [], 'TotalUserCpuTimeHistory': [], 'TotalSysCpuTimeHistory': [], 'WallDurations': [], 'JobIds': [], 'State': 'unsubmitted'}, '1748': {'Retries': 0, 'Restarts': 0, 'SiteHistory': [], 'ResidentSetSize': [], 'SubmitTimes': [], 'StartTimes': [], 'EndTimes': [], 'TotalUserCpuTimeHistory': [], 'TotalSysCpuTimeHistory': [], 'WallDurations': [], 'JobIds': [], 'State': 'unsubmitted'}, '1749': {'Retries': 0, 'Restarts': 0, 'SiteHistory': [], 'ResidentSetSize': [], 'SubmitTimes': [], 'StartTimes': [], 'EndTimes': [], 'TotalUserCpuTimeHistory': [], 'TotalSysCpuTimeHistory': [], 'WallDurations': [], 'JobIds': [], 'State': 'unsubmitted'}, '1750': {'Retries': 0, 'Restarts': 0, 'SiteHistory': [], 'ResidentSetSize': [], 'SubmitTimes': [], 'StartTimes': [], 'EndTimes': [], 'TotalUserCpuTimeHistory': [], 'TotalSysCpuTimeHistory': [], 'WallDurations': [], 'JobIds': [], 'State': 'unsubmitted'}, '1751': {'Retries': 0, 'Restarts': 0, 'SiteHistory': [], 'ResidentSetSize': [], 'SubmitTimes': [], 'StartTimes': [], 'EndTimes': [], 'TotalUserCpuTimeHistory': [], 'TotalSysCpuTimeHistory': [], 'WallDurations': [], 'JobIds': [], 'State': 'unsubmitted'}, '1752': {'Retries': 0, 'Restarts': 0, 'SiteHistory': [], 'ResidentSetSize': [], 'SubmitTimes': [], 'StartTimes': [], 'EndTimes': [], 'TotalUserCpuTimeHistory': [], 'TotalSysCpuTimeHistory': [], 'WallDurations': [], 'JobIds': [], 'State': 'unsubmitted'}, '1753': {'Retries': 0, 'Restarts': 0, 'SiteHistory': [], 'ResidentSetSize': [], 'SubmitTimes': [], 'StartTimes': [], 'EndTimes': [], 'TotalUserCpuTimeHistory': [], 'TotalSysCpuTimeHistory': [], 'WallDurations': [], 'JobIds': [], 'State': 'unsubmitted'}, '1754': {'Retries': 0, 'Restarts': 0, 'SiteHistory': [], 'ResidentSetSize': [], 'SubmitTimes': [], 'StartTimes': [], 'EndTimes': [], 'TotalUserCpuTimeHistory': [], 'TotalSysCpuTimeHistory': [], 'WallDurations': [], 'JobIds': [], 'State': 'unsubmitted'}, '1755': {'Retries': 0, 'Restarts': 0, 'SiteHistory': [], 'ResidentSetSize': [], 'SubmitTimes': [], 'StartTimes': [], 'EndTimes': [], 'TotalUserCpuTimeHistory': [], 'TotalSysCpuTimeHistory': [], 'WallDurations': [], 'JobIds': [], 'State': 'unsubmitted'}, '1756': {'Retries': 0, 'Restarts': 0, 'SiteHistory': [], 'ResidentSetSize': [], 'SubmitTimes': [], 'StartTimes': [], 'EndTimes': [], 'TotalUserCpuTimeHistory': [], 'TotalSysCpuTimeHistory': [], 'WallDurations': [], 'JobIds': [], 'State': 'unsubmitted'}, '1757': {'Retries': 0, 'Restarts': 0, 'SiteHistory': [], 'ResidentSetSize': [], 'SubmitTimes': [], 'StartTimes': [], 'EndTimes': [], 'TotalUserCpuTimeHistory': [], 'TotalSysCpuTimeHistory': [], 'WallDurations': [], 'JobIds': [], 'State': 'unsubmitted'}, '1758': {'Retries': 0, 'Restarts': 0, 'SiteHistory': [], 'ResidentSetSize': [], 'SubmitTimes': [], 'StartTimes': [], 'EndTimes': [], 'TotalUserCpuTimeHistory': [], 'TotalSysCpuTimeHistory': [], 'WallDurations': [], 'JobIds': [], 'State': 'unsubmitted'}, '1759': {'Retries': 0, 'Restarts': 0, 'SiteHistory': [], 'ResidentSetSize': [], 'SubmitTimes': [], 'StartTimes': [], 'EndTimes': [], 'TotalUserCpuTimeHistory': [], 'TotalSysCpuTimeHistory': [], 'WallDurations': [], 'JobIds': [], 'State': 'unsubmitted'}, '1760': {'Retries': 0, 'Restarts': 0, 'SiteHistory': [], 'ResidentSetSize': [], 'SubmitTimes': [], 'StartTimes': [], 'EndTimes': [], 'TotalUserCpuTimeHistory': [], 'TotalSysCpuTimeHistory': [], 'WallDurations': [], 'JobIds': [], 'State': 'unsubmitted'}, '1761': {'Retries': 0, 'Restarts': 0, 'SiteHistory': [], 'ResidentSetSize': [], 'SubmitTimes': [], 'StartTimes': [], 'EndTimes': [], 'TotalUserCpuTimeHistory': [], 'TotalSysCpuTimeHistory': [], 'WallDurations': [], 'JobIds': [], 'State': 'unsubmitted'}, '1762': {'Retries': 0, 'Restarts': 0, 'SiteHistory': [], 'ResidentSetSize': [], 'SubmitTimes': [], 'StartTimes': [], 'EndTimes': [], 'TotalUserCpuTimeHistory': [], 'TotalSysCpuTimeHistory': [], 'WallDurations': [], 'JobIds': [], 'State': 'unsubmitted'}, '1763': {'Retries': 0, 'Restarts': 0, 'SiteHistory': [], 'ResidentSetSize': [], 'SubmitTimes': [], 'StartTimes': [], 'EndTimes': [], 'TotalUserCpuTimeHistory': [], 'TotalSysCpuTimeHistory': [], 'WallDurations': [], 'JobIds': [], 'State': 'unsubmitted'}, '1764': {'Retries': 0, 'Restarts': 0, 'SiteHistory': [], 'ResidentSetSize': [], 'SubmitTimes': [], 'StartTimes': [], 'EndTimes': [], 'TotalUserCpuTimeHistory': [], 'TotalSysCpuTimeHistory': [], 'WallDurations': [], 'JobIds': [], 'State': 'unsubmitted'}, '1765': {'Retries': 0, 'Restarts': 0, 'SiteHistory': [], 'ResidentSetSize': [], 'SubmitTimes': [], 'StartTimes': [], 'EndTimes': [], 'TotalUserCpuTimeHistory': [], 'TotalSysCpuTimeHistory': [], 'WallDurations': [], 'JobIds': [], 'State': 'unsubmitted'}, '1766': {'Retries': 0, 'Restarts': 0, 'SiteHistory': [], 'ResidentSetSize': [], 'SubmitTimes': [], 'StartTimes': [], 'EndTimes': [], 'TotalUserCpuTimeHistory': [], 'TotalSysCpuTimeHistory': [], 'WallDurations': [], 'JobIds': [], 'State': 'unsubmitted'}, '1767': {'Retries': 0, 'Restarts': 0, 'SiteHistory': [], 'ResidentSetSize': [], 'SubmitTimes': [], 'StartTimes': [], 'EndTimes': [], 'TotalUserCpuTimeHistory': [], 'TotalSysCpuTimeHistory': [], 'WallDurations': [], 'JobIds': [], 'State': 'unsubmitted'}, '1768': {'Retries': 0, 'Restarts': 0, 'SiteHistory': [], 'ResidentSetSize': [], 'SubmitTimes': [], 'StartTimes': [], 'EndTimes': [], 'TotalUserCpuTimeHistory': [], 'TotalSysCpuTimeHistory': [], 'WallDurations': [], 'JobIds': [], 'State': 'unsubmitted'}, '1769': {'Retries': 0, 'Restarts': 0, 'SiteHistory': [], 'ResidentSetSize': [], 'SubmitTimes': [], 'StartTimes': [], 'EndTimes': [], 'TotalUserCpuTimeHistory': [], 'TotalSysCpuTimeHistory': [], 'WallDurations': [], 'JobIds': [], 'State': 'unsubmitted'}, '1770': {'Retries': 0, 'Restarts': 0, 'SiteHistory': [], 'ResidentSetSize': [], 'SubmitTimes': [], 'StartTimes': [], 'EndTimes': [], 'TotalUserCpuTimeHistory': [], 'TotalSysCpuTimeHistory': [], 'WallDurations': [], 'JobIds': [], 'State': 'unsubmitted'}, '1771': {'Retries': 0, 'Restarts': 0, 'SiteHistory': [], 'ResidentSetSize': [], 'SubmitTimes': [], 'StartTimes': [], 'EndTimes': [], 'TotalUserCpuTimeHistory': [], 'TotalSysCpuTimeHistory': [], 'WallDurations': [], 'JobIds': [], 'State': 'unsubmitted'}, '1772': {'Retries': 0, 'Restarts': 0, 'SiteHistory': [], 'ResidentSetSize': [], 'SubmitTimes': [], 'StartTimes': [], 'EndTimes': [], 'TotalUserCpuTimeHistory': [], 'TotalSysCpuTimeHistory': [], 'WallDurations': [], 'JobIds': [], 'State': 'unsubmitted'}, '1773': {'Retries': 0, 'Restarts': 0, 'SiteHistory': [], 'ResidentSetSize': [], 'SubmitTimes': [], 'StartTimes': [], 'EndTimes': [], 'TotalUserCpuTimeHistory': [], 'TotalSysCpuTimeHistory': [], 'WallDurations': [], 'JobIds': [], 'State': 'unsubmitted'}, '1774': {'Retries': 0, 'Restarts': 0, 'SiteHistory': [], 'ResidentSetSize': [], 'SubmitTimes': [], 'StartTimes': [], 'EndTimes': [], 'TotalUserCpuTimeHistory': [], 'TotalSysCpuTimeHistory': [], 'WallDurations': [], 'JobIds': [], 'State': 'unsubmitted'}, '1775': {'Retries': 0, 'Restarts': 0, 'SiteHistory': [], 'ResidentSetSize': [], 'SubmitTimes': [], 'StartTimes': [], 'EndTimes': [], 'TotalUserCpuTimeHistory': [], 'TotalSysCpuTimeHistory': [], 'WallDurations': [], 'JobIds': [], 'State': 'unsubmitted'}, '1776': {'Retries': 0, 'Restarts': 0, 'SiteHistory': [], 'ResidentSetSize': [], 'SubmitTimes': [], 'StartTimes': [], 'EndTimes': [], 'TotalUserCpuTimeHistory': [], 'TotalSysCpuTimeHistory': [], 'WallDurations': [], 'JobIds': [], 'State': 'unsubmitted'}, '1777': {'Retries': 0, 'Restarts': 0, 'SiteHistory': [], 'ResidentSetSize': [], 'SubmitTimes': [], 'StartTimes': [], 'EndTimes': [], 'TotalUserCpuTimeHistory': [], 'TotalSysCpuTimeHistory': [], 'WallDurations': [], 'JobIds': [], 'State': 'unsubmitted'}, '1778': {'Retries': 0, 'Restarts': 0, 'SiteHistory': [], 'ResidentSetSize': [], 'SubmitTimes': [], 'StartTimes': [], 'EndTimes': [], 'TotalUserCpuTimeHistory': [], 'TotalSysCpuTimeHistory': [], 'WallDurations': [], 'JobIds': [], 'State': 'unsubmitted'}, '1779': {'Retries': 0, 'Restarts': 0, 'SiteHistory': [], 'ResidentSetSize': [], 'SubmitTimes': [], 'StartTimes': [], 'EndTimes': [], 'TotalUserCpuTimeHistory': [], 'TotalSysCpuTimeHistory': [], 'WallDurations': [], 'JobIds': [], 'State': 'unsubmitted'}, '1780': {'Retries': 0, 'Restarts': 0, 'SiteHistory': [], 'ResidentSetSize': [], 'SubmitTimes': [], 'StartTimes': [], 'EndTimes': [], 'TotalUserCpuTimeHistory': [], 'TotalSysCpuTimeHistory': [], 'WallDurations': [], 'JobIds': [], 'State': 'unsubmitted'}, '1781': {'Retries': 0, 'Restarts': 0, 'SiteHistory': [], 'ResidentSetSize': [], 'SubmitTimes': [], 'StartTimes': [], 'EndTimes': [], 'TotalUserCpuTimeHistory': [], 'TotalSysCpuTimeHistory': [], 'WallDurations': [], 'JobIds': [], 'State': 'unsubmitted'}, '1782': {'Retries': 0, 'Restarts': 0, 'SiteHistory': [], 'ResidentSetSize': [], 'SubmitTimes': [], 'StartTimes': [], 'EndTimes': [], 'TotalUserCpuTimeHistory': [], 'TotalSysCpuTimeHistory': [], 'WallDurations': [], 'JobIds': [], 'State': 'unsubmitted'}, '1783': {'Retries': 0, 'Restarts': 0, 'SiteHistory': [], 'ResidentSetSize': [], 'SubmitTimes': [], 'StartTimes': [], 'EndTimes': [], 'TotalUserCpuTimeHistory': [], 'TotalSysCpuTimeHistory': [], 'WallDurations': [], 'JobIds': [], 'State': 'unsubmitted'}, '1784': {'Retries': 0, 'Restarts': 0, 'SiteHistory': [], 'ResidentSetSize': [], 'SubmitTimes': [], 'StartTimes': [], 'EndTimes': [], 'TotalUserCpuTimeHistory': [], 'TotalSysCpuTimeHistory': [], 'WallDurations': [], 'JobIds': [], 'State': 'unsubmitted'}, '1785': {'Retries': 0, 'Restarts': 0, 'SiteHistory': [], 'ResidentSetSize': [], 'SubmitTimes': [], 'StartTimes': [], 'EndTimes': [], 'TotalUserCpuTimeHistory': [], 'TotalSysCpuTimeHistory': [], 'WallDurations': [], 'JobIds': [], 'State': 'unsubmitted'}, '1786': {'Retries': 0, 'Restarts': 0, 'SiteHistory': [], 'ResidentSetSize': [], 'SubmitTimes': [], 'StartTimes': [], 'EndTimes': [], 'TotalUserCpuTimeHistory': [], 'TotalSysCpuTimeHistory': [], 'WallDurations': [], 'JobIds': [], 'State': 'unsubmitted'}, '1787': {'Retries': 0, 'Restarts': 0, 'SiteHistory': [], 'ResidentSetSize': [], 'SubmitTimes': [], 'StartTimes': [], 'EndTimes': [], 'TotalUserCpuTimeHistory': [], 'TotalSysCpuTimeHistory': [], 'WallDurations': [], 'JobIds': [], 'State': 'unsubmitted'}, '1788': {'Retries': 0, 'Restarts': 0, 'SiteHistory': [], 'ResidentSetSize': [], 'SubmitTimes': [], 'StartTimes': [], 'EndTimes': [], 'TotalUserCpuTimeHistory': [], 'TotalSysCpuTimeHistory': [], 'WallDurations': [], 'JobIds': [], 'State': 'unsubmitted'}, '1789': {'Retries': 0, 'Restarts': 0, 'SiteHistory': [], 'ResidentSetSize': [], 'SubmitTimes': [], 'StartTimes': [], 'EndTimes': [], 'TotalUserCpuTimeHistory': [], 'TotalSysCpuTimeHistory': [], 'WallDurations': [], 'JobIds': [], 'State': 'unsubmitted'}, '1790': {'Retries': 0, 'Restarts': 0, 'SiteHistory': [], 'ResidentSetSize': [], 'SubmitTimes': [], 'StartTimes': [], 'EndTimes': [], 'TotalUserCpuTimeHistory': [], 'TotalSysCpuTimeHistory': [], 'WallDurations': [], 'JobIds': [], 'State': 'unsubmitted'}, '1791': {'Retries': 0, 'Restarts': 0, 'SiteHistory': [], 'ResidentSetSize': [], 'SubmitTimes': [], 'StartTimes': [], 'EndTimes': [], 'TotalUserCpuTimeHistory': [], 'TotalSysCpuTimeHistory': [], 'WallDurations': [], 'JobIds': [], 'State': 'unsubmitted'}, '1792': {'Retries': 0, 'Restarts': 0, 'SiteHistory': [], 'ResidentSetSize': [], 'SubmitTimes': [], 'StartTimes': [], 'EndTimes': [], 'TotalUserCpuTimeHistory': [], 'TotalSysCpuTimeHistory': [], 'WallDurations': [], 'JobIds': [], 'State': 'unsubmitted'}, '1793': {'Retries': 0, 'Restarts': 0, 'SiteHistory': [], 'ResidentSetSize': [], 'SubmitTimes': [], 'StartTimes': [], 'EndTimes': [], 'TotalUserCpuTimeHistory': [], 'TotalSysCpuTimeHistory': [], 'WallDurations': [], 'JobIds': [], 'State': 'unsubmitted'}, '1794': {'Retries': 0, 'Restarts': 0, 'SiteHistory': [], 'ResidentSetSize': [], 'SubmitTimes': [], 'StartTimes': [], 'EndTimes': [], 'TotalUserCpuTimeHistory': [], 'TotalSysCpuTimeHistory': [], 'WallDurations': [], 'JobIds': [], 'State': 'unsubmitted'}, '1795': {'Retries': 0, 'Restarts': 0, 'SiteHistory': [], 'ResidentSetSize': [], 'SubmitTimes': [], 'StartTimes': [], 'EndTimes': [], 'TotalUserCpuTimeHistory': [], 'TotalSysCpuTimeHistory': [], 'WallDurations': [], 'JobIds': [], 'State': 'unsubmitted'}, '1796': {'Retries': 0, 'Restarts': 0, 'SiteHistory': [], 'ResidentSetSize': [], 'SubmitTimes': [], 'StartTimes': [], 'EndTimes': [], 'TotalUserCpuTimeHistory': [], 'TotalSysCpuTimeHistory': [], 'WallDurations': [], 'JobIds': [], 'State': 'unsubmitted'}, '1797': {'Retries': 0, 'Restarts': 0, 'SiteHistory': [], 'ResidentSetSize': [], 'SubmitTimes': [], 'StartTimes': [], 'EndTimes': [], 'TotalUserCpuTimeHistory': [], 'TotalSysCpuTimeHistory': [], 'WallDurations': [], 'JobIds': [], 'State': 'unsubmitted'}, '1798': {'Retries': 0, 'Restarts': 0, 'SiteHistory': [], 'ResidentSetSize': [], 'SubmitTimes': [], 'StartTimes': [], 'EndTimes': [], 'TotalUserCpuTimeHistory': [], 'TotalSysCpuTimeHistory': [], 'WallDurations': [], 'JobIds': [], 'State': 'unsubmitted'}, '1799': {'Retries': 0, 'Restarts': 0, 'SiteHistory': [], 'ResidentSetSize': [], 'SubmitTimes': [], 'StartTimes': [], 'EndTimes': [], 'TotalUserCpuTimeHistory': [], 'TotalSysCpuTimeHistory': [], 'WallDurations': [], 'JobIds': [], 'State': 'unsubmitted'}, '1800': {'Retries': 0, 'Restarts': 0, 'SiteHistory': [], 'ResidentSetSize': [], 'SubmitTimes': [], 'StartTimes': [], 'EndTimes': [], 'TotalUserCpuTimeHistory': [], 'TotalSysCpuTimeHistory': [], 'WallDurations': [], 'JobIds': [], 'State': 'unsubmitted'}, '1801': {'Retries': 0, 'Restarts': 0, 'SiteHistory': [], 'ResidentSetSize': [], 'SubmitTimes': [], 'StartTimes': [], 'EndTimes': [], 'TotalUserCpuTimeHistory': [], 'TotalSysCpuTimeHistory': [], 'WallDurations': [], 'JobIds': [], 'State': 'unsubmitted'}, '1802': {'Retries': 0, 'Restarts': 0, 'SiteHistory': [], 'ResidentSetSize': [], 'SubmitTimes': [], 'StartTimes': [], 'EndTimes': [], 'TotalUserCpuTimeHistory': [], 'TotalSysCpuTimeHistory': [], 'WallDurations': [], 'JobIds': [], 'State': 'unsubmitted'}, '1803': {'Retries': 0, 'Restarts': 0, 'SiteHistory': [], 'ResidentSetSize': [], 'SubmitTimes': [], 'StartTimes': [], 'EndTimes': [], 'TotalUserCpuTimeHistory': [], 'TotalSysCpuTimeHistory': [], 'WallDurations': [], 'JobIds': [], 'State': 'unsubmitted'}, '1804': {'Retries': 0, 'Restarts': 0, 'SiteHistory': [], 'ResidentSetSize': [], 'SubmitTimes': [], 'StartTimes': [], 'EndTimes': [], 'TotalUserCpuTimeHistory': [], 'TotalSysCpuTimeHistory': [], 'WallDurations': [], 'JobIds': [], 'State': 'unsubmitted'}, '1805': {'Retries': 0, 'Restarts': 0, 'SiteHistory': [], 'ResidentSetSize': [], 'SubmitTimes': [], 'StartTimes': [], 'EndTimes': [], 'TotalUserCpuTimeHistory': [], 'TotalSysCpuTimeHistory': [], 'WallDurations': [], 'JobIds': [], 'State': 'unsubmitted'}, '1806': {'Retries': 0, 'Restarts': 0, 'SiteHistory': [], 'ResidentSetSize': [], 'SubmitTimes': [], 'StartTimes': [], 'EndTimes': [], 'TotalUserCpuTimeHistory': [], 'TotalSysCpuTimeHistory': [], 'WallDurations': [], 'JobIds': [], 'State': 'unsubmitted'}, '1807': {'Retries': 0, 'Restarts': 0, 'SiteHistory': [], 'ResidentSetSize': [], 'SubmitTimes': [], 'StartTimes': [], 'EndTimes': [], 'TotalUserCpuTimeHistory': [], 'TotalSysCpuTimeHistory': [], 'WallDurations': [], 'JobIds': [], 'State': 'unsubmitted'}, '1808': {'Retries': 0, 'Restarts': 0, 'SiteHistory': [], 'ResidentSetSize': [], 'SubmitTimes': [], 'StartTimes': [], 'EndTimes': [], 'TotalUserCpuTimeHistory': [], 'TotalSysCpuTimeHistory': [], 'WallDurations': [], 'JobIds': [], 'State': 'unsubmitted'}, '1809': {'Retries': 0, 'Restarts': 0, 'SiteHistory': [], 'ResidentSetSize': [], 'SubmitTimes': [], 'StartTimes': [], 'EndTimes': [], 'TotalUserCpuTimeHistory': [], 'TotalSysCpuTimeHistory': [], 'WallDurations': [], 'JobIds': [], 'State': 'unsubmitted'}, '1810': {'Retries': 0, 'Restarts': 0, 'SiteHistory': [], 'ResidentSetSize': [], 'SubmitTimes': [], 'StartTimes': [], 'EndTimes': [], 'TotalUserCpuTimeHistory': [], 'TotalSysCpuTimeHistory': [], 'WallDurations': [], 'JobIds': [], 'State': 'unsubmitted'}, '1811': {'Retries': 0, 'Restarts': 0, 'SiteHistory': [], 'ResidentSetSize': [], 'SubmitTimes': [], 'StartTimes': [], 'EndTimes': [], 'TotalUserCpuTimeHistory': [], 'TotalSysCpuTimeHistory': [], 'WallDurations': [], 'JobIds': [], 'State': 'unsubmitted'}, '1812': {'Retries': 0, 'Restarts': 0, 'SiteHistory': [], 'ResidentSetSize': [], 'SubmitTimes': [], 'StartTimes': [], 'EndTimes': [], 'TotalUserCpuTimeHistory': [], 'TotalSysCpuTimeHistory': [], 'WallDurations': [], 'JobIds': [], 'State': 'unsubmitted'}, '1813': {'Retries': 0, 'Restarts': 0, 'SiteHistory': [], 'ResidentSetSize': [], 'SubmitTimes': [], 'StartTimes': [], 'EndTimes': [], 'TotalUserCpuTimeHistory': [], 'TotalSysCpuTimeHistory': [], 'WallDurations': [], 'JobIds': [], 'State': 'unsubmitted'}, '1814': {'Retries': 0, 'Restarts': 0, 'SiteHistory': [], 'ResidentSetSize': [], 'SubmitTimes': [], 'StartTimes': [], 'EndTimes': [], 'TotalUserCpuTimeHistory': [], 'TotalSysCpuTimeHistory': [], 'WallDurations': [], 'JobIds': [], 'State': 'unsubmitted'}, '1815': {'Retries': 0, 'Restarts': 0, 'SiteHistory': [], 'ResidentSetSize': [], 'SubmitTimes': [], 'StartTimes': [], 'EndTimes': [], 'TotalUserCpuTimeHistory': [], 'TotalSysCpuTimeHistory': [], 'WallDurations': [], 'JobIds': [], 'State': 'unsubmitted'}, '1816': {'Retries': 0, 'Restarts': 0, 'SiteHistory': [], 'ResidentSetSize': [], 'SubmitTimes': [], 'StartTimes': [], 'EndTimes': [], 'TotalUserCpuTimeHistory': [], 'TotalSysCpuTimeHistory': [], 'WallDurations': [], 'JobIds': [], 'State': 'unsubmitted'}, '1817': {'Retries': 0, 'Restarts': 0, 'SiteHistory': [], 'ResidentSetSize': [], 'SubmitTimes': [], 'StartTimes': [], 'EndTimes': [], 'TotalUserCpuTimeHistory': [], 'TotalSysCpuTimeHistory': [], 'WallDurations': [], 'JobIds': [], 'State': 'unsubmitted'}, '1818': {'Retries': 0, 'Restarts': 0, 'SiteHistory': [], 'ResidentSetSize': [], 'SubmitTimes': [], 'StartTimes': [], 'EndTimes': [], 'TotalUserCpuTimeHistory': [], 'TotalSysCpuTimeHistory': [], 'WallDurations': [], 'JobIds': [], 'State': 'unsubmitted'}, '1819': {'Retries': 0, 'Restarts': 0, 'SiteHistory': [], 'ResidentSetSize': [], 'SubmitTimes': [], 'StartTimes': [], 'EndTimes': [], 'TotalUserCpuTimeHistory': [], 'TotalSysCpuTimeHistory': [], 'WallDurations': [], 'JobIds': [], 'State': 'unsubmitted'}, '1820': {'Retries': 0, 'Restarts': 0, 'SiteHistory': [], 'ResidentSetSize': [], 'SubmitTimes': [], 'StartTimes': [], 'EndTimes': [], 'TotalUserCpuTimeHistory': [], 'TotalSysCpuTimeHistory': [], 'WallDurations': [], 'JobIds': [], 'State': 'unsubmitted'}, '1821': {'Retries': 0, 'Restarts': 0, 'SiteHistory': [], 'ResidentSetSize': [], 'SubmitTimes': [], 'StartTimes': [], 'EndTimes': [], 'TotalUserCpuTimeHistory': [], 'TotalSysCpuTimeHistory': [], 'WallDurations': [], 'JobIds': [], 'State': 'unsubmitted'}, '1822': {'Retries': 0, 'Restarts': 0, 'SiteHistory': [], 'ResidentSetSize': [], 'SubmitTimes': [], 'StartTimes': [], 'EndTimes': [], 'TotalUserCpuTimeHistory': [], 'TotalSysCpuTimeHistory': [], 'WallDurations': [], 'JobIds': [], 'State': 'unsubmitted'}, '1823': {'Retries': 0, 'Restarts': 0, 'SiteHistory': [], 'ResidentSetSize': [], 'SubmitTimes': [], 'StartTimes': [], 'EndTimes': [], 'TotalUserCpuTimeHistory': [], 'TotalSysCpuTimeHistory': [], 'WallDurations': [], 'JobIds': [], 'State': 'unsubmitted'}, '1824': {'Retries': 0, 'Restarts': 0, 'SiteHistory': [], 'ResidentSetSize': [], 'SubmitTimes': [], 'StartTimes': [], 'EndTimes': [], 'TotalUserCpuTimeHistory': [], 'TotalSysCpuTimeHistory': [], 'WallDurations': [], 'JobIds': [], 'State': 'unsubmitted'}, '1825': {'Retries': 0, 'Restarts': 0, 'SiteHistory': [], 'ResidentSetSize': [], 'SubmitTimes': [], 'StartTimes': [], 'EndTimes': [], 'TotalUserCpuTimeHistory': [], 'TotalSysCpuTimeHistory': [], 'WallDurations': [], 'JobIds': [], 'State': 'unsubmitted'}, '1826': {'Retries': 0, 'Restarts': 0, 'SiteHistory': [], 'ResidentSetSize': [], 'SubmitTimes': [], 'StartTimes': [], 'EndTimes': [], 'TotalUserCpuTimeHistory': [], 'TotalSysCpuTimeHistory': [], 'WallDurations': [], 'JobIds': [], 'State': 'unsubmitted'}, '1827': {'Retries': 0, 'Restarts': 0, 'SiteHistory': [], 'ResidentSetSize': [], 'SubmitTimes': [], 'StartTimes': [], 'EndTimes': [], 'TotalUserCpuTimeHistory': [], 'TotalSysCpuTimeHistory': [], 'WallDurations': [], 'JobIds': [], 'State': 'unsubmitted'}, '1828': {'Retries': 0, 'Restarts': 0, 'SiteHistory': [], 'ResidentSetSize': [], 'SubmitTimes': [], 'StartTimes': [], 'EndTimes': [], 'TotalUserCpuTimeHistory': [], 'TotalSysCpuTimeHistory': [], 'WallDurations': [], 'JobIds': [], 'State': 'unsubmitted'}, '1829': {'Retries': 0, 'Restarts': 0, 'SiteHistory': [], 'ResidentSetSize': [], 'SubmitTimes': [], 'StartTimes': [], 'EndTimes': [], 'TotalUserCpuTimeHistory': [], 'TotalSysCpuTimeHistory': [], 'WallDurations': [], 'JobIds': [], 'State': 'unsubmitted'}, '1830': {'Retries': 0, 'Restarts': 0, 'SiteHistory': [], 'ResidentSetSize': [], 'SubmitTimes': [], 'StartTimes': [], 'EndTimes': [], 'TotalUserCpuTimeHistory': [], 'TotalSysCpuTimeHistory': [], 'WallDurations': [], 'JobIds': [], 'State': 'unsubmitted'}, '1831': {'Retries': 0, 'Restarts': 0, 'SiteHistory': [], 'ResidentSetSize': [], 'SubmitTimes': [], 'StartTimes': [], 'EndTimes': [], 'TotalUserCpuTimeHistory': [], 'TotalSysCpuTimeHistory': [], 'WallDurations': [], 'JobIds': [], 'State': 'unsubmitted'}, '1832': {'Retries': 0, 'Restarts': 0, 'SiteHistory': [], 'ResidentSetSize': [], 'SubmitTimes': [], 'StartTimes': [], 'EndTimes': [], 'TotalUserCpuTimeHistory': [], 'TotalSysCpuTimeHistory': [], 'WallDurations': [], 'JobIds': [], 'State': 'unsubmitted'}, '1833': {'Retries': 0, 'Restarts': 0, 'SiteHistory': [], 'ResidentSetSize': [], 'SubmitTimes': [], 'StartTimes': [], 'EndTimes': [], 'TotalUserCpuTimeHistory': [], 'TotalSysCpuTimeHistory': [], 'WallDurations': [], 'JobIds': [], 'State': 'unsubmitted'}, '1834': {'Retries': 0, 'Restarts': 0, 'SiteHistory': [], 'ResidentSetSize': [], 'SubmitTimes': [], 'StartTimes': [], 'EndTimes': [], 'TotalUserCpuTimeHistory': [], 'TotalSysCpuTimeHistory': [], 'WallDurations': [], 'JobIds': [], 'State': 'unsubmitted'}, '1835': {'Retries': 0, 'Restarts': 0, 'SiteHistory': [], 'ResidentSetSize': [], 'SubmitTimes': [], 'StartTimes': [], 'EndTimes': [], 'TotalUserCpuTimeHistory': [], 'TotalSysCpuTimeHistory': [], 'WallDurations': [], 'JobIds': [], 'State': 'unsubmitted'}, '1836': {'Retries': 0, 'Restarts': 0, 'SiteHistory': [], 'ResidentSetSize': [], 'SubmitTimes': [], 'StartTimes': [], 'EndTimes': [], 'TotalUserCpuTimeHistory': [], 'TotalSysCpuTimeHistory': [], 'WallDurations': [], 'JobIds': [], 'State': 'unsubmitted'}, '1837': {'Retries': 0, 'Restarts': 0, 'SiteHistory': [], 'ResidentSetSize': [], 'SubmitTimes': [], 'StartTimes': [], 'EndTimes': [], 'TotalUserCpuTimeHistory': [], 'TotalSysCpuTimeHistory': [], 'WallDurations': [], 'JobIds': [], 'State': 'unsubmitted'}, '1838': {'Retries': 0, 'Restarts': 0, 'SiteHistory': [], 'ResidentSetSize': [], 'SubmitTimes': [], 'StartTimes': [], 'EndTimes': [], 'TotalUserCpuTimeHistory': [], 'TotalSysCpuTimeHistory': [], 'WallDurations': [], 'JobIds': [], 'State': 'unsubmitted'}, '1839': {'Retries': 0, 'Restarts': 0, 'SiteHistory': [], 'ResidentSetSize': [], 'SubmitTimes': [], 'StartTimes': [], 'EndTimes': [], 'TotalUserCpuTimeHistory': [], 'TotalSysCpuTimeHistory': [], 'WallDurations': [], 'JobIds': [], 'State': 'unsubmitted'}, '1840': {'Retries': 0, 'Restarts': 0, 'SiteHistory': [], 'ResidentSetSize': [], 'SubmitTimes': [], 'StartTimes': [], 'EndTimes': [], 'TotalUserCpuTimeHistory': [], 'TotalSysCpuTimeHistory': [], 'WallDurations': [], 'JobIds': [], 'State': 'unsubmitted'}, '1841': {'Retries': 0, 'Restarts': 0, 'SiteHistory': [], 'ResidentSetSize': [], 'SubmitTimes': [], 'StartTimes': [], 'EndTimes': [], 'TotalUserCpuTimeHistory': [], 'TotalSysCpuTimeHistory': [], 'WallDurations': [], 'JobIds': [], 'State': 'unsubmitted'}, '1842': {'Retries': 0, 'Restarts': 0, 'SiteHistory': [], 'ResidentSetSize': [], 'SubmitTimes': [], 'StartTimes': [], 'EndTimes': [], 'TotalUserCpuTimeHistory': [], 'TotalSysCpuTimeHistory': [], 'WallDurations': [], 'JobIds': [], 'State': 'unsubmitted'}, '1843': {'Retries': 0, 'Restarts': 0, 'SiteHistory': [], 'ResidentSetSize': [], 'SubmitTimes': [], 'StartTimes': [], 'EndTimes': [], 'TotalUserCpuTimeHistory': [], 'TotalSysCpuTimeHistory': [], 'WallDurations': [], 'JobIds': [], 'State': 'unsubmitted'}, '1844': {'Retries': 0, 'Restarts': 0, 'SiteHistory': [], 'ResidentSetSize': [], 'SubmitTimes': [], 'StartTimes': [], 'EndTimes': [], 'TotalUserCpuTimeHistory': [], 'TotalSysCpuTimeHistory': [], 'WallDurations': [], 'JobIds': [], 'State': 'unsubmitted'}, '1845': {'Retries': 0, 'Restarts': 0, 'SiteHistory': [], 'ResidentSetSize': [], 'SubmitTimes': [], 'StartTimes': [], 'EndTimes': [], 'TotalUserCpuTimeHistory': [], 'TotalSysCpuTimeHistory': [], 'WallDurations': [], 'JobIds': [], 'State': 'unsubmitted'}, '1846': {'Retries': 0, 'Restarts': 0, 'SiteHistory': [], 'ResidentSetSize': [], 'SubmitTimes': [], 'StartTimes': [], 'EndTimes': [], 'TotalUserCpuTimeHistory': [], 'TotalSysCpuTimeHistory': [], 'WallDurations': [], 'JobIds': [], 'State': 'unsubmitted'}, '1847': {'Retries': 0, 'Restarts': 0, 'SiteHistory': [], 'ResidentSetSize': [], 'SubmitTimes': [], 'StartTimes': [], 'EndTimes': [], 'TotalUserCpuTimeHistory': [], 'TotalSysCpuTimeHistory': [], 'WallDurations': [], 'JobIds': [], 'State': 'unsubmitted'}, '1848': {'Retries': 0, 'Restarts': 0, 'SiteHistory': [], 'ResidentSetSize': [], 'SubmitTimes': [], 'StartTimes': [], 'EndTimes': [], 'TotalUserCpuTimeHistory': [], 'TotalSysCpuTimeHistory': [], 'WallDurations': [], 'JobIds': [], 'State': 'unsubmitted'}, '1849': {'Retries': 0, 'Restarts': 0, 'SiteHistory': [], 'ResidentSetSize': [], 'SubmitTimes': [], 'StartTimes': [], 'EndTimes': [], 'TotalUserCpuTimeHistory': [], 'TotalSysCpuTimeHistory': [], 'WallDurations': [], 'JobIds': [], 'State': 'unsubmitted'}, '1850': {'Retries': 0, 'Restarts': 0, 'SiteHistory': [], 'ResidentSetSize': [], 'SubmitTimes': [], 'StartTimes': [], 'EndTimes': [], 'TotalUserCpuTimeHistory': [], 'TotalSysCpuTimeHistory': [], 'WallDurations': [], 'JobIds': [], 'State': 'unsubmitted'}, '1851': {'Retries': 0, 'Restarts': 0, 'SiteHistory': [], 'ResidentSetSize': [], 'SubmitTimes': [], 'StartTimes': [], 'EndTimes': [], 'TotalUserCpuTimeHistory': [], 'TotalSysCpuTimeHistory': [], 'WallDurations': [], 'JobIds': [], 'State': 'unsubmitted'}, '1852': {'Retries': 0, 'Restarts': 0, 'SiteHistory': [], 'ResidentSetSize': [], 'SubmitTimes': [], 'StartTimes': [], 'EndTimes': [], 'TotalUserCpuTimeHistory': [], 'TotalSysCpuTimeHistory': [], 'WallDurations': [], 'JobIds': [], 'State': 'unsubmitted'}, '1853': {'Retries': 0, 'Restarts': 0, 'SiteHistory': [], 'ResidentSetSize': [], 'SubmitTimes': [], 'StartTimes': [], 'EndTimes': [], 'TotalUserCpuTimeHistory': [], 'TotalSysCpuTimeHistory': [], 'WallDurations': [], 'JobIds': [], 'State': 'unsubmitted'}, '1854': {'Retries': 0, 'Restarts': 0, 'SiteHistory': [], 'ResidentSetSize': [], 'SubmitTimes': [], 'StartTimes': [], 'EndTimes': [], 'TotalUserCpuTimeHistory': [], 'TotalSysCpuTimeHistory': [], 'WallDurations': [], 'JobIds': [], 'State': 'unsubmitted'}, '1855': {'Retries': 0, 'Restarts': 0, 'SiteHistory': [], 'ResidentSetSize': [], 'SubmitTimes': [], 'StartTimes': [], 'EndTimes': [], 'TotalUserCpuTimeHistory': [], 'TotalSysCpuTimeHistory': [], 'WallDurations': [], 'JobIds': [], 'State': 'unsubmitted'}, '1856': {'Retries': 0, 'Restarts': 0, 'SiteHistory': [], 'ResidentSetSize': [], 'SubmitTimes': [], 'StartTimes': [], 'EndTimes': [], 'TotalUserCpuTimeHistory': [], 'TotalSysCpuTimeHistory': [], 'WallDurations': [], 'JobIds': [], 'State': 'unsubmitted'}, '1857': {'Retries': 0, 'Restarts': 0, 'SiteHistory': [], 'ResidentSetSize': [], 'SubmitTimes': [], 'StartTimes': [], 'EndTimes': [], 'TotalUserCpuTimeHistory': [], 'TotalSysCpuTimeHistory': [], 'WallDurations': [], 'JobIds': [], 'State': 'unsubmitted'}, '1858': {'Retries': 0, 'Restarts': 0, 'SiteHistory': [], 'ResidentSetSize': [], 'SubmitTimes': [], 'StartTimes': [], 'EndTimes': [], 'TotalUserCpuTimeHistory': [], 'TotalSysCpuTimeHistory': [], 'WallDurations': [], 'JobIds': [], 'State': 'unsubmitted'}, '1859': {'Retries': 0, 'Restarts': 0, 'SiteHistory': [], 'ResidentSetSize': [], 'SubmitTimes': [], 'StartTimes': [], 'EndTimes': [], 'TotalUserCpuTimeHistory': [], 'TotalSysCpuTimeHistory': [], 'WallDurations': [], 'JobIds': [], 'State': 'unsubmitted'}, '1860': {'Retries': 0, 'Restarts': 0, 'SiteHistory': [], 'ResidentSetSize': [], 'SubmitTimes': [], 'StartTimes': [], 'EndTimes': [], 'TotalUserCpuTimeHistory': [], 'TotalSysCpuTimeHistory': [], 'WallDurations': [], 'JobIds': [], 'State': 'unsubmitted'}, '1861': {'Retries': 0, 'Restarts': 0, 'SiteHistory': [], 'ResidentSetSize': [], 'SubmitTimes': [], 'StartTimes': [], 'EndTimes': [], 'TotalUserCpuTimeHistory': [], 'TotalSysCpuTimeHistory': [], 'WallDurations': [], 'JobIds': [], 'State': 'unsubmitted'}, '1862': {'Retries': 0, 'Restarts': 0, 'SiteHistory': [], 'ResidentSetSize': [], 'SubmitTimes': [], 'StartTimes': [], 'EndTimes': [], 'TotalUserCpuTimeHistory': [], 'TotalSysCpuTimeHistory': [], 'WallDurations': [], 'JobIds': [], 'State': 'unsubmitted'}, '1863': {'Retries': 0, 'Restarts': 0, 'SiteHistory': [], 'ResidentSetSize': [], 'SubmitTimes': [], 'StartTimes': [], 'EndTimes': [], 'TotalUserCpuTimeHistory': [], 'TotalSysCpuTimeHistory': [], 'WallDurations': [], 'JobIds': [], 'State': 'unsubmitted'}, '1864': {'Retries': 0, 'Restarts': 0, 'SiteHistory': [], 'ResidentSetSize': [], 'SubmitTimes': [], 'StartTimes': [], 'EndTimes': [], 'TotalUserCpuTimeHistory': [], 'TotalSysCpuTimeHistory': [], 'WallDurations': [], 'JobIds': [], 'State': 'unsubmitted'}, '1865': {'Retries': 0, 'Restarts': 0, 'SiteHistory': [], 'ResidentSetSize': [], 'SubmitTimes': [], 'StartTimes': [], 'EndTimes': [], 'TotalUserCpuTimeHistory': [], 'TotalSysCpuTimeHistory': [], 'WallDurations': [], 'JobIds': [], 'State': 'unsubmitted'}, '1866': {'Retries': 0, 'Restarts': 0, 'SiteHistory': [], 'ResidentSetSize': [], 'SubmitTimes': [], 'StartTimes': [], 'EndTimes': [], 'TotalUserCpuTimeHistory': [], 'TotalSysCpuTimeHistory': [], 'WallDurations': [], 'JobIds': [], 'State': 'unsubmitted'}, '1867': {'Retries': 0, 'Restarts': 0, 'SiteHistory': [], 'ResidentSetSize': [], 'SubmitTimes': [], 'StartTimes': [], 'EndTimes': [], 'TotalUserCpuTimeHistory': [], 'TotalSysCpuTimeHistory': [], 'WallDurations': [], 'JobIds': [], 'State': 'unsubmitted'}, '1868': {'Retries': 0, 'Restarts': 0, 'SiteHistory': [], 'ResidentSetSize': [], 'SubmitTimes': [], 'StartTimes': [], 'EndTimes': [], 'TotalUserCpuTimeHistory': [], 'TotalSysCpuTimeHistory': [], 'WallDurations': [], 'JobIds': [], 'State': 'unsubmitted'}, '1869': {'Retries': 0, 'Restarts': 0, 'SiteHistory': [], 'ResidentSetSize': [], 'SubmitTimes': [], 'StartTimes': [], 'EndTimes': [], 'TotalUserCpuTimeHistory': [], 'TotalSysCpuTimeHistory': [], 'WallDurations': [], 'JobIds': [], 'State': 'unsubmitted'}, '1870': {'Retries': 0, 'Restarts': 0, 'SiteHistory': [], 'ResidentSetSize': [], 'SubmitTimes': [], 'StartTimes': [], 'EndTimes': [], 'TotalUserCpuTimeHistory': [], 'TotalSysCpuTimeHistory': [], 'WallDurations': [], 'JobIds': [], 'State': 'unsubmitted'}, '1871': {'Retries': 0, 'Restarts': 0, 'SiteHistory': [], 'ResidentSetSize': [], 'SubmitTimes': [], 'StartTimes': [], 'EndTimes': [], 'TotalUserCpuTimeHistory': [], 'TotalSysCpuTimeHistory': [], 'WallDurations': [], 'JobIds': [], 'State': 'unsubmitted'}, '1872': {'Retries': 0, 'Restarts': 0, 'SiteHistory': [], 'ResidentSetSize': [], 'SubmitTimes': [], 'StartTimes': [], 'EndTimes': [], 'TotalUserCpuTimeHistory': [], 'TotalSysCpuTimeHistory': [], 'WallDurations': [], 'JobIds': [], 'State': 'unsubmitted'}, '1873': {'Retries': 0, 'Restarts': 0, 'SiteHistory': [], 'ResidentSetSize': [], 'SubmitTimes': [], 'StartTimes': [], 'EndTimes': [], 'TotalUserCpuTimeHistory': [], 'TotalSysCpuTimeHistory': [], 'WallDurations': [], 'JobIds': [], 'State': 'unsubmitted'}, '1874': {'Retries': 0, 'Restarts': 0, 'SiteHistory': [], 'ResidentSetSize': [], 'SubmitTimes': [], 'StartTimes': [], 'EndTimes': [], 'TotalUserCpuTimeHistory': [], 'TotalSysCpuTimeHistory': [], 'WallDurations': [], 'JobIds': [], 'State': 'unsubmitted'}, '1875': {'Retries': 0, 'Restarts': 0, 'SiteHistory': [], 'ResidentSetSize': [], 'SubmitTimes': [], 'StartTimes': [], 'EndTimes': [], 'TotalUserCpuTimeHistory': [], 'TotalSysCpuTimeHistory': [], 'WallDurations': [], 'JobIds': [], 'State': 'unsubmitted'}, '1876': {'Retries': 0, 'Restarts': 0, 'SiteHistory': [], 'ResidentSetSize': [], 'SubmitTimes': [], 'StartTimes': [], 'EndTimes': [], 'TotalUserCpuTimeHistory': [], 'TotalSysCpuTimeHistory': [], 'WallDurations': [], 'JobIds': [], 'State': 'unsubmitted'}, '1877': {'Retries': 0, 'Restarts': 0, 'SiteHistory': [], 'ResidentSetSize': [], 'SubmitTimes': [], 'StartTimes': [], 'EndTimes': [], 'TotalUserCpuTimeHistory': [], 'TotalSysCpuTimeHistory': [], 'WallDurations': [], 'JobIds': [], 'State': 'unsubmitted'}, '1878': {'Retries': 0, 'Restarts': 0, 'SiteHistory': [], 'ResidentSetSize': [], 'SubmitTimes': [], 'StartTimes': [], 'EndTimes': [], 'TotalUserCpuTimeHistory': [], 'TotalSysCpuTimeHistory': [], 'WallDurations': [], 'JobIds': [], 'State': 'unsubmitted'}, '1879': {'Retries': 0, 'Restarts': 0, 'SiteHistory': [], 'ResidentSetSize': [], 'SubmitTimes': [], 'StartTimes': [], 'EndTimes': [], 'TotalUserCpuTimeHistory': [], 'TotalSysCpuTimeHistory': [], 'WallDurations': [], 'JobIds': [], 'State': 'unsubmitted'}, '1880': {'Retries': 0, 'Restarts': 0, 'SiteHistory': [], 'ResidentSetSize': [], 'SubmitTimes': [], 'StartTimes': [], 'EndTimes': [], 'TotalUserCpuTimeHistory': [], 'TotalSysCpuTimeHistory': [], 'WallDurations': [], 'JobIds': [], 'State': 'unsubmitted'}, '1881': {'Retries': 0, 'Restarts': 0, 'SiteHistory': [], 'ResidentSetSize': [], 'SubmitTimes': [], 'StartTimes': [], 'EndTimes': [], 'TotalUserCpuTimeHistory': [], 'TotalSysCpuTimeHistory': [], 'WallDurations': [], 'JobIds': [], 'State': 'unsubmitted'}, '1882': {'Retries': 0, 'Restarts': 0, 'SiteHistory': [], 'ResidentSetSize': [], 'SubmitTimes': [], 'StartTimes': [], 'EndTimes': [], 'TotalUserCpuTimeHistory': [], 'TotalSysCpuTimeHistory': [], 'WallDurations': [], 'JobIds': [], 'State': 'unsubmitted'}, '1883': {'Retries': 0, 'Restarts': 0, 'SiteHistory': [], 'ResidentSetSize': [], 'SubmitTimes': [], 'StartTimes': [], 'EndTimes': [], 'TotalUserCpuTimeHistory': [], 'TotalSysCpuTimeHistory': [], 'WallDurations': [], 'JobIds': [], 'State': 'unsubmitted'}, '1884': {'Retries': 0, 'Restarts': 0, 'SiteHistory': [], 'ResidentSetSize': [], 'SubmitTimes': [], 'StartTimes': [], 'EndTimes': [], 'TotalUserCpuTimeHistory': [], 'TotalSysCpuTimeHistory': [], 'WallDurations': [], 'JobIds': [], 'State': 'unsubmitted'}, '1885': {'Retries': 0, 'Restarts': 0, 'SiteHistory': [], 'ResidentSetSize': [], 'SubmitTimes': [], 'StartTimes': [], 'EndTimes': [], 'TotalUserCpuTimeHistory': [], 'TotalSysCpuTimeHistory': [], 'WallDurations': [], 'JobIds': [], 'State': 'unsubmitted'}, '1886': {'Retries': 0, 'Restarts': 0, 'SiteHistory': [], 'ResidentSetSize': [], 'SubmitTimes': [], 'StartTimes': [], 'EndTimes': [], 'TotalUserCpuTimeHistory': [], 'TotalSysCpuTimeHistory': [], 'WallDurations': [], 'JobIds': [], 'State': 'unsubmitted'}, '1887': {'Retries': 0, 'Restarts': 0, 'SiteHistory': [], 'ResidentSetSize': [], 'SubmitTimes': [], 'StartTimes': [], 'EndTimes': [], 'TotalUserCpuTimeHistory': [], 'TotalSysCpuTimeHistory': [], 'WallDurations': [], 'JobIds': [], 'State': 'unsubmitted'}, '1888': {'Retries': 0, 'Restarts': 0, 'SiteHistory': [], 'ResidentSetSize': [], 'SubmitTimes': [], 'StartTimes': [], 'EndTimes': [], 'TotalUserCpuTimeHistory': [], 'TotalSysCpuTimeHistory': [], 'WallDurations': [], 'JobIds': [], 'State': 'unsubmitted'}, '1889': {'Retries': 0, 'Restarts': 0, 'SiteHistory': [], 'ResidentSetSize': [], 'SubmitTimes': [], 'StartTimes': [], 'EndTimes': [], 'TotalUserCpuTimeHistory': [], 'TotalSysCpuTimeHistory': [], 'WallDurations': [], 'JobIds': [], 'State': 'unsubmitted'}, '1890': {'Retries': 0, 'Restarts': 0, 'SiteHistory': [], 'ResidentSetSize': [], 'SubmitTimes': [], 'StartTimes': [], 'EndTimes': [], 'TotalUserCpuTimeHistory': [], 'TotalSysCpuTimeHistory': [], 'WallDurations': [], 'JobIds': [], 'State': 'unsubmitted'}, '1891': {'Retries': 0, 'Restarts': 0, 'SiteHistory': [], 'ResidentSetSize': [], 'SubmitTimes': [], 'StartTimes': [], 'EndTimes': [], 'TotalUserCpuTimeHistory': [], 'TotalSysCpuTimeHistory': [], 'WallDurations': [], 'JobIds': [], 'State': 'unsubmitted'}, '1892': {'Retries': 0, 'Restarts': 0, 'SiteHistory': [], 'ResidentSetSize': [], 'SubmitTimes': [], 'StartTimes': [], 'EndTimes': [], 'TotalUserCpuTimeHistory': [], 'TotalSysCpuTimeHistory': [], 'WallDurations': [], 'JobIds': [], 'State': 'unsubmitted'}, '1893': {'Retries': 0, 'Restarts': 0, 'SiteHistory': [], 'ResidentSetSize': [], 'SubmitTimes': [], 'StartTimes': [], 'EndTimes': [], 'TotalUserCpuTimeHistory': [], 'TotalSysCpuTimeHistory': [], 'WallDurations': [], 'JobIds': [], 'State': 'unsubmitted'}, '1894': {'Retries': 0, 'Restarts': 0, 'SiteHistory': [], 'ResidentSetSize': [], 'SubmitTimes': [], 'StartTimes': [], 'EndTimes': [], 'TotalUserCpuTimeHistory': [], 'TotalSysCpuTimeHistory': [], 'WallDurations': [], 'JobIds': [], 'State': 'unsubmitted'}, '1895': {'Retries': 0, 'Restarts': 0, 'SiteHistory': [], 'ResidentSetSize': [], 'SubmitTimes': [], 'StartTimes': [], 'EndTimes': [], 'TotalUserCpuTimeHistory': [], 'TotalSysCpuTimeHistory': [], 'WallDurations': [], 'JobIds': [], 'State': 'unsubmitted'}, '1896': {'Retries': 0, 'Restarts': 0, 'SiteHistory': [], 'ResidentSetSize': [], 'SubmitTimes': [], 'StartTimes': [], 'EndTimes': [], 'TotalUserCpuTimeHistory': [], 'TotalSysCpuTimeHistory': [], 'WallDurations': [], 'JobIds': [], 'State': 'unsubmitted'}, '1897': {'Retries': 0, 'Restarts': 0, 'SiteHistory': [], 'ResidentSetSize': [], 'SubmitTimes': [], 'StartTimes': [], 'EndTimes': [], 'TotalUserCpuTimeHistory': [], 'TotalSysCpuTimeHistory': [], 'WallDurations': [], 'JobIds': [], 'State': 'unsubmitted'}, '1898': {'Retries': 0, 'Restarts': 0, 'SiteHistory': [], 'ResidentSetSize': [], 'SubmitTimes': [], 'StartTimes': [], 'EndTimes': [], 'TotalUserCpuTimeHistory': [], 'TotalSysCpuTimeHistory': [], 'WallDurations': [], 'JobIds': [], 'State': 'unsubmitted'}, '1899': {'Retries': 0, 'Restarts': 0, 'SiteHistory': [], 'ResidentSetSize': [], 'SubmitTimes': [], 'StartTimes': [], 'EndTimes': [], 'TotalUserCpuTimeHistory': [], 'TotalSysCpuTimeHistory': [], 'WallDurations': [], 'JobIds': [], 'State': 'unsubmitted'}, '1900': {'Retries': 0, 'Restarts': 0, 'SiteHistory': [], 'ResidentSetSize': [], 'SubmitTimes': [], 'StartTimes': [], 'EndTimes': [], 'TotalUserCpuTimeHistory': [], 'TotalSysCpuTimeHistory': [], 'WallDurations': [], 'JobIds': [], 'State': 'unsubmitted'}, '1901': {'Retries': 0, 'Restarts': 0, 'SiteHistory': [], 'ResidentSetSize': [], 'SubmitTimes': [], 'StartTimes': [], 'EndTimes': [], 'TotalUserCpuTimeHistory': [], 'TotalSysCpuTimeHistory': [], 'WallDurations': [], 'JobIds': [], 'State': 'unsubmitted'}, '1902': {'Retries': 0, 'Restarts': 0, 'SiteHistory': [], 'ResidentSetSize': [], 'SubmitTimes': [], 'StartTimes': [], 'EndTimes': [], 'TotalUserCpuTimeHistory': [], 'TotalSysCpuTimeHistory': [], 'WallDurations': [], 'JobIds': [], 'State': 'unsubmitted'}, '1903': {'Retries': 0, 'Restarts': 0, 'SiteHistory': [], 'ResidentSetSize': [], 'SubmitTimes': [], 'StartTimes': [], 'EndTimes': [], 'TotalUserCpuTimeHistory': [], 'TotalSysCpuTimeHistory': [], 'WallDurations': [], 'JobIds': [], 'State': 'unsubmitted'}, '1904': {'Retries': 0, 'Restarts': 0, 'SiteHistory': [], 'ResidentSetSize': [], 'SubmitTimes': [], 'StartTimes': [], 'EndTimes': [], 'TotalUserCpuTimeHistory': [], 'TotalSysCpuTimeHistory': [], 'WallDurations': [], 'JobIds': [], 'State': 'unsubmitted'}, '1905': {'Retries': 0, 'Restarts': 0, 'SiteHistory': [], 'ResidentSetSize': [], 'SubmitTimes': [], 'StartTimes': [], 'EndTimes': [], 'TotalUserCpuTimeHistory': [], 'TotalSysCpuTimeHistory': [], 'WallDurations': [], 'JobIds': [], 'State': 'unsubmitted'}, '1906': {'Retries': 0, 'Restarts': 0, 'SiteHistory': [], 'ResidentSetSize': [], 'SubmitTimes': [], 'StartTimes': [], 'EndTimes': [], 'TotalUserCpuTimeHistory': [], 'TotalSysCpuTimeHistory': [], 'WallDurations': [], 'JobIds': [], 'State': 'unsubmitted'}, '1907': {'Retries': 0, 'Restarts': 0, 'SiteHistory': [], 'ResidentSetSize': [], 'SubmitTimes': [], 'StartTimes': [], 'EndTimes': [], 'TotalUserCpuTimeHistory': [], 'TotalSysCpuTimeHistory': [], 'WallDurations': [], 'JobIds': [], 'State': 'unsubmitted'}, '1908': {'Retries': 0, 'Restarts': 0, 'SiteHistory': [], 'ResidentSetSize': [], 'SubmitTimes': [], 'StartTimes': [], 'EndTimes': [], 'TotalUserCpuTimeHistory': [], 'TotalSysCpuTimeHistory': [], 'WallDurations': [], 'JobIds': [], 'State': 'unsubmitted'}, '1909': {'Retries': 0, 'Restarts': 0, 'SiteHistory': [], 'ResidentSetSize': [], 'SubmitTimes': [], 'StartTimes': [], 'EndTimes': [], 'TotalUserCpuTimeHistory': [], 'TotalSysCpuTimeHistory': [], 'WallDurations': [], 'JobIds': [], 'State': 'unsubmitted'}, '1910': {'Retries': 0, 'Restarts': 0, 'SiteHistory': [], 'ResidentSetSize': [], 'SubmitTimes': [], 'StartTimes': [], 'EndTimes': [], 'TotalUserCpuTimeHistory': [], 'TotalSysCpuTimeHistory': [], 'WallDurations': [], 'JobIds': [], 'State': 'unsubmitted'}, '1911': {'Retries': 0, 'Restarts': 0, 'SiteHistory': [], 'ResidentSetSize': [], 'SubmitTimes': [], 'StartTimes': [], 'EndTimes': [], 'TotalUserCpuTimeHistory': [], 'TotalSysCpuTimeHistory': [], 'WallDurations': [], 'JobIds': [], 'State': 'unsubmitted'}, '1912': {'Retries': 0, 'Restarts': 0, 'SiteHistory': [], 'ResidentSetSize': [], 'SubmitTimes': [], 'StartTimes': [], 'EndTimes': [], 'TotalUserCpuTimeHistory': [], 'TotalSysCpuTimeHistory': [], 'WallDurations': [], 'JobIds': [], 'State': 'unsubmitted'}, '1913': {'Retries': 0, 'Restarts': 0, 'SiteHistory': [], 'ResidentSetSize': [], 'SubmitTimes': [], 'StartTimes': [], 'EndTimes': [], 'TotalUserCpuTimeHistory': [], 'TotalSysCpuTimeHistory': [], 'WallDurations': [], 'JobIds': [], 'State': 'unsubmitted'}, '1914': {'Retries': 0, 'Restarts': 0, 'SiteHistory': [], 'ResidentSetSize': [], 'SubmitTimes': [], 'StartTimes': [], 'EndTimes': [], 'TotalUserCpuTimeHistory': [], 'TotalSysCpuTimeHistory': [], 'WallDurations': [], 'JobIds': [], 'State': 'unsubmitted'}, '1915': {'Retries': 0, 'Restarts': 0, 'SiteHistory': [], 'ResidentSetSize': [], 'SubmitTimes': [], 'StartTimes': [], 'EndTimes': [], 'TotalUserCpuTimeHistory': [], 'TotalSysCpuTimeHistory': [], 'WallDurations': [], 'JobIds': [], 'State': 'unsubmitted'}, '1916': {'Retries': 0, 'Restarts': 0, 'SiteHistory': [], 'ResidentSetSize': [], 'SubmitTimes': [], 'StartTimes': [], 'EndTimes': [], 'TotalUserCpuTimeHistory': [], 'TotalSysCpuTimeHistory': [], 'WallDurations': [], 'JobIds': [], 'State': 'unsubmitted'}, '1917': {'Retries': 0, 'Restarts': 0, 'SiteHistory': [], 'ResidentSetSize': [], 'SubmitTimes': [], 'StartTimes': [], 'EndTimes': [], 'TotalUserCpuTimeHistory': [], 'TotalSysCpuTimeHistory': [], 'WallDurations': [], 'JobIds': [], 'State': 'unsubmitted'}, '1918': {'Retries': 0, 'Restarts': 0, 'SiteHistory': [], 'ResidentSetSize': [], 'SubmitTimes': [], 'StartTimes': [], 'EndTimes': [], 'TotalUserCpuTimeHistory': [], 'TotalSysCpuTimeHistory': [], 'WallDurations': [], 'JobIds': [], 'State': 'unsubmitted'}, '1919': {'Retries': 0, 'Restarts': 0, 'SiteHistory': [], 'ResidentSetSize': [], 'SubmitTimes': [], 'StartTimes': [], 'EndTimes': [], 'TotalUserCpuTimeHistory': [], 'TotalSysCpuTimeHistory': [], 'WallDurations': [], 'JobIds': [], 'State': 'unsubmitted'}, '1920': {'Retries': 0, 'Restarts': 0, 'SiteHistory': [], 'ResidentSetSize': [], 'SubmitTimes': [], 'StartTimes': [], 'EndTimes': [], 'TotalUserCpuTimeHistory': [], 'TotalSysCpuTimeHistory': [], 'WallDurations': [], 'JobIds': [], 'State': 'unsubmitted'}, '1921': {'Retries': 0, 'Restarts': 0, 'SiteHistory': [], 'ResidentSetSize': [], 'SubmitTimes': [], 'StartTimes': [], 'EndTimes': [], 'TotalUserCpuTimeHistory': [], 'TotalSysCpuTimeHistory': [], 'WallDurations': [], 'JobIds': [], 'State': 'unsubmitted'}, '1922': {'Retries': 0, 'Restarts': 0, 'SiteHistory': [], 'ResidentSetSize': [], 'SubmitTimes': [], 'StartTimes': [], 'EndTimes': [], 'TotalUserCpuTimeHistory': [], 'TotalSysCpuTimeHistory': [], 'WallDurations': [], 'JobIds': [], 'State': 'unsubmitted'}, '1923': {'Retries': 0, 'Restarts': 0, 'SiteHistory': [], 'ResidentSetSize': [], 'SubmitTimes': [], 'StartTimes': [], 'EndTimes': [], 'TotalUserCpuTimeHistory': [], 'TotalSysCpuTimeHistory': [], 'WallDurations': [], 'JobIds': [], 'State': 'unsubmitted'}, '1924': {'Retries': 0, 'Restarts': 0, 'SiteHistory': [], 'ResidentSetSize': [], 'SubmitTimes': [], 'StartTimes': [], 'EndTimes': [], 'TotalUserCpuTimeHistory': [], 'TotalSysCpuTimeHistory': [], 'WallDurations': [], 'JobIds': [], 'State': 'unsubmitted'}, '1925': {'Retries': 0, 'Restarts': 0, 'SiteHistory': [], 'ResidentSetSize': [], 'SubmitTimes': [], 'StartTimes': [], 'EndTimes': [], 'TotalUserCpuTimeHistory': [], 'TotalSysCpuTimeHistory': [], 'WallDurations': [], 'JobIds': [], 'State': 'unsubmitted'}, '1926': {'Retries': 0, 'Restarts': 0, 'SiteHistory': [], 'ResidentSetSize': [], 'SubmitTimes': [], 'StartTimes': [], 'EndTimes': [], 'TotalUserCpuTimeHistory': [], 'TotalSysCpuTimeHistory': [], 'WallDurations': [], 'JobIds': [], 'State': 'unsubmitted'}, '1927': {'Retries': 0, 'Restarts': 0, 'SiteHistory': [], 'ResidentSetSize': [], 'SubmitTimes': [], 'StartTimes': [], 'EndTimes': [], 'TotalUserCpuTimeHistory': [], 'TotalSysCpuTimeHistory': [], 'WallDurations': [], 'JobIds': [], 'State': 'unsubmitted'}, '1928': {'Retries': 0, 'Restarts': 0, 'SiteHistory': [], 'ResidentSetSize': [], 'SubmitTimes': [], 'StartTimes': [], 'EndTimes': [], 'TotalUserCpuTimeHistory': [], 'TotalSysCpuTimeHistory': [], 'WallDurations': [], 'JobIds': [], 'State': 'unsubmitted'}, '1929': {'Retries': 0, 'Restarts': 0, 'SiteHistory': [], 'ResidentSetSize': [], 'SubmitTimes': [], 'StartTimes': [], 'EndTimes': [], 'TotalUserCpuTimeHistory': [], 'TotalSysCpuTimeHistory': [], 'WallDurations': [], 'JobIds': [], 'State': 'unsubmitted'}, '1930': {'Retries': 0, 'Restarts': 0, 'SiteHistory': [], 'ResidentSetSize': [], 'SubmitTimes': [], 'StartTimes': [], 'EndTimes': [], 'TotalUserCpuTimeHistory': [], 'TotalSysCpuTimeHistory': [], 'WallDurations': [], 'JobIds': [], 'State': 'unsubmitted'}, '1931': {'Retries': 0, 'Restarts': 0, 'SiteHistory': [], 'ResidentSetSize': [], 'SubmitTimes': [], 'StartTimes': [], 'EndTimes': [], 'TotalUserCpuTimeHistory': [], 'TotalSysCpuTimeHistory': [], 'WallDurations': [], 'JobIds': [], 'State': 'unsubmitted'}, '1932': {'Retries': 0, 'Restarts': 0, 'SiteHistory': [], 'ResidentSetSize': [], 'SubmitTimes': [], 'StartTimes': [], 'EndTimes': [], 'TotalUserCpuTimeHistory': [], 'TotalSysCpuTimeHistory': [], 'WallDurations': [], 'JobIds': [], 'State': 'unsubmitted'}, '1933': {'Retries': 0, 'Restarts': 0, 'SiteHistory': [], 'ResidentSetSize': [], 'SubmitTimes': [], 'StartTimes': [], 'EndTimes': [], 'TotalUserCpuTimeHistory': [], 'TotalSysCpuTimeHistory': [], 'WallDurations': [], 'JobIds': [], 'State': 'unsubmitted'}, '1934': {'Retries': 0, 'Restarts': 0, 'SiteHistory': [], 'ResidentSetSize': [], 'SubmitTimes': [], 'StartTimes': [], 'EndTimes': [], 'TotalUserCpuTimeHistory': [], 'TotalSysCpuTimeHistory': [], 'WallDurations': [], 'JobIds': [], 'State': 'unsubmitted'}, '1935': {'Retries': 0, 'Restarts': 0, 'SiteHistory': [], 'ResidentSetSize': [], 'SubmitTimes': [], 'StartTimes': [], 'EndTimes': [], 'TotalUserCpuTimeHistory': [], 'TotalSysCpuTimeHistory': [], 'WallDurations': [], 'JobIds': [], 'State': 'unsubmitted'}, '1936': {'Retries': 0, 'Restarts': 0, 'SiteHistory': [], 'ResidentSetSize': [], 'SubmitTimes': [], 'StartTimes': [], 'EndTimes': [], 'TotalUserCpuTimeHistory': [], 'TotalSysCpuTimeHistory': [], 'WallDurations': [], 'JobIds': [], 'State': 'unsubmitted'}, '1937': {'Retries': 0, 'Restarts': 0, 'SiteHistory': [], 'ResidentSetSize': [], 'SubmitTimes': [], 'StartTimes': [], 'EndTimes': [], 'TotalUserCpuTimeHistory': [], 'TotalSysCpuTimeHistory': [], 'WallDurations': [], 'JobIds': [], 'State': 'unsubmitted'}, '1938': {'Retries': 0, 'Restarts': 0, 'SiteHistory': [], 'ResidentSetSize': [], 'SubmitTimes': [], 'StartTimes': [], 'EndTimes': [], 'TotalUserCpuTimeHistory': [], 'TotalSysCpuTimeHistory': [], 'WallDurations': [], 'JobIds': [], 'State': 'unsubmitted'}, '1939': {'Retries': 0, 'Restarts': 0, 'SiteHistory': [], 'ResidentSetSize': [], 'SubmitTimes': [], 'StartTimes': [], 'EndTimes': [], 'TotalUserCpuTimeHistory': [], 'TotalSysCpuTimeHistory': [], 'WallDurations': [], 'JobIds': [], 'State': 'unsubmitted'}, '1940': {'Retries': 0, 'Restarts': 0, 'SiteHistory': [], 'ResidentSetSize': [], 'SubmitTimes': [], 'StartTimes': [], 'EndTimes': [], 'TotalUserCpuTimeHistory': [], 'TotalSysCpuTimeHistory': [], 'WallDurations': [], 'JobIds': [], 'State': 'unsubmitted'}, '1941': {'Retries': 0, 'Restarts': 0, 'SiteHistory': [], 'ResidentSetSize': [], 'SubmitTimes': [], 'StartTimes': [], 'EndTimes': [], 'TotalUserCpuTimeHistory': [], 'TotalSysCpuTimeHistory': [], 'WallDurations': [], 'JobIds': [], 'State': 'unsubmitted'}, '1942': {'Retries': 0, 'Restarts': 0, 'SiteHistory': [], 'ResidentSetSize': [], 'SubmitTimes': [], 'StartTimes': [], 'EndTimes': [], 'TotalUserCpuTimeHistory': [], 'TotalSysCpuTimeHistory': [], 'WallDurations': [], 'JobIds': [], 'State': 'unsubmitted'}, '1943': {'Retries': 0, 'Restarts': 0, 'SiteHistory': [], 'ResidentSetSize': [], 'SubmitTimes': [], 'StartTimes': [], 'EndTimes': [], 'TotalUserCpuTimeHistory': [], 'TotalSysCpuTimeHistory': [], 'WallDurations': [], 'JobIds': [], 'State': 'unsubmitted'}, '1944': {'Retries': 0, 'Restarts': 0, 'SiteHistory': [], 'ResidentSetSize': [], 'SubmitTimes': [], 'StartTimes': [], 'EndTimes': [], 'TotalUserCpuTimeHistory': [], 'TotalSysCpuTimeHistory': [], 'WallDurations': [], 'JobIds': [], 'State': 'unsubmitted'}, '1945': {'Retries': 0, 'Restarts': 0, 'SiteHistory': [], 'ResidentSetSize': [], 'SubmitTimes': [], 'StartTimes': [], 'EndTimes': [], 'TotalUserCpuTimeHistory': [], 'TotalSysCpuTimeHistory': [], 'WallDurations': [], 'JobIds': [], 'State': 'unsubmitted'}, '1946': {'Retries': 0, 'Restarts': 0, 'SiteHistory': [], 'ResidentSetSize': [], 'SubmitTimes': [], 'StartTimes': [], 'EndTimes': [], 'TotalUserCpuTimeHistory': [], 'TotalSysCpuTimeHistory': [], 'WallDurations': [], 'JobIds': [], 'State': 'unsubmitted'}, '1947': {'Retries': 0, 'Restarts': 0, 'SiteHistory': [], 'ResidentSetSize': [], 'SubmitTimes': [], 'StartTimes': [], 'EndTimes': [], 'TotalUserCpuTimeHistory': [], 'TotalSysCpuTimeHistory': [], 'WallDurations': [], 'JobIds': [], 'State': 'unsubmitted'}, '1948': {'Retries': 0, 'Restarts': 0, 'SiteHistory': [], 'ResidentSetSize': [], 'SubmitTimes': [], 'StartTimes': [], 'EndTimes': [], 'TotalUserCpuTimeHistory': [], 'TotalSysCpuTimeHistory': [], 'WallDurations': [], 'JobIds': [], 'State': 'unsubmitted'}, '1949': {'Retries': 0, 'Restarts': 0, 'SiteHistory': [], 'ResidentSetSize': [], 'SubmitTimes': [], 'StartTimes': [], 'EndTimes': [], 'TotalUserCpuTimeHistory': [], 'TotalSysCpuTimeHistory': [], 'WallDurations': [], 'JobIds': [], 'State': 'unsubmitted'}, '1950': {'Retries': 0, 'Restarts': 0, 'SiteHistory': [], 'ResidentSetSize': [], 'SubmitTimes': [], 'StartTimes': [], 'EndTimes': [], 'TotalUserCpuTimeHistory': [], 'TotalSysCpuTimeHistory': [], 'WallDurations': [], 'JobIds': [], 'State': 'unsubmitted'}, '1951': {'Retries': 0, 'Restarts': 0, 'SiteHistory': [], 'ResidentSetSize': [], 'SubmitTimes': [], 'StartTimes': [], 'EndTimes': [], 'TotalUserCpuTimeHistory': [], 'TotalSysCpuTimeHistory': [], 'WallDurations': [], 'JobIds': [], 'State': 'unsubmitted'}, '1952': {'Retries': 0, 'Restarts': 0, 'SiteHistory': [], 'ResidentSetSize': [], 'SubmitTimes': [], 'StartTimes': [], 'EndTimes': [], 'TotalUserCpuTimeHistory': [], 'TotalSysCpuTimeHistory': [], 'WallDurations': [], 'JobIds': [], 'State': 'unsubmitted'}, '1953': {'Retries': 0, 'Restarts': 0, 'SiteHistory': [], 'ResidentSetSize': [], 'SubmitTimes': [], 'StartTimes': [], 'EndTimes': [], 'TotalUserCpuTimeHistory': [], 'TotalSysCpuTimeHistory': [], 'WallDurations': [], 'JobIds': [], 'State': 'unsubmitted'}, '1954': {'Retries': 0, 'Restarts': 0, 'SiteHistory': [], 'ResidentSetSize': [], 'SubmitTimes': [], 'StartTimes': [], 'EndTimes': [], 'TotalUserCpuTimeHistory': [], 'TotalSysCpuTimeHistory': [], 'WallDurations': [], 'JobIds': [], 'State': 'unsubmitted'}, '1955': {'Retries': 0, 'Restarts': 0, 'SiteHistory': [], 'ResidentSetSize': [], 'SubmitTimes': [], 'StartTimes': [], 'EndTimes': [], 'TotalUserCpuTimeHistory': [], 'TotalSysCpuTimeHistory': [], 'WallDurations': [], 'JobIds': [], 'State': 'unsubmitted'}, '1956': {'Retries': 0, 'Restarts': 0, 'SiteHistory': [], 'ResidentSetSize': [], 'SubmitTimes': [], 'StartTimes': [], 'EndTimes': [], 'TotalUserCpuTimeHistory': [], 'TotalSysCpuTimeHistory': [], 'WallDurations': [], 'JobIds': [], 'State': 'unsubmitted'}, '1957': {'Retries': 0, 'Restarts': 0, 'SiteHistory': [], 'ResidentSetSize': [], 'SubmitTimes': [], 'StartTimes': [], 'EndTimes': [], 'TotalUserCpuTimeHistory': [], 'TotalSysCpuTimeHistory': [], 'WallDurations': [], 'JobIds': [], 'State': 'unsubmitted'}, '1958': {'Retries': 0, 'Restarts': 0, 'SiteHistory': [], 'ResidentSetSize': [], 'SubmitTimes': [], 'StartTimes': [], 'EndTimes': [], 'TotalUserCpuTimeHistory': [], 'TotalSysCpuTimeHistory': [], 'WallDurations': [], 'JobIds': [], 'State': 'unsubmitted'}, '1959': {'Retries': 0, 'Restarts': 0, 'SiteHistory': [], 'ResidentSetSize': [], 'SubmitTimes': [], 'StartTimes': [], 'EndTimes': [], 'TotalUserCpuTimeHistory': [], 'TotalSysCpuTimeHistory': [], 'WallDurations': [], 'JobIds': [], 'State': 'unsubmitted'}, '1960': {'Retries': 0, 'Restarts': 0, 'SiteHistory': [], 'ResidentSetSize': [], 'SubmitTimes': [], 'StartTimes': [], 'EndTimes': [], 'TotalUserCpuTimeHistory': [], 'TotalSysCpuTimeHistory': [], 'WallDurations': [], 'JobIds': [], 'State': 'unsubmitted'}, '1961': {'Retries': 0, 'Restarts': 0, 'SiteHistory': [], 'ResidentSetSize': [], 'SubmitTimes': [], 'StartTimes': [], 'EndTimes': [], 'TotalUserCpuTimeHistory': [], 'TotalSysCpuTimeHistory': [], 'WallDurations': [], 'JobIds': [], 'State': 'unsubmitted'}, '1962': {'Retries': 0, 'Restarts': 0, 'SiteHistory': [], 'ResidentSetSize': [], 'SubmitTimes': [], 'StartTimes': [], 'EndTimes': [], 'TotalUserCpuTimeHistory': [], 'TotalSysCpuTimeHistory': [], 'WallDurations': [], 'JobIds': [], 'State': 'unsubmitted'}, '1963': {'Retries': 0, 'Restarts': 0, 'SiteHistory': [], 'ResidentSetSize': [], 'SubmitTimes': [], 'StartTimes': [], 'EndTimes': [], 'TotalUserCpuTimeHistory': [], 'TotalSysCpuTimeHistory': [], 'WallDurations': [], 'JobIds': [], 'State': 'unsubmitted'}, '1964': {'Retries': 0, 'Restarts': 0, 'SiteHistory': [], 'ResidentSetSize': [], 'SubmitTimes': [], 'StartTimes': [], 'EndTimes': [], 'TotalUserCpuTimeHistory': [], 'TotalSysCpuTimeHistory': [], 'WallDurations': [], 'JobIds': [], 'State': 'unsubmitted'}, '1965': {'Retries': 0, 'Restarts': 0, 'SiteHistory': [], 'ResidentSetSize': [], 'SubmitTimes': [], 'StartTimes': [], 'EndTimes': [], 'TotalUserCpuTimeHistory': [], 'TotalSysCpuTimeHistory': [], 'WallDurations': [], 'JobIds': [], 'State': 'unsubmitted'}, '1966': {'Retries': 0, 'Restarts': 0, 'SiteHistory': [], 'ResidentSetSize': [], 'SubmitTimes': [], 'StartTimes': [], 'EndTimes': [], 'TotalUserCpuTimeHistory': [], 'TotalSysCpuTimeHistory': [], 'WallDurations': [], 'JobIds': [], 'State': 'unsubmitted'}, '1967': {'Retries': 0, 'Restarts': 0, 'SiteHistory': [], 'ResidentSetSize': [], 'SubmitTimes': [], 'StartTimes': [], 'EndTimes': [], 'TotalUserCpuTimeHistory': [], 'TotalSysCpuTimeHistory': [], 'WallDurations': [], 'JobIds': [], 'State': 'unsubmitted'}, '1968': {'Retries': 0, 'Restarts': 0, 'SiteHistory': [], 'ResidentSetSize': [], 'SubmitTimes': [], 'StartTimes': [], 'EndTimes': [], 'TotalUserCpuTimeHistory': [], 'TotalSysCpuTimeHistory': [], 'WallDurations': [], 'JobIds': [], 'State': 'unsubmitted'}, '1969': {'Retries': 0, 'Restarts': 0, 'SiteHistory': [], 'ResidentSetSize': [], 'SubmitTimes': [], 'StartTimes': [], 'EndTimes': [], 'TotalUserCpuTimeHistory': [], 'TotalSysCpuTimeHistory': [], 'WallDurations': [], 'JobIds': [], 'State': 'unsubmitted'}, '1970': {'Retries': 0, 'Restarts': 0, 'SiteHistory': [], 'ResidentSetSize': [], 'SubmitTimes': [], 'StartTimes': [], 'EndTimes': [], 'TotalUserCpuTimeHistory': [], 'TotalSysCpuTimeHistory': [], 'WallDurations': [], 'JobIds': [], 'State': 'unsubmitted'}, '1971': {'Retries': 0, 'Restarts': 0, 'SiteHistory': [], 'ResidentSetSize': [], 'SubmitTimes': [], 'StartTimes': [], 'EndTimes': [], 'TotalUserCpuTimeHistory': [], 'TotalSysCpuTimeHistory': [], 'WallDurations': [], 'JobIds': [], 'State': 'unsubmitted'}, '1972': {'Retries': 0, 'Restarts': 0, 'SiteHistory': [], 'ResidentSetSize': [], 'SubmitTimes': [], 'StartTimes': [], 'EndTimes': [], 'TotalUserCpuTimeHistory': [], 'TotalSysCpuTimeHistory': [], 'WallDurations': [], 'JobIds': [], 'State': 'unsubmitted'}, '1973': {'Retries': 0, 'Restarts': 0, 'SiteHistory': [], 'ResidentSetSize': [], 'SubmitTimes': [], 'StartTimes': [], 'EndTimes': [], 'TotalUserCpuTimeHistory': [], 'TotalSysCpuTimeHistory': [], 'WallDurations': [], 'JobIds': [], 'State': 'unsubmitted'}, '1974': {'Retries': 0, 'Restarts': 0, 'SiteHistory': [], 'ResidentSetSize': [], 'SubmitTimes': [], 'StartTimes': [], 'EndTimes': [], 'TotalUserCpuTimeHistory': [], 'TotalSysCpuTimeHistory': [], 'WallDurations': [], 'JobIds': [], 'State': 'unsubmitted'}, '1975': {'Retries': 0, 'Restarts': 0, 'SiteHistory': [], 'ResidentSetSize': [], 'SubmitTimes': [], 'StartTimes': [], 'EndTimes': [], 'TotalUserCpuTimeHistory': [], 'TotalSysCpuTimeHistory': [], 'WallDurations': [], 'JobIds': [], 'State': 'unsubmitted'}, '1976': {'Retries': 0, 'Restarts': 0, 'SiteHistory': [], 'ResidentSetSize': [], 'SubmitTimes': [], 'StartTimes': [], 'EndTimes': [], 'TotalUserCpuTimeHistory': [], 'TotalSysCpuTimeHistory': [], 'WallDurations': [], 'JobIds': [], 'State': 'unsubmitted'}, '1977': {'Retries': 0, 'Restarts': 0, 'SiteHistory': [], 'ResidentSetSize': [], 'SubmitTimes': [], 'StartTimes': [], 'EndTimes': [], 'TotalUserCpuTimeHistory': [], 'TotalSysCpuTimeHistory': [], 'WallDurations': [], 'JobIds': [], 'State': 'unsubmitted'}, '1978': {'Retries': 0, 'Restarts': 0, 'SiteHistory': [], 'ResidentSetSize': [], 'SubmitTimes': [], 'StartTimes': [], 'EndTimes': [], 'TotalUserCpuTimeHistory': [], 'TotalSysCpuTimeHistory': [], 'WallDurations': [], 'JobIds': [], 'State': 'unsubmitted'}, '1979': {'Retries': 0, 'Restarts': 0, 'SiteHistory': [], 'ResidentSetSize': [], 'SubmitTimes': [], 'StartTimes': [], 'EndTimes': [], 'TotalUserCpuTimeHistory': [], 'TotalSysCpuTimeHistory': [], 'WallDurations': [], 'JobIds': [], 'State': 'unsubmitted'}, '1980': {'Retries': 0, 'Restarts': 0, 'SiteHistory': [], 'ResidentSetSize': [], 'SubmitTimes': [], 'StartTimes': [], 'EndTimes': [], 'TotalUserCpuTimeHistory': [], 'TotalSysCpuTimeHistory': [], 'WallDurations': [], 'JobIds': [], 'State': 'unsubmitted'}, '1981': {'Retries': 0, 'Restarts': 0, 'SiteHistory': [], 'ResidentSetSize': [], 'SubmitTimes': [], 'StartTimes': [], 'EndTimes': [], 'TotalUserCpuTimeHistory': [], 'TotalSysCpuTimeHistory': [], 'WallDurations': [], 'JobIds': [], 'State': 'unsubmitted'}, '1982': {'Retries': 0, 'Restarts': 0, 'SiteHistory': [], 'ResidentSetSize': [], 'SubmitTimes': [], 'StartTimes': [], 'EndTimes': [], 'TotalUserCpuTimeHistory': [], 'TotalSysCpuTimeHistory': [], 'WallDurations': [], 'JobIds': [], 'State': 'unsubmitted'}, '1983': {'Retries': 0, 'Restarts': 0, 'SiteHistory': [], 'ResidentSetSize': [], 'SubmitTimes': [], 'StartTimes': [], 'EndTimes': [], 'TotalUserCpuTimeHistory': [], 'TotalSysCpuTimeHistory': [], 'WallDurations': [], 'JobIds': [], 'State': 'unsubmitted'}, '1984': {'Retries': 0, 'Restarts': 0, 'SiteHistory': [], 'ResidentSetSize': [], 'SubmitTimes': [], 'StartTimes': [], 'EndTimes': [], 'TotalUserCpuTimeHistory': [], 'TotalSysCpuTimeHistory': [], 'WallDurations': [], 'JobIds': [], 'State': 'unsubmitted'}, '1985': {'Retries': 0, 'Restarts': 0, 'SiteHistory': [], 'ResidentSetSize': [], 'SubmitTimes': [], 'StartTimes': [], 'EndTimes': [], 'TotalUserCpuTimeHistory': [], 'TotalSysCpuTimeHistory': [], 'WallDurations': [], 'JobIds': [], 'State': 'unsubmitted'}, '1986': {'Retries': 0, 'Restarts': 0, 'SiteHistory': [], 'ResidentSetSize': [], 'SubmitTimes': [], 'StartTimes': [], 'EndTimes': [], 'TotalUserCpuTimeHistory': [], 'TotalSysCpuTimeHistory': [], 'WallDurations': [], 'JobIds': [], 'State': 'unsubmitted'}, '1987': {'Retries': 0, 'Restarts': 0, 'SiteHistory': [], 'ResidentSetSize': [], 'SubmitTimes': [], 'StartTimes': [], 'EndTimes': [], 'TotalUserCpuTimeHistory': [], 'TotalSysCpuTimeHistory': [], 'WallDurations': [], 'JobIds': [], 'State': 'unsubmitted'}, '1988': {'Retries': 0, 'Restarts': 0, 'SiteHistory': [], 'ResidentSetSize': [], 'SubmitTimes': [], 'StartTimes': [], 'EndTimes': [], 'TotalUserCpuTimeHistory': [], 'TotalSysCpuTimeHistory': [], 'WallDurations': [], 'JobIds': [], 'State': 'unsubmitted'}, '1989': {'Retries': 0, 'Restarts': 0, 'SiteHistory': [], 'ResidentSetSize': [], 'SubmitTimes': [], 'StartTimes': [], 'EndTimes': [], 'TotalUserCpuTimeHistory': [], 'TotalSysCpuTimeHistory': [], 'WallDurations': [], 'JobIds': [], 'State': 'unsubmitted'}, '1990': {'Retries': 0, 'Restarts': 0, 'SiteHistory': [], 'ResidentSetSize': [], 'SubmitTimes': [], 'StartTimes': [], 'EndTimes': [], 'TotalUserCpuTimeHistory': [], 'TotalSysCpuTimeHistory': [], 'WallDurations': [], 'JobIds': [], 'State': 'unsubmitted'}, '1991': {'Retries': 0, 'Restarts': 0, 'SiteHistory': [], 'ResidentSetSize': [], 'SubmitTimes': [], 'StartTimes': [], 'EndTimes': [], 'TotalUserCpuTimeHistory': [], 'TotalSysCpuTimeHistory': [], 'WallDurations': [], 'JobIds': [], 'State': 'unsubmitted'}, '1992': {'Retries': 0, 'Restarts': 0, 'SiteHistory': [], 'ResidentSetSize': [], 'SubmitTimes': [], 'StartTimes': [], 'EndTimes': [], 'TotalUserCpuTimeHistory': [], 'TotalSysCpuTimeHistory': [], 'WallDurations': [], 'JobIds': [], 'State': 'unsubmitted'}, '1993': {'Retries': 0, 'Restarts': 0, 'SiteHistory': [], 'ResidentSetSize': [], 'SubmitTimes': [], 'StartTimes': [], 'EndTimes': [], 'TotalUserCpuTimeHistory': [], 'TotalSysCpuTimeHistory': [], 'WallDurations': [], 'JobIds': [], 'State': 'unsubmitted'}, '1994': {'Retries': 0, 'Restarts': 0, 'SiteHistory': [], 'ResidentSetSize': [], 'SubmitTimes': [], 'StartTimes': [], 'EndTimes': [], 'TotalUserCpuTimeHistory': [], 'TotalSysCpuTimeHistory': [], 'WallDurations': [], 'JobIds': [], 'State': 'unsubmitted'}, '1995': {'Retries': 0, 'Restarts': 0, 'SiteHistory': [], 'ResidentSetSize': [], 'SubmitTimes': [], 'StartTimes': [], 'EndTimes': [], 'TotalUserCpuTimeHistory': [], 'TotalSysCpuTimeHistory': [], 'WallDurations': [], 'JobIds': [], 'State': 'unsubmitted'}, '1996': {'Retries': 0, 'Restarts': 0, 'SiteHistory': [], 'ResidentSetSize': [], 'SubmitTimes': [], 'StartTimes': [], 'EndTimes': [], 'TotalUserCpuTimeHistory': [], 'TotalSysCpuTimeHistory': [], 'WallDurations': [], 'JobIds': [], 'State': 'unsubmitted'}, '1997': {'Retries': 0, 'Restarts': 0, 'SiteHistory': [], 'ResidentSetSize': [], 'SubmitTimes': [], 'StartTimes': [], 'EndTimes': [], 'TotalUserCpuTimeHistory': [], 'TotalSysCpuTimeHistory': [], 'WallDurations': [], 'JobIds': [], 'State': 'unsubmitted'}, '1998': {'Retries': 0, 'Restarts': 0, 'SiteHistory': [], 'ResidentSetSize': [], 'SubmitTimes': [], 'StartTimes': [], 'EndTimes': [], 'TotalUserCpuTimeHistory': [], 'TotalSysCpuTimeHistory': [], 'WallDurations': [], 'JobIds': [], 'State': 'unsubmitted'}, '1999': {'Retries': 0, 'Restarts': 0, 'SiteHistory': [], 'ResidentSetSize': [], 'SubmitTimes': [], 'StartTimes': [], 'EndTimes': [], 'TotalUserCpuTimeHistory': [], 'TotalSysCpuTimeHistory': [], 'WallDurations': [], 'JobIds': [], 'State': 'unsubmitted'}, '2000': {'Retries': 0, 'Restarts': 0, 'SiteHistory': [], 'ResidentSetSize': [], 'SubmitTimes': [], 'StartTimes': [], 'EndTimes': [], 'TotalUserCpuTimeHistory': [], 'TotalSysCpuTimeHistory': [], 'WallDurations': [], 'JobIds': [], 'State': 'unsubmitted'}, '2001': {'Retries': 0, 'Restarts': 0, 'SiteHistory': [], 'ResidentSetSize': [], 'SubmitTimes': [], 'StartTimes': [], 'EndTimes': [], 'TotalUserCpuTimeHistory': [], 'TotalSysCpuTimeHistory': [], 'WallDurations': [], 'JobIds': [], 'State': 'unsubmitted'}, '2002': {'Retries': 0, 'Restarts': 0, 'SiteHistory': [], 'ResidentSetSize': [], 'SubmitTimes': [], 'StartTimes': [], 'EndTimes': [], 'TotalUserCpuTimeHistory': [], 'TotalSysCpuTimeHistory': [], 'WallDurations': [], 'JobIds': [], 'State': 'unsubmitted'}, '2003': {'Retries': 0, 'Restarts': 0, 'SiteHistory': [], 'ResidentSetSize': [], 'SubmitTimes': [], 'StartTimes': [], 'EndTimes': [], 'TotalUserCpuTimeHistory': [], 'TotalSysCpuTimeHistory': [], 'WallDurations': [], 'JobIds': [], 'State': 'unsubmitted'}, '2004': {'Retries': 0, 'Restarts': 0, 'SiteHistory': [], 'ResidentSetSize': [], 'SubmitTimes': [], 'StartTimes': [], 'EndTimes': [], 'TotalUserCpuTimeHistory': [], 'TotalSysCpuTimeHistory': [], 'WallDurations': [], 'JobIds': [], 'State': 'unsubmitted'}, '2005': {'Retries': 0, 'Restarts': 0, 'SiteHistory': [], 'ResidentSetSize': [], 'SubmitTimes': [], 'StartTimes': [], 'EndTimes': [], 'TotalUserCpuTimeHistory': [], 'TotalSysCpuTimeHistory': [], 'WallDurations': [], 'JobIds': [], 'State': 'unsubmitted'}, '2006': {'Retries': 0, 'Restarts': 0, 'SiteHistory': [], 'ResidentSetSize': [], 'SubmitTimes': [], 'StartTimes': [], 'EndTimes': [], 'TotalUserCpuTimeHistory': [], 'TotalSysCpuTimeHistory': [], 'WallDurations': [], 'JobIds': [], 'State': 'unsubmitted'}, '2007': {'Retries': 0, 'Restarts': 0, 'SiteHistory': [], 'ResidentSetSize': [], 'SubmitTimes': [], 'StartTimes': [], 'EndTimes': [], 'TotalUserCpuTimeHistory': [], 'TotalSysCpuTimeHistory': [], 'WallDurations': [], 'JobIds': [], 'State': 'unsubmitted'}, '2008': {'Retries': 0, 'Restarts': 0, 'SiteHistory': [], 'ResidentSetSize': [], 'SubmitTimes': [], 'StartTimes': [], 'EndTimes': [], 'TotalUserCpuTimeHistory': [], 'TotalSysCpuTimeHistory': [], 'WallDurations': [], 'JobIds': [], 'State': 'unsubmitted'}, '2009': {'Retries': 0, 'Restarts': 0, 'SiteHistory': [], 'ResidentSetSize': [], 'SubmitTimes': [], 'StartTimes': [], 'EndTimes': [], 'TotalUserCpuTimeHistory': [], 'TotalSysCpuTimeHistory': [], 'WallDurations': [], 'JobIds': [], 'State': 'unsubmitted'}, '2010': {'Retries': 0, 'Restarts': 0, 'SiteHistory': [], 'ResidentSetSize': [], 'SubmitTimes': [], 'StartTimes': [], 'EndTimes': [], 'TotalUserCpuTimeHistory': [], 'TotalSysCpuTimeHistory': [], 'WallDurations': [], 'JobIds': [], 'State': 'unsubmitted'}, '2011': {'Retries': 0, 'Restarts': 0, 'SiteHistory': [], 'ResidentSetSize': [], 'SubmitTimes': [], 'StartTimes': [], 'EndTimes': [], 'TotalUserCpuTimeHistory': [], 'TotalSysCpuTimeHistory': [], 'WallDurations': [], 'JobIds': [], 'State': 'unsubmitted'}, '2012': {'Retries': 0, 'Restarts': 0, 'SiteHistory': [], 'ResidentSetSize': [], 'SubmitTimes': [], 'StartTimes': [], 'EndTimes': [], 'TotalUserCpuTimeHistory': [], 'TotalSysCpuTimeHistory': [], 'WallDurations': [], 'JobIds': [], 'State': 'unsubmitted'}, '2013': {'Retries': 0, 'Restarts': 0, 'SiteHistory': [], 'ResidentSetSize': [], 'SubmitTimes': [], 'StartTimes': [], 'EndTimes': [], 'TotalUserCpuTimeHistory': [], 'TotalSysCpuTimeHistory': [], 'WallDurations': [], 'JobIds': [], 'State': 'unsubmitted'}, '2014': {'Retries': 0, 'Restarts': 0, 'SiteHistory': [], 'ResidentSetSize': [], 'SubmitTimes': [], 'StartTimes': [], 'EndTimes': [], 'TotalUserCpuTimeHistory': [], 'TotalSysCpuTimeHistory': [], 'WallDurations': [], 'JobIds': [], 'State': 'unsubmitted'}, '2015': {'Retries': 0, 'Restarts': 0, 'SiteHistory': [], 'ResidentSetSize': [], 'SubmitTimes': [], 'StartTimes': [], 'EndTimes': [], 'TotalUserCpuTimeHistory': [], 'TotalSysCpuTimeHistory': [], 'WallDurations': [], 'JobIds': [], 'State': 'unsubmitted'}, '2016': {'Retries': 0, 'Restarts': 0, 'SiteHistory': [], 'ResidentSetSize': [], 'SubmitTimes': [], 'StartTimes': [], 'EndTimes': [], 'TotalUserCpuTimeHistory': [], 'TotalSysCpuTimeHistory': [], 'WallDurations': [], 'JobIds': [], 'State': 'unsubmitted'}, '2017': {'Retries': 0, 'Restarts': 0, 'SiteHistory': [], 'ResidentSetSize': [], 'SubmitTimes': [], 'StartTimes': [], 'EndTimes': [], 'TotalUserCpuTimeHistory': [], 'TotalSysCpuTimeHistory': [], 'WallDurations': [], 'JobIds': [], 'State': 'unsubmitted'}, '2018': {'Retries': 0, 'Restarts': 0, 'SiteHistory': [], 'ResidentSetSize': [], 'SubmitTimes': [], 'StartTimes': [], 'EndTimes': [], 'TotalUserCpuTimeHistory': [], 'TotalSysCpuTimeHistory': [], 'WallDurations': [], 'JobIds': [], 'State': 'unsubmitted'}, '2019': {'Retries': 0, 'Restarts': 0, 'SiteHistory': [], 'ResidentSetSize': [], 'SubmitTimes': [], 'StartTimes': [], 'EndTimes': [], 'TotalUserCpuTimeHistory': [], 'TotalSysCpuTimeHistory': [], 'WallDurations': [], 'JobIds': [], 'State': 'unsubmitted'}, '2020': {'Retries': 0, 'Restarts': 0, 'SiteHistory': [], 'ResidentSetSize': [], 'SubmitTimes': [], 'StartTimes': [], 'EndTimes': [], 'TotalUserCpuTimeHistory': [], 'TotalSysCpuTimeHistory': [], 'WallDurations': [], 'JobIds': [], 'State': 'unsubmitted'}, '2021': {'Retries': 0, 'Restarts': 0, 'SiteHistory': [], 'ResidentSetSize': [], 'SubmitTimes': [], 'StartTimes': [], 'EndTimes': [], 'TotalUserCpuTimeHistory': [], 'TotalSysCpuTimeHistory': [], 'WallDurations': [], 'JobIds': [], 'State': 'unsubmitted'}, '2022': {'Retries': 0, 'Restarts': 0, 'SiteHistory': [], 'ResidentSetSize': [], 'SubmitTimes': [], 'StartTimes': [], 'EndTimes': [], 'TotalUserCpuTimeHistory': [], 'TotalSysCpuTimeHistory': [], 'WallDurations': [], 'JobIds': [], 'State': 'unsubmitted'}, '2023': {'Retries': 0, 'Restarts': 0, 'SiteHistory': [], 'ResidentSetSize': [], 'SubmitTimes': [], 'StartTimes': [], 'EndTimes': [], 'TotalUserCpuTimeHistory': [], 'TotalSysCpuTimeHistory': [], 'WallDurations': [], 'JobIds': [], 'State': 'unsubmitted'}, '2024': {'Retries': 0, 'Restarts': 0, 'SiteHistory': [], 'ResidentSetSize': [], 'SubmitTimes': [], 'StartTimes': [], 'EndTimes': [], 'TotalUserCpuTimeHistory': [], 'TotalSysCpuTimeHistory': [], 'WallDurations': [], 'JobIds': [], 'State': 'unsubmitted'}, '2025': {'Retries': 0, 'Restarts': 0, 'SiteHistory': [], 'ResidentSetSize': [], 'SubmitTimes': [], 'StartTimes': [], 'EndTimes': [], 'TotalUserCpuTimeHistory': [], 'TotalSysCpuTimeHistory': [], 'WallDurations': [], 'JobIds': [], 'State': 'unsubmitted'}, '2026': {'Retries': 0, 'Restarts': 0, 'SiteHistory': [], 'ResidentSetSize': [], 'SubmitTimes': [], 'StartTimes': [], 'EndTimes': [], 'TotalUserCpuTimeHistory': [], 'TotalSysCpuTimeHistory': [], 'WallDurations': [], 'JobIds': [], 'State': 'unsubmitted'}, '2027': {'Retries': 0, 'Restarts': 0, 'SiteHistory': [], 'ResidentSetSize': [], 'SubmitTimes': [], 'StartTimes': [], 'EndTimes': [], 'TotalUserCpuTimeHistory': [], 'TotalSysCpuTimeHistory': [], 'WallDurations': [], 'JobIds': [], 'State': 'unsubmitted'}, '2028': {'Retries': 0, 'Restarts': 0, 'SiteHistory': [], 'ResidentSetSize': [], 'SubmitTimes': [], 'StartTimes': [], 'EndTimes': [], 'TotalUserCpuTimeHistory': [], 'TotalSysCpuTimeHistory': [], 'WallDurations': [], 'JobIds': [], 'State': 'unsubmitted'}, '2029': {'Retries': 0, 'Restarts': 0, 'SiteHistory': [], 'ResidentSetSize': [], 'SubmitTimes': [], 'StartTimes': [], 'EndTimes': [], 'TotalUserCpuTimeHistory': [], 'TotalSysCpuTimeHistory': [], 'WallDurations': [], 'JobIds': [], 'State': 'unsubmitted'}, '2030': {'Retries': 0, 'Restarts': 0, 'SiteHistory': [], 'ResidentSetSize': [], 'SubmitTimes': [], 'StartTimes': [], 'EndTimes': [], 'TotalUserCpuTimeHistory': [], 'TotalSysCpuTimeHistory': [], 'WallDurations': [], 'JobIds': [], 'State': 'unsubmitted'}, '2031': {'Retries': 0, 'Restarts': 0, 'SiteHistory': [], 'ResidentSetSize': [], 'SubmitTimes': [], 'StartTimes': [], 'EndTimes': [], 'TotalUserCpuTimeHistory': [], 'TotalSysCpuTimeHistory': [], 'WallDurations': [], 'JobIds': [], 'State': 'unsubmitted'}, '2032': {'Retries': 0, 'Restarts': 0, 'SiteHistory': [], 'ResidentSetSize': [], 'SubmitTimes': [], 'StartTimes': [], 'EndTimes': [], 'TotalUserCpuTimeHistory': [], 'TotalSysCpuTimeHistory': [], 'WallDurations': [], 'JobIds': [], 'State': 'unsubmitted'}, '2033': {'Retries': 0, 'Restarts': 0, 'SiteHistory': [], 'ResidentSetSize': [], 'SubmitTimes': [], 'StartTimes': [], 'EndTimes': [], 'TotalUserCpuTimeHistory': [], 'TotalSysCpuTimeHistory': [], 'WallDurations': [], 'JobIds': [], 'State': 'unsubmitted'}, '2034': {'Retries': 0, 'Restarts': 0, 'SiteHistory': [], 'ResidentSetSize': [], 'SubmitTimes': [], 'StartTimes': [], 'EndTimes': [], 'TotalUserCpuTimeHistory': [], 'TotalSysCpuTimeHistory': [], 'WallDurations': [], 'JobIds': [], 'State': 'unsubmitted'}, '2035': {'Retries': 0, 'Restarts': 0, 'SiteHistory': [], 'ResidentSetSize': [], 'SubmitTimes': [], 'StartTimes': [], 'EndTimes': [], 'TotalUserCpuTimeHistory': [], 'TotalSysCpuTimeHistory': [], 'WallDurations': [], 'JobIds': [], 'State': 'unsubmitted'}, '2036': {'Retries': 0, 'Restarts': 0, 'SiteHistory': [], 'ResidentSetSize': [], 'SubmitTimes': [], 'StartTimes': [], 'EndTimes': [], 'TotalUserCpuTimeHistory': [], 'TotalSysCpuTimeHistory': [], 'WallDurations': [], 'JobIds': [], 'State': 'unsubmitted'}, '2037': {'Retries': 0, 'Restarts': 0, 'SiteHistory': [], 'ResidentSetSize': [], 'SubmitTimes': [], 'StartTimes': [], 'EndTimes': [], 'TotalUserCpuTimeHistory': [], 'TotalSysCpuTimeHistory': [], 'WallDurations': [], 'JobIds': [], 'State': 'unsubmitted'}, '2038': {'Retries': 0, 'Restarts': 0, 'SiteHistory': [], 'ResidentSetSize': [], 'SubmitTimes': [], 'StartTimes': [], 'EndTimes': [], 'TotalUserCpuTimeHistory': [], 'TotalSysCpuTimeHistory': [], 'WallDurations': [], 'JobIds': [], 'State': 'unsubmitted'}, '2039': {'Retries': 0, 'Restarts': 0, 'SiteHistory': [], 'ResidentSetSize': [], 'SubmitTimes': [], 'StartTimes': [], 'EndTimes': [], 'TotalUserCpuTimeHistory': [], 'TotalSysCpuTimeHistory': [], 'WallDurations': [], 'JobIds': [], 'State': 'unsubmitted'}, '2040': {'Retries': 0, 'Restarts': 0, 'SiteHistory': [], 'ResidentSetSize': [], 'SubmitTimes': [], 'StartTimes': [], 'EndTimes': [], 'TotalUserCpuTimeHistory': [], 'TotalSysCpuTimeHistory': [], 'WallDurations': [], 'JobIds': [], 'State': 'unsubmitted'}, '2041': {'Retries': 0, 'Restarts': 0, 'SiteHistory': [], 'ResidentSetSize': [], 'SubmitTimes': [], 'StartTimes': [], 'EndTimes': [], 'TotalUserCpuTimeHistory': [], 'TotalSysCpuTimeHistory': [], 'WallDurations': [], 'JobIds': [], 'State': 'unsubmitted'}, '2042': {'Retries': 0, 'Restarts': 0, 'SiteHistory': [], 'ResidentSetSize': [], 'SubmitTimes': [], 'StartTimes': [], 'EndTimes': [], 'TotalUserCpuTimeHistory': [], 'TotalSysCpuTimeHistory': [], 'WallDurations': [], 'JobIds': [], 'State': 'unsubmitted'}, '2043': {'Retries': 0, 'Restarts': 0, 'SiteHistory': [], 'ResidentSetSize': [], 'SubmitTimes': [], 'StartTimes': [], 'EndTimes': [], 'TotalUserCpuTimeHistory': [], 'TotalSysCpuTimeHistory': [], 'WallDurations': [], 'JobIds': [], 'State': 'unsubmitted'}, '2044': {'Retries': 0, 'Restarts': 0, 'SiteHistory': [], 'ResidentSetSize': [], 'SubmitTimes': [], 'StartTimes': [], 'EndTimes': [], 'TotalUserCpuTimeHistory': [], 'TotalSysCpuTimeHistory': [], 'WallDurations': [], 'JobIds': [], 'State': 'unsubmitted'}, '2045': {'Retries': 0, 'Restarts': 0, 'SiteHistory': [], 'ResidentSetSize': [], 'SubmitTimes': [], 'StartTimes': [], 'EndTimes': [], 'TotalUserCpuTimeHistory': [], 'TotalSysCpuTimeHistory': [], 'WallDurations': [], 'JobIds': [], 'State': 'unsubmitted'}, '2046': {'Retries': 0, 'Restarts': 0, 'SiteHistory': [], 'ResidentSetSize': [], 'SubmitTimes': [], 'StartTimes': [], 'EndTimes': [], 'TotalUserCpuTimeHistory': [], 'TotalSysCpuTimeHistory': [], 'WallDurations': [], 'JobIds': [], 'State': 'unsubmitted'}, '2047': {'Retries': 0, 'Restarts': 0, 'SiteHistory': [], 'ResidentSetSize': [], 'SubmitTimes': [], 'StartTimes': [], 'EndTimes': [], 'TotalUserCpuTimeHistory': [], 'TotalSysCpuTimeHistory': [], 'WallDurations': [], 'JobIds': [], 'State': 'unsubmitted'}, '2048': {'Retries': 0, 'Restarts': 0, 'SiteHistory': [], 'ResidentSetSize': [], 'SubmitTimes': [], 'StartTimes': [], 'EndTimes': [], 'TotalUserCpuTimeHistory': [], 'TotalSysCpuTimeHistory': [], 'WallDurations': [], 'JobIds': [], 'State': 'unsubmitted'}, '2049': {'Retries': 0, 'Restarts': 0, 'SiteHistory': [], 'ResidentSetSize': [], 'SubmitTimes': [], 'StartTimes': [], 'EndTimes': [], 'TotalUserCpuTimeHistory': [], 'TotalSysCpuTimeHistory': [], 'WallDurations': [], 'JobIds': [], 'State': 'unsubmitted'}, '2050': {'Retries': 0, 'Restarts': 0, 'SiteHistory': [], 'ResidentSetSize': [], 'SubmitTimes': [], 'StartTimes': [], 'EndTimes': [], 'TotalUserCpuTimeHistory': [], 'TotalSysCpuTimeHistory': [], 'WallDurations': [], 'JobIds': [], 'State': 'unsubmitted'}, '2051': {'Retries': 0, 'Restarts': 0, 'SiteHistory': [], 'ResidentSetSize': [], 'SubmitTimes': [], 'StartTimes': [], 'EndTimes': [], 'TotalUserCpuTimeHistory': [], 'TotalSysCpuTimeHistory': [], 'WallDurations': [], 'JobIds': [], 'State': 'unsubmitted'}, '2052': {'Retries': 0, 'Restarts': 0, 'SiteHistory': [], 'ResidentSetSize': [], 'SubmitTimes': [], 'StartTimes': [], 'EndTimes': [], 'TotalUserCpuTimeHistory': [], 'TotalSysCpuTimeHistory': [], 'WallDurations': [], 'JobIds': [], 'State': 'unsubmitted'}, '2053': {'Retries': 0, 'Restarts': 0, 'SiteHistory': [], 'ResidentSetSize': [], 'SubmitTimes': [], 'StartTimes': [], 'EndTimes': [], 'TotalUserCpuTimeHistory': [], 'TotalSysCpuTimeHistory': [], 'WallDurations': [], 'JobIds': [], 'State': 'unsubmitted'}, '2054': {'Retries': 0, 'Restarts': 0, 'SiteHistory': [], 'ResidentSetSize': [], 'SubmitTimes': [], 'StartTimes': [], 'EndTimes': [], 'TotalUserCpuTimeHistory': [], 'TotalSysCpuTimeHistory': [], 'WallDurations': [], 'JobIds': [], 'State': 'unsubmitted'}, '2055': {'Retries': 0, 'Restarts': 0, 'SiteHistory': [], 'ResidentSetSize': [], 'SubmitTimes': [], 'StartTimes': [], 'EndTimes': [], 'TotalUserCpuTimeHistory': [], 'TotalSysCpuTimeHistory': [], 'WallDurations': [], 'JobIds': [], 'State': 'unsubmitted'}, '2056': {'Retries': 0, 'Restarts': 0, 'SiteHistory': [], 'ResidentSetSize': [], 'SubmitTimes': [], 'StartTimes': [], 'EndTimes': [], 'TotalUserCpuTimeHistory': [], 'TotalSysCpuTimeHistory': [], 'WallDurations': [], 'JobIds': [], 'State': 'unsubmitted'}, '2057': {'Retries': 0, 'Restarts': 0, 'SiteHistory': [], 'ResidentSetSize': [], 'SubmitTimes': [], 'StartTimes': [], 'EndTimes': [], 'TotalUserCpuTimeHistory': [], 'TotalSysCpuTimeHistory': [], 'WallDurations': [], 'JobIds': [], 'State': 'unsubmitted'}, '2058': {'Retries': 0, 'Restarts': 0, 'SiteHistory': [], 'ResidentSetSize': [], 'SubmitTimes': [], 'StartTimes': [], 'EndTimes': [], 'TotalUserCpuTimeHistory': [], 'TotalSysCpuTimeHistory': [], 'WallDurations': [], 'JobIds': [], 'State': 'unsubmitted'}, '2059': {'Retries': 0, 'Restarts': 0, 'SiteHistory': [], 'ResidentSetSize': [], 'SubmitTimes': [], 'StartTimes': [], 'EndTimes': [], 'TotalUserCpuTimeHistory': [], 'TotalSysCpuTimeHistory': [], 'WallDurations': [], 'JobIds': [], 'State': 'unsubmitted'}, '2060': {'Retries': 0, 'Restarts': 0, 'SiteHistory': [], 'ResidentSetSize': [], 'SubmitTimes': [], 'StartTimes': [], 'EndTimes': [], 'TotalUserCpuTimeHistory': [], 'TotalSysCpuTimeHistory': [], 'WallDurations': [], 'JobIds': [], 'State': 'unsubmitted'}, '2061': {'Retries': 0, 'Restarts': 0, 'SiteHistory': [], 'ResidentSetSize': [], 'SubmitTimes': [], 'StartTimes': [], 'EndTimes': [], 'TotalUserCpuTimeHistory': [], 'TotalSysCpuTimeHistory': [], 'WallDurations': [], 'JobIds': [], 'State': 'unsubmitted'}, '2062': {'Retries': 0, 'Restarts': 0, 'SiteHistory': [], 'ResidentSetSize': [], 'SubmitTimes': [], 'StartTimes': [], 'EndTimes': [], 'TotalUserCpuTimeHistory': [], 'TotalSysCpuTimeHistory': [], 'WallDurations': [], 'JobIds': [], 'State': 'unsubmitted'}, '2063': {'Retries': 0, 'Restarts': 0, 'SiteHistory': [], 'ResidentSetSize': [], 'SubmitTimes': [], 'StartTimes': [], 'EndTimes': [], 'TotalUserCpuTimeHistory': [], 'TotalSysCpuTimeHistory': [], 'WallDurations': [], 'JobIds': [], 'State': 'unsubmitted'}, '2064': {'Retries': 0, 'Restarts': 0, 'SiteHistory': [], 'ResidentSetSize': [], 'SubmitTimes': [], 'StartTimes': [], 'EndTimes': [], 'TotalUserCpuTimeHistory': [], 'TotalSysCpuTimeHistory': [], 'WallDurations': [], 'JobIds': [], 'State': 'unsubmitted'}, '2065': {'Retries': 0, 'Restarts': 0, 'SiteHistory': [], 'ResidentSetSize': [], 'SubmitTimes': [], 'StartTimes': [], 'EndTimes': [], 'TotalUserCpuTimeHistory': [], 'TotalSysCpuTimeHistory': [], 'WallDurations': [], 'JobIds': [], 'State': 'unsubmitted'}, '2066': {'Retries': 0, 'Restarts': 0, 'SiteHistory': [], 'ResidentSetSize': [], 'SubmitTimes': [], 'StartTimes': [], 'EndTimes': [], 'TotalUserCpuTimeHistory': [], 'TotalSysCpuTimeHistory': [], 'WallDurations': [], 'JobIds': [], 'State': 'unsubmitted'}, '2067': {'Retries': 0, 'Restarts': 0, 'SiteHistory': [], 'ResidentSetSize': [], 'SubmitTimes': [], 'StartTimes': [], 'EndTimes': [], 'TotalUserCpuTimeHistory': [], 'TotalSysCpuTimeHistory': [], 'WallDurations': [], 'JobIds': [], 'State': 'unsubmitted'}, '2068': {'Retries': 0, 'Restarts': 0, 'SiteHistory': [], 'ResidentSetSize': [], 'SubmitTimes': [], 'StartTimes': [], 'EndTimes': [], 'TotalUserCpuTimeHistory': [], 'TotalSysCpuTimeHistory': [], 'WallDurations': [], 'JobIds': [], 'State': 'unsubmitted'}, '2069': {'Retries': 0, 'Restarts': 0, 'SiteHistory': [], 'ResidentSetSize': [], 'SubmitTimes': [], 'StartTimes': [], 'EndTimes': [], 'TotalUserCpuTimeHistory': [], 'TotalSysCpuTimeHistory': [], 'WallDurations': [], 'JobIds': [], 'State': 'unsubmitted'}, '2070': {'Retries': 0, 'Restarts': 0, 'SiteHistory': [], 'ResidentSetSize': [], 'SubmitTimes': [], 'StartTimes': [], 'EndTimes': [], 'TotalUserCpuTimeHistory': [], 'TotalSysCpuTimeHistory': [], 'WallDurations': [], 'JobIds': [], 'State': 'unsubmitted'}, '2071': {'Retries': 0, 'Restarts': 0, 'SiteHistory': [], 'ResidentSetSize': [], 'SubmitTimes': [], 'StartTimes': [], 'EndTimes': [], 'TotalUserCpuTimeHistory': [], 'TotalSysCpuTimeHistory': [], 'WallDurations': [], 'JobIds': [], 'State': 'unsubmitted'}, '2072': {'Retries': 0, 'Restarts': 0, 'SiteHistory': [], 'ResidentSetSize': [], 'SubmitTimes': [], 'StartTimes': [], 'EndTimes': [], 'TotalUserCpuTimeHistory': [], 'TotalSysCpuTimeHistory': [], 'WallDurations': [], 'JobIds': [], 'State': 'unsubmitted'}, '2073': {'Retries': 0, 'Restarts': 0, 'SiteHistory': [], 'ResidentSetSize': [], 'SubmitTimes': [], 'StartTimes': [], 'EndTimes': [], 'TotalUserCpuTimeHistory': [], 'TotalSysCpuTimeHistory': [], 'WallDurations': [], 'JobIds': [], 'State': 'unsubmitted'}, '2074': {'Retries': 0, 'Restarts': 0, 'SiteHistory': [], 'ResidentSetSize': [], 'SubmitTimes': [], 'StartTimes': [], 'EndTimes': [], 'TotalUserCpuTimeHistory': [], 'TotalSysCpuTimeHistory': [], 'WallDurations': [], 'JobIds': [], 'State': 'unsubmitted'}, '2075': {'Retries': 0, 'Restarts': 0, 'SiteHistory': [], 'ResidentSetSize': [], 'SubmitTimes': [], 'StartTimes': [], 'EndTimes': [], 'TotalUserCpuTimeHistory': [], 'TotalSysCpuTimeHistory': [], 'WallDurations': [], 'JobIds': [], 'State': 'unsubmitted'}, '2076': {'Retries': 0, 'Restarts': 0, 'SiteHistory': [], 'ResidentSetSize': [], 'SubmitTimes': [], 'StartTimes': [], 'EndTimes': [], 'TotalUserCpuTimeHistory': [], 'TotalSysCpuTimeHistory': [], 'WallDurations': [], 'JobIds': [], 'State': 'unsubmitted'}, '2077': {'Retries': 0, 'Restarts': 0, 'SiteHistory': [], 'ResidentSetSize': [], 'SubmitTimes': [], 'StartTimes': [], 'EndTimes': [], 'TotalUserCpuTimeHistory': [], 'TotalSysCpuTimeHistory': [], 'WallDurations': [], 'JobIds': [], 'State': 'unsubmitted'}, '2078': {'Retries': 0, 'Restarts': 0, 'SiteHistory': [], 'ResidentSetSize': [], 'SubmitTimes': [], 'StartTimes': [], 'EndTimes': [], 'TotalUserCpuTimeHistory': [], 'TotalSysCpuTimeHistory': [], 'WallDurations': [], 'JobIds': [], 'State': 'unsubmitted'}, '2079': {'Retries': 0, 'Restarts': 0, 'SiteHistory': [], 'ResidentSetSize': [], 'SubmitTimes': [], 'StartTimes': [], 'EndTimes': [], 'TotalUserCpuTimeHistory': [], 'TotalSysCpuTimeHistory': [], 'WallDurations': [], 'JobIds': [], 'State': 'unsubmitted'}, '2080': {'Retries': 0, 'Restarts': 0, 'SiteHistory': [], 'ResidentSetSize': [], 'SubmitTimes': [], 'StartTimes': [], 'EndTimes': [], 'TotalUserCpuTimeHistory': [], 'TotalSysCpuTimeHistory': [], 'WallDurations': [], 'JobIds': [], 'State': 'unsubmitted'}, '2081': {'Retries': 0, 'Restarts': 0, 'SiteHistory': [], 'ResidentSetSize': [], 'SubmitTimes': [], 'StartTimes': [], 'EndTimes': [], 'TotalUserCpuTimeHistory': [], 'TotalSysCpuTimeHistory': [], 'WallDurations': [], 'JobIds': [], 'State': 'unsubmitted'}, '2082': {'Retries': 0, 'Restarts': 0, 'SiteHistory': [], 'ResidentSetSize': [], 'SubmitTimes': [], 'StartTimes': [], 'EndTimes': [], 'TotalUserCpuTimeHistory': [], 'TotalSysCpuTimeHistory': [], 'WallDurations': [], 'JobIds': [], 'State': 'unsubmitted'}, '2083': {'Retries': 0, 'Restarts': 0, 'SiteHistory': [], 'ResidentSetSize': [], 'SubmitTimes': [], 'StartTimes': [], 'EndTimes': [], 'TotalUserCpuTimeHistory': [], 'TotalSysCpuTimeHistory': [], 'WallDurations': [], 'JobIds': [], 'State': 'unsubmitted'}, '2084': {'Retries': 0, 'Restarts': 0, 'SiteHistory': [], 'ResidentSetSize': [], 'SubmitTimes': [], 'StartTimes': [], 'EndTimes': [], 'TotalUserCpuTimeHistory': [], 'TotalSysCpuTimeHistory': [], 'WallDurations': [], 'JobIds': [], 'State': 'unsubmitted'}, '2085': {'Retries': 0, 'Restarts': 0, 'SiteHistory': [], 'ResidentSetSize': [], 'SubmitTimes': [], 'StartTimes': [], 'EndTimes': [], 'TotalUserCpuTimeHistory': [], 'TotalSysCpuTimeHistory': [], 'WallDurations': [], 'JobIds': [], 'State': 'unsubmitted'}, '2086': {'Retries': 0, 'Restarts': 0, 'SiteHistory': [], 'ResidentSetSize': [], 'SubmitTimes': [], 'StartTimes': [], 'EndTimes': [], 'TotalUserCpuTimeHistory': [], 'TotalSysCpuTimeHistory': [], 'WallDurations': [], 'JobIds': [], 'State': 'unsubmitted'}, '2087': {'Retries': 0, 'Restarts': 0, 'SiteHistory': [], 'ResidentSetSize': [], 'SubmitTimes': [], 'StartTimes': [], 'EndTimes': [], 'TotalUserCpuTimeHistory': [], 'TotalSysCpuTimeHistory': [], 'WallDurations': [], 'JobIds': [], 'State': 'unsubmitted'}, '2088': {'Retries': 0, 'Restarts': 0, 'SiteHistory': [], 'ResidentSetSize': [], 'SubmitTimes': [], 'StartTimes': [], 'EndTimes': [], 'TotalUserCpuTimeHistory': [], 'TotalSysCpuTimeHistory': [], 'WallDurations': [], 'JobIds': [], 'State': 'unsubmitted'}, '2089': {'Retries': 0, 'Restarts': 0, 'SiteHistory': [], 'ResidentSetSize': [], 'SubmitTimes': [], 'StartTimes': [], 'EndTimes': [], 'TotalUserCpuTimeHistory': [], 'TotalSysCpuTimeHistory': [], 'WallDurations': [], 'JobIds': [], 'State': 'unsubmitted'}, '2090': {'Retries': 0, 'Restarts': 0, 'SiteHistory': [], 'ResidentSetSize': [], 'SubmitTimes': [], 'StartTimes': [], 'EndTimes': [], 'TotalUserCpuTimeHistory': [], 'TotalSysCpuTimeHistory': [], 'WallDurations': [], 'JobIds': [], 'State': 'unsubmitted'}, '2091': {'Retries': 0, 'Restarts': 0, 'SiteHistory': [], 'ResidentSetSize': [], 'SubmitTimes': [], 'StartTimes': [], 'EndTimes': [], 'TotalUserCpuTimeHistory': [], 'TotalSysCpuTimeHistory': [], 'WallDurations': [], 'JobIds': [], 'State': 'unsubmitted'}, '2092': {'Retries': 0, 'Restarts': 0, 'SiteHistory': [], 'ResidentSetSize': [], 'SubmitTimes': [], 'StartTimes': [], 'EndTimes': [], 'TotalUserCpuTimeHistory': [], 'TotalSysCpuTimeHistory': [], 'WallDurations': [], 'JobIds': [], 'State': 'unsubmitted'}, '2093': {'Retries': 0, 'Restarts': 0, 'SiteHistory': [], 'ResidentSetSize': [], 'SubmitTimes': [], 'StartTimes': [], 'EndTimes': [], 'TotalUserCpuTimeHistory': [], 'TotalSysCpuTimeHistory': [], 'WallDurations': [], 'JobIds': [], 'State': 'unsubmitted'}, '2094': {'Retries': 0, 'Restarts': 0, 'SiteHistory': [], 'ResidentSetSize': [], 'SubmitTimes': [], 'StartTimes': [], 'EndTimes': [], 'TotalUserCpuTimeHistory': [], 'TotalSysCpuTimeHistory': [], 'WallDurations': [], 'JobIds': [], 'State': 'unsubmitted'}, '2095': {'Retries': 0, 'Restarts': 0, 'SiteHistory': [], 'ResidentSetSize': [], 'SubmitTimes': [], 'StartTimes': [], 'EndTimes': [], 'TotalUserCpuTimeHistory': [], 'TotalSysCpuTimeHistory': [], 'WallDurations': [], 'JobIds': [], 'State': 'unsubmitted'}, '2096': {'Retries': 0, 'Restarts': 0, 'SiteHistory': [], 'ResidentSetSize': [], 'SubmitTimes': [], 'StartTimes': [], 'EndTimes': [], 'TotalUserCpuTimeHistory': [], 'TotalSysCpuTimeHistory': [], 'WallDurations': [], 'JobIds': [], 'State': 'unsubmitted'}, '2097': {'Retries': 0, 'Restarts': 0, 'SiteHistory': [], 'ResidentSetSize': [], 'SubmitTimes': [], 'StartTimes': [], 'EndTimes': [], 'TotalUserCpuTimeHistory': [], 'TotalSysCpuTimeHistory': [], 'WallDurations': [], 'JobIds': [], 'State': 'unsubmitted'}, '2098': {'Retries': 0, 'Restarts': 0, 'SiteHistory': [], 'ResidentSetSize': [], 'SubmitTimes': [], 'StartTimes': [], 'EndTimes': [], 'TotalUserCpuTimeHistory': [], 'TotalSysCpuTimeHistory': [], 'WallDurations': [], 'JobIds': [], 'State': 'unsubmitted'}, '2099': {'Retries': 0, 'Restarts': 0, 'SiteHistory': [], 'ResidentSetSize': [], 'SubmitTimes': [], 'StartTimes': [], 'EndTimes': [], 'TotalUserCpuTimeHistory': [], 'TotalSysCpuTimeHistory': [], 'WallDurations': [], 'JobIds': [], 'State': 'unsubmitted'}, '2100': {'Retries': 0, 'Restarts': 0, 'SiteHistory': [], 'ResidentSetSize': [], 'SubmitTimes': [], 'StartTimes': [], 'EndTimes': [], 'TotalUserCpuTimeHistory': [], 'TotalSysCpuTimeHistory': [], 'WallDurations': [], 'JobIds': [], 'State': 'unsubmitted'}, '2101': {'Retries': 0, 'Restarts': 0, 'SiteHistory': [], 'ResidentSetSize': [], 'SubmitTimes': [], 'StartTimes': [], 'EndTimes': [], 'TotalUserCpuTimeHistory': [], 'TotalSysCpuTimeHistory': [], 'WallDurations': [], 'JobIds': [], 'State': 'unsubmitted'}, '2102': {'Retries': 0, 'Restarts': 0, 'SiteHistory': [], 'ResidentSetSize': [], 'SubmitTimes': [], 'StartTimes': [], 'EndTimes': [], 'TotalUserCpuTimeHistory': [], 'TotalSysCpuTimeHistory': [], 'WallDurations': [], 'JobIds': [], 'State': 'unsubmitted'}, '2103': {'Retries': 0, 'Restarts': 0, 'SiteHistory': [], 'ResidentSetSize': [], 'SubmitTimes': [], 'StartTimes': [], 'EndTimes': [], 'TotalUserCpuTimeHistory': [], 'TotalSysCpuTimeHistory': [], 'WallDurations': [], 'JobIds': [], 'State': 'unsubmitted'}, '2104': {'Retries': 0, 'Restarts': 0, 'SiteHistory': [], 'ResidentSetSize': [], 'SubmitTimes': [], 'StartTimes': [], 'EndTimes': [], 'TotalUserCpuTimeHistory': [], 'TotalSysCpuTimeHistory': [], 'WallDurations': [], 'JobIds': [], 'State': 'unsubmitted'}, '2105': {'Retries': 0, 'Restarts': 0, 'SiteHistory': [], 'ResidentSetSize': [], 'SubmitTimes': [], 'StartTimes': [], 'EndTimes': [], 'TotalUserCpuTimeHistory': [], 'TotalSysCpuTimeHistory': [], 'WallDurations': [], 'JobIds': [], 'State': 'unsubmitted'}, '2106': {'Retries': 0, 'Restarts': 0, 'SiteHistory': [], 'ResidentSetSize': [], 'SubmitTimes': [], 'StartTimes': [], 'EndTimes': [], 'TotalUserCpuTimeHistory': [], 'TotalSysCpuTimeHistory': [], 'WallDurations': [], 'JobIds': [], 'State': 'unsubmitted'}, '2107': {'Retries': 0, 'Restarts': 0, 'SiteHistory': [], 'ResidentSetSize': [], 'SubmitTimes': [], 'StartTimes': [], 'EndTimes': [], 'TotalUserCpuTimeHistory': [], 'TotalSysCpuTimeHistory': [], 'WallDurations': [], 'JobIds': [], 'State': 'unsubmitted'}, '2108': {'Retries': 0, 'Restarts': 0, 'SiteHistory': [], 'ResidentSetSize': [], 'SubmitTimes': [], 'StartTimes': [], 'EndTimes': [], 'TotalUserCpuTimeHistory': [], 'TotalSysCpuTimeHistory': [], 'WallDurations': [], 'JobIds': [], 'State': 'unsubmitted'}, '2109': {'Retries': 0, 'Restarts': 0, 'SiteHistory': [], 'ResidentSetSize': [], 'SubmitTimes': [], 'StartTimes': [], 'EndTimes': [], 'TotalUserCpuTimeHistory': [], 'TotalSysCpuTimeHistory': [], 'WallDurations': [], 'JobIds': [], 'State': 'unsubmitted'}, '2110': {'Retries': 0, 'Restarts': 0, 'SiteHistory': [], 'ResidentSetSize': [], 'SubmitTimes': [], 'StartTimes': [], 'EndTimes': [], 'TotalUserCpuTimeHistory': [], 'TotalSysCpuTimeHistory': [], 'WallDurations': [], 'JobIds': [], 'State': 'unsubmitted'}, '2111': {'Retries': 0, 'Restarts': 0, 'SiteHistory': [], 'ResidentSetSize': [], 'SubmitTimes': [], 'StartTimes': [], 'EndTimes': [], 'TotalUserCpuTimeHistory': [], 'TotalSysCpuTimeHistory': [], 'WallDurations': [], 'JobIds': [], 'State': 'unsubmitted'}, '2112': {'Retries': 0, 'Restarts': 0, 'SiteHistory': [], 'ResidentSetSize': [], 'SubmitTimes': [], 'StartTimes': [], 'EndTimes': [], 'TotalUserCpuTimeHistory': [], 'TotalSysCpuTimeHistory': [], 'WallDurations': [], 'JobIds': [], 'State': 'unsubmitted'}, '2113': {'Retries': 0, 'Restarts': 0, 'SiteHistory': [], 'ResidentSetSize': [], 'SubmitTimes': [], 'StartTimes': [], 'EndTimes': [], 'TotalUserCpuTimeHistory': [], 'TotalSysCpuTimeHistory': [], 'WallDurations': [], 'JobIds': [], 'State': 'unsubmitted'}, '2114': {'Retries': 0, 'Restarts': 0, 'SiteHistory': [], 'ResidentSetSize': [], 'SubmitTimes': [], 'StartTimes': [], 'EndTimes': [], 'TotalUserCpuTimeHistory': [], 'TotalSysCpuTimeHistory': [], 'WallDurations': [], 'JobIds': [], 'State': 'unsubmitted'}, '2115': {'Retries': 0, 'Restarts': 0, 'SiteHistory': [], 'ResidentSetSize': [], 'SubmitTimes': [], 'StartTimes': [], 'EndTimes': [], 'TotalUserCpuTimeHistory': [], 'TotalSysCpuTimeHistory': [], 'WallDurations': [], 'JobIds': [], 'State': 'unsubmitted'}, '2116': {'Retries': 0, 'Restarts': 0, 'SiteHistory': [], 'ResidentSetSize': [], 'SubmitTimes': [], 'StartTimes': [], 'EndTimes': [], 'TotalUserCpuTimeHistory': [], 'TotalSysCpuTimeHistory': [], 'WallDurations': [], 'JobIds': [], 'State': 'unsubmitted'}, '2117': {'Retries': 0, 'Restarts': 0, 'SiteHistory': [], 'ResidentSetSize': [], 'SubmitTimes': [], 'StartTimes': [], 'EndTimes': [], 'TotalUserCpuTimeHistory': [], 'TotalSysCpuTimeHistory': [], 'WallDurations': [], 'JobIds': [], 'State': 'unsubmitted'}, '2118': {'Retries': 0, 'Restarts': 0, 'SiteHistory': [], 'ResidentSetSize': [], 'SubmitTimes': [], 'StartTimes': [], 'EndTimes': [], 'TotalUserCpuTimeHistory': [], 'TotalSysCpuTimeHistory': [], 'WallDurations': [], 'JobIds': [], 'State': 'unsubmitted'}, '2119': {'Retries': 0, 'Restarts': 0, 'SiteHistory': [], 'ResidentSetSize': [], 'SubmitTimes': [], 'StartTimes': [], 'EndTimes': [], 'TotalUserCpuTimeHistory': [], 'TotalSysCpuTimeHistory': [], 'WallDurations': [], 'JobIds': [], 'State': 'unsubmitted'}, '2120': {'Retries': 0, 'Restarts': 0, 'SiteHistory': [], 'ResidentSetSize': [], 'SubmitTimes': [], 'StartTimes': [], 'EndTimes': [], 'TotalUserCpuTimeHistory': [], 'TotalSysCpuTimeHistory': [], 'WallDurations': [], 'JobIds': [], 'State': 'unsubmitted'}, '2121': {'Retries': 0, 'Restarts': 0, 'SiteHistory': [], 'ResidentSetSize': [], 'SubmitTimes': [], 'StartTimes': [], 'EndTimes': [], 'TotalUserCpuTimeHistory': [], 'TotalSysCpuTimeHistory': [], 'WallDurations': [], 'JobIds': [], 'State': 'unsubmitted'}, '2122': {'Retries': 0, 'Restarts': 0, 'SiteHistory': [], 'ResidentSetSize': [], 'SubmitTimes': [], 'StartTimes': [], 'EndTimes': [], 'TotalUserCpuTimeHistory': [], 'TotalSysCpuTimeHistory': [], 'WallDurations': [], 'JobIds': [], 'State': 'unsubmitted'}, '2123': {'Retries': 0, 'Restarts': 0, 'SiteHistory': [], 'ResidentSetSize': [], 'SubmitTimes': [], 'StartTimes': [], 'EndTimes': [], 'TotalUserCpuTimeHistory': [], 'TotalSysCpuTimeHistory': [], 'WallDurations': [], 'JobIds': [], 'State': 'unsubmitted'}, '2124': {'Retries': 0, 'Restarts': 0, 'SiteHistory': [], 'ResidentSetSize': [], 'SubmitTimes': [], 'StartTimes': [], 'EndTimes': [], 'TotalUserCpuTimeHistory': [], 'TotalSysCpuTimeHistory': [], 'WallDurations': [], 'JobIds': [], 'State': 'unsubmitted'}, '2125': {'Retries': 0, 'Restarts': 0, 'SiteHistory': [], 'ResidentSetSize': [], 'SubmitTimes': [], 'StartTimes': [], 'EndTimes': [], 'TotalUserCpuTimeHistory': [], 'TotalSysCpuTimeHistory': [], 'WallDurations': [], 'JobIds': [], 'State': 'unsubmitted'}, '2126': {'Retries': 0, 'Restarts': 0, 'SiteHistory': [], 'ResidentSetSize': [], 'SubmitTimes': [], 'StartTimes': [], 'EndTimes': [], 'TotalUserCpuTimeHistory': [], 'TotalSysCpuTimeHistory': [], 'WallDurations': [], 'JobIds': [], 'State': 'unsubmitted'}, '2127': {'Retries': 0, 'Restarts': 0, 'SiteHistory': [], 'ResidentSetSize': [], 'SubmitTimes': [], 'StartTimes': [], 'EndTimes': [], 'TotalUserCpuTimeHistory': [], 'TotalSysCpuTimeHistory': [], 'WallDurations': [], 'JobIds': [], 'State': 'unsubmitted'}, '2128': {'Retries': 0, 'Restarts': 0, 'SiteHistory': [], 'ResidentSetSize': [], 'SubmitTimes': [], 'StartTimes': [], 'EndTimes': [], 'TotalUserCpuTimeHistory': [], 'TotalSysCpuTimeHistory': [], 'WallDurations': [], 'JobIds': [], 'State': 'unsubmitted'}, '2129': {'Retries': 0, 'Restarts': 0, 'SiteHistory': [], 'ResidentSetSize': [], 'SubmitTimes': [], 'StartTimes': [], 'EndTimes': [], 'TotalUserCpuTimeHistory': [], 'TotalSysCpuTimeHistory': [], 'WallDurations': [], 'JobIds': [], 'State': 'unsubmitted'}, '2130': {'Retries': 0, 'Restarts': 0, 'SiteHistory': [], 'ResidentSetSize': [], 'SubmitTimes': [], 'StartTimes': [], 'EndTimes': [], 'TotalUserCpuTimeHistory': [], 'TotalSysCpuTimeHistory': [], 'WallDurations': [], 'JobIds': [], 'State': 'unsubmitted'}, '2131': {'Retries': 0, 'Restarts': 0, 'SiteHistory': [], 'ResidentSetSize': [], 'SubmitTimes': [], 'StartTimes': [], 'EndTimes': [], 'TotalUserCpuTimeHistory': [], 'TotalSysCpuTimeHistory': [], 'WallDurations': [], 'JobIds': [], 'State': 'unsubmitted'}, '2132': {'Retries': 0, 'Restarts': 0, 'SiteHistory': [], 'ResidentSetSize': [], 'SubmitTimes': [], 'StartTimes': [], 'EndTimes': [], 'TotalUserCpuTimeHistory': [], 'TotalSysCpuTimeHistory': [], 'WallDurations': [], 'JobIds': [], 'State': 'unsubmitted'}, '2133': {'Retries': 0, 'Restarts': 0, 'SiteHistory': [], 'ResidentSetSize': [], 'SubmitTimes': [], 'StartTimes': [], 'EndTimes': [], 'TotalUserCpuTimeHistory': [], 'TotalSysCpuTimeHistory': [], 'WallDurations': [], 'JobIds': [], 'State': 'unsubmitted'}, '2134': {'Retries': 0, 'Restarts': 0, 'SiteHistory': [], 'ResidentSetSize': [], 'SubmitTimes': [], 'StartTimes': [], 'EndTimes': [], 'TotalUserCpuTimeHistory': [], 'TotalSysCpuTimeHistory': [], 'WallDurations': [], 'JobIds': [], 'State': 'unsubmitted'}, '2135': {'Retries': 0, 'Restarts': 0, 'SiteHistory': [], 'ResidentSetSize': [], 'SubmitTimes': [], 'StartTimes': [], 'EndTimes': [], 'TotalUserCpuTimeHistory': [], 'TotalSysCpuTimeHistory': [], 'WallDurations': [], 'JobIds': [], 'State': 'unsubmitted'}, '2136': {'Retries': 0, 'Restarts': 0, 'SiteHistory': [], 'ResidentSetSize': [], 'SubmitTimes': [], 'StartTimes': [], 'EndTimes': [], 'TotalUserCpuTimeHistory': [], 'TotalSysCpuTimeHistory': [], 'WallDurations': [], 'JobIds': [], 'State': 'unsubmitted'}, '2137': {'Retries': 0, 'Restarts': 0, 'SiteHistory': [], 'ResidentSetSize': [], 'SubmitTimes': [], 'StartTimes': [], 'EndTimes': [], 'TotalUserCpuTimeHistory': [], 'TotalSysCpuTimeHistory': [], 'WallDurations': [], 'JobIds': [], 'State': 'unsubmitted'}, '2138': {'Retries': 0, 'Restarts': 0, 'SiteHistory': [], 'ResidentSetSize': [], 'SubmitTimes': [], 'StartTimes': [], 'EndTimes': [], 'TotalUserCpuTimeHistory': [], 'TotalSysCpuTimeHistory': [], 'WallDurations': [], 'JobIds': [], 'State': 'unsubmitted'}, '2139': {'Retries': 0, 'Restarts': 0, 'SiteHistory': [], 'ResidentSetSize': [], 'SubmitTimes': [], 'StartTimes': [], 'EndTimes': [], 'TotalUserCpuTimeHistory': [], 'TotalSysCpuTimeHistory': [], 'WallDurations': [], 'JobIds': [], 'State': 'unsubmitted'}, '2140': {'Retries': 0, 'Restarts': 0, 'SiteHistory': [], 'ResidentSetSize': [], 'SubmitTimes': [], 'StartTimes': [], 'EndTimes': [], 'TotalUserCpuTimeHistory': [], 'TotalSysCpuTimeHistory': [], 'WallDurations': [], 'JobIds': [], 'State': 'unsubmitted'}, '2141': {'Retries': 0, 'Restarts': 0, 'SiteHistory': [], 'ResidentSetSize': [], 'SubmitTimes': [], 'StartTimes': [], 'EndTimes': [], 'TotalUserCpuTimeHistory': [], 'TotalSysCpuTimeHistory': [], 'WallDurations': [], 'JobIds': [], 'State': 'unsubmitted'}, '2142': {'Retries': 0, 'Restarts': 0, 'SiteHistory': [], 'ResidentSetSize': [], 'SubmitTimes': [], 'StartTimes': [], 'EndTimes': [], 'TotalUserCpuTimeHistory': [], 'TotalSysCpuTimeHistory': [], 'WallDurations': [], 'JobIds': [], 'State': 'unsubmitted'}, '2143': {'Retries': 0, 'Restarts': 0, 'SiteHistory': [], 'ResidentSetSize': [], 'SubmitTimes': [], 'StartTimes': [], 'EndTimes': [], 'TotalUserCpuTimeHistory': [], 'TotalSysCpuTimeHistory': [], 'WallDurations': [], 'JobIds': [], 'State': 'unsubmitted'}, '2144': {'Retries': 0, 'Restarts': 0, 'SiteHistory': [], 'ResidentSetSize': [], 'SubmitTimes': [], 'StartTimes': [], 'EndTimes': [], 'TotalUserCpuTimeHistory': [], 'TotalSysCpuTimeHistory': [], 'WallDurations': [], 'JobIds': [], 'State': 'unsubmitted'}, '2145': {'Retries': 0, 'Restarts': 0, 'SiteHistory': [], 'ResidentSetSize': [], 'SubmitTimes': [], 'StartTimes': [], 'EndTimes': [], 'TotalUserCpuTimeHistory': [], 'TotalSysCpuTimeHistory': [], 'WallDurations': [], 'JobIds': [], 'State': 'unsubmitted'}, '2146': {'Retries': 0, 'Restarts': 0, 'SiteHistory': [], 'ResidentSetSize': [], 'SubmitTimes': [], 'StartTimes': [], 'EndTimes': [], 'TotalUserCpuTimeHistory': [], 'TotalSysCpuTimeHistory': [], 'WallDurations': [], 'JobIds': [], 'State': 'unsubmitted'}, '2147': {'Retries': 0, 'Restarts': 0, 'SiteHistory': [], 'ResidentSetSize': [], 'SubmitTimes': [], 'StartTimes': [], 'EndTimes': [], 'TotalUserCpuTimeHistory': [], 'TotalSysCpuTimeHistory': [], 'WallDurations': [], 'JobIds': [], 'State': 'unsubmitted'}, '2148': {'Retries': 0, 'Restarts': 0, 'SiteHistory': [], 'ResidentSetSize': [], 'SubmitTimes': [], 'StartTimes': [], 'EndTimes': [], 'TotalUserCpuTimeHistory': [], 'TotalSysCpuTimeHistory': [], 'WallDurations': [], 'JobIds': [], 'State': 'unsubmitted'}, '2149': {'Retries': 0, 'Restarts': 0, 'SiteHistory': [], 'ResidentSetSize': [], 'SubmitTimes': [], 'StartTimes': [], 'EndTimes': [], 'TotalUserCpuTimeHistory': [], 'TotalSysCpuTimeHistory': [], 'WallDurations': [], 'JobIds': [], 'State': 'unsubmitted'}, '2150': {'Retries': 0, 'Restarts': 0, 'SiteHistory': [], 'ResidentSetSize': [], 'SubmitTimes': [], 'StartTimes': [], 'EndTimes': [], 'TotalUserCpuTimeHistory': [], 'TotalSysCpuTimeHistory': [], 'WallDurations': [], 'JobIds': [], 'State': 'unsubmitted'}, '2151': {'Retries': 0, 'Restarts': 0, 'SiteHistory': [], 'ResidentSetSize': [], 'SubmitTimes': [], 'StartTimes': [], 'EndTimes': [], 'TotalUserCpuTimeHistory': [], 'TotalSysCpuTimeHistory': [], 'WallDurations': [], 'JobIds': [], 'State': 'unsubmitted'}, '2152': {'Retries': 0, 'Restarts': 0, 'SiteHistory': [], 'ResidentSetSize': [], 'SubmitTimes': [], 'StartTimes': [], 'EndTimes': [], 'TotalUserCpuTimeHistory': [], 'TotalSysCpuTimeHistory': [], 'WallDurations': [], 'JobIds': [], 'State': 'unsubmitted'}, '2153': {'Retries': 0, 'Restarts': 0, 'SiteHistory': [], 'ResidentSetSize': [], 'SubmitTimes': [], 'StartTimes': [], 'EndTimes': [], 'TotalUserCpuTimeHistory': [], 'TotalSysCpuTimeHistory': [], 'WallDurations': [], 'JobIds': [], 'State': 'unsubmitted'}, '2154': {'Retries': 0, 'Restarts': 0, 'SiteHistory': [], 'ResidentSetSize': [], 'SubmitTimes': [], 'StartTimes': [], 'EndTimes': [], 'TotalUserCpuTimeHistory': [], 'TotalSysCpuTimeHistory': [], 'WallDurations': [], 'JobIds': [], 'State': 'unsubmitted'}, '2155': {'Retries': 0, 'Restarts': 0, 'SiteHistory': [], 'ResidentSetSize': [], 'SubmitTimes': [], 'StartTimes': [], 'EndTimes': [], 'TotalUserCpuTimeHistory': [], 'TotalSysCpuTimeHistory': [], 'WallDurations': [], 'JobIds': [], 'State': 'unsubmitted'}, '2156': {'Retries': 0, 'Restarts': 0, 'SiteHistory': [], 'ResidentSetSize': [], 'SubmitTimes': [], 'StartTimes': [], 'EndTimes': [], 'TotalUserCpuTimeHistory': [], 'TotalSysCpuTimeHistory': [], 'WallDurations': [], 'JobIds': [], 'State': 'unsubmitted'}, '2157': {'Retries': 0, 'Restarts': 0, 'SiteHistory': [], 'ResidentSetSize': [], 'SubmitTimes': [], 'StartTimes': [], 'EndTimes': [], 'TotalUserCpuTimeHistory': [], 'TotalSysCpuTimeHistory': [], 'WallDurations': [], 'JobIds': [], 'State': 'unsubmitted'}, '2158': {'Retries': 0, 'Restarts': 0, 'SiteHistory': [], 'ResidentSetSize': [], 'SubmitTimes': [], 'StartTimes': [], 'EndTimes': [], 'TotalUserCpuTimeHistory': [], 'TotalSysCpuTimeHistory': [], 'WallDurations': [], 'JobIds': [], 'State': 'unsubmitted'}, '2159': {'Retries': 0, 'Restarts': 0, 'SiteHistory': [], 'ResidentSetSize': [], 'SubmitTimes': [], 'StartTimes': [], 'EndTimes': [], 'TotalUserCpuTimeHistory': [], 'TotalSysCpuTimeHistory': [], 'WallDurations': [], 'JobIds': [], 'State': 'unsubmitted'}, '2160': {'Retries': 0, 'Restarts': 0, 'SiteHistory': [], 'ResidentSetSize': [], 'SubmitTimes': [], 'StartTimes': [], 'EndTimes': [], 'TotalUserCpuTimeHistory': [], 'TotalSysCpuTimeHistory': [], 'WallDurations': [], 'JobIds': [], 'State': 'unsubmitted'}, '2161': {'Retries': 0, 'Restarts': 0, 'SiteHistory': [], 'ResidentSetSize': [], 'SubmitTimes': [], 'StartTimes': [], 'EndTimes': [], 'TotalUserCpuTimeHistory': [], 'TotalSysCpuTimeHistory': [], 'WallDurations': [], 'JobIds': [], 'State': 'unsubmitted'}, '2162': {'Retries': 0, 'Restarts': 0, 'SiteHistory': [], 'ResidentSetSize': [], 'SubmitTimes': [], 'StartTimes': [], 'EndTimes': [], 'TotalUserCpuTimeHistory': [], 'TotalSysCpuTimeHistory': [], 'WallDurations': [], 'JobIds': [], 'State': 'unsubmitted'}, '2163': {'Retries': 0, 'Restarts': 0, 'SiteHistory': [], 'ResidentSetSize': [], 'SubmitTimes': [], 'StartTimes': [], 'EndTimes': [], 'TotalUserCpuTimeHistory': [], 'TotalSysCpuTimeHistory': [], 'WallDurations': [], 'JobIds': [], 'State': 'unsubmitted'}, '2164': {'Retries': 0, 'Restarts': 0, 'SiteHistory': [], 'ResidentSetSize': [], 'SubmitTimes': [], 'StartTimes': [], 'EndTimes': [], 'TotalUserCpuTimeHistory': [], 'TotalSysCpuTimeHistory': [], 'WallDurations': [], 'JobIds': [], 'State': 'unsubmitted'}, '2165': {'Retries': 0, 'Restarts': 0, 'SiteHistory': [], 'ResidentSetSize': [], 'SubmitTimes': [], 'StartTimes': [], 'EndTimes': [], 'TotalUserCpuTimeHistory': [], 'TotalSysCpuTimeHistory': [], 'WallDurations': [], 'JobIds': [], 'State': 'unsubmitted'}, '2166': {'Retries': 0, 'Restarts': 0, 'SiteHistory': [], 'ResidentSetSize': [], 'SubmitTimes': [], 'StartTimes': [], 'EndTimes': [], 'TotalUserCpuTimeHistory': [], 'TotalSysCpuTimeHistory': [], 'WallDurations': [], 'JobIds': [], 'State': 'unsubmitted'}, '2167': {'Retries': 0, 'Restarts': 0, 'SiteHistory': [], 'ResidentSetSize': [], 'SubmitTimes': [], 'StartTimes': [], 'EndTimes': [], 'TotalUserCpuTimeHistory': [], 'TotalSysCpuTimeHistory': [], 'WallDurations': [], 'JobIds': [], 'State': 'unsubmitted'}, '2168': {'Retries': 0, 'Restarts': 0, 'SiteHistory': [], 'ResidentSetSize': [], 'SubmitTimes': [], 'StartTimes': [], 'EndTimes': [], 'TotalUserCpuTimeHistory': [], 'TotalSysCpuTimeHistory': [], 'WallDurations': [], 'JobIds': [], 'State': 'unsubmitted'}, '2169': {'Retries': 0, 'Restarts': 0, 'SiteHistory': [], 'ResidentSetSize': [], 'SubmitTimes': [], 'StartTimes': [], 'EndTimes': [], 'TotalUserCpuTimeHistory': [], 'TotalSysCpuTimeHistory': [], 'WallDurations': [], 'JobIds': [], 'State': 'unsubmitted'}, '2170': {'Retries': 0, 'Restarts': 0, 'SiteHistory': [], 'ResidentSetSize': [], 'SubmitTimes': [], 'StartTimes': [], 'EndTimes': [], 'TotalUserCpuTimeHistory': [], 'TotalSysCpuTimeHistory': [], 'WallDurations': [], 'JobIds': [], 'State': 'unsubmitted'}, '2171': {'Retries': 0, 'Restarts': 0, 'SiteHistory': [], 'ResidentSetSize': [], 'SubmitTimes': [], 'StartTimes': [], 'EndTimes': [], 'TotalUserCpuTimeHistory': [], 'TotalSysCpuTimeHistory': [], 'WallDurations': [], 'JobIds': [], 'State': 'unsubmitted'}, '2172': {'Retries': 0, 'Restarts': 0, 'SiteHistory': [], 'ResidentSetSize': [], 'SubmitTimes': [], 'StartTimes': [], 'EndTimes': [], 'TotalUserCpuTimeHistory': [], 'TotalSysCpuTimeHistory': [], 'WallDurations': [], 'JobIds': [], 'State': 'unsubmitted'}, '2173': {'Retries': 0, 'Restarts': 0, 'SiteHistory': [], 'ResidentSetSize': [], 'SubmitTimes': [], 'StartTimes': [], 'EndTimes': [], 'TotalUserCpuTimeHistory': [], 'TotalSysCpuTimeHistory': [], 'WallDurations': [], 'JobIds': [], 'State': 'unsubmitted'}, '2174': {'Retries': 0, 'Restarts': 0, 'SiteHistory': [], 'ResidentSetSize': [], 'SubmitTimes': [], 'StartTimes': [], 'EndTimes': [], 'TotalUserCpuTimeHistory': [], 'TotalSysCpuTimeHistory': [], 'WallDurations': [], 'JobIds': [], 'State': 'unsubmitted'}, '2175': {'Retries': 0, 'Restarts': 0, 'SiteHistory': [], 'ResidentSetSize': [], 'SubmitTimes': [], 'StartTimes': [], 'EndTimes': [], 'TotalUserCpuTimeHistory': [], 'TotalSysCpuTimeHistory': [], 'WallDurations': [], 'JobIds': [], 'State': 'unsubmitted'}, '2176': {'Retries': 0, 'Restarts': 0, 'SiteHistory': [], 'ResidentSetSize': [], 'SubmitTimes': [], 'StartTimes': [], 'EndTimes': [], 'TotalUserCpuTimeHistory': [], 'TotalSysCpuTimeHistory': [], 'WallDurations': [], 'JobIds': [], 'State': 'unsubmitted'}, '2177': {'Retries': 0, 'Restarts': 0, 'SiteHistory': [], 'ResidentSetSize': [], 'SubmitTimes': [], 'StartTimes': [], 'EndTimes': [], 'TotalUserCpuTimeHistory': [], 'TotalSysCpuTimeHistory': [], 'WallDurations': [], 'JobIds': [], 'State': 'unsubmitted'}, '2178': {'Retries': 0, 'Restarts': 0, 'SiteHistory': [], 'ResidentSetSize': [], 'SubmitTimes': [], 'StartTimes': [], 'EndTimes': [], 'TotalUserCpuTimeHistory': [], 'TotalSysCpuTimeHistory': [], 'WallDurations': [], 'JobIds': [], 'State': 'unsubmitted'}, '2179': {'Retries': 0, 'Restarts': 0, 'SiteHistory': [], 'ResidentSetSize': [], 'SubmitTimes': [], 'StartTimes': [], 'EndTimes': [], 'TotalUserCpuTimeHistory': [], 'TotalSysCpuTimeHistory': [], 'WallDurations': [], 'JobIds': [], 'State': 'unsubmitted'}, '2180': {'Retries': 0, 'Restarts': 0, 'SiteHistory': [], 'ResidentSetSize': [], 'SubmitTimes': [], 'StartTimes': [], 'EndTimes': [], 'TotalUserCpuTimeHistory': [], 'TotalSysCpuTimeHistory': [], 'WallDurations': [], 'JobIds': [], 'State': 'unsubmitted'}, '2181': {'Retries': 0, 'Restarts': 0, 'SiteHistory': [], 'ResidentSetSize': [], 'SubmitTimes': [], 'StartTimes': [], 'EndTimes': [], 'TotalUserCpuTimeHistory': [], 'TotalSysCpuTimeHistory': [], 'WallDurations': [], 'JobIds': [], 'State': 'unsubmitted'}, '2182': {'Retries': 0, 'Restarts': 0, 'SiteHistory': [], 'ResidentSetSize': [], 'SubmitTimes': [], 'StartTimes': [], 'EndTimes': [], 'TotalUserCpuTimeHistory': [], 'TotalSysCpuTimeHistory': [], 'WallDurations': [], 'JobIds': [], 'State': 'unsubmitted'}, '2183': {'Retries': 0, 'Restarts': 0, 'SiteHistory': [], 'ResidentSetSize': [], 'SubmitTimes': [], 'StartTimes': [], 'EndTimes': [], 'TotalUserCpuTimeHistory': [], 'TotalSysCpuTimeHistory': [], 'WallDurations': [], 'JobIds': [], 'State': 'unsubmitted'}, '2184': {'Retries': 0, 'Restarts': 0, 'SiteHistory': [], 'ResidentSetSize': [], 'SubmitTimes': [], 'StartTimes': [], 'EndTimes': [], 'TotalUserCpuTimeHistory': [], 'TotalSysCpuTimeHistory': [], 'WallDurations': [], 'JobIds': [], 'State': 'unsubmitted'}, '2185': {'Retries': 0, 'Restarts': 0, 'SiteHistory': [], 'ResidentSetSize': [], 'SubmitTimes': [], 'StartTimes': [], 'EndTimes': [], 'TotalUserCpuTimeHistory': [], 'TotalSysCpuTimeHistory': [], 'WallDurations': [], 'JobIds': [], 'State': 'unsubmitted'}, '2186': {'Retries': 0, 'Restarts': 0, 'SiteHistory': [], 'ResidentSetSize': [], 'SubmitTimes': [], 'StartTimes': [], 'EndTimes': [], 'TotalUserCpuTimeHistory': [], 'TotalSysCpuTimeHistory': [], 'WallDurations': [], 'JobIds': [], 'State': 'unsubmitted'}, '2187': {'Retries': 0, 'Restarts': 0, 'SiteHistory': [], 'ResidentSetSize': [], 'SubmitTimes': [], 'StartTimes': [], 'EndTimes': [], 'TotalUserCpuTimeHistory': [], 'TotalSysCpuTimeHistory': [], 'WallDurations': [], 'JobIds': [], 'State': 'unsubmitted'}, '2188': {'Retries': 0, 'Restarts': 0, 'SiteHistory': [], 'ResidentSetSize': [], 'SubmitTimes': [], 'StartTimes': [], 'EndTimes': [], 'TotalUserCpuTimeHistory': [], 'TotalSysCpuTimeHistory': [], 'WallDurations': [], 'JobIds': [], 'State': 'unsubmitted'}, '2189': {'Retries': 0, 'Restarts': 0, 'SiteHistory': [], 'ResidentSetSize': [], 'SubmitTimes': [], 'StartTimes': [], 'EndTimes': [], 'TotalUserCpuTimeHistory': [], 'TotalSysCpuTimeHistory': [], 'WallDurations': [], 'JobIds': [], 'State': 'unsubmitted'}, '2190': {'Retries': 0, 'Restarts': 0, 'SiteHistory': [], 'ResidentSetSize': [], 'SubmitTimes': [], 'StartTimes': [], 'EndTimes': [], 'TotalUserCpuTimeHistory': [], 'TotalSysCpuTimeHistory': [], 'WallDurations': [], 'JobIds': [], 'State': 'unsubmitted'}, '2191': {'Retries': 0, 'Restarts': 0, 'SiteHistory': [], 'ResidentSetSize': [], 'SubmitTimes': [], 'StartTimes': [], 'EndTimes': [], 'TotalUserCpuTimeHistory': [], 'TotalSysCpuTimeHistory': [], 'WallDurations': [], 'JobIds': [], 'State': 'unsubmitted'}, '2192': {'Retries': 0, 'Restarts': 0, 'SiteHistory': [], 'ResidentSetSize': [], 'SubmitTimes': [], 'StartTimes': [], 'EndTimes': [], 'TotalUserCpuTimeHistory': [], 'TotalSysCpuTimeHistory': [], 'WallDurations': [], 'JobIds': [], 'State': 'unsubmitted'}, '2193': {'Retries': 0, 'Restarts': 0, 'SiteHistory': [], 'ResidentSetSize': [], 'SubmitTimes': [], 'StartTimes': [], 'EndTimes': [], 'TotalUserCpuTimeHistory': [], 'TotalSysCpuTimeHistory': [], 'WallDurations': [], 'JobIds': [], 'State': 'unsubmitted'}, '2194': {'Retries': 0, 'Restarts': 0, 'SiteHistory': [], 'ResidentSetSize': [], 'SubmitTimes': [], 'StartTimes': [], 'EndTimes': [], 'TotalUserCpuTimeHistory': [], 'TotalSysCpuTimeHistory': [], 'WallDurations': [], 'JobIds': [], 'State': 'unsubmitted'}, '2195': {'Retries': 0, 'Restarts': 0, 'SiteHistory': [], 'ResidentSetSize': [], 'SubmitTimes': [], 'StartTimes': [], 'EndTimes': [], 'TotalUserCpuTimeHistory': [], 'TotalSysCpuTimeHistory': [], 'WallDurations': [], 'JobIds': [], 'State': 'unsubmitted'}, '2196': {'Retries': 0, 'Restarts': 0, 'SiteHistory': [], 'ResidentSetSize': [], 'SubmitTimes': [], 'StartTimes': [], 'EndTimes': [], 'TotalUserCpuTimeHistory': [], 'TotalSysCpuTimeHistory': [], 'WallDurations': [], 'JobIds': [], 'State': 'unsubmitted'}, '2197': {'Retries': 0, 'Restarts': 0, 'SiteHistory': [], 'ResidentSetSize': [], 'SubmitTimes': [], 'StartTimes': [], 'EndTimes': [], 'TotalUserCpuTimeHistory': [], 'TotalSysCpuTimeHistory': [], 'WallDurations': [], 'JobIds': [], 'State': 'unsubmitted'}, '2198': {'Retries': 0, 'Restarts': 0, 'SiteHistory': [], 'ResidentSetSize': [], 'SubmitTimes': [], 'StartTimes': [], 'EndTimes': [], 'TotalUserCpuTimeHistory': [], 'TotalSysCpuTimeHistory': [], 'WallDurations': [], 'JobIds': [], 'State': 'unsubmitted'}, '2199': {'Retries': 0, 'Restarts': 0, 'SiteHistory': [], 'ResidentSetSize': [], 'SubmitTimes': [], 'StartTimes': [], 'EndTimes': [], 'TotalUserCpuTimeHistory': [], 'TotalSysCpuTimeHistory': [], 'WallDurations': [], 'JobIds': [], 'State': 'unsubmitted'}, '2200': {'Retries': 0, 'Restarts': 0, 'SiteHistory': [], 'ResidentSetSize': [], 'SubmitTimes': [], 'StartTimes': [], 'EndTimes': [], 'TotalUserCpuTimeHistory': [], 'TotalSysCpuTimeHistory': [], 'WallDurations': [], 'JobIds': [], 'State': 'unsubmitted'}, '2201': {'Retries': 0, 'Restarts': 0, 'SiteHistory': [], 'ResidentSetSize': [], 'SubmitTimes': [], 'StartTimes': [], 'EndTimes': [], 'TotalUserCpuTimeHistory': [], 'TotalSysCpuTimeHistory': [], 'WallDurations': [], 'JobIds': [], 'State': 'unsubmitted'}, '2202': {'Retries': 0, 'Restarts': 0, 'SiteHistory': [], 'ResidentSetSize': [], 'SubmitTimes': [], 'StartTimes': [], 'EndTimes': [], 'TotalUserCpuTimeHistory': [], 'TotalSysCpuTimeHistory': [], 'WallDurations': [], 'JobIds': [], 'State': 'unsubmitted'}, '2203': {'Retries': 0, 'Restarts': 0, 'SiteHistory': [], 'ResidentSetSize': [], 'SubmitTimes': [], 'StartTimes': [], 'EndTimes': [], 'TotalUserCpuTimeHistory': [], 'TotalSysCpuTimeHistory': [], 'WallDurations': [], 'JobIds': [], 'State': 'unsubmitted'}, '2204': {'Retries': 0, 'Restarts': 0, 'SiteHistory': [], 'ResidentSetSize': [], 'SubmitTimes': [], 'StartTimes': [], 'EndTimes': [], 'TotalUserCpuTimeHistory': [], 'TotalSysCpuTimeHistory': [], 'WallDurations': [], 'JobIds': [], 'State': 'unsubmitted'}, '2205': {'Retries': 0, 'Restarts': 0, 'SiteHistory': [], 'ResidentSetSize': [], 'SubmitTimes': [], 'StartTimes': [], 'EndTimes': [], 'TotalUserCpuTimeHistory': [], 'TotalSysCpuTimeHistory': [], 'WallDurations': [], 'JobIds': [], 'State': 'unsubmitted'}, '2206': {'Retries': 0, 'Restarts': 0, 'SiteHistory': [], 'ResidentSetSize': [], 'SubmitTimes': [], 'StartTimes': [], 'EndTimes': [], 'TotalUserCpuTimeHistory': [], 'TotalSysCpuTimeHistory': [], 'WallDurations': [], 'JobIds': [], 'State': 'unsubmitted'}, '2207': {'Retries': 0, 'Restarts': 0, 'SiteHistory': [], 'ResidentSetSize': [], 'SubmitTimes': [], 'StartTimes': [], 'EndTimes': [], 'TotalUserCpuTimeHistory': [], 'TotalSysCpuTimeHistory': [], 'WallDurations': [], 'JobIds': [], 'State': 'unsubmitted'}, '2208': {'Retries': 0, 'Restarts': 0, 'SiteHistory': [], 'ResidentSetSize': [], 'SubmitTimes': [], 'StartTimes': [], 'EndTimes': [], 'TotalUserCpuTimeHistory': [], 'TotalSysCpuTimeHistory': [], 'WallDurations': [], 'JobIds': [], 'State': 'unsubmitted'}, '2209': {'Retries': 0, 'Restarts': 0, 'SiteHistory': [], 'ResidentSetSize': [], 'SubmitTimes': [], 'StartTimes': [], 'EndTimes': [], 'TotalUserCpuTimeHistory': [], 'TotalSysCpuTimeHistory': [], 'WallDurations': [], 'JobIds': [], 'State': 'unsubmitted'}, '2210': {'Retries': 0, 'Restarts': 0, 'SiteHistory': [], 'ResidentSetSize': [], 'SubmitTimes': [], 'StartTimes': [], 'EndTimes': [], 'TotalUserCpuTimeHistory': [], 'TotalSysCpuTimeHistory': [], 'WallDurations': [], 'JobIds': [], 'State': 'unsubmitted'}, '2211': {'Retries': 0, 'Restarts': 0, 'SiteHistory': [], 'ResidentSetSize': [], 'SubmitTimes': [], 'StartTimes': [], 'EndTimes': [], 'TotalUserCpuTimeHistory': [], 'TotalSysCpuTimeHistory': [], 'WallDurations': [], 'JobIds': [], 'State': 'unsubmitted'}, '2212': {'Retries': 0, 'Restarts': 0, 'SiteHistory': [], 'ResidentSetSize': [], 'SubmitTimes': [], 'StartTimes': [], 'EndTimes': [], 'TotalUserCpuTimeHistory': [], 'TotalSysCpuTimeHistory': [], 'WallDurations': [], 'JobIds': [], 'State': 'unsubmitted'}, '2213': {'Retries': 0, 'Restarts': 0, 'SiteHistory': [], 'ResidentSetSize': [], 'SubmitTimes': [], 'StartTimes': [], 'EndTimes': [], 'TotalUserCpuTimeHistory': [], 'TotalSysCpuTimeHistory': [], 'WallDurations': [], 'JobIds': [], 'State': 'unsubmitted'}, '2214': {'Retries': 0, 'Restarts': 0, 'SiteHistory': [], 'ResidentSetSize': [], 'SubmitTimes': [], 'StartTimes': [], 'EndTimes': [], 'TotalUserCpuTimeHistory': [], 'TotalSysCpuTimeHistory': [], 'WallDurations': [], 'JobIds': [], 'State': 'unsubmitted'}, '2215': {'Retries': 0, 'Restarts': 0, 'SiteHistory': [], 'ResidentSetSize': [], 'SubmitTimes': [], 'StartTimes': [], 'EndTimes': [], 'TotalUserCpuTimeHistory': [], 'TotalSysCpuTimeHistory': [], 'WallDurations': [], 'JobIds': [], 'State': 'unsubmitted'}, '2216': {'Retries': 0, 'Restarts': 0, 'SiteHistory': [], 'ResidentSetSize': [], 'SubmitTimes': [], 'StartTimes': [], 'EndTimes': [], 'TotalUserCpuTimeHistory': [], 'TotalSysCpuTimeHistory': [], 'WallDurations': [], 'JobIds': [], 'State': 'unsubmitted'}, '2217': {'Retries': 0, 'Restarts': 0, 'SiteHistory': [], 'ResidentSetSize': [], 'SubmitTimes': [], 'StartTimes': [], 'EndTimes': [], 'TotalUserCpuTimeHistory': [], 'TotalSysCpuTimeHistory': [], 'WallDurations': [], 'JobIds': [], 'State': 'unsubmitted'}, '2218': {'Retries': 0, 'Restarts': 0, 'SiteHistory': [], 'ResidentSetSize': [], 'SubmitTimes': [], 'StartTimes': [], 'EndTimes': [], 'TotalUserCpuTimeHistory': [], 'TotalSysCpuTimeHistory': [], 'WallDurations': [], 'JobIds': [], 'State': 'unsubmitted'}, '2219': {'Retries': 0, 'Restarts': 0, 'SiteHistory': [], 'ResidentSetSize': [], 'SubmitTimes': [], 'StartTimes': [], 'EndTimes': [], 'TotalUserCpuTimeHistory': [], 'TotalSysCpuTimeHistory': [], 'WallDurations': [], 'JobIds': [], 'State': 'unsubmitted'}, '2220': {'Retries': 0, 'Restarts': 0, 'SiteHistory': [], 'ResidentSetSize': [], 'SubmitTimes': [], 'StartTimes': [], 'EndTimes': [], 'TotalUserCpuTimeHistory': [], 'TotalSysCpuTimeHistory': [], 'WallDurations': [], 'JobIds': [], 'State': 'unsubmitted'}, '2221': {'Retries': 0, 'Restarts': 0, 'SiteHistory': [], 'ResidentSetSize': [], 'SubmitTimes': [], 'StartTimes': [], 'EndTimes': [], 'TotalUserCpuTimeHistory': [], 'TotalSysCpuTimeHistory': [], 'WallDurations': [], 'JobIds': [], 'State': 'unsubmitted'}, '2222': {'Retries': 0, 'Restarts': 0, 'SiteHistory': [], 'ResidentSetSize': [], 'SubmitTimes': [], 'StartTimes': [], 'EndTimes': [], 'TotalUserCpuTimeHistory': [], 'TotalSysCpuTimeHistory': [], 'WallDurations': [], 'JobIds': [], 'State': 'unsubmitted'}, '2223': {'Retries': 0, 'Restarts': 0, 'SiteHistory': [], 'ResidentSetSize': [], 'SubmitTimes': [], 'StartTimes': [], 'EndTimes': [], 'TotalUserCpuTimeHistory': [], 'TotalSysCpuTimeHistory': [], 'WallDurations': [], 'JobIds': [], 'State': 'unsubmitted'}, '2224': {'Retries': 0, 'Restarts': 0, 'SiteHistory': [], 'ResidentSetSize': [], 'SubmitTimes': [], 'StartTimes': [], 'EndTimes': [], 'TotalUserCpuTimeHistory': [], 'TotalSysCpuTimeHistory': [], 'WallDurations': [], 'JobIds': [], 'State': 'unsubmitted'}, '2225': {'Retries': 0, 'Restarts': 0, 'SiteHistory': [], 'ResidentSetSize': [], 'SubmitTimes': [], 'StartTimes': [], 'EndTimes': [], 'TotalUserCpuTimeHistory': [], 'TotalSysCpuTimeHistory': [], 'WallDurations': [], 'JobIds': [], 'State': 'unsubmitted'}, '2226': {'Retries': 0, 'Restarts': 0, 'SiteHistory': [], 'ResidentSetSize': [], 'SubmitTimes': [], 'StartTimes': [], 'EndTimes': [], 'TotalUserCpuTimeHistory': [], 'TotalSysCpuTimeHistory': [], 'WallDurations': [], 'JobIds': [], 'State': 'unsubmitted'}, '2227': {'Retries': 0, 'Restarts': 0, 'SiteHistory': [], 'ResidentSetSize': [], 'SubmitTimes': [], 'StartTimes': [], 'EndTimes': [], 'TotalUserCpuTimeHistory': [], 'TotalSysCpuTimeHistory': [], 'WallDurations': [], 'JobIds': [], 'State': 'unsubmitted'}, '2228': {'Retries': 0, 'Restarts': 0, 'SiteHistory': [], 'ResidentSetSize': [], 'SubmitTimes': [], 'StartTimes': [], 'EndTimes': [], 'TotalUserCpuTimeHistory': [], 'TotalSysCpuTimeHistory': [], 'WallDurations': [], 'JobIds': [], 'State': 'unsubmitted'}, '2229': {'Retries': 0, 'Restarts': 0, 'SiteHistory': [], 'ResidentSetSize': [], 'SubmitTimes': [], 'StartTimes': [], 'EndTimes': [], 'TotalUserCpuTimeHistory': [], 'TotalSysCpuTimeHistory': [], 'WallDurations': [], 'JobIds': [], 'State': 'unsubmitted'}, '2230': {'Retries': 0, 'Restarts': 0, 'SiteHistory': [], 'ResidentSetSize': [], 'SubmitTimes': [], 'StartTimes': [], 'EndTimes': [], 'TotalUserCpuTimeHistory': [], 'TotalSysCpuTimeHistory': [], 'WallDurations': [], 'JobIds': [], 'State': 'unsubmitted'}, '2231': {'Retries': 0, 'Restarts': 0, 'SiteHistory': [], 'ResidentSetSize': [], 'SubmitTimes': [], 'StartTimes': [], 'EndTimes': [], 'TotalUserCpuTimeHistory': [], 'TotalSysCpuTimeHistory': [], 'WallDurations': [], 'JobIds': [], 'State': 'unsubmitted'}, '2232': {'Retries': 0, 'Restarts': 0, 'SiteHistory': [], 'ResidentSetSize': [], 'SubmitTimes': [], 'StartTimes': [], 'EndTimes': [], 'TotalUserCpuTimeHistory': [], 'TotalSysCpuTimeHistory': [], 'WallDurations': [], 'JobIds': [], 'State': 'unsubmitted'}, '2233': {'Retries': 0, 'Restarts': 0, 'SiteHistory': [], 'ResidentSetSize': [], 'SubmitTimes': [], 'StartTimes': [], 'EndTimes': [], 'TotalUserCpuTimeHistory': [], 'TotalSysCpuTimeHistory': [], 'WallDurations': [], 'JobIds': [], 'State': 'unsubmitted'}, '2234': {'Retries': 0, 'Restarts': 0, 'SiteHistory': [], 'ResidentSetSize': [], 'SubmitTimes': [], 'StartTimes': [], 'EndTimes': [], 'TotalUserCpuTimeHistory': [], 'TotalSysCpuTimeHistory': [], 'WallDurations': [], 'JobIds': [], 'State': 'unsubmitted'}, '2235': {'Retries': 0, 'Restarts': 0, 'SiteHistory': [], 'ResidentSetSize': [], 'SubmitTimes': [], 'StartTimes': [], 'EndTimes': [], 'TotalUserCpuTimeHistory': [], 'TotalSysCpuTimeHistory': [], 'WallDurations': [], 'JobIds': [], 'State': 'unsubmitted'}, '2236': {'Retries': 0, 'Restarts': 0, 'SiteHistory': [], 'ResidentSetSize': [], 'SubmitTimes': [], 'StartTimes': [], 'EndTimes': [], 'TotalUserCpuTimeHistory': [], 'TotalSysCpuTimeHistory': [], 'WallDurations': [], 'JobIds': [], 'State': 'unsubmitted'}, '2237': {'Retries': 0, 'Restarts': 0, 'SiteHistory': [], 'ResidentSetSize': [], 'SubmitTimes': [], 'StartTimes': [], 'EndTimes': [], 'TotalUserCpuTimeHistory': [], 'TotalSysCpuTimeHistory': [], 'WallDurations': [], 'JobIds': [], 'State': 'unsubmitted'}, '2238': {'Retries': 0, 'Restarts': 0, 'SiteHistory': [], 'ResidentSetSize': [], 'SubmitTimes': [], 'StartTimes': [], 'EndTimes': [], 'TotalUserCpuTimeHistory': [], 'TotalSysCpuTimeHistory': [], 'WallDurations': [], 'JobIds': [], 'State': 'unsubmitted'}, '2239': {'Retries': 0, 'Restarts': 0, 'SiteHistory': [], 'ResidentSetSize': [], 'SubmitTimes': [], 'StartTimes': [], 'EndTimes': [], 'TotalUserCpuTimeHistory': [], 'TotalSysCpuTimeHistory': [], 'WallDurations': [], 'JobIds': [], 'State': 'unsubmitted'}, '2240': {'Retries': 0, 'Restarts': 0, 'SiteHistory': [], 'ResidentSetSize': [], 'SubmitTimes': [], 'StartTimes': [], 'EndTimes': [], 'TotalUserCpuTimeHistory': [], 'TotalSysCpuTimeHistory': [], 'WallDurations': [], 'JobIds': [], 'State': 'unsubmitted'}, '2241': {'Retries': 0, 'Restarts': 0, 'SiteHistory': [], 'ResidentSetSize': [], 'SubmitTimes': [], 'StartTimes': [], 'EndTimes': [], 'TotalUserCpuTimeHistory': [], 'TotalSysCpuTimeHistory': [], 'WallDurations': [], 'JobIds': [], 'State': 'unsubmitted'}, '2242': {'Retries': 0, 'Restarts': 0, 'SiteHistory': [], 'ResidentSetSize': [], 'SubmitTimes': [], 'StartTimes': [], 'EndTimes': [], 'TotalUserCpuTimeHistory': [], 'TotalSysCpuTimeHistory': [], 'WallDurations': [], 'JobIds': [], 'State': 'unsubmitted'}, '2243': {'Retries': 0, 'Restarts': 0, 'SiteHistory': [], 'ResidentSetSize': [], 'SubmitTimes': [], 'StartTimes': [], 'EndTimes': [], 'TotalUserCpuTimeHistory': [], 'TotalSysCpuTimeHistory': [], 'WallDurations': [], 'JobIds': [], 'State': 'unsubmitted'}, '2244': {'Retries': 0, 'Restarts': 0, 'SiteHistory': [], 'ResidentSetSize': [], 'SubmitTimes': [], 'StartTimes': [], 'EndTimes': [], 'TotalUserCpuTimeHistory': [], 'TotalSysCpuTimeHistory': [], 'WallDurations': [], 'JobIds': [], 'State': 'unsubmitted'}, '2245': {'Retries': 0, 'Restarts': 0, 'SiteHistory': [], 'ResidentSetSize': [], 'SubmitTimes': [], 'StartTimes': [], 'EndTimes': [], 'TotalUserCpuTimeHistory': [], 'TotalSysCpuTimeHistory': [], 'WallDurations': [], 'JobIds': [], 'State': 'unsubmitted'}, '2246': {'Retries': 0, 'Restarts': 0, 'SiteHistory': [], 'ResidentSetSize': [], 'SubmitTimes': [], 'StartTimes': [], 'EndTimes': [], 'TotalUserCpuTimeHistory': [], 'TotalSysCpuTimeHistory': [], 'WallDurations': [], 'JobIds': [], 'State': 'unsubmitted'}, '2247': {'Retries': 0, 'Restarts': 0, 'SiteHistory': [], 'ResidentSetSize': [], 'SubmitTimes': [], 'StartTimes': [], 'EndTimes': [], 'TotalUserCpuTimeHistory': [], 'TotalSysCpuTimeHistory': [], 'WallDurations': [], 'JobIds': [], 'State': 'unsubmitted'}, '2248': {'Retries': 0, 'Restarts': 0, 'SiteHistory': [], 'ResidentSetSize': [], 'SubmitTimes': [], 'StartTimes': [], 'EndTimes': [], 'TotalUserCpuTimeHistory': [], 'TotalSysCpuTimeHistory': [], 'WallDurations': [], 'JobIds': [], 'State': 'unsubmitted'}, '2249': {'Retries': 0, 'Restarts': 0, 'SiteHistory': [], 'ResidentSetSize': [], 'SubmitTimes': [], 'StartTimes': [], 'EndTimes': [], 'TotalUserCpuTimeHistory': [], 'TotalSysCpuTimeHistory': [], 'WallDurations': [], 'JobIds': [], 'State': 'unsubmitted'}, '2250': {'Retries': 0, 'Restarts': 0, 'SiteHistory': [], 'ResidentSetSize': [], 'SubmitTimes': [], 'StartTimes': [], 'EndTimes': [], 'TotalUserCpuTimeHistory': [], 'TotalSysCpuTimeHistory': [], 'WallDurations': [], 'JobIds': [], 'State': 'unsubmitted'}, '2251': {'Retries': 0, 'Restarts': 0, 'SiteHistory': [], 'ResidentSetSize': [], 'SubmitTimes': [], 'StartTimes': [], 'EndTimes': [], 'TotalUserCpuTimeHistory': [], 'TotalSysCpuTimeHistory': [], 'WallDurations': [], 'JobIds': [], 'State': 'unsubmitted'}, '2252': {'Retries': 0, 'Restarts': 0, 'SiteHistory': [], 'ResidentSetSize': [], 'SubmitTimes': [], 'StartTimes': [], 'EndTimes': [], 'TotalUserCpuTimeHistory': [], 'TotalSysCpuTimeHistory': [], 'WallDurations': [], 'JobIds': [], 'State': 'unsubmitted'}, '2253': {'Retries': 0, 'Restarts': 0, 'SiteHistory': [], 'ResidentSetSize': [], 'SubmitTimes': [], 'StartTimes': [], 'EndTimes': [], 'TotalUserCpuTimeHistory': [], 'TotalSysCpuTimeHistory': [], 'WallDurations': [], 'JobIds': [], 'State': 'unsubmitted'}, '2254': {'Retries': 0, 'Restarts': 0, 'SiteHistory': [], 'ResidentSetSize': [], 'SubmitTimes': [], 'StartTimes': [], 'EndTimes': [], 'TotalUserCpuTimeHistory': [], 'TotalSysCpuTimeHistory': [], 'WallDurations': [], 'JobIds': [], 'State': 'unsubmitted'}, '2255': {'Retries': 0, 'Restarts': 0, 'SiteHistory': [], 'ResidentSetSize': [], 'SubmitTimes': [], 'StartTimes': [], 'EndTimes': [], 'TotalUserCpuTimeHistory': [], 'TotalSysCpuTimeHistory': [], 'WallDurations': [], 'JobIds': [], 'State': 'unsubmitted'}, '2256': {'Retries': 0, 'Restarts': 0, 'SiteHistory': [], 'ResidentSetSize': [], 'SubmitTimes': [], 'StartTimes': [], 'EndTimes': [], 'TotalUserCpuTimeHistory': [], 'TotalSysCpuTimeHistory': [], 'WallDurations': [], 'JobIds': [], 'State': 'unsubmitted'}, '2257': {'Retries': 0, 'Restarts': 0, 'SiteHistory': [], 'ResidentSetSize': [], 'SubmitTimes': [], 'StartTimes': [], 'EndTimes': [], 'TotalUserCpuTimeHistory': [], 'TotalSysCpuTimeHistory': [], 'WallDurations': [], 'JobIds': [], 'State': 'unsubmitted'}, '2258': {'Retries': 0, 'Restarts': 0, 'SiteHistory': [], 'ResidentSetSize': [], 'SubmitTimes': [], 'StartTimes': [], 'EndTimes': [], 'TotalUserCpuTimeHistory': [], 'TotalSysCpuTimeHistory': [], 'WallDurations': [], 'JobIds': [], 'State': 'unsubmitted'}, '2259': {'Retries': 0, 'Restarts': 0, 'SiteHistory': [], 'ResidentSetSize': [], 'SubmitTimes': [], 'StartTimes': [], 'EndTimes': [], 'TotalUserCpuTimeHistory': [], 'TotalSysCpuTimeHistory': [], 'WallDurations': [], 'JobIds': [], 'State': 'unsubmitted'}, '2260': {'Retries': 0, 'Restarts': 0, 'SiteHistory': [], 'ResidentSetSize': [], 'SubmitTimes': [], 'StartTimes': [], 'EndTimes': [], 'TotalUserCpuTimeHistory': [], 'TotalSysCpuTimeHistory': [], 'WallDurations': [], 'JobIds': [], 'State': 'unsubmitted'}, '2261': {'Retries': 0, 'Restarts': 0, 'SiteHistory': [], 'ResidentSetSize': [], 'SubmitTimes': [], 'StartTimes': [], 'EndTimes': [], 'TotalUserCpuTimeHistory': [], 'TotalSysCpuTimeHistory': [], 'WallDurations': [], 'JobIds': [], 'State': 'unsubmitted'}, '2262': {'Retries': 0, 'Restarts': 0, 'SiteHistory': [], 'ResidentSetSize': [], 'SubmitTimes': [], 'StartTimes': [], 'EndTimes': [], 'TotalUserCpuTimeHistory': [], 'TotalSysCpuTimeHistory': [], 'WallDurations': [], 'JobIds': [], 'State': 'unsubmitted'}, '2263': {'Retries': 0, 'Restarts': 0, 'SiteHistory': [], 'ResidentSetSize': [], 'SubmitTimes': [], 'StartTimes': [], 'EndTimes': [], 'TotalUserCpuTimeHistory': [], 'TotalSysCpuTimeHistory': [], 'WallDurations': [], 'JobIds': [], 'State': 'unsubmitted'}, '2264': {'Retries': 0, 'Restarts': 0, 'SiteHistory': [], 'ResidentSetSize': [], 'SubmitTimes': [], 'StartTimes': [], 'EndTimes': [], 'TotalUserCpuTimeHistory': [], 'TotalSysCpuTimeHistory': [], 'WallDurations': [], 'JobIds': [], 'State': 'unsubmitted'}, '2265': {'Retries': 0, 'Restarts': 0, 'SiteHistory': [], 'ResidentSetSize': [], 'SubmitTimes': [], 'StartTimes': [], 'EndTimes': [], 'TotalUserCpuTimeHistory': [], 'TotalSysCpuTimeHistory': [], 'WallDurations': [], 'JobIds': [], 'State': 'unsubmitted'}, '2266': {'Retries': 0, 'Restarts': 0, 'SiteHistory': [], 'ResidentSetSize': [], 'SubmitTimes': [], 'StartTimes': [], 'EndTimes': [], 'TotalUserCpuTimeHistory': [], 'TotalSysCpuTimeHistory': [], 'WallDurations': [], 'JobIds': [], 'State': 'unsubmitted'}, '2267': {'Retries': 0, 'Restarts': 0, 'SiteHistory': [], 'ResidentSetSize': [], 'SubmitTimes': [], 'StartTimes': [], 'EndTimes': [], 'TotalUserCpuTimeHistory': [], 'TotalSysCpuTimeHistory': [], 'WallDurations': [], 'JobIds': [], 'State': 'unsubmitted'}, '2268': {'Retries': 0, 'Restarts': 0, 'SiteHistory': [], 'ResidentSetSize': [], 'SubmitTimes': [], 'StartTimes': [], 'EndTimes': [], 'TotalUserCpuTimeHistory': [], 'TotalSysCpuTimeHistory': [], 'WallDurations': [], 'JobIds': [], 'State': 'unsubmitted'}, '2269': {'Retries': 0, 'Restarts': 0, 'SiteHistory': [], 'ResidentSetSize': [], 'SubmitTimes': [], 'StartTimes': [], 'EndTimes': [], 'TotalUserCpuTimeHistory': [], 'TotalSysCpuTimeHistory': [], 'WallDurations': [], 'JobIds': [], 'State': 'unsubmitted'}, '2270': {'Retries': 0, 'Restarts': 0, 'SiteHistory': [], 'ResidentSetSize': [], 'SubmitTimes': [], 'StartTimes': [], 'EndTimes': [], 'TotalUserCpuTimeHistory': [], 'TotalSysCpuTimeHistory': [], 'WallDurations': [], 'JobIds': [], 'State': 'unsubmitted'}, '2271': {'Retries': 0, 'Restarts': 0, 'SiteHistory': [], 'ResidentSetSize': [], 'SubmitTimes': [], 'StartTimes': [], 'EndTimes': [], 'TotalUserCpuTimeHistory': [], 'TotalSysCpuTimeHistory': [], 'WallDurations': [], 'JobIds': [], 'State': 'unsubmitted'}, '2272': {'Retries': 0, 'Restarts': 0, 'SiteHistory': [], 'ResidentSetSize': [], 'SubmitTimes': [], 'StartTimes': [], 'EndTimes': [], 'TotalUserCpuTimeHistory': [], 'TotalSysCpuTimeHistory': [], 'WallDurations': [], 'JobIds': [], 'State': 'unsubmitted'}, '2273': {'Retries': 0, 'Restarts': 0, 'SiteHistory': [], 'ResidentSetSize': [], 'SubmitTimes': [], 'StartTimes': [], 'EndTimes': [], 'TotalUserCpuTimeHistory': [], 'TotalSysCpuTimeHistory': [], 'WallDurations': [], 'JobIds': [], 'State': 'unsubmitted'}, '2274': {'Retries': 0, 'Restarts': 0, 'SiteHistory': [], 'ResidentSetSize': [], 'SubmitTimes': [], 'StartTimes': [], 'EndTimes': [], 'TotalUserCpuTimeHistory': [], 'TotalSysCpuTimeHistory': [], 'WallDurations': [], 'JobIds': [], 'State': 'unsubmitted'}, '2275': {'Retries': 0, 'Restarts': 0, 'SiteHistory': [], 'ResidentSetSize': [], 'SubmitTimes': [], 'StartTimes': [], 'EndTimes': [], 'TotalUserCpuTimeHistory': [], 'TotalSysCpuTimeHistory': [], 'WallDurations': [], 'JobIds': [], 'State': 'unsubmitted'}, '2276': {'Retries': 0, 'Restarts': 0, 'SiteHistory': [], 'ResidentSetSize': [], 'SubmitTimes': [], 'StartTimes': [], 'EndTimes': [], 'TotalUserCpuTimeHistory': [], 'TotalSysCpuTimeHistory': [], 'WallDurations': [], 'JobIds': [], 'State': 'unsubmitted'}, '2277': {'Retries': 0, 'Restarts': 0, 'SiteHistory': [], 'ResidentSetSize': [], 'SubmitTimes': [], 'StartTimes': [], 'EndTimes': [], 'TotalUserCpuTimeHistory': [], 'TotalSysCpuTimeHistory': [], 'WallDurations': [], 'JobIds': [], 'State': 'unsubmitted'}, '2278': {'Retries': 0, 'Restarts': 0, 'SiteHistory': [], 'ResidentSetSize': [], 'SubmitTimes': [], 'StartTimes': [], 'EndTimes': [], 'TotalUserCpuTimeHistory': [], 'TotalSysCpuTimeHistory': [], 'WallDurations': [], 'JobIds': [], 'State': 'unsubmitted'}, '2279': {'Retries': 0, 'Restarts': 0, 'SiteHistory': [], 'ResidentSetSize': [], 'SubmitTimes': [], 'StartTimes': [], 'EndTimes': [], 'TotalUserCpuTimeHistory': [], 'TotalSysCpuTimeHistory': [], 'WallDurations': [], 'JobIds': [], 'State': 'unsubmitted'}, '2280': {'Retries': 0, 'Restarts': 0, 'SiteHistory': [], 'ResidentSetSize': [], 'SubmitTimes': [], 'StartTimes': [], 'EndTimes': [], 'TotalUserCpuTimeHistory': [], 'TotalSysCpuTimeHistory': [], 'WallDurations': [], 'JobIds': [], 'State': 'unsubmitted'}, '2281': {'Retries': 0, 'Restarts': 0, 'SiteHistory': [], 'ResidentSetSize': [], 'SubmitTimes': [], 'StartTimes': [], 'EndTimes': [], 'TotalUserCpuTimeHistory': [], 'TotalSysCpuTimeHistory': [], 'WallDurations': [], 'JobIds': [], 'State': 'unsubmitted'}, '2282': {'Retries': 0, 'Restarts': 0, 'SiteHistory': [], 'ResidentSetSize': [], 'SubmitTimes': [], 'StartTimes': [], 'EndTimes': [], 'TotalUserCpuTimeHistory': [], 'TotalSysCpuTimeHistory': [], 'WallDurations': [], 'JobIds': [], 'State': 'unsubmitted'}, '2283': {'Retries': 0, 'Restarts': 0, 'SiteHistory': [], 'ResidentSetSize': [], 'SubmitTimes': [], 'StartTimes': [], 'EndTimes': [], 'TotalUserCpuTimeHistory': [], 'TotalSysCpuTimeHistory': [], 'WallDurations': [], 'JobIds': [], 'State': 'unsubmitted'}, '2284': {'Retries': 0, 'Restarts': 0, 'SiteHistory': [], 'ResidentSetSize': [], 'SubmitTimes': [], 'StartTimes': [], 'EndTimes': [], 'TotalUserCpuTimeHistory': [], 'TotalSysCpuTimeHistory': [], 'WallDurations': [], 'JobIds': [], 'State': 'unsubmitted'}, '2285': {'Retries': 0, 'Restarts': 0, 'SiteHistory': [], 'ResidentSetSize': [], 'SubmitTimes': [], 'StartTimes': [], 'EndTimes': [], 'TotalUserCpuTimeHistory': [], 'TotalSysCpuTimeHistory': [], 'WallDurations': [], 'JobIds': [], 'State': 'unsubmitted'}, '2286': {'Retries': 0, 'Restarts': 0, 'SiteHistory': [], 'ResidentSetSize': [], 'SubmitTimes': [], 'StartTimes': [], 'EndTimes': [], 'TotalUserCpuTimeHistory': [], 'TotalSysCpuTimeHistory': [], 'WallDurations': [], 'JobIds': [], 'State': 'unsubmitted'}, '2287': {'Retries': 0, 'Restarts': 0, 'SiteHistory': [], 'ResidentSetSize': [], 'SubmitTimes': [], 'StartTimes': [], 'EndTimes': [], 'TotalUserCpuTimeHistory': [], 'TotalSysCpuTimeHistory': [], 'WallDurations': [], 'JobIds': [], 'State': 'unsubmitted'}, '2288': {'Retries': 0, 'Restarts': 0, 'SiteHistory': [], 'ResidentSetSize': [], 'SubmitTimes': [], 'StartTimes': [], 'EndTimes': [], 'TotalUserCpuTimeHistory': [], 'TotalSysCpuTimeHistory': [], 'WallDurations': [], 'JobIds': [], 'State': 'unsubmitted'}}
INFO 2025-09-25 20:10:57.703 UTC: 	 Status on the scheduler:	SUBMITTED
INFO 2025-09-25 20:10:57.704 UTC: 	 
Jobs status:                    idle         		 44.1% (1010/2288)
INFO 2025-09-25 20:10:57.704 UTC: 	 				running      		  0.2% (   5/2288)
INFO 2025-09-25 20:10:57.705 UTC: 	 				transferring 		  0.0% (   1/2288)
INFO 2025-09-25 20:10:57.705 UTC: 	 				unsubmitted  		 55.6% (1272/2288)
INFO 2025-09-25 20:10:57.705 UTC: 	 
No publication information (publication has been disabled in the CRAB configuration file)
INFO 2025-09-25 20:10:57.717 UTC: 	 
Warning: the max jobs runtime is less than 30% of the task requested value (1250 min), please consider to request a lower value for failed jobs (allowed through crab resubmit) and/or improve the jobs splitting (e.g. config.Data.splitting = 'Automatic') in a new task.
INFO 2025-09-25 20:10:57.717 UTC: 	 
Summary of run jobs:
 * Memory: 0MB min, 1593MB max, 1593MB ave
 * Runtime: 0:00:00 min, 0:13:09 max, 0:13:09 ave
 * CPU eff: 82% min, 82% max, 82% ave
 * Waste: 0:00:20 (3% of total)

INFO 2025-09-25 20:10:57.736 UTC: 	 Log file is /eos/home-b/bibehera/OO_Simfit_eff/CMSSW_15_0_6_patch1/src/Analyzer/RaghuV0Ana/cfg/OO_Data_MINIAOD/crab_2pc_OO_V0_IM_effcorr_cent0to60_IP10/crab.log
