DEBUG 2025-10-28 20:10:12.336 UTC: 	 CRAB Client version: v3.250820
DEBUG 2025-10-28 20:10:12.336 UTC: 	 Running on: Linux lxplus814.cern.ch 4.18.0-553.80.1.el8_10.x86_64 #1 SMP Fri Oct 10 03:51:59 EDT 2025 x86_64 x86_64 x86_64 GNU/Linux
DEBUG 2025-10-28 20:10:12.336 UTC: 	 Not using Singularity
DEBUG 2025-10-28 20:10:12.336 UTC: 	 Operating System: Red Hat Enterprise Linux 8.10 (Ootpa)
DEBUG 2025-10-28 20:10:12.336 UTC: 	 Executing command: 'submit'
DEBUG 2025-10-28 20:10:12.336 UTC: 	 Found CRAB cache file /afs/cern.ch/user/b/bibehera/.crab3
INFO 2025-10-28 20:10:12.337 UTC: 	 Will use CRAB configuration file crab_config2.py
DEBUG 2025-10-28 20:10:12.337 UTC: 	 Loading CRAB configuration file.
DEBUG 2025-10-28 20:10:12.345 UTC: 	 Overriden parameter General.requestName with '2pc_OO_V0_IM_effcorr_cent0to50_lowpT_IP31'
DEBUG 2025-10-28 20:10:12.345 UTC: 	 Overriden parameter Data.inputDataset with '/IonPhysics31/bibehera-2pc_OO_V0_IP31-ca42279dfc2dce710b3991c24f27a617/USER'
DEBUG 2025-10-28 20:10:12.345 UTC: 	 Overriden parameter Data.secondaryInputDataset with '/IonPhysics31/OORun2025-PromptReco-v1/MINIAOD'
DEBUG 2025-10-28 20:10:12.345 UTC: 	 Overriden parameter Data.outputDatasetTag with '2pc_OO_V0_IM_effcorr_cent0to50_lowpT_IP31'
DEBUG 2025-10-28 20:10:12.345 UTC: 	 Will use CRAB plugin ANALYSIS (i.e. will run an analysis job type).
DEBUG 2025-10-28 20:10:12.464 UTC: 	 Checking credentials
DEBUG 2025-10-28 20:10:12.464 UTC: 	 Found proxy file /tmp/x509up_u177753
DEBUG 2025-10-28 20:10:12.464 UTC: 	 Making sure it has proper VOMS extension
DEBUG 2025-10-28 20:10:12.464 UTC: 	 Executing command :
 voms-proxy-info --vo --file /tmp/x509up_u177753
DEBUG 2025-10-28 20:10:12.494 UTC: 	 output : cms

 error: 
 retcode : 0
DEBUG 2025-10-28 20:10:12.495 UTC: 	 Getting proxy life time left
DEBUG 2025-10-28 20:10:12.495 UTC: 	 Executing command :
 voms-proxy-info --actimeleft --timeleft --file /tmp/x509up_u177753
DEBUG 2025-10-28 20:10:12.530 UTC: 	 output : 43136
43136

 error: 
 retcode : 0
DEBUG 2025-10-28 20:10:12.531 UTC: 	 Proxy valid for 11:58:56 hours
DEBUG 2025-10-28 20:10:12.531 UTC: 	 Encoded data for curl request: subresource=delegatedn
DEBUG 2025-10-28 20:10:13.273 UTC: 	 Registering user credentials on myproxy for /DC=ch/DC=cern/OU=Organic Units/OU=Users/CN=cmscrab/CN=(817881|373708)/CN=Robot: cms crab|/DC=ch/DC=cern/OU=Organic Units/OU=Users/CN=crabint1/CN=373708/CN=Robot: CMS CRAB Integration 1
DEBUG 2025-10-28 20:10:13.273 UTC: 	 Executing command :
 voms-proxy-info --identity --file /tmp/x509up_u177753
DEBUG 2025-10-28 20:10:13.301 UTC: 	 output : /DC=ch/DC=cern/OU=Organic Units/OU=Users/CN=bibehera/CN=882295/CN=Bismita Behera

 error: 
 retcode : 0
DEBUG 2025-10-28 20:10:13.301 UTC: 	 Getting myproxy life time left for bfbdf12a5670e45fdd055ff115afbb0f25b8a072
DEBUG 2025-10-28 20:10:13.301 UTC: 	 Executing command :
 myproxy-info -s myproxy.cern.ch -l bfbdf12a5670e45fdd055ff115afbb0f25b8a072
DEBUG 2025-10-28 20:10:13.562 UTC: 	 output : username: bfbdf12a5670e45fdd055ff115afbb0f25b8a072
owner: /DC=ch/DC=cern/OU=Organic Units/OU=Users/CN=bibehera/CN=882295/CN=Bismita Behera
  renewal policy: /DC=ch/DC=cern/OU=Organic Units/OU=Users/CN=cmscrab/CN=(817881|373708)/CN=Robot: cms crab|/DC=ch/DC=cern/OU=Organic Units/OU=Users/CN=crabint1/CN=373708/CN=Robot: CMS CRAB Integration 1
  trusted retrieval policy: /DC=ch/DC=cern/OU=Organic Units/OU=Users/CN=cmscrab/CN=(817881|373708)/CN=Robot: cms crab|/DC=ch/DC=cern/OU=Organic Units/OU=Users/CN=crabint1/CN=373708/CN=Robot: CMS CRAB Integration 1
  timeleft: 384:18:10  (16.0 days)

 error: 
 retcode : 0
DEBUG 2025-10-28 20:10:13.562 UTC: 	 Myproxy is valid: 1383480
DEBUG 2025-10-28 20:10:13.563 UTC: 	 Result of myproxy credential check:
  Credential exists on myproxy: username: bfbdf12a5670e45fdd055ff115afbb0f25b8a072  - validity: 16 days, 0:18:00
DEBUG 2025-10-28 20:10:13.563 UTC: 	 Command use: submit
DEBUG 2025-10-28 20:10:13.563 UTC: 	 Options use: ['-c', 'crab_config2.py', 'General.requestName=2pc_OO_V0_IM_effcorr_cent0to50_lowpT_IP31', 'Data.inputDataset=/IonPhysics31/bibehera-2pc_OO_V0_IP31-ca42279dfc2dce710b3991c24f27a617/USER', 'Data.secondaryInputDataset=/IonPhysics31/OORun2025-PromptReco-v1/MINIAOD', 'Data.outputDatasetTag=2pc_OO_V0_IM_effcorr_cent0to50_lowpT_IP31']
DEBUG 2025-10-28 20:10:13.563 UTC: 	 Encoded data for curl request: subresource=version
DEBUG 2025-10-28 20:10:14.440 UTC: 	 CRABClient version: v3.250820
DEBUG 2025-10-28 20:10:14.440 UTC: 	 Instance is prod
DEBUG 2025-10-28 20:10:14.440 UTC: 	 Server base url is cmsweb.cern.ch
DEBUG 2025-10-28 20:10:14.440 UTC: 	 Command api workflow
DEBUG 2025-10-28 20:10:14.441 UTC: 	 Started submission
DEBUG 2025-10-28 20:10:14.441 UTC: 	 Working on /eos/home-b/bibehera/OO_Simfit_eff/CMSSW_15_0_6_patch1/src/Analyzer/RaghuV0Ana/cfg/OO_Data_MINIAOD/crab_2pc_OO_V0_IM_effcorr_cent0to50_lowpT_IP31
DEBUG 2025-10-28 20:10:14.441 UTC: 	 Encoded data for curl request: subresource=backendurls
DEBUG 2025-10-28 20:10:16.769 UTC: 	 Loading required information from the environment
DEBUG 2025-10-28 20:10:16.769 UTC: 	 Found CMSSW_15_0_6_patch1 for el8_amd64_gcc12 with base /eos/home-b/bibehera/OO_Simfit_eff/CMSSW_15_0_6_patch1
DEBUG 2025-10-28 20:10:16.769 UTC: 	 Loading required information from the environment
DEBUG 2025-10-28 20:10:16.769 UTC: 	 Found CMSSW_15_0_6_patch1 for el8_amd64_gcc12 with base /eos/home-b/bibehera/OO_Simfit_eff/CMSSW_15_0_6_patch1
DEBUG 2025-10-28 20:10:16.769 UTC: 	 UNIQUE NAME: tarUUID dca9c979-a5af-4840-99e1-0c59782fe047 
DEBUG 2025-10-28 20:10:16.769 UTC: 	 self.config: from WMCore.Configuration import Configuration
config = Configuration()
config.section_('General')
config.General.transferLogs = True
config.General.workArea = 'OO_Data_MINIAOD'
config.General.requestName = '2pc_OO_V0_IM_effcorr_cent0to50_lowpT_IP31'
config.General.transferOutputs = True
config.section_('JobType')
config.JobType.pluginName = 'Analysis'
config.JobType.psetName = 'PbPb_2018_cfg.py'
config.section_('Data')
config.Data.outputDatasetTag = '2pc_OO_V0_IM_effcorr_cent0to50_lowpT_IP31'
config.Data.inputDataset = '/IonPhysics31/bibehera-2pc_OO_V0_IP31-ca42279dfc2dce710b3991c24f27a617/USER'
config.Data.lumiMask = 'generated_json.json'
config.Data.totalUnits = -1
config.Data.inputDBS = 'phys03'
config.Data.splitting = 'LumiBased'
config.Data.secondaryInputDataset = '/IonPhysics31/OORun2025-PromptReco-v1/MINIAOD'
config.Data.unitsPerJob = 3
config.Data.outLFNDirBase = '/store/user/bibehera/'
config.Data.publication = False
config.section_('Site')
config.Site.storageSite = 'T3_CH_CERNBOX'
config.section_('User')
config.section_('Debug')

DEBUG 2025-10-28 20:10:16.769 UTC: 	 self.config.JobType.psetName: PbPb_2018_cfg.py
INFO 2025-10-28 20:10:16.769 UTC: 	 Importing CMSSW configuration PbPb_2018_cfg.py
INFO 2025-10-28 20:10:17.882 UTC: 	 Finished importing CMSSW configuration PbPb_2018_cfg.py
DEBUG 2025-10-28 20:10:17.883 UTC: 	 Writing CMSSW configuration to /eos/home-b/bibehera/OO_Simfit_eff/CMSSW_15_0_6_patch1/src/Analyzer/RaghuV0Ana/cfg/OO_Data_MINIAOD/crab_2pc_OO_V0_IM_effcorr_cent0to50_lowpT_IP31/inputs/PSet.py
DEBUG 2025-10-28 20:10:18.134 UTC: 	 The following EDM output files will be collected: []
DEBUG 2025-10-28 20:10:18.134 UTC: 	 The following TFile output files will be collected: ['V0_test_IM_lowpT.root']
DEBUG 2025-10-28 20:10:18.134 UTC: 	 The following user output files (not listed as PoolOuputModule or TFileService in the CMSSW PSet) will be collected: 
DEBUG 2025-10-28 20:10:18.134 UTC: 	 Loading required information from the environment
DEBUG 2025-10-28 20:10:18.134 UTC: 	 Found CMSSW_15_0_6_patch1 for el8_amd64_gcc12 with base /eos/home-b/bibehera/OO_Simfit_eff/CMSSW_15_0_6_patch1
DEBUG 2025-10-28 20:10:18.134 UTC: 	 Making tarball in /eos/home-b/bibehera/OO_Simfit_eff/CMSSW_15_0_6_patch1/src/Analyzer/RaghuV0Ana/cfg/OO_Data_MINIAOD/crab_2pc_OO_V0_IM_effcorr_cent0to50_lowpT_IP31/inputs/dca9c979-a5af-4840-99e1-0c59782fe047default.tgz
DEBUG 2025-10-28 20:10:18.144 UTC: 	 Checking directory /eos/home-b/bibehera/OO_Simfit_eff/CMSSW_15_0_6_patch1/bin
DEBUG 2025-10-28 20:10:18.144 UTC: 	 Adding directory /eos/home-b/bibehera/OO_Simfit_eff/CMSSW_15_0_6_patch1/bin to tarball
DEBUG 2025-10-28 20:10:18.153 UTC: 	 Checking directory /eos/home-b/bibehera/OO_Simfit_eff/CMSSW_15_0_6_patch1/python
DEBUG 2025-10-28 20:10:18.153 UTC: 	 Adding directory /eos/home-b/bibehera/OO_Simfit_eff/CMSSW_15_0_6_patch1/python to tarball
DEBUG 2025-10-28 20:10:18.202 UTC: 	 Checking directory /eos/home-b/bibehera/OO_Simfit_eff/CMSSW_15_0_6_patch1/cfipython
DEBUG 2025-10-28 20:10:18.202 UTC: 	 Adding directory /eos/home-b/bibehera/OO_Simfit_eff/CMSSW_15_0_6_patch1/cfipython to tarball
DEBUG 2025-10-28 20:10:18.332 UTC: 	 Checking directory /eos/home-b/bibehera/OO_Simfit_eff/CMSSW_15_0_6_patch1/lib
DEBUG 2025-10-28 20:10:18.332 UTC: 	 Adding directory /eos/home-b/bibehera/OO_Simfit_eff/CMSSW_15_0_6_patch1/lib to tarball
DEBUG 2025-10-28 20:10:18.532 UTC: 	 Checking directory /eos/home-b/bibehera/OO_Simfit_eff/CMSSW_15_0_6_patch1/biglib
DEBUG 2025-10-28 20:10:18.532 UTC: 	 Adding directory /eos/home-b/bibehera/OO_Simfit_eff/CMSSW_15_0_6_patch1/biglib to tarball
DEBUG 2025-10-28 20:10:18.534 UTC: 	 Checking directory /eos/home-b/bibehera/OO_Simfit_eff/CMSSW_15_0_6_patch1/module
DEBUG 2025-10-28 20:10:18.534 UTC: 	 Checking directory /eos/home-b/bibehera/OO_Simfit_eff/CMSSW_15_0_6_patch1/config/SCRAM/hooks
DEBUG 2025-10-28 20:10:18.535 UTC: 	 Adding directory /eos/home-b/bibehera/OO_Simfit_eff/CMSSW_15_0_6_patch1/config/SCRAM/hooks to tarball
DEBUG 2025-10-28 20:10:18.902 UTC: 	 Adding directory /eos/home-b/bibehera/OO_Simfit_eff/CMSSW_15_0_6_patch1/src/Analyzer/RaghuV0Ana/data to tarball
DEBUG 2025-10-28 20:10:19.442 UTC: 	 Adding directory /eos/home-b/bibehera/OO_Simfit_eff/CMSSW_15_0_6_patch1/src/Analyzer/RaghuV0Ana/interface to tarball
DEBUG 2025-10-28 20:10:19.449 UTC: 	 Adding directory /eos/home-b/bibehera/OO_Simfit_eff/CMSSW_15_0_6_patch1/src/Analyzer/RaghuV0Ana/python to tarball
DEBUG 2025-10-28 20:10:19.459 UTC: 	 Adding directory /eos/home-b/bibehera/OO_Simfit_eff/CMSSW_15_0_6_patch1/src/HeavyIonsAnalysis/Configuration/data to tarball
DEBUG 2025-10-28 20:10:19.799 UTC: 	 Adding directory /eos/home-b/bibehera/OO_Simfit_eff/CMSSW_15_0_6_patch1/src/HeavyIonsAnalysis/Configuration/python to tarball
DEBUG 2025-10-28 20:10:19.831 UTC: 	 Adding directory /eos/home-b/bibehera/OO_Simfit_eff/CMSSW_15_0_6_patch1/src/HeavyIonsAnalysis/EGMAnalysis/data to tarball
DEBUG 2025-10-28 20:10:19.837 UTC: 	 Adding directory /eos/home-b/bibehera/OO_Simfit_eff/CMSSW_15_0_6_patch1/src/HeavyIonsAnalysis/EGMAnalysis/interface to tarball
DEBUG 2025-10-28 20:10:19.842 UTC: 	 Adding directory /eos/home-b/bibehera/OO_Simfit_eff/CMSSW_15_0_6_patch1/src/HeavyIonsAnalysis/EGMAnalysis/python to tarball
DEBUG 2025-10-28 20:10:19.853 UTC: 	 Adding directory /eos/home-b/bibehera/OO_Simfit_eff/CMSSW_15_0_6_patch1/src/HeavyIonsAnalysis/EventAnalysis/python to tarball
DEBUG 2025-10-28 20:10:19.942 UTC: 	 Adding directory /eos/home-b/bibehera/OO_Simfit_eff/CMSSW_15_0_6_patch1/src/HeavyIonsAnalysis/JetAnalysis/interface to tarball
DEBUG 2025-10-28 20:10:19.947 UTC: 	 Adding directory /eos/home-b/bibehera/OO_Simfit_eff/CMSSW_15_0_6_patch1/src/HeavyIonsAnalysis/JetAnalysis/python to tarball
DEBUG 2025-10-28 20:10:19.987 UTC: 	 Adding directory /eos/home-b/bibehera/OO_Simfit_eff/CMSSW_15_0_6_patch1/src/HeavyIonsAnalysis/MuonAnalysis/interface to tarball
DEBUG 2025-10-28 20:10:19.992 UTC: 	 Adding directory /eos/home-b/bibehera/OO_Simfit_eff/CMSSW_15_0_6_patch1/src/HeavyIonsAnalysis/MuonAnalysis/python to tarball
DEBUG 2025-10-28 20:10:20.002 UTC: 	 Adding directory /eos/home-b/bibehera/OO_Simfit_eff/CMSSW_15_0_6_patch1/src/HeavyIonsAnalysis/TrackAnalysis/interface to tarball
DEBUG 2025-10-28 20:10:20.005 UTC: 	 Adding directory /eos/home-b/bibehera/OO_Simfit_eff/CMSSW_15_0_6_patch1/src/HeavyIonsAnalysis/TrackAnalysis/python to tarball
DEBUG 2025-10-28 20:10:20.027 UTC: 	 Adding directory /eos/home-b/bibehera/OO_Simfit_eff/CMSSW_15_0_6_patch1/src/HeavyIonsAnalysis/VertexAnalysis/python to tarball
DEBUG 2025-10-28 20:10:20.034 UTC: 	 Adding directory /eos/home-b/bibehera/OO_Simfit_eff/CMSSW_15_0_6_patch1/src/HeavyIonsAnalysis/ZDCAnalysis/python to tarball
DEBUG 2025-10-28 20:10:20.121 UTC: 	 Uploading archive /eos/home-b/bibehera/OO_Simfit_eff/CMSSW_15_0_6_patch1/src/Analyzer/RaghuV0Ana/cfg/OO_Data_MINIAOD/crab_2pc_OO_V0_IM_effcorr_cent0to50_lowpT_IP31/inputs/dca9c979-a5af-4840-99e1-0c59782fe047default.tgz (4.677734.1 MB) to the CRAB cache. Using URI https://s3.cern.ch/crabcache
DEBUG 2025-10-28 20:10:21.059 UTC: 	 Encoded data for curl request: subresource=upload&objecttype=sandbox&tarballname=8b76fc9458b29e764427c6245f944d1e2521adbf67e6775d4ffabd88ac3a4206.tar.gz
DEBUG 2025-10-28 20:10:21.229 UTC: 	 sandbox 8b76fc9458b29e764427c6245f944d1e2521adbf67e6775d4ffabd88ac3a4206.tar.gz is already in the S3 store, will not upload again
DEBUG 2025-10-28 20:10:21.229 UTC: 	 Loading required information from the environment
DEBUG 2025-10-28 20:10:21.229 UTC: 	 Found CMSSW_15_0_6_patch1 for el8_amd64_gcc12 with base /eos/home-b/bibehera/OO_Simfit_eff/CMSSW_15_0_6_patch1
DEBUG 2025-10-28 20:10:21.229 UTC: 	 Making tarball in /eos/home-b/bibehera/OO_Simfit_eff/CMSSW_15_0_6_patch1/src/Analyzer/RaghuV0Ana/cfg/OO_Data_MINIAOD/crab_2pc_OO_V0_IM_effcorr_cent0to50_lowpT_IP31/inputs/debugFiles.tgz
DEBUG 2025-10-28 20:10:21.242 UTC: 	 Uploading archive /eos/home-b/bibehera/OO_Simfit_eff/CMSSW_15_0_6_patch1/src/Analyzer/RaghuV0Ana/cfg/OO_Data_MINIAOD/crab_2pc_OO_V0_IM_effcorr_cent0to50_lowpT_IP31/inputs/debugFiles.tgz (3 KB) to the CRAB cache. Using URI https://s3.cern.ch/crabcache
DEBUG 2025-10-28 20:10:21.248 UTC: 	 Encoded data for curl request: subresource=upload&objecttype=sandbox&tarballname=f10ab05055f2451fd45b00af326692ea924c363588b8fe0886ea496296fea8b5.tar.gz
DEBUG 2025-10-28 20:10:22.305 UTC: 	 Will execute:
curl -f -v -X POST  -H "User-Agent: CRAB" -F "key=bibehera/sandboxes/f10ab05055f2451fd45b00af326692ea924c363588b8fe0886ea496296fea8b5.tar.gz" -F "AWSAccessKeyId=715203df6482458ba839e73e6dab634b" -F "policy=eyJleHBpcmF0aW9uIjogIjIwMjUtMTAtMjhUMjE6MTA6MjJaIiwgImNvbmRpdGlvbnMiOiBbeyJidWNrZXQiOiAiY3JhYmNhY2hlX3Byb2QifSwgeyJrZXkiOiAiYmliZWhlcmEvc2FuZGJveGVzL2YxMGFiMDUwNTVmMjQ1MWZkNDViMDBhZjMyNjY5MmVhOTI0YzM2MzU4OGI4ZmUwODg2ZWE0OTYyOTZmZWE4YjUudGFyLmd6In1dfQ==" -F "signature=/MU4s8htCDQng8DMbclymYfBGl8=" -F "file=@/eos/home-b/bibehera/OO_Simfit_eff/CMSSW_15_0_6_patch1/src/Analyzer/RaghuV0Ana/cfg/OO_Data_MINIAOD/crab_2pc_OO_V0_IM_effcorr_cent0to50_lowpT_IP31/inputs/debugFiles.tgz" "https://s3.cern.ch/crabcache_prod"
DEBUG 2025-10-28 20:10:22.343 UTC: 	 exitcode: 0
stdout: b''
DEBUG 2025-10-28 20:10:22.343 UTC: 	 upload to S3 of sandbox /eos/home-b/bibehera/OO_Simfit_eff/CMSSW_15_0_6_patch1/src/Analyzer/RaghuV0Ana/cfg/OO_Data_MINIAOD/crab_2pc_OO_V0_IM_effcorr_cent0to50_lowpT_IP31/inputs/debugFiles.tgz completed
DEBUG 2025-10-28 20:10:22.343 UTC: 	 make sure that object is ready for retrieve
DEBUG 2025-10-28 20:10:23.344 UTC: 	 Encoded data for curl request: subresource=download&objecttype=sandbox&tarballname=f10ab05055f2451fd45b00af326692ea924c363588b8fe0886ea496296fea8b5.tar.gz&clientmethod=head_object
DEBUG 2025-10-28 20:10:23.440 UTC: 	 PreSignedUrl to download sandbox received OK
DEBUG 2025-10-28 20:10:23.445 UTC: 	 Will execute:
 curl -v -s -f -o /dev/null --head  "https://s3.cern.ch/crabcache_prod/bibehera/sandboxes/f10ab05055f2451fd45b00af326692ea924c363588b8fe0886ea496296fea8b5.tar.gz?AWSAccessKeyId=715203df6482458ba839e73e6dab634b&Signature=1BoKhdPrhtCVML2uh973JrO9v20%3D&Expires=1761685823"
DEBUG 2025-10-28 20:10:23.477 UTC: 	 exitcode: 0
stdout: b''
DEBUG 2025-10-28 20:10:23.477 UTC: 	 sandbox /eos/home-b/bibehera/OO_Simfit_eff/CMSSW_15_0_6_patch1/src/Analyzer/RaghuV0Ana/cfg/OO_Data_MINIAOD/crab_2pc_OO_V0_IM_effcorr_cent0to50_lowpT_IP31/inputs/debugFiles.tgz successfully uploaded to S3
DEBUG 2025-10-28 20:10:23.477 UTC: 	 Result uploading input files: 8b76fc9458b29e764427c6245f944d1e2521adbf67e6775d4ffabd88ac3a4206.tar.gz 
DEBUG 2025-10-28 20:10:23.477 UTC: 	 Attaching lumi mask generated_json.json to the request
DEBUG 2025-10-28 20:10:23.477 UTC: 	 Reading lumi-mask from generated_json.json
DEBUG 2025-10-28 20:10:23.479 UTC: 	 submit() - self.configuration from WMCore.Configuration import Configuration
config = Configuration()
config.section_('General')
config.General.transferLogs = True
config.General.workArea = 'OO_Data_MINIAOD'
config.General.requestName = '2pc_OO_V0_IM_effcorr_cent0to50_lowpT_IP31'
config.General.transferOutputs = True
config.section_('JobType')
config.JobType.pluginName = 'Analysis'
config.JobType.psetName = 'PbPb_2018_cfg.py'
config.section_('Data')
config.Data.outputDatasetTag = '2pc_OO_V0_IM_effcorr_cent0to50_lowpT_IP31'
config.Data.inputDataset = '/IonPhysics31/bibehera-2pc_OO_V0_IP31-ca42279dfc2dce710b3991c24f27a617/USER'
config.Data.lumiMask = 'generated_json.json'
config.Data.totalUnits = -1
config.Data.inputDBS = 'phys03'
config.Data.splitting = 'LumiBased'
config.Data.secondaryInputDataset = '/IonPhysics31/OORun2025-PromptReco-v1/MINIAOD'
config.Data.unitsPerJob = 3
config.Data.outLFNDirBase = '/store/user/bibehera/'
config.Data.publication = False
config.section_('Site')
config.Site.storageSite = 'T3_CH_CERNBOX'
config.section_('User')
config.section_('Debug')

DEBUG 2025-10-28 20:10:23.480 UTC: 	 submit() - self.configreq {'dryrun': 0, 'workflow': 'crab_2pc_OO_V0_IM_effcorr_cent0to50_lowpT_IP31', 'saveoutput': 1, 'savelogsflag': 1, 'inputdata': '/IonPhysics31/bibehera-2pc_OO_V0_IP31-ca42279dfc2dce710b3991c24f27a617/USER', 'nonvaliddata': 0, 'userfiles': [], 'dbsurl': 'https://cmsweb.cern.ch/dbs/prod/phys03/DBSReader', 'useparent': 0, 'secondarydata': '/IonPhysics31/OORun2025-PromptReco-v1/MINIAOD', 'ignorelocality': 0, 'splitalgo': 'LumiBased', 'algoargs': 3, 'totalunits': -1, 'lfn': '/store/user/bibehera/', 'publication': 0, 'publishdbsurl': 'https://cmsweb.cern.ch/dbs/prod/phys03/DBSWriter', 'publishname2': '2pc_OO_V0_IM_effcorr_cent0to50_lowpT_IP31', 'jobtype': 'Analysis', 'generator': 'pythia', 'addoutputfiles': [], 'maxjobruntime': 1250, 'numcores': 1, 'maxmemory': 2000, 'priority': 10, 'nonprodsw': 0, 'asyncdest': 'T3_CH_CERNBOX', 'requireaccelerator': 0, 'oneEventMode': 0, 'extrajdl': [], 'ignoreglobalblacklist': 0, 'partialdataset': 0, 'inputblocks': []}
DEBUG 2025-10-28 20:10:23.480 UTC: 	 submit() - jobconfig {'addoutputfiles': [], 'tfileoutfiles': ['V0_test_IM_lowpT.root'], 'edmoutfiles': [], 'jobarch': 'el8_amd64_gcc12', 'jobminuarch': 'x86-64-v3', 'jobsw': 'CMSSW_15_0_6_patch1', 'inputdata': '/IonPhysics31/bibehera-2pc_OO_V0_IP31-ca42279dfc2dce710b3991c24f27a617/USER', 'cacheurl': 'https://s3.cern.ch/crabcache', 'cachefilename': '8b76fc9458b29e764427c6245f944d1e2521adbf67e6775d4ffabd88ac3a4206.tar.gz', 'debugfilename': 'f10ab05055f2451fd45b00af326692ea924c363588b8fe0886ea496296fea8b5.tar.gz', 'runs': ['394153', '394154', '394169', '394175', '394183', '394184', '394185', '394186', '394187', '394188', '394189', '394204', '394209', '394217'], 'lumis': ['40,169', '1,886', '39,997', '47,988', '15,239', '1,667', '1,3', '1,15', '1,1', '1,107', '1,72', '38,932', '23,1209', '41,838'], 'jobtype': 'Analysis'}
INFO 2025-10-28 20:10:23.480 UTC: 	 Sending the request to the server at cmsweb.cern.ch
DEBUG 2025-10-28 20:10:23.480 UTC: 	 Submitting {'dryrun': 0, 'workflow': 'crab_2pc_OO_V0_IM_effcorr_cent0to50_lowpT_IP31', 'saveoutput': 1, 'savelogsflag': 1, 'inputdata': '/IonPhysics31/bibehera-2pc_OO_V0_IP31-ca42279dfc2dce710b3991c24f27a617/USER', 'nonvaliddata': 0, 'userfiles': [], 'dbsurl': 'https://cmsweb.cern.ch/dbs/prod/phys03/DBSReader', 'useparent': 0, 'secondarydata': '/IonPhysics31/OORun2025-PromptReco-v1/MINIAOD', 'ignorelocality': 0, 'splitalgo': 'LumiBased', 'algoargs': 3, 'totalunits': -1, 'lfn': '/store/user/bibehera/', 'publication': 0, 'publishdbsurl': 'https://cmsweb.cern.ch/dbs/prod/phys03/DBSWriter', 'publishname2': '2pc_OO_V0_IM_effcorr_cent0to50_lowpT_IP31', 'jobtype': 'Analysis', 'generator': 'pythia', 'addoutputfiles': [], 'maxjobruntime': 1250, 'numcores': 1, 'maxmemory': 2000, 'priority': 10, 'nonprodsw': 0, 'asyncdest': 'T3_CH_CERNBOX', 'requireaccelerator': 0, 'oneEventMode': 0, 'extrajdl': [], 'ignoreglobalblacklist': 0, 'partialdataset': 0, 'inputblocks': [], 'tfileoutfiles': ['V0_test_IM_lowpT.root'], 'edmoutfiles': [], 'jobarch': 'el8_amd64_gcc12', 'jobminuarch': 'x86-64-v3', 'jobsw': 'CMSSW_15_0_6_patch1', 'cacheurl': 'https://s3.cern.ch/crabcache', 'cachefilename': '8b76fc9458b29e764427c6245f944d1e2521adbf67e6775d4ffabd88ac3a4206.tar.gz', 'debugfilename': 'f10ab05055f2451fd45b00af326692ea924c363588b8fe0886ea496296fea8b5.tar.gz', 'runs': ['394153', '394154', '394169', '394175', '394183', '394184', '394185', '394186', '394187', '394188', '394189', '394204', '394209', '394217'], 'lumis': ['40,169', '1,886', '39,997', '47,988', '15,239', '1,667', '1,3', '1,15', '1,1', '1,107', '1,72', '38,932', '23,1209', '41,838']} 
DEBUG 2025-10-28 20:10:23.481 UTC: 	 Encoded data for curl request: dryrun=0&workflow=crab_2pc_OO_V0_IM_effcorr_cent0to50_lowpT_IP31&saveoutput=1&savelogsflag=1&inputdata=%2FIonPhysics31%2Fbibehera-2pc_OO_V0_IP31-ca42279dfc2dce710b3991c24f27a617%2FUSER&nonvaliddata=0&dbsurl=https%3A%2F%2Fcmsweb.cern.ch%2Fdbs%2Fprod%2Fphys03%2FDBSReader&useparent=0&secondarydata=%2FIonPhysics31%2FOORun2025-PromptReco-v1%2FMINIAOD&ignorelocality=0&splitalgo=LumiBased&algoargs=3&totalunits=-1&lfn=%2Fstore%2Fuser%2Fbibehera%2F&publication=0&publishdbsurl=https%3A%2F%2Fcmsweb.cern.ch%2Fdbs%2Fprod%2Fphys03%2FDBSWriter&publishname2=2pc_OO_V0_IM_effcorr_cent0to50_lowpT_IP31&jobtype=Analysis&generator=pythia&maxjobruntime=1250&numcores=1&maxmemory=2000&priority=10&nonprodsw=0&asyncdest=T3_CH_CERNBOX&requireaccelerator=0&oneEventMode=0&ignoreglobalblacklist=0&partialdataset=0&jobarch=el8_amd64_gcc12&jobminuarch=x86-64-v3&jobsw=CMSSW_15_0_6_patch1&cacheurl=https%3A%2F%2Fs3.cern.ch%2Fcrabcache&cachefilename=8b76fc9458b29e764427c6245f944d1e2521adbf67e6775d4ffabd88ac3a4206.tar.gz&debugfilename=f10ab05055f2451fd45b00af326692ea924c363588b8fe0886ea496296fea8b5.tar.gz&tfileoutfiles=V0_test_IM_lowpT.root&runs=394153&runs=394154&runs=394169&runs=394175&runs=394183&runs=394184&runs=394185&runs=394186&runs=394187&runs=394188&runs=394189&runs=394204&runs=394209&runs=394217&lumis=40%2C169&lumis=1%2C886&lumis=39%2C997&lumis=47%2C988&lumis=15%2C239&lumis=1%2C667&lumis=1%2C3&lumis=1%2C15&lumis=1%2C1&lumis=1%2C107&lumis=1%2C72&lumis=38%2C932&lumis=23%2C1209&lumis=41%2C838
DEBUG 2025-10-28 20:10:24.704 UTC: 	 Result: {'result': [{'RequestName': '251028_201024:bibehera_crab_2pc_OO_V0_IM_effcorr_cent0to50_lowpT_IP31'}]}
INFO 2025-10-28 20:10:24.716 UTC: 	 Success: Your task has been delivered to the prod CRAB3 server.
INFO 2025-10-28 20:10:24.717 UTC: 	 Task name: 251028_201024:bibehera_crab_2pc_OO_V0_IM_effcorr_cent0to50_lowpT_IP31
INFO 2025-10-28 20:10:24.717 UTC: 	 Project dir: OO_Data_MINIAOD/crab_2pc_OO_V0_IM_effcorr_cent0to50_lowpT_IP31
INFO 2025-10-28 20:10:24.717 UTC: 	 Please use ' crab status -d OO_Data_MINIAOD/crab_2pc_OO_V0_IM_effcorr_cent0to50_lowpT_IP31 ' to check how the submission process proceeds.
DEBUG 2025-10-28 20:10:24.717 UTC: 	 About to return
INFO 2025-10-28 20:10:24.739 UTC: 	 Log file is /eos/home-b/bibehera/OO_Simfit_eff/CMSSW_15_0_6_patch1/src/Analyzer/RaghuV0Ana/cfg/OO_Data_MINIAOD/crab_2pc_OO_V0_IM_effcorr_cent0to50_lowpT_IP31/crab.log
DEBUG 2025-10-28 20:40:32.984 UTC: 	 CRAB Client version: v3.250820
DEBUG 2025-10-28 20:40:32.984 UTC: 	 Running on: Linux lxplus814.cern.ch 4.18.0-553.80.1.el8_10.x86_64 #1 SMP Fri Oct 10 03:51:59 EDT 2025 x86_64 x86_64 x86_64 GNU/Linux
DEBUG 2025-10-28 20:40:32.984 UTC: 	 Not using Singularity
DEBUG 2025-10-28 20:40:32.984 UTC: 	 Operating System: Red Hat Enterprise Linux 8.10 (Ootpa)
DEBUG 2025-10-28 20:40:32.984 UTC: 	 Executing command: 'status'
DEBUG 2025-10-28 20:40:32.985 UTC: 	 Found CRAB cache file /afs/cern.ch/user/b/bibehera/.crab3
DEBUG 2025-10-28 20:40:33.344 UTC: 	 Checking credentials
DEBUG 2025-10-28 20:40:33.344 UTC: 	 Found proxy file /tmp/x509up_u177753
DEBUG 2025-10-28 20:40:33.344 UTC: 	 Making sure it has proper VOMS extension
DEBUG 2025-10-28 20:40:33.344 UTC: 	 Executing command :
 voms-proxy-info --vo --file /tmp/x509up_u177753
DEBUG 2025-10-28 20:40:33.370 UTC: 	 output : cms

 error: 
 retcode : 0
DEBUG 2025-10-28 20:40:33.370 UTC: 	 Getting proxy life time left
DEBUG 2025-10-28 20:40:33.370 UTC: 	 Executing command :
 voms-proxy-info --actimeleft --timeleft --file /tmp/x509up_u177753
DEBUG 2025-10-28 20:40:33.395 UTC: 	 output : 41315
41315

 error: 
 retcode : 0
DEBUG 2025-10-28 20:40:33.396 UTC: 	 Proxy valid for 11:28:35 hours
DEBUG 2025-10-28 20:40:33.396 UTC: 	 Encoded data for curl request: subresource=delegatedn
DEBUG 2025-10-28 20:40:33.447 UTC: 	 Registering user credentials on myproxy for /DC=ch/DC=cern/OU=Organic Units/OU=Users/CN=cmscrab/CN=(817881|373708)/CN=Robot: cms crab|/DC=ch/DC=cern/OU=Organic Units/OU=Users/CN=crabint1/CN=373708/CN=Robot: CMS CRAB Integration 1
DEBUG 2025-10-28 20:40:33.448 UTC: 	 Executing command :
 voms-proxy-info --identity --file /tmp/x509up_u177753
DEBUG 2025-10-28 20:40:33.485 UTC: 	 output : /DC=ch/DC=cern/OU=Organic Units/OU=Users/CN=bibehera/CN=882295/CN=Bismita Behera

 error: 
 retcode : 0
DEBUG 2025-10-28 20:40:33.486 UTC: 	 Getting myproxy life time left for bfbdf12a5670e45fdd055ff115afbb0f25b8a072
DEBUG 2025-10-28 20:40:33.486 UTC: 	 Executing command :
 myproxy-info -s myproxy.cern.ch -l bfbdf12a5670e45fdd055ff115afbb0f25b8a072
DEBUG 2025-10-28 20:40:33.766 UTC: 	 output : username: bfbdf12a5670e45fdd055ff115afbb0f25b8a072
owner: /DC=ch/DC=cern/OU=Organic Units/OU=Users/CN=bibehera/CN=882295/CN=Bismita Behera
  renewal policy: /DC=ch/DC=cern/OU=Organic Units/OU=Users/CN=cmscrab/CN=(817881|373708)/CN=Robot: cms crab|/DC=ch/DC=cern/OU=Organic Units/OU=Users/CN=crabint1/CN=373708/CN=Robot: CMS CRAB Integration 1
  trusted retrieval policy: /DC=ch/DC=cern/OU=Organic Units/OU=Users/CN=cmscrab/CN=(817881|373708)/CN=Robot: cms crab|/DC=ch/DC=cern/OU=Organic Units/OU=Users/CN=crabint1/CN=373708/CN=Robot: CMS CRAB Integration 1
  timeleft: 383:47:50  (16.0 days)

 error: 
 retcode : 0
DEBUG 2025-10-28 20:40:33.766 UTC: 	 Myproxy is valid: 1381620
DEBUG 2025-10-28 20:40:33.767 UTC: 	 Result of myproxy credential check:
  Credential exists on myproxy: username: bfbdf12a5670e45fdd055ff115afbb0f25b8a072  - validity: 15 days, 23:47:00
DEBUG 2025-10-28 20:40:33.767 UTC: 	 Retrieving username ...
DEBUG 2025-10-28 20:40:33.767 UTC: 	 Retrieving username from CRIC...
DEBUG 2025-10-28 20:40:34.512 UTC: 	 username is bibehera
INFO 2025-10-28 20:40:35.407 UTC: 	 Rucio client intialized for account bibehera
DEBUG 2025-10-28 20:40:35.409 UTC: 	 Command use: status
DEBUG 2025-10-28 20:40:35.409 UTC: 	 Options use: ['-d', 'OO_Data_MINIAOD/crab_2pc_OO_V0_IM_effcorr_cent0to50_lowpT_IP31']
DEBUG 2025-10-28 20:40:35.409 UTC: 	 Encoded data for curl request: subresource=version
DEBUG 2025-10-28 20:40:35.454 UTC: 	 CRABClient version: v3.250820
DEBUG 2025-10-28 20:40:35.454 UTC: 	 Instance is prod
DEBUG 2025-10-28 20:40:35.454 UTC: 	 Server base url is cmsweb.cern.ch
DEBUG 2025-10-28 20:40:35.454 UTC: 	 Command api workflow
DEBUG 2025-10-28 20:40:35.455 UTC: 	 Encoded data for curl request: subresource=search&workflow=251028_201024%3Abibehera_crab_2pc_OO_V0_IM_effcorr_cent0to50_lowpT_IP31
DEBUG 2025-10-28 20:40:35.504 UTC: 	 Got information from server oracle database: {'desc': {'columns': ['tm_taskname', 'tm_activity', 'tm_task_status', 'tm_task_command', 'tm_start_time', 'tm_start_injection', 'tm_end_injection', 'tm_task_failure', 'tm_job_sw', 'tm_job_arch', 'tm_input_dataset', 'tm_nonvalid_input_dataset', 'tm_use_parent', 'tm_site_whitelist', 'tm_site_blacklist', 'tm_split_algo', 'tm_split_args', 'tm_user_sandbox', 'tm_cache_url', 'tm_username', 'tm_user_dn', 'tm_user_vo', 'tm_user_role', 'tm_user_group', 'tm_publish_name', 'tm_publish_groupname', 'tm_asyncdest', 'tm_dbs_url', 'tm_publish_dbs_url', 'tm_publication', 'tm_outfiles', 'tm_tfile_outfiles', 'tm_edm_outfiles', 'tm_job_type', 'tm_generator', 'tm_events_per_lumi', 'tm_arguments', 'tm_save_logs', 'tw_name', 'tm_user_infiles', 'tm_maxjobruntime', 'tm_numcores', 'tm_maxmemory', 'tm_priority', 'tm_output_dataset', 'tm_task_warnings', 'tm_user_webdir', 'tm_scriptexe', 'tm_scriptargs', 'tm_extrajdl', 'tm_collector', 'tm_schedd', 'tm_dry_run', 'tm_user_files', 'tm_transfer_outputs', 'tm_output_lfn', 'tm_ignore_locality', 'tm_fail_limit', 'tm_one_event_mode', 'tm_secondary_input_dataset', 'tm_primary_dataset', 'tm_last_publication', 'tm_debug_files', 'clusterid', 'tm_ignore_global_blacklist', 'tm_submitter_ip_addr', 'tm_totalunits', 'tm_ddm_reqid', 'tm_user_config', 'tm_transfer_container', 'tm_transfer_rule', 'tm_publish_rule', 'tm_multipub_rule', 'tm_job_min_microarch', 'tm_dagman_status', 'tm_num_jobs', 'tm_uploaded']}, 'result': ['251028_201024:bibehera_crab_2pc_OO_V0_IM_effcorr_cent0to50_lowpT_IP31', 'None', 'SUBMITTED', 'SUBMIT', '2025-10-28 20:10:24.696347', 'None', '2025-10-28 20:11:55.387099', 'None', 'CMSSW_15_0_6_patch1', 'el8_amd64_gcc12', '/IonPhysics31/bibehera-2pc_OO_V0_IP31-ca42279dfc2dce710b3991c24f27a617/USER', 'F', '0', '[]', '[]', 'LumiBased', "{'halt_job_on_file_boundaries': False, 'splitOnRun': False, 'lumis_per_job': 3, 'runs': ['394153', '394154', '394169', '394175', '394183', '394184', '394185', '394186', '394187', '394188', '394189', '394204', '394209', '394217'], 'lumis': ['40,169', '1,886', '39,997', '47,988', '15,239', '1,667', '1,3', '1,15', '1,1', '1,107', '1,72', '38,932', '23,1209', '41,838']}", '8b76fc9458b29e764427c6245f944d1e2521adbf67e6775d4ffabd88ac3a4206.tar.gz', 'S3/crabcache_prod', 'bibehera', '/DC=ch/DC=cern/OU=Organic Units/OU=Users/CN=bibehera/CN=882295/CN=Bismita Behera', 'cms', 'None', 'None', '2pc_OO_V0_IM_effcorr_cent0to50_lowpT_IP31-00000000000000000000000000000000', 'F', 'T3_CH_CERNBOX', 'https://cmsweb.cern.ch/dbs/prod/phys03/DBSReader', 'https://cmsweb.cern.ch/dbs/prod/phys03/DBSWriter', 'F', '[]', "['V0_test_IM_lowpT.root']", '[]', 'Analysis', 'pythia', 'None', '{}', 'T', 'crab-prod-tw01', '[]', '1250', '1', '2000', '10', 'None', '[]', 'http://vocms0144.cern.ch/mon/bibehera/251028_201024:bibehera_crab_2pc_OO_V0_IM_effcorr_cent0to50_lowpT_IP31', 'None', '[]', '[]', 'cmsgwms-collector-global.cern.ch:9620,cmsgwms-collector-global.fnal.gov:9620', 'crab3@vocms0144.cern.ch', 'F', '[]', 'T', '/store/user/bibehera/', 'F', 'None', 'F', '/IonPhysics31/OORun2025-PromptReco-v1/MINIAOD', 'IonPhysics31', 'None', 'f10ab05055f2451fd45b00af326692ea924c363588b8fe0886ea496296fea8b5.tar.gz', '137017391', 'F', '188.185.101.116', '-1.0', 'None', '{"partialdataset": false, "requireaccelerator": false, "acceleratorparams": null, "inputblocks": null}', 'None', 'None', 'None', 'None', 'x86-64-v3', 'RUNNING', '2288', 'T']}
INFO 2025-10-28 20:40:35.504 UTC: 	 CRAB project directory:		/eos/home-b/bibehera/OO_Simfit_eff/CMSSW_15_0_6_patch1/src/Analyzer/RaghuV0Ana/cfg/OO_Data_MINIAOD/crab_2pc_OO_V0_IM_effcorr_cent0to50_lowpT_IP31
INFO 2025-10-28 20:40:35.504 UTC: 	 Task name:			251028_201024:bibehera_crab_2pc_OO_V0_IM_effcorr_cent0to50_lowpT_IP31
INFO 2025-10-28 20:40:35.504 UTC: 	 Grid scheduler - Task Worker:	crab3@vocms0144.cern.ch - crab-prod-tw01
INFO 2025-10-28 20:40:35.504 UTC: 	 Status on the CRAB server:	SUBMITTED
INFO 2025-10-28 20:40:35.504 UTC: 	 Task URL to use for HELP:	https://cmsweb.cern.ch/crabserver/ui/task/251028_201024%3Abibehera_crab_2pc_OO_V0_IM_effcorr_cent0to50_lowpT_IP31
INFO 2025-10-28 20:40:35.518 UTC: 	 Dashboard monitoring URL:	https://monit-grafana.cern.ch/d/cmsTMDetail/cms-task-monitoring-task-view?orgId=11&var-user=bibehera&var-task=251028_201024%3Abibehera_crab_2pc_OO_V0_IM_effcorr_cent0to50_lowpT_IP31&from=1761678624000&to=now
DEBUG 2025-10-28 20:40:35.518 UTC: 	 The CRAB server submitted your task to the Grid scheduler (cluster ID: 137017391)
DEBUG 2025-10-28 20:40:35.518 UTC: 	 Webdir is located at http://vocms0144.cern.ch/mon/bibehera/251028_201024:bibehera_crab_2pc_OO_V0_IM_effcorr_cent0to50_lowpT_IP31
DEBUG 2025-10-28 20:40:35.518 UTC: 	 Encoded data for curl request: subresource=webdirprx&workflow=251028_201024%3Abibehera_crab_2pc_OO_V0_IM_effcorr_cent0to50_lowpT_IP31
DEBUG 2025-10-28 20:40:35.559 UTC: 	 Proxied webdir is located at https://cmsweb.cern.ch/scheddmon/0144/bibehera/251028_201024:bibehera_crab_2pc_OO_V0_IM_effcorr_cent0to50_lowpT_IP31
DEBUG 2025-10-28 20:40:35.560 UTC: 	 Retrieving 'status_cache' file from https://cmsweb.cern.ch/scheddmon/0144/bibehera/251028_201024:bibehera_crab_2pc_OO_V0_IM_effcorr_cent0to50_lowpT_IP31/status_cache.pkl
DEBUG 2025-10-28 20:40:35.560 UTC: 	 Will execute:
curl -sS --capath /etc/grid-security/certificates --cert /tmp/x509up_u177753 --key /tmp/x509up_u177753 -o /tmp/crab_status-cache-x_rrp8pu.pkl -w %"{http_code}" "https://cmsweb.cern.ch/scheddmon/0144/bibehera/251028_201024:bibehera_crab_2pc_OO_V0_IM_effcorr_cent0to50_lowpT_IP31/status_cache.pkl"
DEBUG 2025-10-28 20:40:35.560 UTC: 	 Executing command :
 curl -sS --capath /etc/grid-security/certificates --cert /tmp/x509up_u177753 --key /tmp/x509up_u177753 -o /tmp/crab_status-cache-x_rrp8pu.pkl -w %"{http_code}" "https://cmsweb.cern.ch/scheddmon/0144/bibehera/251028_201024:bibehera_crab_2pc_OO_V0_IM_effcorr_cent0to50_lowpT_IP31/status_cache.pkl"
DEBUG 2025-10-28 20:40:35.757 UTC: 	 output : 200
 error: 
 retcode : 0
DEBUG 2025-10-28 20:40:35.757 UTC: 	 exitcode: 0
stdout: 200
stderr: 
error details: 
DEBUG 2025-10-28 20:40:35.764 UTC: 	 Got information from status cache file: {'5': {'Retries': 0, 'Restarts': 0, 'SiteHistory': ['Unknown'], 'ResidentSetSize': [0], 'SubmitTimes': [1761682397.0], 'StartTimes': [], 'EndTimes': [], 'TotalUserCpuTimeHistory': [0.0], 'TotalSysCpuTimeHistory': [0.0], 'WallDurations': [0], 'JobIds': ['137017476.0'], 'State': 'idle', 'RecordedSite': False}, '6': {'Retries': 0, 'Restarts': 0, 'SiteHistory': ['Unknown'], 'ResidentSetSize': [0], 'SubmitTimes': [1761682398.0], 'StartTimes': [], 'EndTimes': [], 'TotalUserCpuTimeHistory': [0.0], 'TotalSysCpuTimeHistory': [0.0], 'WallDurations': [0], 'JobIds': ['137017477.0'], 'State': 'idle', 'RecordedSite': False}, '14': {'Retries': 0, 'Restarts': 0, 'SiteHistory': ['Unknown'], 'ResidentSetSize': [0], 'SubmitTimes': [1761682400.0], 'StartTimes': [], 'EndTimes': [], 'TotalUserCpuTimeHistory': [0.0], 'TotalSysCpuTimeHistory': [0.0], 'WallDurations': [0], 'JobIds': ['137017478.0'], 'State': 'idle', 'RecordedSite': False}, '10': {'Retries': 0, 'Restarts': 0, 'SiteHistory': ['Unknown'], 'ResidentSetSize': [0], 'SubmitTimes': [1761682406.0], 'StartTimes': [], 'EndTimes': [], 'TotalUserCpuTimeHistory': [0.0], 'TotalSysCpuTimeHistory': [0.0], 'WallDurations': [0], 'JobIds': ['137017508.0'], 'State': 'idle', 'RecordedSite': False}, '2': {'Retries': 0, 'Restarts': 0, 'SiteHistory': ['Unknown'], 'ResidentSetSize': [0], 'SubmitTimes': [1761682407.0], 'StartTimes': [], 'EndTimes': [], 'TotalUserCpuTimeHistory': [0.0], 'TotalSysCpuTimeHistory': [0.0], 'WallDurations': [0], 'JobIds': ['137017511.0'], 'State': 'idle', 'RecordedSite': False}, '4': {'Retries': 0, 'Restarts': 0, 'SiteHistory': ['Unknown'], 'ResidentSetSize': [0], 'SubmitTimes': [1761682408.0], 'StartTimes': [], 'EndTimes': [], 'TotalUserCpuTimeHistory': [0.0], 'TotalSysCpuTimeHistory': [0.0], 'WallDurations': [0], 'JobIds': ['137017515.0'], 'State': 'idle', 'RecordedSite': False}, '7': {'Retries': 0, 'Restarts': 0, 'SiteHistory': ['Unknown'], 'ResidentSetSize': [0], 'SubmitTimes': [1761682408.0], 'StartTimes': [], 'EndTimes': [], 'TotalUserCpuTimeHistory': [0.0], 'TotalSysCpuTimeHistory': [0.0], 'WallDurations': [0], 'JobIds': ['137017517.0'], 'State': 'idle', 'RecordedSite': False}, '8': {'Retries': 0, 'Restarts': 0, 'SiteHistory': ['Unknown'], 'ResidentSetSize': [0], 'SubmitTimes': [1761682409.0], 'StartTimes': [], 'EndTimes': [], 'TotalUserCpuTimeHistory': [0.0], 'TotalSysCpuTimeHistory': [0.0], 'WallDurations': [0], 'JobIds': ['137017519.0'], 'State': 'idle', 'RecordedSite': False}, '9': {'Retries': 0, 'Restarts': 0, 'SiteHistory': ['Unknown'], 'ResidentSetSize': [0], 'SubmitTimes': [1761682410.0], 'StartTimes': [], 'EndTimes': [], 'TotalUserCpuTimeHistory': [0.0], 'TotalSysCpuTimeHistory': [0.0], 'WallDurations': [0], 'JobIds': ['137017520.0'], 'State': 'idle', 'RecordedSite': False}, '11': {'Retries': 0, 'Restarts': 0, 'SiteHistory': ['Unknown'], 'ResidentSetSize': [0], 'SubmitTimes': [1761682410.0], 'StartTimes': [], 'EndTimes': [], 'TotalUserCpuTimeHistory': [0.0], 'TotalSysCpuTimeHistory': [0.0], 'WallDurations': [0], 'JobIds': ['137017521.0'], 'State': 'idle', 'RecordedSite': False}, '12': {'Retries': 0, 'Restarts': 0, 'SiteHistory': ['Unknown'], 'ResidentSetSize': [0], 'SubmitTimes': [1761682411.0], 'StartTimes': [], 'EndTimes': [], 'TotalUserCpuTimeHistory': [0.0], 'TotalSysCpuTimeHistory': [0.0], 'WallDurations': [0], 'JobIds': ['137017522.0'], 'State': 'idle', 'RecordedSite': False}, '15': {'Retries': 0, 'Restarts': 0, 'SiteHistory': ['Unknown'], 'ResidentSetSize': [0], 'SubmitTimes': [1761682411.0], 'StartTimes': [], 'EndTimes': [], 'TotalUserCpuTimeHistory': [0.0], 'TotalSysCpuTimeHistory': [0.0], 'WallDurations': [0], 'JobIds': ['137017523.0'], 'State': 'idle', 'RecordedSite': False}, '16': {'Retries': 0, 'Restarts': 0, 'SiteHistory': ['Unknown'], 'ResidentSetSize': [0], 'SubmitTimes': [1761682411.0], 'StartTimes': [], 'EndTimes': [], 'TotalUserCpuTimeHistory': [0.0], 'TotalSysCpuTimeHistory': [0.0], 'WallDurations': [0], 'JobIds': ['137017524.0'], 'State': 'idle', 'RecordedSite': False}, '19': {'Retries': 0, 'Restarts': 0, 'SiteHistory': ['Unknown'], 'ResidentSetSize': [0], 'SubmitTimes': [1761682411.0], 'StartTimes': [], 'EndTimes': [], 'TotalUserCpuTimeHistory': [0.0], 'TotalSysCpuTimeHistory': [0.0], 'WallDurations': [0], 'JobIds': ['137017525.0'], 'State': 'idle', 'RecordedSite': False}, '20': {'Retries': 0, 'Restarts': 0, 'SiteHistory': ['Unknown'], 'ResidentSetSize': [0], 'SubmitTimes': [1761682411.0], 'StartTimes': [], 'EndTimes': [], 'TotalUserCpuTimeHistory': [0.0], 'TotalSysCpuTimeHistory': [0.0], 'WallDurations': [0], 'JobIds': ['137017526.0'], 'State': 'idle', 'RecordedSite': False}, '21': {'Retries': 0, 'Restarts': 0, 'SiteHistory': ['Unknown'], 'ResidentSetSize': [0], 'SubmitTimes': [1761682413.0], 'StartTimes': [], 'EndTimes': [], 'TotalUserCpuTimeHistory': [0.0], 'TotalSysCpuTimeHistory': [0.0], 'WallDurations': [0], 'JobIds': ['137017527.0'], 'State': 'idle', 'RecordedSite': False}, '22': {'Retries': 0, 'Restarts': 0, 'SiteHistory': ['Unknown'], 'ResidentSetSize': [0], 'SubmitTimes': [1761682420.0], 'StartTimes': [], 'EndTimes': [], 'TotalUserCpuTimeHistory': [0.0], 'TotalSysCpuTimeHistory': [0.0], 'WallDurations': [0], 'JobIds': ['137017569.0'], 'State': 'idle', 'RecordedSite': False}, '3': {'Retries': 0, 'Restarts': 0, 'SiteHistory': ['Unknown'], 'ResidentSetSize': [0], 'SubmitTimes': [1761682421.0], 'StartTimes': [], 'EndTimes': [], 'TotalUserCpuTimeHistory': [0.0], 'TotalSysCpuTimeHistory': [0.0], 'WallDurations': [0], 'JobIds': ['137017571.0'], 'State': 'idle', 'RecordedSite': False}, '13': {'Retries': 0, 'Restarts': 0, 'SiteHistory': ['Unknown'], 'ResidentSetSize': [0], 'SubmitTimes': [1761682423.0], 'StartTimes': [], 'EndTimes': [], 'TotalUserCpuTimeHistory': [0.0], 'TotalSysCpuTimeHistory': [0.0], 'WallDurations': [0], 'JobIds': ['137017574.0'], 'State': 'idle', 'RecordedSite': False}, '18': {'Retries': 0, 'Restarts': 0, 'SiteHistory': ['Unknown'], 'ResidentSetSize': [0], 'SubmitTimes': [1761682424.0], 'StartTimes': [], 'EndTimes': [], 'TotalUserCpuTimeHistory': [0.0], 'TotalSysCpuTimeHistory': [0.0], 'WallDurations': [0], 'JobIds': ['137017575.0'], 'State': 'idle', 'RecordedSite': False}, '23': {'Retries': 0, 'Restarts': 0, 'SiteHistory': ['Unknown'], 'ResidentSetSize': [0], 'SubmitTimes': [1761682424.0], 'StartTimes': [], 'EndTimes': [], 'TotalUserCpuTimeHistory': [0.0], 'TotalSysCpuTimeHistory': [0.0], 'WallDurations': [0], 'JobIds': ['137017576.0'], 'State': 'idle', 'RecordedSite': False}, '17': {'Retries': 0, 'Restarts': 0, 'SiteHistory': ['Unknown'], 'ResidentSetSize': [0], 'SubmitTimes': [1761682425.0], 'StartTimes': [], 'EndTimes': [], 'TotalUserCpuTimeHistory': [0.0], 'TotalSysCpuTimeHistory': [0.0], 'WallDurations': [0], 'JobIds': ['137017578.0'], 'State': 'idle', 'RecordedSite': False}, '30': {'Retries': 0, 'Restarts': 0, 'SiteHistory': ['Unknown'], 'ResidentSetSize': [0], 'SubmitTimes': [1761682431.0], 'StartTimes': [], 'EndTimes': [], 'TotalUserCpuTimeHistory': [0.0], 'TotalSysCpuTimeHistory': [0.0], 'WallDurations': [0], 'JobIds': ['137017603.0'], 'State': 'idle', 'RecordedSite': False}, '1': {'Retries': 0, 'Restarts': 0, 'SiteHistory': ['Unknown'], 'ResidentSetSize': [0], 'SubmitTimes': [1761682433.0], 'StartTimes': [], 'EndTimes': [], 'TotalUserCpuTimeHistory': [0.0], 'TotalSysCpuTimeHistory': [0.0], 'WallDurations': [0], 'JobIds': ['137017606.0'], 'State': 'idle', 'RecordedSite': False}, '25': {'Retries': 0, 'Restarts': 0, 'SiteHistory': ['Unknown'], 'ResidentSetSize': [0], 'SubmitTimes': [1761682435.0], 'StartTimes': [], 'EndTimes': [], 'TotalUserCpuTimeHistory': [0.0], 'TotalSysCpuTimeHistory': [0.0], 'WallDurations': [0], 'JobIds': ['137017608.0'], 'State': 'idle', 'RecordedSite': False}, '26': {'Retries': 0, 'Restarts': 0, 'SiteHistory': ['Unknown'], 'ResidentSetSize': [0], 'SubmitTimes': [1761682436.0], 'StartTimes': [], 'EndTimes': [], 'TotalUserCpuTimeHistory': [0.0], 'TotalSysCpuTimeHistory': [0.0], 'WallDurations': [0], 'JobIds': ['137017611.0'], 'State': 'idle', 'RecordedSite': False}, '27': {'Retries': 0, 'Restarts': 0, 'SiteHistory': ['Unknown'], 'ResidentSetSize': [0], 'SubmitTimes': [1761682443.0], 'StartTimes': [], 'EndTimes': [], 'TotalUserCpuTimeHistory': [0.0], 'TotalSysCpuTimeHistory': [0.0], 'WallDurations': [0], 'JobIds': ['137017630.0'], 'State': 'idle', 'RecordedSite': False}, '28': {'Retries': 0, 'Restarts': 0, 'SiteHistory': ['Unknown'], 'ResidentSetSize': [0], 'SubmitTimes': [1761682443.0], 'StartTimes': [], 'EndTimes': [], 'TotalUserCpuTimeHistory': [0.0], 'TotalSysCpuTimeHistory': [0.0], 'WallDurations': [0], 'JobIds': ['137017633.0'], 'State': 'idle', 'RecordedSite': False}, '29': {'Retries': 0, 'Restarts': 0, 'SiteHistory': ['Unknown'], 'ResidentSetSize': [0], 'SubmitTimes': [1761682444.0], 'StartTimes': [], 'EndTimes': [], 'TotalUserCpuTimeHistory': [0.0], 'TotalSysCpuTimeHistory': [0.0], 'WallDurations': [0], 'JobIds': ['137017635.0'], 'State': 'idle', 'RecordedSite': False}, '31': {'Retries': 0, 'Restarts': 0, 'SiteHistory': ['Unknown'], 'ResidentSetSize': [0], 'SubmitTimes': [1761682444.0], 'StartTimes': [], 'EndTimes': [], 'TotalUserCpuTimeHistory': [0.0], 'TotalSysCpuTimeHistory': [0.0], 'WallDurations': [0], 'JobIds': ['137017638.0'], 'State': 'idle', 'RecordedSite': False}, '32': {'Retries': 0, 'Restarts': 0, 'SiteHistory': ['Unknown'], 'ResidentSetSize': [0], 'SubmitTimes': [1761682444.0], 'StartTimes': [], 'EndTimes': [], 'TotalUserCpuTimeHistory': [0.0], 'TotalSysCpuTimeHistory': [0.0], 'WallDurations': [0], 'JobIds': ['137017639.0'], 'State': 'idle', 'RecordedSite': False}, '33': {'Retries': 0, 'Restarts': 0, 'SiteHistory': ['Unknown'], 'ResidentSetSize': [0], 'SubmitTimes': [1761682445.0], 'StartTimes': [], 'EndTimes': [], 'TotalUserCpuTimeHistory': [0.0], 'TotalSysCpuTimeHistory': [0.0], 'WallDurations': [0], 'JobIds': ['137017641.0'], 'State': 'idle', 'RecordedSite': False}, '34': {'Retries': 0, 'Restarts': 0, 'SiteHistory': ['Unknown'], 'ResidentSetSize': [0], 'SubmitTimes': [1761682446.0], 'StartTimes': [], 'EndTimes': [], 'TotalUserCpuTimeHistory': [0.0], 'TotalSysCpuTimeHistory': [0.0], 'WallDurations': [0], 'JobIds': ['137017645.0'], 'State': 'idle', 'RecordedSite': False}, '36': {'Retries': 0, 'Restarts': 0, 'SiteHistory': ['Unknown'], 'ResidentSetSize': [0], 'SubmitTimes': [1761682448.0], 'StartTimes': [], 'EndTimes': [], 'TotalUserCpuTimeHistory': [0.0], 'TotalSysCpuTimeHistory': [0.0], 'WallDurations': [0], 'JobIds': ['137017650.0'], 'State': 'idle', 'RecordedSite': False}, '37': {'Retries': 0, 'Restarts': 0, 'SiteHistory': ['Unknown'], 'ResidentSetSize': [0], 'SubmitTimes': [1761682456.0], 'StartTimes': [], 'EndTimes': [], 'TotalUserCpuTimeHistory': [0.0], 'TotalSysCpuTimeHistory': [0.0], 'WallDurations': [0], 'JobIds': ['137017683.0'], 'State': 'idle', 'RecordedSite': False}, '38': {'Retries': 0, 'Restarts': 0, 'SiteHistory': ['Unknown'], 'ResidentSetSize': [0], 'SubmitTimes': [1761682457.0], 'StartTimes': [], 'EndTimes': [], 'TotalUserCpuTimeHistory': [0.0], 'TotalSysCpuTimeHistory': [0.0], 'WallDurations': [0], 'JobIds': ['137017684.0'], 'State': 'idle', 'RecordedSite': False}, '39': {'Retries': 0, 'Restarts': 0, 'SiteHistory': ['Unknown'], 'ResidentSetSize': [0], 'SubmitTimes': [1761682458.0], 'StartTimes': [], 'EndTimes': [], 'TotalUserCpuTimeHistory': [0.0], 'TotalSysCpuTimeHistory': [0.0], 'WallDurations': [0], 'JobIds': ['137017688.0'], 'State': 'idle', 'RecordedSite': False}, '40': {'Retries': 0, 'Restarts': 0, 'SiteHistory': ['Unknown'], 'ResidentSetSize': [0], 'SubmitTimes': [1761682458.0], 'StartTimes': [], 'EndTimes': [], 'TotalUserCpuTimeHistory': [0.0], 'TotalSysCpuTimeHistory': [0.0], 'WallDurations': [0], 'JobIds': ['137017689.0'], 'State': 'idle', 'RecordedSite': False}, '43': {'Retries': 0, 'Restarts': 0, 'SiteHistory': ['Unknown'], 'ResidentSetSize': [0], 'SubmitTimes': [1761682459.0], 'StartTimes': [], 'EndTimes': [], 'TotalUserCpuTimeHistory': [0.0], 'TotalSysCpuTimeHistory': [0.0], 'WallDurations': [0], 'JobIds': ['137017693.0'], 'State': 'idle', 'RecordedSite': False}, '44': {'Retries': 0, 'Restarts': 0, 'SiteHistory': ['Unknown'], 'ResidentSetSize': [0], 'SubmitTimes': [1761682460.0], 'StartTimes': [], 'EndTimes': [], 'TotalUserCpuTimeHistory': [0.0], 'TotalSysCpuTimeHistory': [0.0], 'WallDurations': [0], 'JobIds': ['137017698.0'], 'State': 'idle', 'RecordedSite': False}, '35': {'Retries': 0, 'Restarts': 0, 'SiteHistory': ['Unknown'], 'ResidentSetSize': [0], 'SubmitTimes': [1761682467.0], 'StartTimes': [], 'EndTimes': [], 'TotalUserCpuTimeHistory': [0.0], 'TotalSysCpuTimeHistory': [0.0], 'WallDurations': [0], 'JobIds': ['137017716.0'], 'State': 'idle', 'RecordedSite': False}, '41': {'Retries': 0, 'Restarts': 0, 'SiteHistory': ['Unknown'], 'ResidentSetSize': [0], 'SubmitTimes': [1761682470.0], 'StartTimes': [], 'EndTimes': [], 'TotalUserCpuTimeHistory': [0.0], 'TotalSysCpuTimeHistory': [0.0], 'WallDurations': [0], 'JobIds': ['137017721.0'], 'State': 'idle', 'RecordedSite': False}, '24': {'Retries': 0, 'Restarts': 0, 'SiteHistory': [], 'ResidentSetSize': [], 'SubmitTimes': [], 'StartTimes': [], 'EndTimes': [], 'TotalUserCpuTimeHistory': [], 'TotalSysCpuTimeHistory': [], 'WallDurations': [], 'JobIds': [], 'State': 'unsubmitted'}, '42': {'Retries': 0, 'Restarts': 0, 'SiteHistory': ['Unknown'], 'ResidentSetSize': [0], 'SubmitTimes': [1761682471.0], 'StartTimes': [], 'EndTimes': [], 'TotalUserCpuTimeHistory': [0.0], 'TotalSysCpuTimeHistory': [0.0], 'WallDurations': [0], 'JobIds': ['137017727.0'], 'State': 'idle', 'RecordedSite': False}, '45': {'Retries': 0, 'Restarts': 0, 'SiteHistory': [], 'ResidentSetSize': [], 'SubmitTimes': [], 'StartTimes': [], 'EndTimes': [], 'TotalUserCpuTimeHistory': [], 'TotalSysCpuTimeHistory': [], 'WallDurations': [], 'JobIds': [], 'State': 'unsubmitted'}, '46': {'Retries': 0, 'Restarts': 0, 'SiteHistory': ['Unknown'], 'ResidentSetSize': [0], 'SubmitTimes': [1761682481.0], 'StartTimes': [], 'EndTimes': [], 'TotalUserCpuTimeHistory': [0.0], 'TotalSysCpuTimeHistory': [0.0], 'WallDurations': [0], 'JobIds': ['137017745.0'], 'State': 'idle', 'RecordedSite': False}, '47': {'Retries': 0, 'Restarts': 0, 'SiteHistory': ['Unknown'], 'ResidentSetSize': [0], 'SubmitTimes': [1761682505.0], 'StartTimes': [], 'EndTimes': [], 'TotalUserCpuTimeHistory': [0.0], 'TotalSysCpuTimeHistory': [0.0], 'WallDurations': [0], 'JobIds': ['137017853.0'], 'State': 'idle', 'RecordedSite': False}, '48': {'Retries': 0, 'Restarts': 0, 'SiteHistory': ['Unknown'], 'ResidentSetSize': [0], 'SubmitTimes': [1761682484.0], 'StartTimes': [], 'EndTimes': [], 'TotalUserCpuTimeHistory': [0.0], 'TotalSysCpuTimeHistory': [0.0], 'WallDurations': [0], 'JobIds': ['137017748.0'], 'State': 'idle', 'RecordedSite': False}, '49': {'Retries': 0, 'Restarts': 0, 'SiteHistory': ['Unknown'], 'ResidentSetSize': [0], 'SubmitTimes': [1761682485.0], 'StartTimes': [], 'EndTimes': [], 'TotalUserCpuTimeHistory': [0.0], 'TotalSysCpuTimeHistory': [0.0], 'WallDurations': [0], 'JobIds': ['137017754.0'], 'State': 'idle', 'RecordedSite': False}, '50': {'Retries': 0, 'Restarts': 0, 'SiteHistory': ['Unknown'], 'ResidentSetSize': [0], 'SubmitTimes': [1761682485.0], 'StartTimes': [], 'EndTimes': [], 'TotalUserCpuTimeHistory': [0.0], 'TotalSysCpuTimeHistory': [0.0], 'WallDurations': [0], 'JobIds': ['137017758.0'], 'State': 'idle', 'RecordedSite': False}, '51': {'Retries': 0, 'Restarts': 0, 'SiteHistory': ['Unknown'], 'ResidentSetSize': [0], 'SubmitTimes': [1761682486.0], 'StartTimes': [], 'EndTimes': [], 'TotalUserCpuTimeHistory': [0.0], 'TotalSysCpuTimeHistory': [0.0], 'WallDurations': [0], 'JobIds': ['137017761.0'], 'State': 'idle', 'RecordedSite': False}, '52': {'Retries': 0, 'Restarts': 0, 'SiteHistory': ['Unknown'], 'ResidentSetSize': [0], 'SubmitTimes': [1761682492.0], 'StartTimes': [], 'EndTimes': [], 'TotalUserCpuTimeHistory': [0.0], 'TotalSysCpuTimeHistory': [0.0], 'WallDurations': [0], 'JobIds': ['137017786.0'], 'State': 'idle', 'RecordedSite': False}, '53': {'Retries': 0, 'Restarts': 0, 'SiteHistory': ['Unknown'], 'ResidentSetSize': [0], 'SubmitTimes': [1761682493.0], 'StartTimes': [], 'EndTimes': [], 'TotalUserCpuTimeHistory': [0.0], 'TotalSysCpuTimeHistory': [0.0], 'WallDurations': [0], 'JobIds': ['137017790.0'], 'State': 'idle', 'RecordedSite': False}, '54': {'Retries': 0, 'Restarts': 0, 'SiteHistory': ['Unknown'], 'ResidentSetSize': [0], 'SubmitTimes': [1761682493.0], 'StartTimes': [], 'EndTimes': [], 'TotalUserCpuTimeHistory': [0.0], 'TotalSysCpuTimeHistory': [0.0], 'WallDurations': [0], 'JobIds': ['137017794.0'], 'State': 'idle', 'RecordedSite': False}, '55': {'Retries': 0, 'Restarts': 0, 'SiteHistory': ['Unknown'], 'ResidentSetSize': [0], 'SubmitTimes': [1761682494.0], 'StartTimes': [], 'EndTimes': [], 'TotalUserCpuTimeHistory': [0.0], 'TotalSysCpuTimeHistory': [0.0], 'WallDurations': [0], 'JobIds': ['137017797.0'], 'State': 'idle', 'RecordedSite': False}, '56': {'Retries': 0, 'Restarts': 0, 'SiteHistory': ['Unknown'], 'ResidentSetSize': [0], 'SubmitTimes': [1761682495.0], 'StartTimes': [], 'EndTimes': [], 'TotalUserCpuTimeHistory': [0.0], 'TotalSysCpuTimeHistory': [0.0], 'WallDurations': [0], 'JobIds': ['137017801.0'], 'State': 'idle', 'RecordedSite': False}, '57': {'Retries': 0, 'Restarts': 0, 'SiteHistory': ['Unknown'], 'ResidentSetSize': [0], 'SubmitTimes': [1761682496.0], 'StartTimes': [], 'EndTimes': [], 'TotalUserCpuTimeHistory': [0.0], 'TotalSysCpuTimeHistory': [0.0], 'WallDurations': [0], 'JobIds': ['137017805.0'], 'State': 'idle', 'RecordedSite': False}, '58': {'Retries': 0, 'Restarts': 0, 'SiteHistory': ['Unknown'], 'ResidentSetSize': [0], 'SubmitTimes': [1761682497.0], 'StartTimes': [], 'EndTimes': [], 'TotalUserCpuTimeHistory': [0.0], 'TotalSysCpuTimeHistory': [0.0], 'WallDurations': [0], 'JobIds': ['137017807.0'], 'State': 'idle', 'RecordedSite': False}, '59': {'Retries': 0, 'Restarts': 0, 'SiteHistory': ['Unknown'], 'ResidentSetSize': [0], 'SubmitTimes': [1761682503.0], 'StartTimes': [], 'EndTimes': [], 'TotalUserCpuTimeHistory': [0.0], 'TotalSysCpuTimeHistory': [0.0], 'WallDurations': [0], 'JobIds': ['137017832.0'], 'State': 'idle', 'RecordedSite': False}, '60': {'Retries': 0, 'Restarts': 0, 'SiteHistory': ['Unknown'], 'ResidentSetSize': [0], 'SubmitTimes': [1761682504.0], 'StartTimes': [], 'EndTimes': [], 'TotalUserCpuTimeHistory': [0.0], 'TotalSysCpuTimeHistory': [0.0], 'WallDurations': [0], 'JobIds': ['137017837.0'], 'State': 'idle', 'RecordedSite': False}, '61': {'Retries': 0, 'Restarts': 0, 'SiteHistory': ['Unknown'], 'ResidentSetSize': [0], 'SubmitTimes': [1761682504.0], 'StartTimes': [], 'EndTimes': [], 'TotalUserCpuTimeHistory': [0.0], 'TotalSysCpuTimeHistory': [0.0], 'WallDurations': [0], 'JobIds': ['137017841.0'], 'State': 'idle', 'RecordedSite': False}, '62': {'Retries': 0, 'Restarts': 0, 'SiteHistory': ['Unknown'], 'ResidentSetSize': [0], 'SubmitTimes': [1761682504.0], 'StartTimes': [], 'EndTimes': [], 'TotalUserCpuTimeHistory': [0.0], 'TotalSysCpuTimeHistory': [0.0], 'WallDurations': [0], 'JobIds': ['137017843.0'], 'State': 'idle', 'RecordedSite': False}, '63': {'Retries': 0, 'Restarts': 0, 'SiteHistory': ['Unknown'], 'ResidentSetSize': [0], 'SubmitTimes': [1761682504.0], 'StartTimes': [], 'EndTimes': [], 'TotalUserCpuTimeHistory': [0.0], 'TotalSysCpuTimeHistory': [0.0], 'WallDurations': [0], 'JobIds': ['137017844.0'], 'State': 'idle', 'RecordedSite': False}, '64': {'Retries': 0, 'Restarts': 0, 'SiteHistory': ['Unknown'], 'ResidentSetSize': [0], 'SubmitTimes': [1761682473.0], 'StartTimes': [], 'EndTimes': [], 'TotalUserCpuTimeHistory': [0.0], 'TotalSysCpuTimeHistory': [0.0], 'WallDurations': [0], 'JobIds': ['137017732.0'], 'State': 'idle', 'RecordedSite': False}, '65': {'Retries': 0, 'Restarts': 0, 'SiteHistory': ['Unknown'], 'ResidentSetSize': [0], 'SubmitTimes': [1761682505.0], 'StartTimes': [], 'EndTimes': [], 'TotalUserCpuTimeHistory': [0.0], 'TotalSysCpuTimeHistory': [0.0], 'WallDurations': [0], 'JobIds': ['137017847.0'], 'State': 'idle', 'RecordedSite': False}, '66': {'Retries': 0, 'Restarts': 0, 'SiteHistory': ['Unknown'], 'ResidentSetSize': [0], 'SubmitTimes': [1761682505.0], 'StartTimes': [], 'EndTimes': [], 'TotalUserCpuTimeHistory': [0.0], 'TotalSysCpuTimeHistory': [0.0], 'WallDurations': [0], 'JobIds': ['137017850.0'], 'State': 'idle', 'RecordedSite': False}, '67': {'Retries': 0, 'Restarts': 0, 'SiteHistory': [], 'ResidentSetSize': [], 'SubmitTimes': [], 'StartTimes': [], 'EndTimes': [], 'TotalUserCpuTimeHistory': [], 'TotalSysCpuTimeHistory': [], 'WallDurations': [], 'JobIds': [], 'State': 'unsubmitted'}, '68': {'Retries': 0, 'Restarts': 0, 'SiteHistory': ['Unknown'], 'ResidentSetSize': [0], 'SubmitTimes': [1761682506.0], 'StartTimes': [], 'EndTimes': [], 'TotalUserCpuTimeHistory': [0.0], 'TotalSysCpuTimeHistory': [0.0], 'WallDurations': [0], 'JobIds': ['137017857.0'], 'State': 'idle', 'RecordedSite': False}, '69': {'Retries': 0, 'Restarts': 0, 'SiteHistory': ['Unknown'], 'ResidentSetSize': [0], 'SubmitTimes': [1761682507.0], 'StartTimes': [], 'EndTimes': [], 'TotalUserCpuTimeHistory': [0.0], 'TotalSysCpuTimeHistory': [0.0], 'WallDurations': [0], 'JobIds': ['137017861.0'], 'State': 'idle', 'RecordedSite': False}, '70': {'Retries': 0, 'Restarts': 0, 'SiteHistory': ['Unknown'], 'ResidentSetSize': [0], 'SubmitTimes': [1761682554.0], 'StartTimes': [], 'EndTimes': [], 'TotalUserCpuTimeHistory': [0.0], 'TotalSysCpuTimeHistory': [0.0], 'WallDurations': [0], 'JobIds': ['137018015.0'], 'State': 'idle', 'RecordedSite': False}, '71': {'Retries': 0, 'Restarts': 0, 'SiteHistory': ['Unknown'], 'ResidentSetSize': [0], 'SubmitTimes': [1761682510.0], 'StartTimes': [], 'EndTimes': [], 'TotalUserCpuTimeHistory': [0.0], 'TotalSysCpuTimeHistory': [0.0], 'WallDurations': [0], 'JobIds': ['137017865.0'], 'State': 'idle', 'RecordedSite': False}, '72': {'Retries': 0, 'Restarts': 0, 'SiteHistory': ['Unknown'], 'ResidentSetSize': [0], 'SubmitTimes': [1761682519.0], 'StartTimes': [], 'EndTimes': [], 'TotalUserCpuTimeHistory': [0.0], 'TotalSysCpuTimeHistory': [0.0], 'WallDurations': [0], 'JobIds': ['137017887.0'], 'State': 'idle', 'RecordedSite': False}, '73': {'Retries': 0, 'Restarts': 0, 'SiteHistory': ['Unknown'], 'ResidentSetSize': [0], 'SubmitTimes': [1761682521.0], 'StartTimes': [], 'EndTimes': [], 'TotalUserCpuTimeHistory': [0.0], 'TotalSysCpuTimeHistory': [0.0], 'WallDurations': [0], 'JobIds': ['137017892.0'], 'State': 'idle', 'RecordedSite': False}, '74': {'Retries': 0, 'Restarts': 0, 'SiteHistory': ['Unknown'], 'ResidentSetSize': [0], 'SubmitTimes': [1761682552.0], 'StartTimes': [], 'EndTimes': [], 'TotalUserCpuTimeHistory': [0.0], 'TotalSysCpuTimeHistory': [0.0], 'WallDurations': [0], 'JobIds': ['137017998.0'], 'State': 'idle', 'RecordedSite': False}, '75': {'Retries': 0, 'Restarts': 0, 'SiteHistory': ['Unknown'], 'ResidentSetSize': [0], 'SubmitTimes': [1761682521.0], 'StartTimes': [], 'EndTimes': [], 'TotalUserCpuTimeHistory': [0.0], 'TotalSysCpuTimeHistory': [0.0], 'WallDurations': [0], 'JobIds': ['137017896.0'], 'State': 'idle', 'RecordedSite': False}, '76': {'Retries': 0, 'Restarts': 0, 'SiteHistory': ['Unknown'], 'ResidentSetSize': [0], 'SubmitTimes': [1761682522.0], 'StartTimes': [], 'EndTimes': [], 'TotalUserCpuTimeHistory': [0.0], 'TotalSysCpuTimeHistory': [0.0], 'WallDurations': [0], 'JobIds': ['137017898.0'], 'State': 'idle', 'RecordedSite': False}, '77': {'Retries': 0, 'Restarts': 0, 'SiteHistory': ['Unknown'], 'ResidentSetSize': [0], 'SubmitTimes': [1761682531.0], 'StartTimes': [], 'EndTimes': [], 'TotalUserCpuTimeHistory': [0.0], 'TotalSysCpuTimeHistory': [0.0], 'WallDurations': [0], 'JobIds': ['137017911.0'], 'State': 'idle', 'RecordedSite': False}, '78': {'Retries': 0, 'Restarts': 0, 'SiteHistory': ['Unknown'], 'ResidentSetSize': [0], 'SubmitTimes': [1761682532.0], 'StartTimes': [], 'EndTimes': [], 'TotalUserCpuTimeHistory': [0.0], 'TotalSysCpuTimeHistory': [0.0], 'WallDurations': [0], 'JobIds': ['137017917.0'], 'State': 'idle', 'RecordedSite': False}, '79': {'Retries': 0, 'Restarts': 0, 'SiteHistory': ['Unknown'], 'ResidentSetSize': [0], 'SubmitTimes': [1761682553.0], 'StartTimes': [], 'EndTimes': [], 'TotalUserCpuTimeHistory': [0.0], 'TotalSysCpuTimeHistory': [0.0], 'WallDurations': [0], 'JobIds': ['137018003.0'], 'State': 'idle', 'RecordedSite': False}, '80': {'Retries': 0, 'Restarts': 0, 'SiteHistory': ['Unknown'], 'ResidentSetSize': [0], 'SubmitTimes': [1761682534.0], 'StartTimes': [], 'EndTimes': [], 'TotalUserCpuTimeHistory': [0.0], 'TotalSysCpuTimeHistory': [0.0], 'WallDurations': [0], 'JobIds': ['137017919.0'], 'State': 'idle', 'RecordedSite': False}, '81': {'Retries': 0, 'Restarts': 0, 'SiteHistory': ['Unknown'], 'ResidentSetSize': [0], 'SubmitTimes': [1761682506.0], 'StartTimes': [], 'EndTimes': [], 'TotalUserCpuTimeHistory': [0.0], 'TotalSysCpuTimeHistory': [0.0], 'WallDurations': [0], 'JobIds': ['137017854.0'], 'State': 'idle', 'RecordedSite': False}, '82': {'Retries': 0, 'Restarts': 0, 'SiteHistory': ['Unknown'], 'ResidentSetSize': [0], 'SubmitTimes': [1761682542.0], 'StartTimes': [], 'EndTimes': [], 'TotalUserCpuTimeHistory': [0.0], 'TotalSysCpuTimeHistory': [0.0], 'WallDurations': [0], 'JobIds': ['137017941.0'], 'State': 'idle', 'RecordedSite': False}, '83': {'Retries': 0, 'Restarts': 0, 'SiteHistory': ['Unknown'], 'ResidentSetSize': [0], 'SubmitTimes': [1761682544.0], 'StartTimes': [], 'EndTimes': [], 'TotalUserCpuTimeHistory': [0.0], 'TotalSysCpuTimeHistory': [0.0], 'WallDurations': [0], 'JobIds': ['137017948.0'], 'State': 'idle', 'RecordedSite': False}, '84': {'Retries': 0, 'Restarts': 0, 'SiteHistory': ['Unknown'], 'ResidentSetSize': [0], 'SubmitTimes': [1761682545.0], 'StartTimes': [], 'EndTimes': [], 'TotalUserCpuTimeHistory': [0.0], 'TotalSysCpuTimeHistory': [0.0], 'WallDurations': [0], 'JobIds': ['137017951.0'], 'State': 'idle', 'RecordedSite': False}, '85': {'Retries': 0, 'Restarts': 0, 'SiteHistory': ['Unknown'], 'ResidentSetSize': [0], 'SubmitTimes': [1761682546.0], 'StartTimes': [], 'EndTimes': [], 'TotalUserCpuTimeHistory': [0.0], 'TotalSysCpuTimeHistory': [0.0], 'WallDurations': [0], 'JobIds': ['137017954.0'], 'State': 'idle', 'RecordedSite': False}, '86': {'Retries': 0, 'Restarts': 0, 'SiteHistory': ['Unknown'], 'ResidentSetSize': [0], 'SubmitTimes': [1761682551.0], 'StartTimes': [], 'EndTimes': [], 'TotalUserCpuTimeHistory': [0.0], 'TotalSysCpuTimeHistory': [0.0], 'WallDurations': [0], 'JobIds': ['137017987.0'], 'State': 'idle', 'RecordedSite': False}, '87': {'Retries': 0, 'Restarts': 0, 'SiteHistory': ['Unknown'], 'ResidentSetSize': [0], 'SubmitTimes': [1761682551.0], 'StartTimes': [], 'EndTimes': [], 'TotalUserCpuTimeHistory': [0.0], 'TotalSysCpuTimeHistory': [0.0], 'WallDurations': [0], 'JobIds': ['137017993.0'], 'State': 'idle', 'RecordedSite': False}, '88': {'Retries': 0, 'Restarts': 0, 'SiteHistory': [], 'ResidentSetSize': [], 'SubmitTimes': [], 'StartTimes': [], 'EndTimes': [], 'TotalUserCpuTimeHistory': [], 'TotalSysCpuTimeHistory': [], 'WallDurations': [], 'JobIds': [], 'State': 'unsubmitted'}, '89': {'Retries': 0, 'Restarts': 0, 'SiteHistory': ['Unknown'], 'ResidentSetSize': [0], 'SubmitTimes': [1761682555.0], 'StartTimes': [], 'EndTimes': [], 'TotalUserCpuTimeHistory': [0.0], 'TotalSysCpuTimeHistory': [0.0], 'WallDurations': [0], 'JobIds': ['137018022.0'], 'State': 'idle', 'RecordedSite': False}, '90': {'Retries': 0, 'Restarts': 0, 'SiteHistory': ['Unknown'], 'ResidentSetSize': [0], 'SubmitTimes': [1761682558.0], 'StartTimes': [], 'EndTimes': [], 'TotalUserCpuTimeHistory': [0.0], 'TotalSysCpuTimeHistory': [0.0], 'WallDurations': [0], 'JobIds': ['137018025.0'], 'State': 'idle', 'RecordedSite': False}, '91': {'Retries': 0, 'Restarts': 0, 'SiteHistory': ['Unknown'], 'ResidentSetSize': [0], 'SubmitTimes': [1761682564.0], 'StartTimes': [], 'EndTimes': [], 'TotalUserCpuTimeHistory': [0.0], 'TotalSysCpuTimeHistory': [0.0], 'WallDurations': [0], 'JobIds': ['137018050.0'], 'State': 'idle', 'RecordedSite': False}, '92': {'Retries': 0, 'Restarts': 0, 'SiteHistory': ['Unknown'], 'ResidentSetSize': [0], 'SubmitTimes': [1761682565.0], 'StartTimes': [], 'EndTimes': [], 'TotalUserCpuTimeHistory': [0.0], 'TotalSysCpuTimeHistory': [0.0], 'WallDurations': [0], 'JobIds': ['137018052.0'], 'State': 'idle', 'RecordedSite': False}, '93': {'Retries': 0, 'Restarts': 0, 'SiteHistory': ['Unknown'], 'ResidentSetSize': [0], 'SubmitTimes': [1761682580.0], 'StartTimes': [], 'EndTimes': [], 'TotalUserCpuTimeHistory': [0.0], 'TotalSysCpuTimeHistory': [0.0], 'WallDurations': [0], 'JobIds': ['137018102.0'], 'State': 'idle', 'RecordedSite': False}, '94': {'Retries': 0, 'Restarts': 0, 'SiteHistory': ['Unknown'], 'ResidentSetSize': [0], 'SubmitTimes': [1761682593.0], 'StartTimes': [], 'EndTimes': [], 'TotalUserCpuTimeHistory': [0.0], 'TotalSysCpuTimeHistory': [0.0], 'WallDurations': [0], 'JobIds': ['137018171.0'], 'State': 'idle', 'RecordedSite': False}, '95': {'Retries': 0, 'Restarts': 0, 'SiteHistory': ['Unknown'], 'ResidentSetSize': [0], 'SubmitTimes': [1761682565.0], 'StartTimes': [], 'EndTimes': [], 'TotalUserCpuTimeHistory': [0.0], 'TotalSysCpuTimeHistory': [0.0], 'WallDurations': [0], 'JobIds': ['137018057.0'], 'State': 'idle', 'RecordedSite': False}, '96': {'Retries': 0, 'Restarts': 0, 'SiteHistory': ['Unknown'], 'ResidentSetSize': [0], 'SubmitTimes': [1761682566.0], 'StartTimes': [], 'EndTimes': [], 'TotalUserCpuTimeHistory': [0.0], 'TotalSysCpuTimeHistory': [0.0], 'WallDurations': [0], 'JobIds': ['137018064.0'], 'State': 'idle', 'RecordedSite': False}, '97': {'Retries': 0, 'Restarts': 0, 'SiteHistory': ['Unknown'], 'ResidentSetSize': [0], 'SubmitTimes': [1761682601.0], 'StartTimes': [], 'EndTimes': [], 'TotalUserCpuTimeHistory': [0.0], 'TotalSysCpuTimeHistory': [0.0], 'WallDurations': [0], 'JobIds': ['137018188.0'], 'State': 'idle', 'RecordedSite': False}, '98': {'Retries': 0, 'Restarts': 0, 'SiteHistory': ['Unknown'], 'ResidentSetSize': [0], 'SubmitTimes': [1761682588.0], 'StartTimes': [], 'EndTimes': [], 'TotalUserCpuTimeHistory': [0.0], 'TotalSysCpuTimeHistory': [0.0], 'WallDurations': [0], 'JobIds': ['137018157.0'], 'State': 'idle', 'RecordedSite': False}, '99': {'Retries': 0, 'Restarts': 0, 'SiteHistory': ['Unknown'], 'ResidentSetSize': [0], 'SubmitTimes': [1761682591.0], 'StartTimes': [], 'EndTimes': [], 'TotalUserCpuTimeHistory': [0.0], 'TotalSysCpuTimeHistory': [0.0], 'WallDurations': [0], 'JobIds': ['137018166.0'], 'State': 'idle', 'RecordedSite': False}, '100': {'Retries': 0, 'Restarts': 0, 'SiteHistory': ['Unknown'], 'ResidentSetSize': [0], 'SubmitTimes': [1761682567.0], 'StartTimes': [], 'EndTimes': [], 'TotalUserCpuTimeHistory': [0.0], 'TotalSysCpuTimeHistory': [0.0], 'WallDurations': [0], 'JobIds': ['137018070.0'], 'State': 'idle', 'RecordedSite': False}, '101': {'Retries': 0, 'Restarts': 0, 'SiteHistory': ['Unknown'], 'ResidentSetSize': [0], 'SubmitTimes': [1761682602.0], 'StartTimes': [], 'EndTimes': [], 'TotalUserCpuTimeHistory': [0.0], 'TotalSysCpuTimeHistory': [0.0], 'WallDurations': [0], 'JobIds': ['137018192.0'], 'State': 'idle', 'RecordedSite': False}, '102': {'Retries': 0, 'Restarts': 0, 'SiteHistory': ['Unknown'], 'ResidentSetSize': [0], 'SubmitTimes': [1761682567.0], 'StartTimes': [], 'EndTimes': [], 'TotalUserCpuTimeHistory': [0.0], 'TotalSysCpuTimeHistory': [0.0], 'WallDurations': [0], 'JobIds': ['137018074.0'], 'State': 'idle', 'RecordedSite': False}, '103': {'Retries': 0, 'Restarts': 0, 'SiteHistory': ['Unknown'], 'ResidentSetSize': [0], 'SubmitTimes': [1761682590.0], 'StartTimes': [], 'EndTimes': [], 'TotalUserCpuTimeHistory': [0.0], 'TotalSysCpuTimeHistory': [0.0], 'WallDurations': [0], 'JobIds': ['137018162.0'], 'State': 'idle', 'RecordedSite': False}, '104': {'Retries': 0, 'Restarts': 0, 'SiteHistory': ['Unknown'], 'ResidentSetSize': [0], 'SubmitTimes': [1761682570.0], 'StartTimes': [], 'EndTimes': [], 'TotalUserCpuTimeHistory': [0.0], 'TotalSysCpuTimeHistory': [0.0], 'WallDurations': [0], 'JobIds': ['137018078.0'], 'State': 'idle', 'RecordedSite': False}, '105': {'Retries': 0, 'Restarts': 0, 'SiteHistory': ['Unknown'], 'ResidentSetSize': [0], 'SubmitTimes': [1761682581.0], 'StartTimes': [], 'EndTimes': [], 'TotalUserCpuTimeHistory': [0.0], 'TotalSysCpuTimeHistory': [0.0], 'WallDurations': [0], 'JobIds': ['137018106.0'], 'State': 'idle', 'RecordedSite': False}, '106': {'Retries': 0, 'Restarts': 0, 'SiteHistory': ['Unknown'], 'ResidentSetSize': [0], 'SubmitTimes': [1761682575.0], 'StartTimes': [], 'EndTimes': [], 'TotalUserCpuTimeHistory': [0.0], 'TotalSysCpuTimeHistory': [0.0], 'WallDurations': [0], 'JobIds': ['137018090.0'], 'State': 'idle', 'RecordedSite': False}, '107': {'Retries': 0, 'Restarts': 0, 'SiteHistory': ['Unknown'], 'ResidentSetSize': [0], 'SubmitTimes': [1761682576.0], 'StartTimes': [], 'EndTimes': [], 'TotalUserCpuTimeHistory': [0.0], 'TotalSysCpuTimeHistory': [0.0], 'WallDurations': [0], 'JobIds': ['137018094.0'], 'State': 'idle', 'RecordedSite': False}, '108': {'Retries': 0, 'Restarts': 0, 'SiteHistory': ['Unknown'], 'ResidentSetSize': [0], 'SubmitTimes': [1761682579.0], 'StartTimes': [], 'EndTimes': [], 'TotalUserCpuTimeHistory': [0.0], 'TotalSysCpuTimeHistory': [0.0], 'WallDurations': [0], 'JobIds': ['137018098.0'], 'State': 'idle', 'RecordedSite': False}, '109': {'Retries': 0, 'Restarts': 0, 'SiteHistory': [], 'ResidentSetSize': [], 'SubmitTimes': [], 'StartTimes': [], 'EndTimes': [], 'TotalUserCpuTimeHistory': [], 'TotalSysCpuTimeHistory': [], 'WallDurations': [], 'JobIds': [], 'State': 'unsubmitted'}, '110': {'Retries': 0, 'Restarts': 0, 'SiteHistory': ['Unknown'], 'ResidentSetSize': [0], 'SubmitTimes': [1761682605.0], 'StartTimes': [], 'EndTimes': [], 'TotalUserCpuTimeHistory': [0.0], 'TotalSysCpuTimeHistory': [0.0], 'WallDurations': [0], 'JobIds': ['137018196.0'], 'State': 'idle', 'RecordedSite': False}, '111': {'Retries': 0, 'Restarts': 0, 'SiteHistory': ['Unknown'], 'ResidentSetSize': [0], 'SubmitTimes': [1761682612.0], 'StartTimes': [], 'EndTimes': [], 'TotalUserCpuTimeHistory': [0.0], 'TotalSysCpuTimeHistory': [0.0], 'WallDurations': [0], 'JobIds': ['137018206.0'], 'State': 'idle', 'RecordedSite': False}, '112': {'Retries': 0, 'Restarts': 0, 'SiteHistory': ['Unknown'], 'ResidentSetSize': [0], 'SubmitTimes': [1761682612.0], 'StartTimes': [], 'EndTimes': [], 'TotalUserCpuTimeHistory': [0.0], 'TotalSysCpuTimeHistory': [0.0], 'WallDurations': [0], 'JobIds': ['137018209.0'], 'State': 'idle', 'RecordedSite': False}, '113': {'Retries': 0, 'Restarts': 0, 'SiteHistory': ['Unknown'], 'ResidentSetSize': [0], 'SubmitTimes': [1761682617.0], 'StartTimes': [], 'EndTimes': [], 'TotalUserCpuTimeHistory': [0.0], 'TotalSysCpuTimeHistory': [0.0], 'WallDurations': [0], 'JobIds': ['137018267.0'], 'State': 'idle', 'RecordedSite': False}, '114': {'Retries': 0, 'Restarts': 0, 'SiteHistory': ['Unknown'], 'ResidentSetSize': [0], 'SubmitTimes': [1761682616.0], 'StartTimes': [], 'EndTimes': [], 'TotalUserCpuTimeHistory': [0.0], 'TotalSysCpuTimeHistory': [0.0], 'WallDurations': [0], 'JobIds': ['137018239.0'], 'State': 'idle', 'RecordedSite': False}, '115': {'Retries': 0, 'Restarts': 0, 'SiteHistory': ['Unknown'], 'ResidentSetSize': [0], 'SubmitTimes': [1761682616.0], 'StartTimes': [], 'EndTimes': [], 'TotalUserCpuTimeHistory': [0.0], 'TotalSysCpuTimeHistory': [0.0], 'WallDurations': [0], 'JobIds': ['137018251.0'], 'State': 'idle', 'RecordedSite': False}, '116': {'Retries': 0, 'Restarts': 0, 'SiteHistory': ['Unknown'], 'ResidentSetSize': [0], 'SubmitTimes': [1761682615.0], 'StartTimes': [], 'EndTimes': [], 'TotalUserCpuTimeHistory': [0.0], 'TotalSysCpuTimeHistory': [0.0], 'WallDurations': [0], 'JobIds': ['137018230.0'], 'State': 'idle', 'RecordedSite': False}, '117': {'Retries': 0, 'Restarts': 0, 'SiteHistory': ['Unknown'], 'ResidentSetSize': [0], 'SubmitTimes': [1761682615.0], 'StartTimes': [], 'EndTimes': [], 'TotalUserCpuTimeHistory': [0.0], 'TotalSysCpuTimeHistory': [0.0], 'WallDurations': [0], 'JobIds': ['137018226.0'], 'State': 'idle', 'RecordedSite': False}, '118': {'Retries': 0, 'Restarts': 0, 'SiteHistory': ['Unknown'], 'ResidentSetSize': [0], 'SubmitTimes': [1761682613.0], 'StartTimes': [], 'EndTimes': [], 'TotalUserCpuTimeHistory': [0.0], 'TotalSysCpuTimeHistory': [0.0], 'WallDurations': [0], 'JobIds': ['137018211.0'], 'State': 'idle', 'RecordedSite': False}, '119': {'Retries': 0, 'Restarts': 0, 'SiteHistory': ['Unknown'], 'ResidentSetSize': [0], 'SubmitTimes': [1761682626.0], 'StartTimes': [], 'EndTimes': [], 'TotalUserCpuTimeHistory': [0.0], 'TotalSysCpuTimeHistory': [0.0], 'WallDurations': [0], 'JobIds': ['137018295.0'], 'State': 'idle', 'RecordedSite': False}, '120': {'Retries': 0, 'Restarts': 0, 'SiteHistory': ['Unknown'], 'ResidentSetSize': [0], 'SubmitTimes': [1761682614.0], 'StartTimes': [], 'EndTimes': [], 'TotalUserCpuTimeHistory': [0.0], 'TotalSysCpuTimeHistory': [0.0], 'WallDurations': [0], 'JobIds': ['137018216.0'], 'State': 'idle', 'RecordedSite': False}, '121': {'Retries': 0, 'Restarts': 0, 'SiteHistory': ['Unknown'], 'ResidentSetSize': [0], 'SubmitTimes': [1761682616.0], 'StartTimes': [], 'EndTimes': [], 'TotalUserCpuTimeHistory': [0.0], 'TotalSysCpuTimeHistory': [0.0], 'WallDurations': [0], 'JobIds': ['137018233.0'], 'State': 'idle', 'RecordedSite': False}, '122': {'Retries': 0, 'Restarts': 0, 'SiteHistory': ['Unknown'], 'ResidentSetSize': [0], 'SubmitTimes': [1761682615.0], 'StartTimes': [], 'EndTimes': [], 'TotalUserCpuTimeHistory': [0.0], 'TotalSysCpuTimeHistory': [0.0], 'WallDurations': [0], 'JobIds': ['137018220.0'], 'State': 'idle', 'RecordedSite': False}, '123': {'Retries': 0, 'Restarts': 0, 'SiteHistory': ['Unknown'], 'ResidentSetSize': [0], 'SubmitTimes': [1761682635.0], 'StartTimes': [], 'EndTimes': [], 'TotalUserCpuTimeHistory': [0.0], 'TotalSysCpuTimeHistory': [0.0], 'WallDurations': [0], 'JobIds': ['137018318.0'], 'State': 'idle', 'RecordedSite': False}, '124': {'Retries': 0, 'Restarts': 0, 'SiteHistory': ['Unknown'], 'ResidentSetSize': [0], 'SubmitTimes': [1761682636.0], 'StartTimes': [], 'EndTimes': [], 'TotalUserCpuTimeHistory': [0.0], 'TotalSysCpuTimeHistory': [0.0], 'WallDurations': [0], 'JobIds': ['137018322.0'], 'State': 'idle', 'RecordedSite': False}, '125': {'Retries': 0, 'Restarts': 0, 'SiteHistory': ['Unknown'], 'ResidentSetSize': [0], 'SubmitTimes': [1761682628.0], 'StartTimes': [], 'EndTimes': [], 'TotalUserCpuTimeHistory': [0.0], 'TotalSysCpuTimeHistory': [0.0], 'WallDurations': [0], 'JobIds': ['137018299.0'], 'State': 'idle', 'RecordedSite': False}, '126': {'Retries': 0, 'Restarts': 0, 'SiteHistory': ['Unknown'], 'ResidentSetSize': [0], 'SubmitTimes': [1761682615.0], 'StartTimes': [], 'EndTimes': [], 'TotalUserCpuTimeHistory': [0.0], 'TotalSysCpuTimeHistory': [0.0], 'WallDurations': [0], 'JobIds': ['137018224.0'], 'State': 'idle', 'RecordedSite': False}, '127': {'Retries': 0, 'Restarts': 0, 'SiteHistory': [], 'ResidentSetSize': [], 'SubmitTimes': [], 'StartTimes': [], 'EndTimes': [], 'TotalUserCpuTimeHistory': [], 'TotalSysCpuTimeHistory': [], 'WallDurations': [], 'JobIds': [], 'State': 'unsubmitted'}, '128': {'Retries': 0, 'Restarts': 0, 'SiteHistory': ['Unknown'], 'ResidentSetSize': [0], 'SubmitTimes': [1761682637.0], 'StartTimes': [], 'EndTimes': [], 'TotalUserCpuTimeHistory': [0.0], 'TotalSysCpuTimeHistory': [0.0], 'WallDurations': [0], 'JobIds': ['137018326.0'], 'State': 'idle', 'RecordedSite': False}, '129': {'Retries': 0, 'Restarts': 0, 'SiteHistory': ['Unknown'], 'ResidentSetSize': [0], 'SubmitTimes': [1761682638.0], 'StartTimes': [], 'EndTimes': [], 'TotalUserCpuTimeHistory': [0.0], 'TotalSysCpuTimeHistory': [0.0], 'WallDurations': [0], 'JobIds': ['137018337.0'], 'State': 'idle', 'RecordedSite': False}, '130': {'Retries': 0, 'Restarts': 0, 'SiteHistory': ['Unknown'], 'ResidentSetSize': [0], 'SubmitTimes': [1761682640.0], 'StartTimes': [], 'EndTimes': [], 'TotalUserCpuTimeHistory': [0.0], 'TotalSysCpuTimeHistory': [0.0], 'WallDurations': [0], 'JobIds': ['137018345.0'], 'State': 'idle', 'RecordedSite': False}, '131': {'Retries': 0, 'Restarts': 0, 'SiteHistory': ['Unknown'], 'ResidentSetSize': [0], 'SubmitTimes': [1761682650.0], 'StartTimes': [], 'EndTimes': [], 'TotalUserCpuTimeHistory': [0.0], 'TotalSysCpuTimeHistory': [0.0], 'WallDurations': [0], 'JobIds': ['137018360.0'], 'State': 'idle', 'RecordedSite': False}, '132': {'Retries': 0, 'Restarts': 0, 'SiteHistory': ['Unknown'], 'ResidentSetSize': [0], 'SubmitTimes': [1761682652.0], 'StartTimes': [], 'EndTimes': [], 'TotalUserCpuTimeHistory': [0.0], 'TotalSysCpuTimeHistory': [0.0], 'WallDurations': [0], 'JobIds': ['137018366.0'], 'State': 'idle', 'RecordedSite': False}, '133': {'Retries': 0, 'Restarts': 0, 'SiteHistory': ['Unknown'], 'ResidentSetSize': [0], 'SubmitTimes': [1761682654.0], 'StartTimes': [], 'EndTimes': [], 'TotalUserCpuTimeHistory': [0.0], 'TotalSysCpuTimeHistory': [0.0], 'WallDurations': [0], 'JobIds': ['137018374.0'], 'State': 'idle', 'RecordedSite': False}, '134': {'Retries': 0, 'Restarts': 0, 'SiteHistory': ['Unknown'], 'ResidentSetSize': [0], 'SubmitTimes': [1761682660.0], 'StartTimes': [], 'EndTimes': [], 'TotalUserCpuTimeHistory': [0.0], 'TotalSysCpuTimeHistory': [0.0], 'WallDurations': [0], 'JobIds': ['137018406.0'], 'State': 'idle', 'RecordedSite': False}, '135': {'Retries': 0, 'Restarts': 0, 'SiteHistory': ['Unknown'], 'ResidentSetSize': [0], 'SubmitTimes': [1761682661.0], 'StartTimes': [], 'EndTimes': [], 'TotalUserCpuTimeHistory': [0.0], 'TotalSysCpuTimeHistory': [0.0], 'WallDurations': [0], 'JobIds': ['137018409.0'], 'State': 'idle', 'RecordedSite': False}, '136': {'Retries': 0, 'Restarts': 0, 'SiteHistory': ['Unknown'], 'ResidentSetSize': [0], 'SubmitTimes': [1761682662.0], 'StartTimes': [], 'EndTimes': [], 'TotalUserCpuTimeHistory': [0.0], 'TotalSysCpuTimeHistory': [0.0], 'WallDurations': [0], 'JobIds': ['137018413.0'], 'State': 'idle', 'RecordedSite': False}, '137': {'Retries': 0, 'Restarts': 0, 'SiteHistory': ['Unknown'], 'ResidentSetSize': [0], 'SubmitTimes': [1761682663.0], 'StartTimes': [], 'EndTimes': [], 'TotalUserCpuTimeHistory': [0.0], 'TotalSysCpuTimeHistory': [0.0], 'WallDurations': [0], 'JobIds': ['137018417.0'], 'State': 'idle', 'RecordedSite': False}, '138': {'Retries': 0, 'Restarts': 0, 'SiteHistory': ['Unknown'], 'ResidentSetSize': [0], 'SubmitTimes': [1761682665.0], 'StartTimes': [], 'EndTimes': [], 'TotalUserCpuTimeHistory': [0.0], 'TotalSysCpuTimeHistory': [0.0], 'WallDurations': [0], 'JobIds': ['137018420.0'], 'State': 'idle', 'RecordedSite': False}, '139': {'Retries': 0, 'Restarts': 0, 'SiteHistory': ['Unknown'], 'ResidentSetSize': [0], 'SubmitTimes': [1761682670.0], 'StartTimes': [], 'EndTimes': [], 'TotalUserCpuTimeHistory': [0.0], 'TotalSysCpuTimeHistory': [0.0], 'WallDurations': [0], 'JobIds': ['137018444.0'], 'State': 'idle', 'RecordedSite': False}, '140': {'Retries': 0, 'Restarts': 0, 'SiteHistory': ['Unknown'], 'ResidentSetSize': [0], 'SubmitTimes': [1761682670.0], 'StartTimes': [], 'EndTimes': [], 'TotalUserCpuTimeHistory': [0.0], 'TotalSysCpuTimeHistory': [0.0], 'WallDurations': [0], 'JobIds': ['137018449.0'], 'State': 'idle', 'RecordedSite': False}, '141': {'Retries': 0, 'Restarts': 0, 'SiteHistory': ['Unknown'], 'ResidentSetSize': [0], 'SubmitTimes': [1761682671.0], 'StartTimes': [], 'EndTimes': [], 'TotalUserCpuTimeHistory': [0.0], 'TotalSysCpuTimeHistory': [0.0], 'WallDurations': [0], 'JobIds': ['137018455.0'], 'State': 'idle', 'RecordedSite': False}, '142': {'Retries': 0, 'Restarts': 0, 'SiteHistory': ['Unknown'], 'ResidentSetSize': [0], 'SubmitTimes': [1761682671.0], 'StartTimes': [], 'EndTimes': [], 'TotalUserCpuTimeHistory': [0.0], 'TotalSysCpuTimeHistory': [0.0], 'WallDurations': [0], 'JobIds': ['137018463.0'], 'State': 'idle', 'RecordedSite': False}, '143': {'Retries': 0, 'Restarts': 0, 'SiteHistory': ['Unknown'], 'ResidentSetSize': [0], 'SubmitTimes': [1761682672.0], 'StartTimes': [], 'EndTimes': [], 'TotalUserCpuTimeHistory': [0.0], 'TotalSysCpuTimeHistory': [0.0], 'WallDurations': [0], 'JobIds': ['137018473.0'], 'State': 'idle', 'RecordedSite': False}, '144': {'Retries': 0, 'Restarts': 0, 'SiteHistory': ['Unknown'], 'ResidentSetSize': [0], 'SubmitTimes': [1761682671.0], 'StartTimes': [], 'EndTimes': [], 'TotalUserCpuTimeHistory': [0.0], 'TotalSysCpuTimeHistory': [0.0], 'WallDurations': [0], 'JobIds': ['137018468.0'], 'State': 'idle', 'RecordedSite': False}, '145': {'Retries': 0, 'Restarts': 0, 'SiteHistory': [], 'ResidentSetSize': [], 'SubmitTimes': [], 'StartTimes': [], 'EndTimes': [], 'TotalUserCpuTimeHistory': [], 'TotalSysCpuTimeHistory': [], 'WallDurations': [], 'JobIds': [], 'State': 'unsubmitted'}, '146': {'Retries': 0, 'Restarts': 0, 'SiteHistory': ['Unknown'], 'ResidentSetSize': [0], 'SubmitTimes': [1761682674.0], 'StartTimes': [], 'EndTimes': [], 'TotalUserCpuTimeHistory': [0.0], 'TotalSysCpuTimeHistory': [0.0], 'WallDurations': [0], 'JobIds': ['137018483.0'], 'State': 'idle', 'RecordedSite': False}, '147': {'Retries': 0, 'Restarts': 0, 'SiteHistory': ['Unknown'], 'ResidentSetSize': [0], 'SubmitTimes': [1761682674.0], 'StartTimes': [], 'EndTimes': [], 'TotalUserCpuTimeHistory': [0.0], 'TotalSysCpuTimeHistory': [0.0], 'WallDurations': [0], 'JobIds': ['137018485.0'], 'State': 'idle', 'RecordedSite': False}, '148': {'Retries': 0, 'Restarts': 0, 'SiteHistory': ['Unknown'], 'ResidentSetSize': [0], 'SubmitTimes': [1761682675.0], 'StartTimes': [], 'EndTimes': [], 'TotalUserCpuTimeHistory': [0.0], 'TotalSysCpuTimeHistory': [0.0], 'WallDurations': [0], 'JobIds': ['137018489.0'], 'State': 'idle', 'RecordedSite': False}, '149': {'Retries': 0, 'Restarts': 0, 'SiteHistory': ['Unknown'], 'ResidentSetSize': [0], 'SubmitTimes': [1761682675.0], 'StartTimes': [], 'EndTimes': [], 'TotalUserCpuTimeHistory': [0.0], 'TotalSysCpuTimeHistory': [0.0], 'WallDurations': [0], 'JobIds': ['137018491.0'], 'State': 'idle', 'RecordedSite': False}, '150': {'Retries': 0, 'Restarts': 0, 'SiteHistory': ['Unknown'], 'ResidentSetSize': [0], 'SubmitTimes': [1761682695.0], 'StartTimes': [], 'EndTimes': [], 'TotalUserCpuTimeHistory': [0.0], 'TotalSysCpuTimeHistory': [0.0], 'WallDurations': [0], 'JobIds': ['137018586.0'], 'State': 'idle', 'RecordedSite': False}, '151': {'Retries': 0, 'Restarts': 0, 'SiteHistory': ['Unknown'], 'ResidentSetSize': [0], 'SubmitTimes': [1761682676.0], 'StartTimes': [], 'EndTimes': [], 'TotalUserCpuTimeHistory': [0.0], 'TotalSysCpuTimeHistory': [0.0], 'WallDurations': [0], 'JobIds': ['137018495.0'], 'State': 'idle', 'RecordedSite': False}, '152': {'Retries': 0, 'Restarts': 0, 'SiteHistory': ['Unknown'], 'ResidentSetSize': [0], 'SubmitTimes': [1761682673.0], 'StartTimes': [], 'EndTimes': [], 'TotalUserCpuTimeHistory': [0.0], 'TotalSysCpuTimeHistory': [0.0], 'WallDurations': [0], 'JobIds': ['137018478.0'], 'State': 'idle', 'RecordedSite': False}, '153': {'Retries': 0, 'Restarts': 0, 'SiteHistory': ['Unknown'], 'ResidentSetSize': [0], 'SubmitTimes': [1761682682.0], 'StartTimes': [], 'EndTimes': [], 'TotalUserCpuTimeHistory': [0.0], 'TotalSysCpuTimeHistory': [0.0], 'WallDurations': [0], 'JobIds': ['137018512.0'], 'State': 'idle', 'RecordedSite': False}, '154': {'Retries': 0, 'Restarts': 0, 'SiteHistory': ['Unknown'], 'ResidentSetSize': [0], 'SubmitTimes': [1761682684.0], 'StartTimes': [], 'EndTimes': [], 'TotalUserCpuTimeHistory': [0.0], 'TotalSysCpuTimeHistory': [0.0], 'WallDurations': [0], 'JobIds': ['137018519.0'], 'State': 'idle', 'RecordedSite': False}, '155': {'Retries': 0, 'Restarts': 0, 'SiteHistory': ['Unknown'], 'ResidentSetSize': [0], 'SubmitTimes': [1761682684.0], 'StartTimes': [], 'EndTimes': [], 'TotalUserCpuTimeHistory': [0.0], 'TotalSysCpuTimeHistory': [0.0], 'WallDurations': [0], 'JobIds': ['137018523.0'], 'State': 'idle', 'RecordedSite': False}, '156': {'Retries': 0, 'Restarts': 0, 'SiteHistory': ['Unknown'], 'ResidentSetSize': [0], 'SubmitTimes': [1761682685.0], 'StartTimes': [], 'EndTimes': [], 'TotalUserCpuTimeHistory': [0.0], 'TotalSysCpuTimeHistory': [0.0], 'WallDurations': [0], 'JobIds': ['137018525.0'], 'State': 'idle', 'RecordedSite': False}, '157': {'Retries': 0, 'Restarts': 0, 'SiteHistory': ['Unknown'], 'ResidentSetSize': [0], 'SubmitTimes': [1761682685.0], 'StartTimes': [], 'EndTimes': [], 'TotalUserCpuTimeHistory': [0.0], 'TotalSysCpuTimeHistory': [0.0], 'WallDurations': [0], 'JobIds': ['137018529.0'], 'State': 'idle', 'RecordedSite': False}, '158': {'Retries': 0, 'Restarts': 0, 'SiteHistory': ['Unknown'], 'ResidentSetSize': [0], 'SubmitTimes': [1761682686.0], 'StartTimes': [], 'EndTimes': [], 'TotalUserCpuTimeHistory': [0.0], 'TotalSysCpuTimeHistory': [0.0], 'WallDurations': [0], 'JobIds': ['137018533.0'], 'State': 'idle', 'RecordedSite': False}, '159': {'Retries': 0, 'Restarts': 0, 'SiteHistory': ['Unknown'], 'ResidentSetSize': [0], 'SubmitTimes': [1761682688.0], 'StartTimes': [], 'EndTimes': [], 'TotalUserCpuTimeHistory': [0.0], 'TotalSysCpuTimeHistory': [0.0], 'WallDurations': [0], 'JobIds': ['137018537.0'], 'State': 'idle', 'RecordedSite': False}, '160': {'Retries': 0, 'Restarts': 0, 'SiteHistory': ['Unknown'], 'ResidentSetSize': [0], 'SubmitTimes': [1761682695.0], 'StartTimes': [], 'EndTimes': [], 'TotalUserCpuTimeHistory': [0.0], 'TotalSysCpuTimeHistory': [0.0], 'WallDurations': [0], 'JobIds': ['137018583.0'], 'State': 'idle', 'RecordedSite': False}, '161': {'Retries': 0, 'Restarts': 0, 'SiteHistory': ['Unknown'], 'ResidentSetSize': [0], 'SubmitTimes': [1761682694.0], 'StartTimes': [], 'EndTimes': [], 'TotalUserCpuTimeHistory': [0.0], 'TotalSysCpuTimeHistory': [0.0], 'WallDurations': [0], 'JobIds': ['137018568.0'], 'State': 'idle', 'RecordedSite': False}, '162': {'Retries': 0, 'Restarts': 0, 'SiteHistory': ['Unknown'], 'ResidentSetSize': [0], 'SubmitTimes': [1761682694.0], 'StartTimes': [], 'EndTimes': [], 'TotalUserCpuTimeHistory': [0.0], 'TotalSysCpuTimeHistory': [0.0], 'WallDurations': [0], 'JobIds': ['137018572.0'], 'State': 'idle', 'RecordedSite': False}, '163': {'Retries': 0, 'Restarts': 0, 'SiteHistory': ['Unknown'], 'ResidentSetSize': [0], 'SubmitTimes': [1761682696.0], 'StartTimes': [], 'EndTimes': [], 'TotalUserCpuTimeHistory': [0.0], 'TotalSysCpuTimeHistory': [0.0], 'WallDurations': [0], 'JobIds': ['137018593.0'], 'State': 'idle', 'RecordedSite': False}, '164': {'Retries': 0, 'Restarts': 0, 'SiteHistory': ['Unknown'], 'ResidentSetSize': [0], 'SubmitTimes': [1761682696.0], 'StartTimes': [], 'EndTimes': [], 'TotalUserCpuTimeHistory': [0.0], 'TotalSysCpuTimeHistory': [0.0], 'WallDurations': [0], 'JobIds': ['137018590.0'], 'State': 'idle', 'RecordedSite': False}, '165': {'Retries': 0, 'Restarts': 0, 'SiteHistory': ['Unknown'], 'ResidentSetSize': [0], 'SubmitTimes': [1761682694.0], 'StartTimes': [], 'EndTimes': [], 'TotalUserCpuTimeHistory': [0.0], 'TotalSysCpuTimeHistory': [0.0], 'WallDurations': [0], 'JobIds': ['137018575.0'], 'State': 'idle', 'RecordedSite': False}, '166': {'Retries': 0, 'Restarts': 0, 'SiteHistory': ['Unknown'], 'ResidentSetSize': [0], 'SubmitTimes': [1761682694.0], 'StartTimes': [], 'EndTimes': [], 'TotalUserCpuTimeHistory': [0.0], 'TotalSysCpuTimeHistory': [0.0], 'WallDurations': [0], 'JobIds': ['137018579.0'], 'State': 'idle', 'RecordedSite': False}, '167': {'Retries': 0, 'Restarts': 0, 'SiteHistory': [], 'ResidentSetSize': [], 'SubmitTimes': [], 'StartTimes': [], 'EndTimes': [], 'TotalUserCpuTimeHistory': [], 'TotalSysCpuTimeHistory': [], 'WallDurations': [], 'JobIds': [], 'State': 'unsubmitted'}, '168': {'Retries': 0, 'Restarts': 0, 'SiteHistory': ['Unknown'], 'ResidentSetSize': [0], 'SubmitTimes': [1761682723.0], 'StartTimes': [], 'EndTimes': [], 'TotalUserCpuTimeHistory': [0.0], 'TotalSysCpuTimeHistory': [0.0], 'WallDurations': [0], 'JobIds': ['137018678.0'], 'State': 'idle', 'RecordedSite': False}, '169': {'Retries': 0, 'Restarts': 0, 'SiteHistory': ['Unknown'], 'ResidentSetSize': [0], 'SubmitTimes': [1761682697.0], 'StartTimes': [], 'EndTimes': [], 'TotalUserCpuTimeHistory': [0.0], 'TotalSysCpuTimeHistory': [0.0], 'WallDurations': [0], 'JobIds': ['137018596.0'], 'State': 'idle', 'RecordedSite': False}, '170': {'Retries': 0, 'Restarts': 0, 'SiteHistory': ['Unknown'], 'ResidentSetSize': [0], 'SubmitTimes': [1761682734.0], 'StartTimes': [], 'EndTimes': [], 'TotalUserCpuTimeHistory': [0.0], 'TotalSysCpuTimeHistory': [0.0], 'WallDurations': [0], 'JobIds': ['137018710.0'], 'State': 'idle', 'RecordedSite': False}, '171': {'Retries': 0, 'Restarts': 0, 'SiteHistory': ['Unknown'], 'ResidentSetSize': [0], 'SubmitTimes': [1761682709.0], 'StartTimes': [], 'EndTimes': [], 'TotalUserCpuTimeHistory': [0.0], 'TotalSysCpuTimeHistory': [0.0], 'WallDurations': [0], 'JobIds': ['137018633.0'], 'State': 'idle', 'RecordedSite': False}, '172': {'Retries': 0, 'Restarts': 0, 'SiteHistory': ['Unknown'], 'ResidentSetSize': [0], 'SubmitTimes': [1761682735.0], 'StartTimes': [], 'EndTimes': [], 'TotalUserCpuTimeHistory': [0.0], 'TotalSysCpuTimeHistory': [0.0], 'WallDurations': [0], 'JobIds': ['137018714.0'], 'State': 'idle', 'RecordedSite': False}, '173': {'Retries': 0, 'Restarts': 0, 'SiteHistory': ['Unknown'], 'ResidentSetSize': [0], 'SubmitTimes': [1761682697.0], 'StartTimes': [], 'EndTimes': [], 'TotalUserCpuTimeHistory': [0.0], 'TotalSysCpuTimeHistory': [0.0], 'WallDurations': [0], 'JobIds': ['137018597.0'], 'State': 'idle', 'RecordedSite': False}, '174': {'Retries': 0, 'Restarts': 0, 'SiteHistory': ['Unknown'], 'ResidentSetSize': [0], 'SubmitTimes': [1761682697.0], 'StartTimes': [], 'EndTimes': [], 'TotalUserCpuTimeHistory': [0.0], 'TotalSysCpuTimeHistory': [0.0], 'WallDurations': [0], 'JobIds': ['137018600.0'], 'State': 'idle', 'RecordedSite': False}, '175': {'Retries': 0, 'Restarts': 0, 'SiteHistory': ['Unknown'], 'ResidentSetSize': [0], 'SubmitTimes': [1761682726.0], 'StartTimes': [], 'EndTimes': [], 'TotalUserCpuTimeHistory': [0.0], 'TotalSysCpuTimeHistory': [0.0], 'WallDurations': [0], 'JobIds': ['137018683.0'], 'State': 'idle', 'RecordedSite': False}, '176': {'Retries': 0, 'Restarts': 0, 'SiteHistory': ['Unknown'], 'ResidentSetSize': [0], 'SubmitTimes': [1761682697.0], 'StartTimes': [], 'EndTimes': [], 'TotalUserCpuTimeHistory': [0.0], 'TotalSysCpuTimeHistory': [0.0], 'WallDurations': [0], 'JobIds': ['137018602.0'], 'State': 'idle', 'RecordedSite': False}, '177': {'Retries': 0, 'Restarts': 0, 'SiteHistory': ['Unknown'], 'ResidentSetSize': [0], 'SubmitTimes': [1761682698.0], 'StartTimes': [], 'EndTimes': [], 'TotalUserCpuTimeHistory': [0.0], 'TotalSysCpuTimeHistory': [0.0], 'WallDurations': [0], 'JobIds': ['137018605.0'], 'State': 'idle', 'RecordedSite': False}, '178': {'Retries': 0, 'Restarts': 0, 'SiteHistory': ['Unknown'], 'ResidentSetSize': [0], 'SubmitTimes': [1761682713.0], 'StartTimes': [], 'EndTimes': [], 'TotalUserCpuTimeHistory': [0.0], 'TotalSysCpuTimeHistory': [0.0], 'WallDurations': [0], 'JobIds': ['137018658.0'], 'State': 'idle', 'RecordedSite': False}, '179': {'Retries': 0, 'Restarts': 0, 'SiteHistory': ['Unknown'], 'ResidentSetSize': [0], 'SubmitTimes': [1761682736.0], 'StartTimes': [], 'EndTimes': [], 'TotalUserCpuTimeHistory': [0.0], 'TotalSysCpuTimeHistory': [0.0], 'WallDurations': [0], 'JobIds': ['137018719.0'], 'State': 'idle', 'RecordedSite': False}, '180': {'Retries': 0, 'Restarts': 0, 'SiteHistory': ['Unknown'], 'ResidentSetSize': [0], 'SubmitTimes': [1761682733.0], 'StartTimes': [], 'EndTimes': [], 'TotalUserCpuTimeHistory': [0.0], 'TotalSysCpuTimeHistory': [0.0], 'WallDurations': [0], 'JobIds': ['137018701.0'], 'State': 'idle', 'RecordedSite': False}, '181': {'Retries': 0, 'Restarts': 0, 'SiteHistory': ['Unknown'], 'ResidentSetSize': [0], 'SubmitTimes': [1761682700.0], 'StartTimes': [], 'EndTimes': [], 'TotalUserCpuTimeHistory': [0.0], 'TotalSysCpuTimeHistory': [0.0], 'WallDurations': [0], 'JobIds': ['137018610.0'], 'State': 'idle', 'RecordedSite': False}, '182': {'Retries': 0, 'Restarts': 0, 'SiteHistory': ['Unknown'], 'ResidentSetSize': [0], 'SubmitTimes': [1761682710.0], 'StartTimes': [], 'EndTimes': [], 'TotalUserCpuTimeHistory': [0.0], 'TotalSysCpuTimeHistory': [0.0], 'WallDurations': [0], 'JobIds': ['137018638.0'], 'State': 'idle', 'RecordedSite': False}, '183': {'Retries': 0, 'Restarts': 0, 'SiteHistory': ['Unknown'], 'ResidentSetSize': [0], 'SubmitTimes': [1761682711.0], 'StartTimes': [], 'EndTimes': [], 'TotalUserCpuTimeHistory': [0.0], 'TotalSysCpuTimeHistory': [0.0], 'WallDurations': [0], 'JobIds': ['137018643.0'], 'State': 'idle', 'RecordedSite': False}, '184': {'Retries': 0, 'Restarts': 0, 'SiteHistory': ['Unknown'], 'ResidentSetSize': [0], 'SubmitTimes': [1761682712.0], 'StartTimes': [], 'EndTimes': [], 'TotalUserCpuTimeHistory': [0.0], 'TotalSysCpuTimeHistory': [0.0], 'WallDurations': [0], 'JobIds': ['137018651.0'], 'State': 'idle', 'RecordedSite': False}, '185': {'Retries': 0, 'Restarts': 0, 'SiteHistory': ['Unknown'], 'ResidentSetSize': [0], 'SubmitTimes': [1761682720.0], 'StartTimes': [], 'EndTimes': [], 'TotalUserCpuTimeHistory': [0.0], 'TotalSysCpuTimeHistory': [0.0], 'WallDurations': [0], 'JobIds': ['137018675.0'], 'State': 'idle', 'RecordedSite': False}, '186': {'Retries': 0, 'Restarts': 0, 'SiteHistory': ['Unknown'], 'ResidentSetSize': [0], 'SubmitTimes': [1761682736.0], 'StartTimes': [], 'EndTimes': [], 'TotalUserCpuTimeHistory': [0.0], 'TotalSysCpuTimeHistory': [0.0], 'WallDurations': [0], 'JobIds': ['137018723.0'], 'State': 'idle', 'RecordedSite': False}, '187': {'Retries': 0, 'Restarts': 0, 'SiteHistory': [], 'ResidentSetSize': [], 'SubmitTimes': [], 'StartTimes': [], 'EndTimes': [], 'TotalUserCpuTimeHistory': [], 'TotalSysCpuTimeHistory': [], 'WallDurations': [], 'JobIds': [], 'State': 'unsubmitted'}, '188': {'Retries': 0, 'Restarts': 0, 'SiteHistory': ['Unknown'], 'ResidentSetSize': [0], 'SubmitTimes': [1761682734.0], 'StartTimes': [], 'EndTimes': [], 'TotalUserCpuTimeHistory': [0.0], 'TotalSysCpuTimeHistory': [0.0], 'WallDurations': [0], 'JobIds': ['137018705.0'], 'State': 'idle', 'RecordedSite': False}, '189': {'Retries': 0, 'Restarts': 0, 'SiteHistory': ['Unknown'], 'ResidentSetSize': [0], 'SubmitTimes': [1761682778.0], 'StartTimes': [], 'EndTimes': [], 'TotalUserCpuTimeHistory': [0.0], 'TotalSysCpuTimeHistory': [0.0], 'WallDurations': [0], 'JobIds': ['137018821.0'], 'State': 'idle', 'RecordedSite': False}, '190': {'Retries': 0, 'Restarts': 0, 'SiteHistory': ['Unknown'], 'ResidentSetSize': [0], 'SubmitTimes': [1761682736.0], 'StartTimes': [], 'EndTimes': [], 'TotalUserCpuTimeHistory': [0.0], 'TotalSysCpuTimeHistory': [0.0], 'WallDurations': [0], 'JobIds': ['137018725.0'], 'State': 'idle', 'RecordedSite': False}, '191': {'Retries': 0, 'Restarts': 0, 'SiteHistory': ['Unknown'], 'ResidentSetSize': [0], 'SubmitTimes': [1761682737.0], 'StartTimes': [], 'EndTimes': [], 'TotalUserCpuTimeHistory': [0.0], 'TotalSysCpuTimeHistory': [0.0], 'WallDurations': [0], 'JobIds': ['137018729.0'], 'State': 'idle', 'RecordedSite': False}, '192': {'Retries': 0, 'Restarts': 0, 'SiteHistory': ['Unknown'], 'ResidentSetSize': [0], 'SubmitTimes': [1761682763.0], 'StartTimes': [], 'EndTimes': [], 'TotalUserCpuTimeHistory': [0.0], 'TotalSysCpuTimeHistory': [0.0], 'WallDurations': [0], 'JobIds': ['137018793.0'], 'State': 'idle', 'RecordedSite': False}, '193': {'Retries': 0, 'Restarts': 0, 'SiteHistory': ['Unknown'], 'ResidentSetSize': [0], 'SubmitTimes': [1761682738.0], 'StartTimes': [], 'EndTimes': [], 'TotalUserCpuTimeHistory': [0.0], 'TotalSysCpuTimeHistory': [0.0], 'WallDurations': [0], 'JobIds': ['137018734.0'], 'State': 'idle', 'RecordedSite': False}, '194': {'Retries': 0, 'Restarts': 0, 'SiteHistory': ['Unknown'], 'ResidentSetSize': [0], 'SubmitTimes': [1761682758.0], 'StartTimes': [], 'EndTimes': [], 'TotalUserCpuTimeHistory': [0.0], 'TotalSysCpuTimeHistory': [0.0], 'WallDurations': [0], 'JobIds': ['137018772.0'], 'State': 'idle', 'RecordedSite': False}, '195': {'Retries': 0, 'Restarts': 0, 'SiteHistory': ['Unknown'], 'ResidentSetSize': [0], 'SubmitTimes': [1761682747.0], 'StartTimes': [], 'EndTimes': [], 'TotalUserCpuTimeHistory': [0.0], 'TotalSysCpuTimeHistory': [0.0], 'WallDurations': [0], 'JobIds': ['137018748.0'], 'State': 'idle', 'RecordedSite': False}, '196': {'Retries': 0, 'Restarts': 0, 'SiteHistory': ['Unknown'], 'ResidentSetSize': [0], 'SubmitTimes': [1761682759.0], 'StartTimes': [], 'EndTimes': [], 'TotalUserCpuTimeHistory': [0.0], 'TotalSysCpuTimeHistory': [0.0], 'WallDurations': [0], 'JobIds': ['137018778.0'], 'State': 'idle', 'RecordedSite': False}, '197': {'Retries': 0, 'Restarts': 0, 'SiteHistory': ['Unknown'], 'ResidentSetSize': [0], 'SubmitTimes': [1761682797.0], 'StartTimes': [], 'EndTimes': [], 'TotalUserCpuTimeHistory': [0.0], 'TotalSysCpuTimeHistory': [0.0], 'WallDurations': [0], 'JobIds': ['137018867.0'], 'State': 'idle', 'RecordedSite': False}, '198': {'Retries': 0, 'Restarts': 0, 'SiteHistory': ['Unknown'], 'ResidentSetSize': [0], 'SubmitTimes': [1761682773.0], 'StartTimes': [], 'EndTimes': [], 'TotalUserCpuTimeHistory': [0.0], 'TotalSysCpuTimeHistory': [0.0], 'WallDurations': [0], 'JobIds': ['137018815.0'], 'State': 'idle', 'RecordedSite': False}, '199': {'Retries': 0, 'Restarts': 0, 'SiteHistory': ['Unknown'], 'ResidentSetSize': [0], 'SubmitTimes': [1761682761.0], 'StartTimes': [], 'EndTimes': [], 'TotalUserCpuTimeHistory': [0.0], 'TotalSysCpuTimeHistory': [0.0], 'WallDurations': [0], 'JobIds': ['137018788.0'], 'State': 'idle', 'RecordedSite': False}, '200': {'Retries': 0, 'Restarts': 0, 'SiteHistory': ['Unknown'], 'ResidentSetSize': [0], 'SubmitTimes': [1761682749.0], 'StartTimes': [], 'EndTimes': [], 'TotalUserCpuTimeHistory': [0.0], 'TotalSysCpuTimeHistory': [0.0], 'WallDurations': [0], 'JobIds': ['137018754.0'], 'State': 'idle', 'RecordedSite': False}, '201': {'Retries': 0, 'Restarts': 0, 'SiteHistory': ['Unknown'], 'ResidentSetSize': [0], 'SubmitTimes': [1761682760.0], 'StartTimes': [], 'EndTimes': [], 'TotalUserCpuTimeHistory': [0.0], 'TotalSysCpuTimeHistory': [0.0], 'WallDurations': [0], 'JobIds': ['137018782.0'], 'State': 'idle', 'RecordedSite': False}, '202': {'Retries': 0, 'Restarts': 0, 'SiteHistory': ['Unknown'], 'ResidentSetSize': [0], 'SubmitTimes': [1761682788.0], 'StartTimes': [], 'EndTimes': [], 'TotalUserCpuTimeHistory': [0.0], 'TotalSysCpuTimeHistory': [0.0], 'WallDurations': [0], 'JobIds': ['137018839.0'], 'State': 'idle', 'RecordedSite': False}, '203': {'Retries': 0, 'Restarts': 0, 'SiteHistory': ['Unknown'], 'ResidentSetSize': [0], 'SubmitTimes': [1761682751.0], 'StartTimes': [], 'EndTimes': [], 'TotalUserCpuTimeHistory': [0.0], 'TotalSysCpuTimeHistory': [0.0], 'WallDurations': [0], 'JobIds': ['137018759.0'], 'State': 'idle', 'RecordedSite': False}, '204': {'Retries': 0, 'Restarts': 0, 'SiteHistory': [], 'ResidentSetSize': [], 'SubmitTimes': [], 'StartTimes': [], 'EndTimes': [], 'TotalUserCpuTimeHistory': [], 'TotalSysCpuTimeHistory': [], 'WallDurations': [], 'JobIds': [], 'State': 'unsubmitted'}, '205': {'Retries': 0, 'Restarts': 0, 'SiteHistory': ['Unknown'], 'ResidentSetSize': [0], 'SubmitTimes': [1761682798.0], 'StartTimes': [], 'EndTimes': [], 'TotalUserCpuTimeHistory': [0.0], 'TotalSysCpuTimeHistory': [0.0], 'WallDurations': [0], 'JobIds': ['137018875.0'], 'State': 'idle', 'RecordedSite': False}, '206': {'Retries': 0, 'Restarts': 0, 'SiteHistory': ['Unknown'], 'ResidentSetSize': [0], 'SubmitTimes': [1761682796.0], 'StartTimes': [], 'EndTimes': [], 'TotalUserCpuTimeHistory': [0.0], 'TotalSysCpuTimeHistory': [0.0], 'WallDurations': [0], 'JobIds': ['137018859.0'], 'State': 'idle', 'RecordedSite': False}, '207': {'Retries': 0, 'Restarts': 0, 'SiteHistory': ['Unknown'], 'ResidentSetSize': [0], 'SubmitTimes': [1761682790.0], 'StartTimes': [], 'EndTimes': [], 'TotalUserCpuTimeHistory': [0.0], 'TotalSysCpuTimeHistory': [0.0], 'WallDurations': [0], 'JobIds': ['137018845.0'], 'State': 'idle', 'RecordedSite': False}, '208': {'Retries': 0, 'Restarts': 0, 'SiteHistory': ['Unknown'], 'ResidentSetSize': [0], 'SubmitTimes': [1761682799.0], 'StartTimes': [], 'EndTimes': [], 'TotalUserCpuTimeHistory': [0.0], 'TotalSysCpuTimeHistory': [0.0], 'WallDurations': [0], 'JobIds': ['137018883.0'], 'State': 'idle', 'RecordedSite': False}, '209': {'Retries': 0, 'Restarts': 0, 'SiteHistory': ['Unknown'], 'ResidentSetSize': [0], 'SubmitTimes': [1761682801.0], 'StartTimes': [], 'EndTimes': [], 'TotalUserCpuTimeHistory': [0.0], 'TotalSysCpuTimeHistory': [0.0], 'WallDurations': [0], 'JobIds': ['137018887.0'], 'State': 'idle', 'RecordedSite': False}, '210': {'Retries': 0, 'Restarts': 0, 'SiteHistory': ['Unknown'], 'ResidentSetSize': [0], 'SubmitTimes': [1761682806.0], 'StartTimes': [], 'EndTimes': [], 'TotalUserCpuTimeHistory': [0.0], 'TotalSysCpuTimeHistory': [0.0], 'WallDurations': [0], 'JobIds': ['137018904.0'], 'State': 'idle', 'RecordedSite': False}, '211': {'Retries': 0, 'Restarts': 0, 'SiteHistory': ['Unknown'], 'ResidentSetSize': [0], 'SubmitTimes': [1761682807.0], 'StartTimes': [], 'EndTimes': [], 'TotalUserCpuTimeHistory': [0.0], 'TotalSysCpuTimeHistory': [0.0], 'WallDurations': [0], 'JobIds': ['137018907.0'], 'State': 'idle', 'RecordedSite': False}, '212': {'Retries': 0, 'Restarts': 0, 'SiteHistory': ['Unknown'], 'ResidentSetSize': [0], 'SubmitTimes': [1761682809.0], 'StartTimes': [], 'EndTimes': [], 'TotalUserCpuTimeHistory': [0.0], 'TotalSysCpuTimeHistory': [0.0], 'WallDurations': [0], 'JobIds': ['137018915.0'], 'State': 'idle', 'RecordedSite': False}, '213': {'Retries': 0, 'Restarts': 0, 'SiteHistory': ['Unknown'], 'ResidentSetSize': [0], 'SubmitTimes': [1761682786.0], 'StartTimes': [], 'EndTimes': [], 'TotalUserCpuTimeHistory': [0.0], 'TotalSysCpuTimeHistory': [0.0], 'WallDurations': [0], 'JobIds': ['137018832.0'], 'State': 'idle', 'RecordedSite': False}, '214': {'Retries': 0, 'Restarts': 0, 'SiteHistory': ['Unknown'], 'ResidentSetSize': [0], 'SubmitTimes': [1761682810.0], 'StartTimes': [], 'EndTimes': [], 'TotalUserCpuTimeHistory': [0.0], 'TotalSysCpuTimeHistory': [0.0], 'WallDurations': [0], 'JobIds': ['137018921.0'], 'State': 'idle', 'RecordedSite': False}, '215': {'Retries': 0, 'Restarts': 0, 'SiteHistory': ['Unknown'], 'ResidentSetSize': [0], 'SubmitTimes': [1761682811.0], 'StartTimes': [], 'EndTimes': [], 'TotalUserCpuTimeHistory': [0.0], 'TotalSysCpuTimeHistory': [0.0], 'WallDurations': [0], 'JobIds': ['137018927.0'], 'State': 'idle', 'RecordedSite': False}, '216': {'Retries': 0, 'Restarts': 0, 'SiteHistory': ['Unknown'], 'ResidentSetSize': [0], 'SubmitTimes': [1761682812.0], 'StartTimes': [], 'EndTimes': [], 'TotalUserCpuTimeHistory': [0.0], 'TotalSysCpuTimeHistory': [0.0], 'WallDurations': [0], 'JobIds': ['137018935.0'], 'State': 'idle', 'RecordedSite': False}, '217': {'Retries': 0, 'Restarts': 0, 'SiteHistory': ['Unknown'], 'ResidentSetSize': [0], 'SubmitTimes': [1761682817.0], 'StartTimes': [], 'EndTimes': [], 'TotalUserCpuTimeHistory': [0.0], 'TotalSysCpuTimeHistory': [0.0], 'WallDurations': [0], 'JobIds': ['137018947.0'], 'State': 'idle', 'RecordedSite': False}, '218': {'Retries': 0, 'Restarts': 0, 'SiteHistory': ['Unknown'], 'ResidentSetSize': [0], 'SubmitTimes': [1761682817.0], 'StartTimes': [], 'EndTimes': [], 'TotalUserCpuTimeHistory': [0.0], 'TotalSysCpuTimeHistory': [0.0], 'WallDurations': [0], 'JobIds': ['137018948.0'], 'State': 'idle', 'RecordedSite': False}, '219': {'Retries': 0, 'Restarts': 0, 'SiteHistory': ['Unknown'], 'ResidentSetSize': [0], 'SubmitTimes': [1761682819.0], 'StartTimes': [], 'EndTimes': [], 'TotalUserCpuTimeHistory': [0.0], 'TotalSysCpuTimeHistory': [0.0], 'WallDurations': [0], 'JobIds': ['137018950.0'], 'State': 'idle', 'RecordedSite': False}, '220': {'Retries': 0, 'Restarts': 0, 'SiteHistory': ['Unknown'], 'ResidentSetSize': [0], 'SubmitTimes': [1761682822.0], 'StartTimes': [], 'EndTimes': [], 'TotalUserCpuTimeHistory': [0.0], 'TotalSysCpuTimeHistory': [0.0], 'WallDurations': [0], 'JobIds': ['137018955.0'], 'State': 'idle', 'RecordedSite': False}, '221': {'Retries': 0, 'Restarts': 0, 'SiteHistory': ['Unknown'], 'ResidentSetSize': [0], 'SubmitTimes': [1761682825.0], 'StartTimes': [], 'EndTimes': [], 'TotalUserCpuTimeHistory': [0.0], 'TotalSysCpuTimeHistory': [0.0], 'WallDurations': [0], 'JobIds': ['137018961.0'], 'State': 'idle', 'RecordedSite': False}, '222': {'Retries': 0, 'Restarts': 0, 'SiteHistory': ['Unknown'], 'ResidentSetSize': [0], 'SubmitTimes': [1761682833.0], 'StartTimes': [], 'EndTimes': [], 'TotalUserCpuTimeHistory': [0.0], 'TotalSysCpuTimeHistory': [0.0], 'WallDurations': [0], 'JobIds': ['137018974.0'], 'State': 'idle', 'RecordedSite': False}, '223': {'Retries': 0, 'Restarts': 0, 'SiteHistory': ['Unknown'], 'ResidentSetSize': [0], 'SubmitTimes': [1761682837.0], 'StartTimes': [], 'EndTimes': [], 'TotalUserCpuTimeHistory': [0.0], 'TotalSysCpuTimeHistory': [0.0], 'WallDurations': [0], 'JobIds': ['137018992.0'], 'State': 'idle', 'RecordedSite': False}, '224': {'Retries': 0, 'Restarts': 0, 'SiteHistory': ['Unknown'], 'ResidentSetSize': [0], 'SubmitTimes': [1761682834.0], 'StartTimes': [], 'EndTimes': [], 'TotalUserCpuTimeHistory': [0.0], 'TotalSysCpuTimeHistory': [0.0], 'WallDurations': [0], 'JobIds': ['137018981.0'], 'State': 'idle', 'RecordedSite': False}, '225': {'Retries': 0, 'Restarts': 0, 'SiteHistory': ['Unknown'], 'ResidentSetSize': [0], 'SubmitTimes': [1761682838.0], 'StartTimes': [], 'EndTimes': [], 'TotalUserCpuTimeHistory': [0.0], 'TotalSysCpuTimeHistory': [0.0], 'WallDurations': [0], 'JobIds': ['137018996.0'], 'State': 'idle', 'RecordedSite': False}, '226': {'Retries': 0, 'Restarts': 0, 'SiteHistory': ['Unknown'], 'ResidentSetSize': [0], 'SubmitTimes': [1761682836.0], 'StartTimes': [], 'EndTimes': [], 'TotalUserCpuTimeHistory': [0.0], 'TotalSysCpuTimeHistory': [0.0], 'WallDurations': [0], 'JobIds': ['137018987.0'], 'State': 'idle', 'RecordedSite': False}, '227': {'Retries': 0, 'Restarts': 0, 'SiteHistory': [], 'ResidentSetSize': [], 'SubmitTimes': [], 'StartTimes': [], 'EndTimes': [], 'TotalUserCpuTimeHistory': [], 'TotalSysCpuTimeHistory': [], 'WallDurations': [], 'JobIds': [], 'State': 'unsubmitted'}, '228': {'Retries': 0, 'Restarts': 0, 'SiteHistory': ['Unknown'], 'ResidentSetSize': [0], 'SubmitTimes': [1761682847.0], 'StartTimes': [], 'EndTimes': [], 'TotalUserCpuTimeHistory': [0.0], 'TotalSysCpuTimeHistory': [0.0], 'WallDurations': [0], 'JobIds': ['137019012.0'], 'State': 'idle', 'RecordedSite': False}, '229': {'Retries': 0, 'Restarts': 0, 'SiteHistory': ['Unknown'], 'ResidentSetSize': [0], 'SubmitTimes': [1761682851.0], 'StartTimes': [], 'EndTimes': [], 'TotalUserCpuTimeHistory': [0.0], 'TotalSysCpuTimeHistory': [0.0], 'WallDurations': [0], 'JobIds': ['137019017.0'], 'State': 'idle', 'RecordedSite': False}, '230': {'Retries': 0, 'Restarts': 0, 'SiteHistory': ['Unknown'], 'ResidentSetSize': [0], 'SubmitTimes': [1761682860.0], 'StartTimes': [], 'EndTimes': [], 'TotalUserCpuTimeHistory': [0.0], 'TotalSysCpuTimeHistory': [0.0], 'WallDurations': [0], 'JobIds': ['137019030.0'], 'State': 'idle', 'RecordedSite': False}, '231': {'Retries': 0, 'Restarts': 0, 'SiteHistory': ['Unknown'], 'ResidentSetSize': [0], 'SubmitTimes': [1761682845.0], 'StartTimes': [], 'EndTimes': [], 'TotalUserCpuTimeHistory': [0.0], 'TotalSysCpuTimeHistory': [0.0], 'WallDurations': [0], 'JobIds': ['137019007.0'], 'State': 'idle', 'RecordedSite': False}, '232': {'Retries': 0, 'Restarts': 0, 'SiteHistory': ['Unknown'], 'ResidentSetSize': [0], 'SubmitTimes': [1761682865.0], 'StartTimes': [], 'EndTimes': [], 'TotalUserCpuTimeHistory': [0.0], 'TotalSysCpuTimeHistory': [0.0], 'WallDurations': [0], 'JobIds': ['137019036.0'], 'State': 'idle', 'RecordedSite': False}, '233': {'Retries': 0, 'Restarts': 0, 'SiteHistory': ['Unknown'], 'ResidentSetSize': [0], 'SubmitTimes': [1761682872.0], 'StartTimes': [], 'EndTimes': [], 'TotalUserCpuTimeHistory': [0.0], 'TotalSysCpuTimeHistory': [0.0], 'WallDurations': [0], 'JobIds': ['137019049.0'], 'State': 'idle', 'RecordedSite': False}, '234': {'Retries': 0, 'Restarts': 0, 'SiteHistory': ['Unknown'], 'ResidentSetSize': [0], 'SubmitTimes': [1761682897.0], 'StartTimes': [], 'EndTimes': [], 'TotalUserCpuTimeHistory': [0.0], 'TotalSysCpuTimeHistory': [0.0], 'WallDurations': [0], 'JobIds': ['137019119.0'], 'State': 'idle', 'RecordedSite': False}, '235': {'Retries': 0, 'Restarts': 0, 'SiteHistory': ['Unknown'], 'ResidentSetSize': [0], 'SubmitTimes': [1761682899.0], 'StartTimes': [], 'EndTimes': [], 'TotalUserCpuTimeHistory': [0.0], 'TotalSysCpuTimeHistory': [0.0], 'WallDurations': [0], 'JobIds': ['137019127.0'], 'State': 'idle', 'RecordedSite': False}, '236': {'Retries': 0, 'Restarts': 0, 'SiteHistory': ['Unknown'], 'ResidentSetSize': [0], 'SubmitTimes': [1761682887.0], 'StartTimes': [], 'EndTimes': [], 'TotalUserCpuTimeHistory': [0.0], 'TotalSysCpuTimeHistory': [0.0], 'WallDurations': [0], 'JobIds': ['137019099.0'], 'State': 'idle', 'RecordedSite': False}, '237': {'Retries': 0, 'Restarts': 0, 'SiteHistory': ['Unknown'], 'ResidentSetSize': [0], 'SubmitTimes': [1761682873.0], 'StartTimes': [], 'EndTimes': [], 'TotalUserCpuTimeHistory': [0.0], 'TotalSysCpuTimeHistory': [0.0], 'WallDurations': [0], 'JobIds': ['137019053.0'], 'State': 'idle', 'RecordedSite': False}, '238': {'Retries': 0, 'Restarts': 0, 'SiteHistory': ['Unknown'], 'ResidentSetSize': [0], 'SubmitTimes': [1761682874.0], 'StartTimes': [], 'EndTimes': [], 'TotalUserCpuTimeHistory': [0.0], 'TotalSysCpuTimeHistory': [0.0], 'WallDurations': [0], 'JobIds': ['137019057.0'], 'State': 'idle', 'RecordedSite': False}, '239': {'Retries': 0, 'Restarts': 0, 'SiteHistory': ['Unknown'], 'ResidentSetSize': [0], 'SubmitTimes': [1761682889.0], 'StartTimes': [], 'EndTimes': [], 'TotalUserCpuTimeHistory': [0.0], 'TotalSysCpuTimeHistory': [0.0], 'WallDurations': [0], 'JobIds': ['137019105.0'], 'State': 'idle', 'RecordedSite': False}, '240': {'Retries': 0, 'Restarts': 0, 'SiteHistory': ['Unknown'], 'ResidentSetSize': [0], 'SubmitTimes': [1761682875.0], 'StartTimes': [], 'EndTimes': [], 'TotalUserCpuTimeHistory': [0.0], 'TotalSysCpuTimeHistory': [0.0], 'WallDurations': [0], 'JobIds': ['137019060.0'], 'State': 'idle', 'RecordedSite': False}, '241': {'Retries': 0, 'Restarts': 0, 'SiteHistory': ['Unknown'], 'ResidentSetSize': [0], 'SubmitTimes': [1761682876.0], 'StartTimes': [], 'EndTimes': [], 'TotalUserCpuTimeHistory': [0.0], 'TotalSysCpuTimeHistory': [0.0], 'WallDurations': [0], 'JobIds': ['137019065.0'], 'State': 'idle', 'RecordedSite': False}, '242': {'Retries': 0, 'Restarts': 0, 'SiteHistory': ['Unknown'], 'ResidentSetSize': [0], 'SubmitTimes': [1761682897.0], 'StartTimes': [], 'EndTimes': [], 'TotalUserCpuTimeHistory': [0.0], 'TotalSysCpuTimeHistory': [0.0], 'WallDurations': [0], 'JobIds': ['137019115.0'], 'State': 'idle', 'RecordedSite': False}, '243': {'Retries': 0, 'Restarts': 0, 'SiteHistory': ['Unknown'], 'ResidentSetSize': [0], 'SubmitTimes': [1761682877.0], 'StartTimes': [], 'EndTimes': [], 'TotalUserCpuTimeHistory': [0.0], 'TotalSysCpuTimeHistory': [0.0], 'WallDurations': [0], 'JobIds': ['137019070.0'], 'State': 'idle', 'RecordedSite': False}, '244': {'Retries': 0, 'Restarts': 0, 'SiteHistory': ['Unknown'], 'ResidentSetSize': [0], 'SubmitTimes': [1761682882.0], 'StartTimes': [], 'EndTimes': [], 'TotalUserCpuTimeHistory': [0.0], 'TotalSysCpuTimeHistory': [0.0], 'WallDurations': [0], 'JobIds': ['137019090.0'], 'State': 'idle', 'RecordedSite': False}, '245': {'Retries': 0, 'Restarts': 0, 'SiteHistory': ['Unknown'], 'ResidentSetSize': [0], 'SubmitTimes': [1761682901.0], 'StartTimes': [], 'EndTimes': [], 'TotalUserCpuTimeHistory': [0.0], 'TotalSysCpuTimeHistory': [0.0], 'WallDurations': [0], 'JobIds': ['137019138.0'], 'State': 'idle', 'RecordedSite': False}, '246': {'Retries': 0, 'Restarts': 0, 'SiteHistory': ['Unknown'], 'ResidentSetSize': [0], 'SubmitTimes': [1761682900.0], 'StartTimes': [], 'EndTimes': [], 'TotalUserCpuTimeHistory': [0.0], 'TotalSysCpuTimeHistory': [0.0], 'WallDurations': [0], 'JobIds': ['137019133.0'], 'State': 'idle', 'RecordedSite': False}, '247': {'Retries': 0, 'Restarts': 0, 'SiteHistory': ['Unknown'], 'ResidentSetSize': [0], 'SubmitTimes': [1761682885.0], 'StartTimes': [], 'EndTimes': [], 'TotalUserCpuTimeHistory': [0.0], 'TotalSysCpuTimeHistory': [0.0], 'WallDurations': [0], 'JobIds': ['137019094.0'], 'State': 'idle', 'RecordedSite': False}, '248': {'Retries': 0, 'Restarts': 0, 'SiteHistory': ['Unknown'], 'ResidentSetSize': [0], 'SubmitTimes': [1761682896.0], 'StartTimes': [], 'EndTimes': [], 'TotalUserCpuTimeHistory': [0.0], 'TotalSysCpuTimeHistory': [0.0], 'WallDurations': [0], 'JobIds': ['137019112.0'], 'State': 'idle', 'RecordedSite': False}, '249': {'Retries': 0, 'Restarts': 0, 'SiteHistory': [], 'ResidentSetSize': [], 'SubmitTimes': [], 'StartTimes': [], 'EndTimes': [], 'TotalUserCpuTimeHistory': [], 'TotalSysCpuTimeHistory': [], 'WallDurations': [], 'JobIds': [], 'State': 'unsubmitted'}, '250': {'Retries': 0, 'Restarts': 0, 'SiteHistory': ['Unknown'], 'ResidentSetSize': [0], 'SubmitTimes': [1761682907.0], 'StartTimes': [], 'EndTimes': [], 'TotalUserCpuTimeHistory': [0.0], 'TotalSysCpuTimeHistory': [0.0], 'WallDurations': [0], 'JobIds': ['137019153.0'], 'State': 'idle', 'RecordedSite': False}, '251': {'Retries': 0, 'Restarts': 0, 'SiteHistory': ['Unknown'], 'ResidentSetSize': [0], 'SubmitTimes': [1761682909.0], 'StartTimes': [], 'EndTimes': [], 'TotalUserCpuTimeHistory': [0.0], 'TotalSysCpuTimeHistory': [0.0], 'WallDurations': [0], 'JobIds': ['137019156.0'], 'State': 'idle', 'RecordedSite': False}, '252': {'Retries': 0, 'Restarts': 0, 'SiteHistory': ['Unknown'], 'ResidentSetSize': [0], 'SubmitTimes': [1761682943.0], 'StartTimes': [], 'EndTimes': [], 'TotalUserCpuTimeHistory': [0.0], 'TotalSysCpuTimeHistory': [0.0], 'WallDurations': [0], 'JobIds': ['137019240.0'], 'State': 'idle', 'RecordedSite': False}, '253': {'Retries': 0, 'Restarts': 0, 'SiteHistory': ['Unknown'], 'ResidentSetSize': [0], 'SubmitTimes': [1761682910.0], 'StartTimes': [], 'EndTimes': [], 'TotalUserCpuTimeHistory': [0.0], 'TotalSysCpuTimeHistory': [0.0], 'WallDurations': [0], 'JobIds': ['137019160.0'], 'State': 'idle', 'RecordedSite': False}, '254': {'Retries': 0, 'Restarts': 0, 'SiteHistory': ['Unknown'], 'ResidentSetSize': [0], 'SubmitTimes': [1761682935.0], 'StartTimes': [], 'EndTimes': [], 'TotalUserCpuTimeHistory': [0.0], 'TotalSysCpuTimeHistory': [0.0], 'WallDurations': [0], 'JobIds': ['137019222.0'], 'State': 'idle', 'RecordedSite': False}, '255': {'Retries': 0, 'Restarts': 0, 'SiteHistory': ['Unknown'], 'ResidentSetSize': [0], 'SubmitTimes': [1761682911.0], 'StartTimes': [], 'EndTimes': [], 'TotalUserCpuTimeHistory': [0.0], 'TotalSysCpuTimeHistory': [0.0], 'WallDurations': [0], 'JobIds': ['137019164.0'], 'State': 'idle', 'RecordedSite': False}, '256': {'Retries': 0, 'Restarts': 0, 'SiteHistory': ['Unknown'], 'ResidentSetSize': [0], 'SubmitTimes': [1761682922.0], 'StartTimes': [], 'EndTimes': [], 'TotalUserCpuTimeHistory': [0.0], 'TotalSysCpuTimeHistory': [0.0], 'WallDurations': [0], 'JobIds': ['137019209.0'], 'State': 'idle', 'RecordedSite': False}, '257': {'Retries': 0, 'Restarts': 0, 'SiteHistory': ['Unknown'], 'ResidentSetSize': [0], 'SubmitTimes': [1761682912.0], 'StartTimes': [], 'EndTimes': [], 'TotalUserCpuTimeHistory': [0.0], 'TotalSysCpuTimeHistory': [0.0], 'WallDurations': [0], 'JobIds': ['137019169.0'], 'State': 'idle', 'RecordedSite': False}, '258': {'Retries': 0, 'Restarts': 0, 'SiteHistory': ['Unknown'], 'ResidentSetSize': [0], 'SubmitTimes': [1761682917.0], 'StartTimes': [], 'EndTimes': [], 'TotalUserCpuTimeHistory': [0.0], 'TotalSysCpuTimeHistory': [0.0], 'WallDurations': [0], 'JobIds': ['137019185.0'], 'State': 'idle', 'RecordedSite': False}, '259': {'Retries': 0, 'Restarts': 0, 'SiteHistory': ['Unknown'], 'ResidentSetSize': [0], 'SubmitTimes': [1761682944.0], 'StartTimes': [], 'EndTimes': [], 'TotalUserCpuTimeHistory': [0.0], 'TotalSysCpuTimeHistory': [0.0], 'WallDurations': [0], 'JobIds': ['137019245.0'], 'State': 'idle', 'RecordedSite': False}, '260': {'Retries': 0, 'Restarts': 0, 'SiteHistory': ['Unknown'], 'ResidentSetSize': [0], 'SubmitTimes': [1761682918.0], 'StartTimes': [], 'EndTimes': [], 'TotalUserCpuTimeHistory': [0.0], 'TotalSysCpuTimeHistory': [0.0], 'WallDurations': [0], 'JobIds': ['137019189.0'], 'State': 'idle', 'RecordedSite': False}, '261': {'Retries': 0, 'Restarts': 0, 'SiteHistory': ['Unknown'], 'ResidentSetSize': [0], 'SubmitTimes': [1761682919.0], 'StartTimes': [], 'EndTimes': [], 'TotalUserCpuTimeHistory': [0.0], 'TotalSysCpuTimeHistory': [0.0], 'WallDurations': [0], 'JobIds': ['137019192.0'], 'State': 'idle', 'RecordedSite': False}, '262': {'Retries': 0, 'Restarts': 0, 'SiteHistory': ['Unknown'], 'ResidentSetSize': [0], 'SubmitTimes': [1761682937.0], 'StartTimes': [], 'EndTimes': [], 'TotalUserCpuTimeHistory': [0.0], 'TotalSysCpuTimeHistory': [0.0], 'WallDurations': [0], 'JobIds': ['137019226.0'], 'State': 'idle', 'RecordedSite': False}, '263': {'Retries': 0, 'Restarts': 0, 'SiteHistory': ['Unknown'], 'ResidentSetSize': [0], 'SubmitTimes': [1761682922.0], 'StartTimes': [], 'EndTimes': [], 'TotalUserCpuTimeHistory': [0.0], 'TotalSysCpuTimeHistory': [0.0], 'WallDurations': [0], 'JobIds': ['137019204.0'], 'State': 'idle', 'RecordedSite': False}, '264': {'Retries': 0, 'Restarts': 0, 'SiteHistory': ['Unknown'], 'ResidentSetSize': [0], 'SubmitTimes': [1761682921.0], 'StartTimes': [], 'EndTimes': [], 'TotalUserCpuTimeHistory': [0.0], 'TotalSysCpuTimeHistory': [0.0], 'WallDurations': [0], 'JobIds': ['137019200.0'], 'State': 'idle', 'RecordedSite': False}, '265': {'Retries': 0, 'Restarts': 0, 'SiteHistory': ['Unknown'], 'ResidentSetSize': [0], 'SubmitTimes': [1761682923.0], 'StartTimes': [], 'EndTimes': [], 'TotalUserCpuTimeHistory': [0.0], 'TotalSysCpuTimeHistory': [0.0], 'WallDurations': [0], 'JobIds': ['137019212.0'], 'State': 'idle', 'RecordedSite': False}, '266': {'Retries': 0, 'Restarts': 0, 'SiteHistory': ['Unknown'], 'ResidentSetSize': [0], 'SubmitTimes': [1761682945.0], 'StartTimes': [], 'EndTimes': [], 'TotalUserCpuTimeHistory': [0.0], 'TotalSysCpuTimeHistory': [0.0], 'WallDurations': [0], 'JobIds': ['137019248.0'], 'State': 'idle', 'RecordedSite': False}, '267': {'Retries': 0, 'Restarts': 0, 'SiteHistory': ['Unknown'], 'ResidentSetSize': [0], 'SubmitTimes': [1761682945.0], 'StartTimes': [], 'EndTimes': [], 'TotalUserCpuTimeHistory': [0.0], 'TotalSysCpuTimeHistory': [0.0], 'WallDurations': [0], 'JobIds': ['137019251.0'], 'State': 'idle', 'RecordedSite': False}, '268': {'Retries': 0, 'Restarts': 0, 'SiteHistory': ['Unknown'], 'ResidentSetSize': [0], 'SubmitTimes': [1761682920.0], 'StartTimes': [], 'EndTimes': [], 'TotalUserCpuTimeHistory': [0.0], 'TotalSysCpuTimeHistory': [0.0], 'WallDurations': [0], 'JobIds': ['137019197.0'], 'State': 'idle', 'RecordedSite': False}, '269': {'Retries': 0, 'Restarts': 0, 'SiteHistory': [], 'ResidentSetSize': [], 'SubmitTimes': [], 'StartTimes': [], 'EndTimes': [], 'TotalUserCpuTimeHistory': [], 'TotalSysCpuTimeHistory': [], 'WallDurations': [], 'JobIds': [], 'State': 'unsubmitted'}, '270': {'Retries': 0, 'Restarts': 0, 'SiteHistory': ['Unknown'], 'ResidentSetSize': [0], 'SubmitTimes': [1761682969.0], 'StartTimes': [], 'EndTimes': [], 'TotalUserCpuTimeHistory': [0.0], 'TotalSysCpuTimeHistory': [0.0], 'WallDurations': [0], 'JobIds': ['137019355.0'], 'State': 'idle', 'RecordedSite': False}, '271': {'Retries': 0, 'Restarts': 0, 'SiteHistory': ['Unknown'], 'ResidentSetSize': [0], 'SubmitTimes': [1761682956.0], 'StartTimes': [], 'EndTimes': [], 'TotalUserCpuTimeHistory': [0.0], 'TotalSysCpuTimeHistory': [0.0], 'WallDurations': [0], 'JobIds': ['137019314.0'], 'State': 'idle', 'RecordedSite': False}, '272': {'Retries': 0, 'Restarts': 0, 'SiteHistory': ['Unknown'], 'ResidentSetSize': [0], 'SubmitTimes': [1761682946.0], 'StartTimes': [], 'EndTimes': [], 'TotalUserCpuTimeHistory': [0.0], 'TotalSysCpuTimeHistory': [0.0], 'WallDurations': [0], 'JobIds': ['137019254.0'], 'State': 'idle', 'RecordedSite': False}, '273': {'Retries': 0, 'Restarts': 0, 'SiteHistory': ['Unknown'], 'ResidentSetSize': [0], 'SubmitTimes': [1761682957.0], 'StartTimes': [], 'EndTimes': [], 'TotalUserCpuTimeHistory': [0.0], 'TotalSysCpuTimeHistory': [0.0], 'WallDurations': [0], 'JobIds': ['137019326.0'], 'State': 'idle', 'RecordedSite': False}, '274': {'Retries': 0, 'Restarts': 0, 'SiteHistory': ['Unknown'], 'ResidentSetSize': [0], 'SubmitTimes': [1761682947.0], 'StartTimes': [], 'EndTimes': [], 'TotalUserCpuTimeHistory': [0.0], 'TotalSysCpuTimeHistory': [0.0], 'WallDurations': [0], 'JobIds': ['137019257.0'], 'State': 'idle', 'RecordedSite': False}, '275': {'Retries': 0, 'Restarts': 0, 'SiteHistory': ['Unknown'], 'ResidentSetSize': [0], 'SubmitTimes': [1761682957.0], 'StartTimes': [], 'EndTimes': [], 'TotalUserCpuTimeHistory': [0.0], 'TotalSysCpuTimeHistory': [0.0], 'WallDurations': [0], 'JobIds': ['137019320.0'], 'State': 'idle', 'RecordedSite': False}, '276': {'Retries': 0, 'Restarts': 0, 'SiteHistory': ['Unknown'], 'ResidentSetSize': [0], 'SubmitTimes': [1761682948.0], 'StartTimes': [], 'EndTimes': [], 'TotalUserCpuTimeHistory': [0.0], 'TotalSysCpuTimeHistory': [0.0], 'WallDurations': [0], 'JobIds': ['137019259.0'], 'State': 'idle', 'RecordedSite': False}, '277': {'Retries': 0, 'Restarts': 0, 'SiteHistory': ['Unknown'], 'ResidentSetSize': [0], 'SubmitTimes': [1761682961.0], 'StartTimes': [], 'EndTimes': [], 'TotalUserCpuTimeHistory': [0.0], 'TotalSysCpuTimeHistory': [0.0], 'WallDurations': [0], 'JobIds': ['137019332.0'], 'State': 'idle', 'RecordedSite': False}, '278': {'Retries': 0, 'Restarts': 0, 'SiteHistory': ['Unknown'], 'ResidentSetSize': [0], 'SubmitTimes': [1761682957.0], 'StartTimes': [], 'EndTimes': [], 'TotalUserCpuTimeHistory': [0.0], 'TotalSysCpuTimeHistory': [0.0], 'WallDurations': [0], 'JobIds': ['137019317.0'], 'State': 'idle', 'RecordedSite': False}, '279': {'Retries': 0, 'Restarts': 0, 'SiteHistory': ['Unknown'], 'ResidentSetSize': [0], 'SubmitTimes': [1761682954.0], 'StartTimes': [], 'EndTimes': [], 'TotalUserCpuTimeHistory': [0.0], 'TotalSysCpuTimeHistory': [0.0], 'WallDurations': [0], 'JobIds': ['137019303.0'], 'State': 'idle', 'RecordedSite': False}, '280': {'Retries': 0, 'Restarts': 0, 'SiteHistory': ['Unknown'], 'ResidentSetSize': [0], 'SubmitTimes': [1761682967.0], 'StartTimes': [], 'EndTimes': [], 'TotalUserCpuTimeHistory': [0.0], 'TotalSysCpuTimeHistory': [0.0], 'WallDurations': [0], 'JobIds': ['137019349.0'], 'State': 'idle', 'RecordedSite': False}, '281': {'Retries': 0, 'Restarts': 0, 'SiteHistory': ['Unknown'], 'ResidentSetSize': [0], 'SubmitTimes': [1761682955.0], 'StartTimes': [], 'EndTimes': [], 'TotalUserCpuTimeHistory': [0.0], 'TotalSysCpuTimeHistory': [0.0], 'WallDurations': [0], 'JobIds': ['137019307.0'], 'State': 'idle', 'RecordedSite': False}, '282': {'Retries': 0, 'Restarts': 0, 'SiteHistory': ['Unknown'], 'ResidentSetSize': [0], 'SubmitTimes': [1761682958.0], 'StartTimes': [], 'EndTimes': [], 'TotalUserCpuTimeHistory': [0.0], 'TotalSysCpuTimeHistory': [0.0], 'WallDurations': [0], 'JobIds': ['137019329.0'], 'State': 'idle', 'RecordedSite': False}, '283': {'Retries': 0, 'Restarts': 0, 'SiteHistory': ['Unknown'], 'ResidentSetSize': [0], 'SubmitTimes': [1761682957.0], 'StartTimes': [], 'EndTimes': [], 'TotalUserCpuTimeHistory': [0.0], 'TotalSysCpuTimeHistory': [0.0], 'WallDurations': [0], 'JobIds': ['137019322.0'], 'State': 'idle', 'RecordedSite': False}, '284': {'Retries': 0, 'Restarts': 0, 'SiteHistory': ['Unknown'], 'ResidentSetSize': [0], 'SubmitTimes': [1761682956.0], 'StartTimes': [], 'EndTimes': [], 'TotalUserCpuTimeHistory': [0.0], 'TotalSysCpuTimeHistory': [0.0], 'WallDurations': [0], 'JobIds': ['137019310.0'], 'State': 'idle', 'RecordedSite': False}, '285': {'Retries': 0, 'Restarts': 0, 'SiteHistory': [], 'ResidentSetSize': [], 'SubmitTimes': [], 'StartTimes': [], 'EndTimes': [], 'TotalUserCpuTimeHistory': [], 'TotalSysCpuTimeHistory': [], 'WallDurations': [], 'JobIds': [], 'State': 'unsubmitted'}, '286': {'Retries': 0, 'Restarts': 0, 'SiteHistory': ['Unknown'], 'ResidentSetSize': [0], 'SubmitTimes': [1761682994.0], 'StartTimes': [], 'EndTimes': [], 'TotalUserCpuTimeHistory': [0.0], 'TotalSysCpuTimeHistory': [0.0], 'WallDurations': [0], 'JobIds': ['137019424.0'], 'State': 'idle', 'RecordedSite': False}, '287': {'Retries': 0, 'Restarts': 0, 'SiteHistory': ['Unknown'], 'ResidentSetSize': [0], 'SubmitTimes': [1761682983.0], 'StartTimes': [], 'EndTimes': [], 'TotalUserCpuTimeHistory': [0.0], 'TotalSysCpuTimeHistory': [0.0], 'WallDurations': [0], 'JobIds': ['137019387.0'], 'State': 'idle', 'RecordedSite': False}, '288': {'Retries': 0, 'Restarts': 0, 'SiteHistory': ['Unknown'], 'ResidentSetSize': [0], 'SubmitTimes': [1761682970.0], 'StartTimes': [], 'EndTimes': [], 'TotalUserCpuTimeHistory': [0.0], 'TotalSysCpuTimeHistory': [0.0], 'WallDurations': [0], 'JobIds': ['137019358.0'], 'State': 'idle', 'RecordedSite': False}, '289': {'Retries': 0, 'Restarts': 0, 'SiteHistory': ['Unknown'], 'ResidentSetSize': [0], 'SubmitTimes': [1761682996.0], 'StartTimes': [], 'EndTimes': [], 'TotalUserCpuTimeHistory': [0.0], 'TotalSysCpuTimeHistory': [0.0], 'WallDurations': [0], 'JobIds': ['137019444.0'], 'State': 'idle', 'RecordedSite': False}, '290': {'Retries': 0, 'Restarts': 0, 'SiteHistory': ['Unknown'], 'ResidentSetSize': [0], 'SubmitTimes': [1761682984.0], 'StartTimes': [], 'EndTimes': [], 'TotalUserCpuTimeHistory': [0.0], 'TotalSysCpuTimeHistory': [0.0], 'WallDurations': [0], 'JobIds': ['137019392.0'], 'State': 'idle', 'RecordedSite': False}, '291': {'Retries': 0, 'Restarts': 0, 'SiteHistory': ['Unknown'], 'ResidentSetSize': [0], 'SubmitTimes': [1761682998.0], 'StartTimes': [], 'EndTimes': [], 'TotalUserCpuTimeHistory': [0.0], 'TotalSysCpuTimeHistory': [0.0], 'WallDurations': [0], 'JobIds': ['137019448.0'], 'State': 'idle', 'RecordedSite': False}, '292': {'Retries': 0, 'Restarts': 0, 'SiteHistory': ['Unknown'], 'ResidentSetSize': [0], 'SubmitTimes': [1761682970.0], 'StartTimes': [], 'EndTimes': [], 'TotalUserCpuTimeHistory': [0.0], 'TotalSysCpuTimeHistory': [0.0], 'WallDurations': [0], 'JobIds': ['137019363.0'], 'State': 'idle', 'RecordedSite': False}, '293': {'Retries': 0, 'Restarts': 0, 'SiteHistory': ['Unknown'], 'ResidentSetSize': [0], 'SubmitTimes': [1761682993.0], 'StartTimes': [], 'EndTimes': [], 'TotalUserCpuTimeHistory': [0.0], 'TotalSysCpuTimeHistory': [0.0], 'WallDurations': [0], 'JobIds': ['137019415.0'], 'State': 'idle', 'RecordedSite': False}, '294': {'Retries': 0, 'Restarts': 0, 'SiteHistory': ['Unknown'], 'ResidentSetSize': [0], 'SubmitTimes': [1761682973.0], 'StartTimes': [], 'EndTimes': [], 'TotalUserCpuTimeHistory': [0.0], 'TotalSysCpuTimeHistory': [0.0], 'WallDurations': [0], 'JobIds': ['137019368.0'], 'State': 'idle', 'RecordedSite': False}, '295': {'Retries': 0, 'Restarts': 0, 'SiteHistory': ['Unknown'], 'ResidentSetSize': [0], 'SubmitTimes': [1761682992.0], 'StartTimes': [], 'EndTimes': [], 'TotalUserCpuTimeHistory': [0.0], 'TotalSysCpuTimeHistory': [0.0], 'WallDurations': [0], 'JobIds': ['137019411.0'], 'State': 'idle', 'RecordedSite': False}, '296': {'Retries': 0, 'Restarts': 0, 'SiteHistory': ['Unknown'], 'ResidentSetSize': [0], 'SubmitTimes': [1761683006.0], 'StartTimes': [], 'EndTimes': [], 'TotalUserCpuTimeHistory': [0.0], 'TotalSysCpuTimeHistory': [0.0], 'WallDurations': [0], 'JobIds': ['137019454.0'], 'State': 'idle', 'RecordedSite': False}, '297': {'Retries': 0, 'Restarts': 0, 'SiteHistory': ['Unknown'], 'ResidentSetSize': [0], 'SubmitTimes': [1761682981.0], 'StartTimes': [], 'EndTimes': [], 'TotalUserCpuTimeHistory': [0.0], 'TotalSysCpuTimeHistory': [0.0], 'WallDurations': [0], 'JobIds': ['137019376.0'], 'State': 'idle', 'RecordedSite': False}, '298': {'Retries': 0, 'Restarts': 0, 'SiteHistory': ['Unknown'], 'ResidentSetSize': [0], 'SubmitTimes': [1761682995.0], 'StartTimes': [], 'EndTimes': [], 'TotalUserCpuTimeHistory': [0.0], 'TotalSysCpuTimeHistory': [0.0], 'WallDurations': [0], 'JobIds': ['137019436.0'], 'State': 'idle', 'RecordedSite': False}, '299': {'Retries': 0, 'Restarts': 0, 'SiteHistory': ['Unknown'], 'ResidentSetSize': [0], 'SubmitTimes': [1761682992.0], 'StartTimes': [], 'EndTimes': [], 'TotalUserCpuTimeHistory': [0.0], 'TotalSysCpuTimeHistory': [0.0], 'WallDurations': [0], 'JobIds': ['137019408.0'], 'State': 'idle', 'RecordedSite': False}, '300': {'Retries': 0, 'Restarts': 0, 'SiteHistory': ['Unknown'], 'ResidentSetSize': [0], 'SubmitTimes': [1761682994.0], 'StartTimes': [], 'EndTimes': [], 'TotalUserCpuTimeHistory': [0.0], 'TotalSysCpuTimeHistory': [0.0], 'WallDurations': [0], 'JobIds': ['137019429.0'], 'State': 'idle', 'RecordedSite': False}, '301': {'Retries': 0, 'Restarts': 0, 'SiteHistory': ['Unknown'], 'ResidentSetSize': [0], 'SubmitTimes': [1761682982.0], 'StartTimes': [], 'EndTimes': [], 'TotalUserCpuTimeHistory': [0.0], 'TotalSysCpuTimeHistory': [0.0], 'WallDurations': [0], 'JobIds': ['137019381.0'], 'State': 'idle', 'RecordedSite': False}, '302': {'Retries': 0, 'Restarts': 0, 'SiteHistory': ['Unknown'], 'ResidentSetSize': [0], 'SubmitTimes': [1761682995.0], 'StartTimes': [], 'EndTimes': [], 'TotalUserCpuTimeHistory': [0.0], 'TotalSysCpuTimeHistory': [0.0], 'WallDurations': [0], 'JobIds': ['137019440.0'], 'State': 'idle', 'RecordedSite': False}, '303': {'Retries': 0, 'Restarts': 0, 'SiteHistory': ['Unknown'], 'ResidentSetSize': [0], 'SubmitTimes': [1761682993.0], 'StartTimes': [], 'EndTimes': [], 'TotalUserCpuTimeHistory': [0.0], 'TotalSysCpuTimeHistory': [0.0], 'WallDurations': [0], 'JobIds': ['137019419.0'], 'State': 'idle', 'RecordedSite': False}, '304': {'Retries': 0, 'Restarts': 0, 'SiteHistory': [], 'ResidentSetSize': [], 'SubmitTimes': [], 'StartTimes': [], 'EndTimes': [], 'TotalUserCpuTimeHistory': [], 'TotalSysCpuTimeHistory': [], 'WallDurations': [], 'JobIds': [], 'State': 'unsubmitted'}, '305': {'Retries': 0, 'Restarts': 0, 'SiteHistory': ['Unknown'], 'ResidentSetSize': [0], 'SubmitTimes': [1761683051.0], 'StartTimes': [], 'EndTimes': [], 'TotalUserCpuTimeHistory': [0.0], 'TotalSysCpuTimeHistory': [0.0], 'WallDurations': [0], 'JobIds': ['137019563.0'], 'State': 'idle', 'RecordedSite': False}, '306': {'Retries': 0, 'Restarts': 0, 'SiteHistory': ['Unknown'], 'ResidentSetSize': [0], 'SubmitTimes': [1761683010.0], 'StartTimes': [], 'EndTimes': [], 'TotalUserCpuTimeHistory': [0.0], 'TotalSysCpuTimeHistory': [0.0], 'WallDurations': [0], 'JobIds': ['137019458.0'], 'State': 'idle', 'RecordedSite': False}, '307': {'Retries': 0, 'Restarts': 0, 'SiteHistory': ['Unknown'], 'ResidentSetSize': [0], 'SubmitTimes': [1761683028.0], 'StartTimes': [], 'EndTimes': [], 'TotalUserCpuTimeHistory': [0.0], 'TotalSysCpuTimeHistory': [0.0], 'WallDurations': [0], 'JobIds': ['137019504.0'], 'State': 'idle', 'RecordedSite': False}, '308': {'Retries': 0, 'Restarts': 0, 'SiteHistory': ['Unknown'], 'ResidentSetSize': [0], 'SubmitTimes': [1761683038.0], 'StartTimes': [], 'EndTimes': [], 'TotalUserCpuTimeHistory': [0.0], 'TotalSysCpuTimeHistory': [0.0], 'WallDurations': [0], 'JobIds': ['137019538.0'], 'State': 'idle', 'RecordedSite': False}, '309': {'Retries': 0, 'Restarts': 0, 'SiteHistory': ['Unknown'], 'ResidentSetSize': [0], 'SubmitTimes': [1761683026.0], 'StartTimes': [], 'EndTimes': [], 'TotalUserCpuTimeHistory': [0.0], 'TotalSysCpuTimeHistory': [0.0], 'WallDurations': [0], 'JobIds': ['137019502.0'], 'State': 'idle', 'RecordedSite': False}, '310': {'Retries': 0, 'Restarts': 0, 'SiteHistory': ['Unknown'], 'ResidentSetSize': [0], 'SubmitTimes': [1761683025.0], 'StartTimes': [], 'EndTimes': [], 'TotalUserCpuTimeHistory': [0.0], 'TotalSysCpuTimeHistory': [0.0], 'WallDurations': [0], 'JobIds': ['137019498.0'], 'State': 'idle', 'RecordedSite': False}, '311': {'Retries': 0, 'Restarts': 0, 'SiteHistory': ['Unknown'], 'ResidentSetSize': [0], 'SubmitTimes': [1761683048.0], 'StartTimes': [], 'EndTimes': [], 'TotalUserCpuTimeHistory': [0.0], 'TotalSysCpuTimeHistory': [0.0], 'WallDurations': [0], 'JobIds': ['137019549.0'], 'State': 'idle', 'RecordedSite': False}, '312': {'Retries': 0, 'Restarts': 0, 'SiteHistory': ['Unknown'], 'ResidentSetSize': [0], 'SubmitTimes': [1761683013.0], 'StartTimes': [], 'EndTimes': [], 'TotalUserCpuTimeHistory': [0.0], 'TotalSysCpuTimeHistory': [0.0], 'WallDurations': [0], 'JobIds': ['137019463.0'], 'State': 'idle', 'RecordedSite': False}, '313': {'Retries': 0, 'Restarts': 0, 'SiteHistory': ['Unknown'], 'ResidentSetSize': [0], 'SubmitTimes': [1761683037.0], 'StartTimes': [], 'EndTimes': [], 'TotalUserCpuTimeHistory': [0.0], 'TotalSysCpuTimeHistory': [0.0], 'WallDurations': [0], 'JobIds': ['137019533.0'], 'State': 'idle', 'RecordedSite': False}, '314': {'Retries': 0, 'Restarts': 0, 'SiteHistory': ['Unknown'], 'ResidentSetSize': [0], 'SubmitTimes': [1761683050.0], 'StartTimes': [], 'EndTimes': [], 'TotalUserCpuTimeHistory': [0.0], 'TotalSysCpuTimeHistory': [0.0], 'WallDurations': [0], 'JobIds': ['137019556.0'], 'State': 'idle', 'RecordedSite': False}, '315': {'Retries': 0, 'Restarts': 0, 'SiteHistory': ['Unknown'], 'ResidentSetSize': [0], 'SubmitTimes': [1761683052.0], 'StartTimes': [], 'EndTimes': [], 'TotalUserCpuTimeHistory': [0.0], 'TotalSysCpuTimeHistory': [0.0], 'WallDurations': [0], 'JobIds': ['137019566.0'], 'State': 'idle', 'RecordedSite': False}, '316': {'Retries': 0, 'Restarts': 0, 'SiteHistory': ['Unknown'], 'ResidentSetSize': [0], 'SubmitTimes': [1761683022.0], 'StartTimes': [], 'EndTimes': [], 'TotalUserCpuTimeHistory': [0.0], 'TotalSysCpuTimeHistory': [0.0], 'WallDurations': [0], 'JobIds': ['137019486.0'], 'State': 'idle', 'RecordedSite': False}, '317': {'Retries': 0, 'Restarts': 0, 'SiteHistory': ['Unknown'], 'ResidentSetSize': [0], 'SubmitTimes': [1761683022.0], 'StartTimes': [], 'EndTimes': [], 'TotalUserCpuTimeHistory': [0.0], 'TotalSysCpuTimeHistory': [0.0], 'WallDurations': [0], 'JobIds': ['137019490.0'], 'State': 'idle', 'RecordedSite': False}, '318': {'Retries': 0, 'Restarts': 0, 'SiteHistory': ['Unknown'], 'ResidentSetSize': [0], 'SubmitTimes': [1761683059.0], 'StartTimes': [], 'EndTimes': [], 'TotalUserCpuTimeHistory': [0.0], 'TotalSysCpuTimeHistory': [0.0], 'WallDurations': [0], 'JobIds': ['137019583.0'], 'State': 'idle', 'RecordedSite': False}, '319': {'Retries': 0, 'Restarts': 0, 'SiteHistory': ['Unknown'], 'ResidentSetSize': [0], 'SubmitTimes': [1761683035.0], 'StartTimes': [], 'EndTimes': [], 'TotalUserCpuTimeHistory': [0.0], 'TotalSysCpuTimeHistory': [0.0], 'WallDurations': [0], 'JobIds': ['137019528.0'], 'State': 'idle', 'RecordedSite': False}, '320': {'Retries': 0, 'Restarts': 0, 'SiteHistory': ['Unknown'], 'ResidentSetSize': [0], 'SubmitTimes': [1761683040.0], 'StartTimes': [], 'EndTimes': [], 'TotalUserCpuTimeHistory': [0.0], 'TotalSysCpuTimeHistory': [0.0], 'WallDurations': [0], 'JobIds': ['137019542.0'], 'State': 'idle', 'RecordedSite': False}, '321': {'Retries': 0, 'Restarts': 0, 'SiteHistory': ['Unknown'], 'ResidentSetSize': [0], 'SubmitTimes': [1761683023.0], 'StartTimes': [], 'EndTimes': [], 'TotalUserCpuTimeHistory': [0.0], 'TotalSysCpuTimeHistory': [0.0], 'WallDurations': [0], 'JobIds': ['137019495.0'], 'State': 'idle', 'RecordedSite': False}, '322': {'Retries': 0, 'Restarts': 0, 'SiteHistory': ['Unknown'], 'ResidentSetSize': [0], 'SubmitTimes': [1761683051.0], 'StartTimes': [], 'EndTimes': [], 'TotalUserCpuTimeHistory': [0.0], 'TotalSysCpuTimeHistory': [0.0], 'WallDurations': [0], 'JobIds': ['137019560.0'], 'State': 'idle', 'RecordedSite': False}, '323': {'Retries': 0, 'Restarts': 0, 'SiteHistory': ['Unknown'], 'ResidentSetSize': [0], 'SubmitTimes': [1761683059.0], 'StartTimes': [], 'EndTimes': [], 'TotalUserCpuTimeHistory': [0.0], 'TotalSysCpuTimeHistory': [0.0], 'WallDurations': [0], 'JobIds': ['137019586.0'], 'State': 'idle', 'RecordedSite': False}, '324': {'Retries': 0, 'Restarts': 0, 'SiteHistory': [], 'ResidentSetSize': [], 'SubmitTimes': [], 'StartTimes': [], 'EndTimes': [], 'TotalUserCpuTimeHistory': [], 'TotalSysCpuTimeHistory': [], 'WallDurations': [], 'JobIds': [], 'State': 'unsubmitted'}, '325': {'Retries': 0, 'Restarts': 0, 'SiteHistory': ['Unknown'], 'ResidentSetSize': [0], 'SubmitTimes': [1761683061.0], 'StartTimes': [], 'EndTimes': [], 'TotalUserCpuTimeHistory': [0.0], 'TotalSysCpuTimeHistory': [0.0], 'WallDurations': [0], 'JobIds': ['137019590.0'], 'State': 'idle', 'RecordedSite': False}, '326': {'Retries': 0, 'Restarts': 0, 'SiteHistory': ['Unknown'], 'ResidentSetSize': [0], 'SubmitTimes': [1761683062.0], 'StartTimes': [], 'EndTimes': [], 'TotalUserCpuTimeHistory': [0.0], 'TotalSysCpuTimeHistory': [0.0], 'WallDurations': [0], 'JobIds': ['137019596.0'], 'State': 'idle', 'RecordedSite': False}, '327': {'Retries': 0, 'Restarts': 0, 'SiteHistory': ['Unknown'], 'ResidentSetSize': [0], 'SubmitTimes': [1761683085.0], 'StartTimes': [], 'EndTimes': [], 'TotalUserCpuTimeHistory': [0.0], 'TotalSysCpuTimeHistory': [0.0], 'WallDurations': [0], 'JobIds': ['137019644.0'], 'State': 'idle', 'RecordedSite': False}, '328': {'Retries': 0, 'Restarts': 0, 'SiteHistory': ['Unknown'], 'ResidentSetSize': [0], 'SubmitTimes': [1761683063.0], 'StartTimes': [], 'EndTimes': [], 'TotalUserCpuTimeHistory': [0.0], 'TotalSysCpuTimeHistory': [0.0], 'WallDurations': [0], 'JobIds': ['137019601.0'], 'State': 'idle', 'RecordedSite': False}, '329': {'Retries': 0, 'Restarts': 0, 'SiteHistory': ['Unknown'], 'ResidentSetSize': [0], 'SubmitTimes': [1761683095.0], 'StartTimes': [], 'EndTimes': [], 'TotalUserCpuTimeHistory': [0.0], 'TotalSysCpuTimeHistory': [0.0], 'WallDurations': [0], 'JobIds': ['137019668.0'], 'State': 'idle', 'RecordedSite': False}, '330': {'Retries': 0, 'Restarts': 0, 'SiteHistory': ['Unknown'], 'ResidentSetSize': [0], 'SubmitTimes': [1761683064.0], 'StartTimes': [], 'EndTimes': [], 'TotalUserCpuTimeHistory': [0.0], 'TotalSysCpuTimeHistory': [0.0], 'WallDurations': [0], 'JobIds': ['137019606.0'], 'State': 'idle', 'RecordedSite': False}, '331': {'Retries': 0, 'Restarts': 0, 'SiteHistory': ['Unknown'], 'ResidentSetSize': [0], 'SubmitTimes': [1761683073.0], 'StartTimes': [], 'EndTimes': [], 'TotalUserCpuTimeHistory': [0.0], 'TotalSysCpuTimeHistory': [0.0], 'WallDurations': [0], 'JobIds': ['137019618.0'], 'State': 'idle', 'RecordedSite': False}, '332': {'Retries': 0, 'Restarts': 0, 'SiteHistory': ['Unknown'], 'ResidentSetSize': [0], 'SubmitTimes': [1761683075.0], 'StartTimes': [], 'EndTimes': [], 'TotalUserCpuTimeHistory': [0.0], 'TotalSysCpuTimeHistory': [0.0], 'WallDurations': [0], 'JobIds': ['137019624.0'], 'State': 'idle', 'RecordedSite': False}, '333': {'Retries': 0, 'Restarts': 0, 'SiteHistory': ['Unknown'], 'ResidentSetSize': [0], 'SubmitTimes': [1761683086.0], 'StartTimes': [], 'EndTimes': [], 'TotalUserCpuTimeHistory': [0.0], 'TotalSysCpuTimeHistory': [0.0], 'WallDurations': [0], 'JobIds': ['137019649.0'], 'State': 'idle', 'RecordedSite': False}, '334': {'Retries': 0, 'Restarts': 0, 'SiteHistory': ['Unknown'], 'ResidentSetSize': [0], 'SubmitTimes': [1761683075.0], 'StartTimes': [], 'EndTimes': [], 'TotalUserCpuTimeHistory': [0.0], 'TotalSysCpuTimeHistory': [0.0], 'WallDurations': [0], 'JobIds': ['137019626.0'], 'State': 'idle', 'RecordedSite': False}, '335': {'Retries': 0, 'Restarts': 0, 'SiteHistory': ['Unknown'], 'ResidentSetSize': [0], 'SubmitTimes': [1761683077.0], 'StartTimes': [], 'EndTimes': [], 'TotalUserCpuTimeHistory': [0.0], 'TotalSysCpuTimeHistory': [0.0], 'WallDurations': [0], 'JobIds': ['137019630.0'], 'State': 'idle', 'RecordedSite': False}, '336': {'Retries': 0, 'Restarts': 0, 'SiteHistory': ['Unknown'], 'ResidentSetSize': [0], 'SubmitTimes': [1761683090.0], 'StartTimes': [], 'EndTimes': [], 'TotalUserCpuTimeHistory': [0.0], 'TotalSysCpuTimeHistory': [0.0], 'WallDurations': [0], 'JobIds': ['137019659.0'], 'State': 'idle', 'RecordedSite': False}, '337': {'Retries': 0, 'Restarts': 0, 'SiteHistory': ['Unknown'], 'ResidentSetSize': [0], 'SubmitTimes': [1761683095.0], 'StartTimes': [], 'EndTimes': [], 'TotalUserCpuTimeHistory': [0.0], 'TotalSysCpuTimeHistory': [0.0], 'WallDurations': [0], 'JobIds': ['137019672.0'], 'State': 'idle', 'RecordedSite': False}, '338': {'Retries': 0, 'Restarts': 0, 'SiteHistory': ['Unknown'], 'ResidentSetSize': [0], 'SubmitTimes': [1761683096.0], 'StartTimes': [], 'EndTimes': [], 'TotalUserCpuTimeHistory': [0.0], 'TotalSysCpuTimeHistory': [0.0], 'WallDurations': [0], 'JobIds': ['137019676.0'], 'State': 'idle', 'RecordedSite': False}, '339': {'Retries': 0, 'Restarts': 0, 'SiteHistory': ['Unknown'], 'ResidentSetSize': [0], 'SubmitTimes': [1761683083.0], 'StartTimes': [], 'EndTimes': [], 'TotalUserCpuTimeHistory': [0.0], 'TotalSysCpuTimeHistory': [0.0], 'WallDurations': [0], 'JobIds': ['137019639.0'], 'State': 'idle', 'RecordedSite': False}, '340': {'Retries': 0, 'Restarts': 0, 'SiteHistory': [], 'ResidentSetSize': [], 'SubmitTimes': [], 'StartTimes': [], 'EndTimes': [], 'TotalUserCpuTimeHistory': [], 'TotalSysCpuTimeHistory': [], 'WallDurations': [], 'JobIds': [], 'State': 'unsubmitted'}, '341': {'Retries': 0, 'Restarts': 0, 'SiteHistory': ['Unknown'], 'ResidentSetSize': [0], 'SubmitTimes': [1761683100.0], 'StartTimes': [], 'EndTimes': [], 'TotalUserCpuTimeHistory': [0.0], 'TotalSysCpuTimeHistory': [0.0], 'WallDurations': [0], 'JobIds': ['137019716.0'], 'State': 'idle', 'RecordedSite': False}, '342': {'Retries': 0, 'Restarts': 0, 'SiteHistory': ['Unknown'], 'ResidentSetSize': [0], 'SubmitTimes': [1761683096.0], 'StartTimes': [], 'EndTimes': [], 'TotalUserCpuTimeHistory': [0.0], 'TotalSysCpuTimeHistory': [0.0], 'WallDurations': [0], 'JobIds': ['137019680.0'], 'State': 'idle', 'RecordedSite': False}, '343': {'Retries': 0, 'Restarts': 0, 'SiteHistory': ['Unknown'], 'ResidentSetSize': [0], 'SubmitTimes': [1761683112.0], 'StartTimes': [], 'EndTimes': [], 'TotalUserCpuTimeHistory': [0.0], 'TotalSysCpuTimeHistory': [0.0], 'WallDurations': [0], 'JobIds': ['137019748.0'], 'State': 'idle', 'RecordedSite': False}, '344': {'Retries': 0, 'Restarts': 0, 'SiteHistory': ['Unknown'], 'ResidentSetSize': [0], 'SubmitTimes': [1761683100.0], 'StartTimes': [], 'EndTimes': [], 'TotalUserCpuTimeHistory': [0.0], 'TotalSysCpuTimeHistory': [0.0], 'WallDurations': [0], 'JobIds': ['137019712.0'], 'State': 'idle', 'RecordedSite': False}, '345': {'Retries': 0, 'Restarts': 0, 'SiteHistory': ['Unknown'], 'ResidentSetSize': [0], 'SubmitTimes': [1761683110.0], 'StartTimes': [], 'EndTimes': [], 'TotalUserCpuTimeHistory': [0.0], 'TotalSysCpuTimeHistory': [0.0], 'WallDurations': [0], 'JobIds': ['137019745.0'], 'State': 'idle', 'RecordedSite': False}, '346': {'Retries': 0, 'Restarts': 0, 'SiteHistory': ['Unknown'], 'ResidentSetSize': [0], 'SubmitTimes': [1761683100.0], 'StartTimes': [], 'EndTimes': [], 'TotalUserCpuTimeHistory': [0.0], 'TotalSysCpuTimeHistory': [0.0], 'WallDurations': [0], 'JobIds': ['137019708.0'], 'State': 'idle', 'RecordedSite': False}, '347': {'Retries': 0, 'Restarts': 0, 'SiteHistory': ['Unknown'], 'ResidentSetSize': [0], 'SubmitTimes': [1761683097.0], 'StartTimes': [], 'EndTimes': [], 'TotalUserCpuTimeHistory': [0.0], 'TotalSysCpuTimeHistory': [0.0], 'WallDurations': [0], 'JobIds': ['137019685.0'], 'State': 'idle', 'RecordedSite': False}, '348': {'Retries': 0, 'Restarts': 0, 'SiteHistory': ['Unknown'], 'ResidentSetSize': [0], 'SubmitTimes': [1761683087.0], 'StartTimes': [], 'EndTimes': [], 'TotalUserCpuTimeHistory': [0.0], 'TotalSysCpuTimeHistory': [0.0], 'WallDurations': [0], 'JobIds': ['137019653.0'], 'State': 'idle', 'RecordedSite': False}, '349': {'Retries': 0, 'Restarts': 0, 'SiteHistory': ['Unknown'], 'ResidentSetSize': [0], 'SubmitTimes': [1761683117.0], 'StartTimes': [], 'EndTimes': [], 'TotalUserCpuTimeHistory': [0.0], 'TotalSysCpuTimeHistory': [0.0], 'WallDurations': [0], 'JobIds': ['137019770.0'], 'State': 'idle', 'RecordedSite': False}, '350': {'Retries': 0, 'Restarts': 0, 'SiteHistory': ['Unknown'], 'ResidentSetSize': [0], 'SubmitTimes': [1761683087.0], 'StartTimes': [], 'EndTimes': [], 'TotalUserCpuTimeHistory': [0.0], 'TotalSysCpuTimeHistory': [0.0], 'WallDurations': [0], 'JobIds': ['137019657.0'], 'State': 'idle', 'RecordedSite': False}, '351': {'Retries': 0, 'Restarts': 0, 'SiteHistory': ['Unknown'], 'ResidentSetSize': [0], 'SubmitTimes': [1761683099.0], 'StartTimes': [], 'EndTimes': [], 'TotalUserCpuTimeHistory': [0.0], 'TotalSysCpuTimeHistory': [0.0], 'WallDurations': [0], 'JobIds': ['137019704.0'], 'State': 'idle', 'RecordedSite': False}, '352': {'Retries': 0, 'Restarts': 0, 'SiteHistory': ['Unknown'], 'ResidentSetSize': [0], 'SubmitTimes': [1761683097.0], 'StartTimes': [], 'EndTimes': [], 'TotalUserCpuTimeHistory': [0.0], 'TotalSysCpuTimeHistory': [0.0], 'WallDurations': [0], 'JobIds': ['137019689.0'], 'State': 'idle', 'RecordedSite': False}, '353': {'Retries': 0, 'Restarts': 0, 'SiteHistory': ['Unknown'], 'ResidentSetSize': [0], 'SubmitTimes': [1761683098.0], 'StartTimes': [], 'EndTimes': [], 'TotalUserCpuTimeHistory': [0.0], 'TotalSysCpuTimeHistory': [0.0], 'WallDurations': [0], 'JobIds': ['137019700.0'], 'State': 'idle', 'RecordedSite': False}, '354': {'Retries': 0, 'Restarts': 0, 'SiteHistory': ['Unknown'], 'ResidentSetSize': [0], 'SubmitTimes': [1761683098.0], 'StartTimes': [], 'EndTimes': [], 'TotalUserCpuTimeHistory': [0.0], 'TotalSysCpuTimeHistory': [0.0], 'WallDurations': [0], 'JobIds': ['137019693.0'], 'State': 'idle', 'RecordedSite': False}, '355': {'Retries': 0, 'Restarts': 0, 'SiteHistory': ['Unknown'], 'ResidentSetSize': [0], 'SubmitTimes': [1761683098.0], 'StartTimes': [], 'EndTimes': [], 'TotalUserCpuTimeHistory': [0.0], 'TotalSysCpuTimeHistory': [0.0], 'WallDurations': [0], 'JobIds': ['137019697.0'], 'State': 'idle', 'RecordedSite': False}, '356': {'Retries': 0, 'Restarts': 0, 'SiteHistory': ['Unknown'], 'ResidentSetSize': [0], 'SubmitTimes': [1761683099.0], 'StartTimes': [], 'EndTimes': [], 'TotalUserCpuTimeHistory': [0.0], 'TotalSysCpuTimeHistory': [0.0], 'WallDurations': [0], 'JobIds': ['137019702.0'], 'State': 'idle', 'RecordedSite': False}, '357': {'Retries': 0, 'Restarts': 0, 'SiteHistory': ['Unknown'], 'ResidentSetSize': [0], 'SubmitTimes': [1761683107.0], 'StartTimes': [], 'EndTimes': [], 'TotalUserCpuTimeHistory': [0.0], 'TotalSysCpuTimeHistory': [0.0], 'WallDurations': [0], 'JobIds': ['137019737.0'], 'State': 'idle', 'RecordedSite': False}, '358': {'Retries': 0, 'Restarts': 0, 'SiteHistory': ['Unknown'], 'ResidentSetSize': [0], 'SubmitTimes': [1761683108.0], 'StartTimes': [], 'EndTimes': [], 'TotalUserCpuTimeHistory': [0.0], 'TotalSysCpuTimeHistory': [0.0], 'WallDurations': [0], 'JobIds': ['137019741.0'], 'State': 'idle', 'RecordedSite': False}, '359': {'Retries': 0, 'Restarts': 0, 'SiteHistory': ['Unknown'], 'ResidentSetSize': [0], 'SubmitTimes': [1761683101.0], 'StartTimes': [], 'EndTimes': [], 'TotalUserCpuTimeHistory': [0.0], 'TotalSysCpuTimeHistory': [0.0], 'WallDurations': [0], 'JobIds': ['137019720.0'], 'State': 'idle', 'RecordedSite': False}, '360': {'Retries': 0, 'Restarts': 0, 'SiteHistory': [], 'ResidentSetSize': [], 'SubmitTimes': [], 'StartTimes': [], 'EndTimes': [], 'TotalUserCpuTimeHistory': [], 'TotalSysCpuTimeHistory': [], 'WallDurations': [], 'JobIds': [], 'State': 'unsubmitted'}, '361': {'Retries': 0, 'Restarts': 0, 'SiteHistory': ['Unknown'], 'ResidentSetSize': [0], 'SubmitTimes': [1761683118.0], 'StartTimes': [], 'EndTimes': [], 'TotalUserCpuTimeHistory': [0.0], 'TotalSysCpuTimeHistory': [0.0], 'WallDurations': [0], 'JobIds': ['137019783.0'], 'State': 'idle', 'RecordedSite': False}, '362': {'Retries': 0, 'Restarts': 0, 'SiteHistory': ['Unknown'], 'ResidentSetSize': [0], 'SubmitTimes': [1761683118.0], 'StartTimes': [], 'EndTimes': [], 'TotalUserCpuTimeHistory': [0.0], 'TotalSysCpuTimeHistory': [0.0], 'WallDurations': [0], 'JobIds': ['137019787.0'], 'State': 'idle', 'RecordedSite': False}, '363': {'Retries': 0, 'Restarts': 0, 'SiteHistory': ['Unknown'], 'ResidentSetSize': [0], 'SubmitTimes': [1761683120.0], 'StartTimes': [], 'EndTimes': [], 'TotalUserCpuTimeHistory': [0.0], 'TotalSysCpuTimeHistory': [0.0], 'WallDurations': [0], 'JobIds': ['137019792.0'], 'State': 'idle', 'RecordedSite': False}, '364': {'Retries': 0, 'Restarts': 0, 'SiteHistory': ['Unknown'], 'ResidentSetSize': [0], 'SubmitTimes': [1761683122.0], 'StartTimes': [], 'EndTimes': [], 'TotalUserCpuTimeHistory': [0.0], 'TotalSysCpuTimeHistory': [0.0], 'WallDurations': [0], 'JobIds': ['137019797.0'], 'State': 'idle', 'RecordedSite': False}, '365': {'Retries': 0, 'Restarts': 0, 'SiteHistory': ['Unknown'], 'ResidentSetSize': [0], 'SubmitTimes': [1761683117.0], 'StartTimes': [], 'EndTimes': [], 'TotalUserCpuTimeHistory': [0.0], 'TotalSysCpuTimeHistory': [0.0], 'WallDurations': [0], 'JobIds': ['137019774.0'], 'State': 'idle', 'RecordedSite': False}, '366': {'Retries': 0, 'Restarts': 0, 'SiteHistory': ['Unknown'], 'ResidentSetSize': [0], 'SubmitTimes': [1761683117.0], 'StartTimes': [], 'EndTimes': [], 'TotalUserCpuTimeHistory': [0.0], 'TotalSysCpuTimeHistory': [0.0], 'WallDurations': [0], 'JobIds': ['137019778.0'], 'State': 'idle', 'RecordedSite': False}, '367': {'Retries': 0, 'Restarts': 0, 'SiteHistory': ['Unknown'], 'ResidentSetSize': [0], 'SubmitTimes': [1761683123.0], 'StartTimes': [], 'EndTimes': [], 'TotalUserCpuTimeHistory': [0.0], 'TotalSysCpuTimeHistory': [0.0], 'WallDurations': [0], 'JobIds': ['137019801.0'], 'State': 'idle', 'RecordedSite': False}, '368': {'Retries': 0, 'Restarts': 0, 'SiteHistory': ['Unknown'], 'ResidentSetSize': [0], 'SubmitTimes': [1761683130.0], 'StartTimes': [], 'EndTimes': [], 'TotalUserCpuTimeHistory': [0.0], 'TotalSysCpuTimeHistory': [0.0], 'WallDurations': [0], 'JobIds': ['137019809.0'], 'State': 'idle', 'RecordedSite': False}, '369': {'Retries': 0, 'Restarts': 0, 'SiteHistory': ['Unknown'], 'ResidentSetSize': [0], 'SubmitTimes': [1761683132.0], 'StartTimes': [], 'EndTimes': [], 'TotalUserCpuTimeHistory': [0.0], 'TotalSysCpuTimeHistory': [0.0], 'WallDurations': [0], 'JobIds': ['137019813.0'], 'State': 'idle', 'RecordedSite': False}, '370': {'Retries': 0, 'Restarts': 0, 'SiteHistory': ['Unknown'], 'ResidentSetSize': [0], 'SubmitTimes': [1761683133.0], 'StartTimes': [], 'EndTimes': [], 'TotalUserCpuTimeHistory': [0.0], 'TotalSysCpuTimeHistory': [0.0], 'WallDurations': [0], 'JobIds': ['137019817.0'], 'State': 'idle', 'RecordedSite': False}, '371': {'Retries': 0, 'Restarts': 0, 'SiteHistory': ['Unknown'], 'ResidentSetSize': [0], 'SubmitTimes': [1761683137.0], 'StartTimes': [], 'EndTimes': [], 'TotalUserCpuTimeHistory': [0.0], 'TotalSysCpuTimeHistory': [0.0], 'WallDurations': [0], 'JobIds': ['137019822.0'], 'State': 'idle', 'RecordedSite': False}, '372': {'Retries': 0, 'Restarts': 0, 'SiteHistory': ['Unknown'], 'ResidentSetSize': [0], 'SubmitTimes': [1761683143.0], 'StartTimes': [], 'EndTimes': [], 'TotalUserCpuTimeHistory': [0.0], 'TotalSysCpuTimeHistory': [0.0], 'WallDurations': [0], 'JobIds': ['137019832.0'], 'State': 'idle', 'RecordedSite': False}, '373': {'Retries': 0, 'Restarts': 0, 'SiteHistory': ['Unknown'], 'ResidentSetSize': [0], 'SubmitTimes': [1761683144.0], 'StartTimes': [], 'EndTimes': [], 'TotalUserCpuTimeHistory': [0.0], 'TotalSysCpuTimeHistory': [0.0], 'WallDurations': [0], 'JobIds': ['137019834.0'], 'State': 'idle', 'RecordedSite': False}, '374': {'Retries': 0, 'Restarts': 0, 'SiteHistory': ['Unknown'], 'ResidentSetSize': [0], 'SubmitTimes': [1761683144.0], 'StartTimes': [], 'EndTimes': [], 'TotalUserCpuTimeHistory': [0.0], 'TotalSysCpuTimeHistory': [0.0], 'WallDurations': [0], 'JobIds': ['137019835.0'], 'State': 'idle', 'RecordedSite': False}, '375': {'Retries': 0, 'Restarts': 0, 'SiteHistory': ['Unknown'], 'ResidentSetSize': [0], 'SubmitTimes': [1761683145.0], 'StartTimes': [], 'EndTimes': [], 'TotalUserCpuTimeHistory': [0.0], 'TotalSysCpuTimeHistory': [0.0], 'WallDurations': [0], 'JobIds': ['137019839.0'], 'State': 'idle', 'RecordedSite': False}, '376': {'Retries': 0, 'Restarts': 0, 'SiteHistory': ['Unknown'], 'ResidentSetSize': [0], 'SubmitTimes': [1761683145.0], 'StartTimes': [], 'EndTimes': [], 'TotalUserCpuTimeHistory': [0.0], 'TotalSysCpuTimeHistory': [0.0], 'WallDurations': [0], 'JobIds': ['137019840.0'], 'State': 'idle', 'RecordedSite': False}, '377': {'Retries': 0, 'Restarts': 0, 'SiteHistory': ['Unknown'], 'ResidentSetSize': [0], 'SubmitTimes': [1761683146.0], 'StartTimes': [], 'EndTimes': [], 'TotalUserCpuTimeHistory': [0.0], 'TotalSysCpuTimeHistory': [0.0], 'WallDurations': [0], 'JobIds': ['137019842.0'], 'State': 'idle', 'RecordedSite': False}, '378': {'Retries': 0, 'Restarts': 0, 'SiteHistory': ['Unknown'], 'ResidentSetSize': [0], 'SubmitTimes': [1761683146.0], 'StartTimes': [], 'EndTimes': [], 'TotalUserCpuTimeHistory': [0.0], 'TotalSysCpuTimeHistory': [0.0], 'WallDurations': [0], 'JobIds': ['137019846.0'], 'State': 'idle', 'RecordedSite': False}, '379': {'Retries': 0, 'Restarts': 0, 'SiteHistory': ['Unknown'], 'ResidentSetSize': [0], 'SubmitTimes': [1761683146.0], 'StartTimes': [], 'EndTimes': [], 'TotalUserCpuTimeHistory': [0.0], 'TotalSysCpuTimeHistory': [0.0], 'WallDurations': [0], 'JobIds': ['137019847.0'], 'State': 'idle', 'RecordedSite': False}, '380': {'Retries': 0, 'Restarts': 0, 'SiteHistory': ['Unknown'], 'ResidentSetSize': [0], 'SubmitTimes': [1761683147.0], 'StartTimes': [], 'EndTimes': [], 'TotalUserCpuTimeHistory': [0.0], 'TotalSysCpuTimeHistory': [0.0], 'WallDurations': [0], 'JobIds': ['137019852.0'], 'State': 'idle', 'RecordedSite': False}, '381': {'Retries': 0, 'Restarts': 0, 'SiteHistory': ['Unknown'], 'ResidentSetSize': [0], 'SubmitTimes': [1761683148.0], 'StartTimes': [], 'EndTimes': [], 'TotalUserCpuTimeHistory': [0.0], 'TotalSysCpuTimeHistory': [0.0], 'WallDurations': [0], 'JobIds': ['137019855.0'], 'State': 'idle', 'RecordedSite': False}, '382': {'Retries': 0, 'Restarts': 0, 'SiteHistory': [], 'ResidentSetSize': [], 'SubmitTimes': [], 'StartTimes': [], 'EndTimes': [], 'TotalUserCpuTimeHistory': [], 'TotalSysCpuTimeHistory': [], 'WallDurations': [], 'JobIds': [], 'State': 'unsubmitted'}, '383': {'Retries': 0, 'Restarts': 0, 'SiteHistory': ['Unknown'], 'ResidentSetSize': [0], 'SubmitTimes': [1761683148.0], 'StartTimes': [], 'EndTimes': [], 'TotalUserCpuTimeHistory': [0.0], 'TotalSysCpuTimeHistory': [0.0], 'WallDurations': [0], 'JobIds': ['137019860.0'], 'State': 'idle', 'RecordedSite': False}, '384': {'Retries': 0, 'Restarts': 0, 'SiteHistory': ['Unknown'], 'ResidentSetSize': [0], 'SubmitTimes': [1761683188.0], 'StartTimes': [], 'EndTimes': [], 'TotalUserCpuTimeHistory': [0.0], 'TotalSysCpuTimeHistory': [0.0], 'WallDurations': [0], 'JobIds': ['137019990.0'], 'State': 'idle', 'RecordedSite': False}, '385': {'Retries': 0, 'Restarts': 0, 'SiteHistory': ['Unknown'], 'ResidentSetSize': [0], 'SubmitTimes': [1761683149.0], 'StartTimes': [], 'EndTimes': [], 'TotalUserCpuTimeHistory': [0.0], 'TotalSysCpuTimeHistory': [0.0], 'WallDurations': [0], 'JobIds': ['137019866.0'], 'State': 'idle', 'RecordedSite': False}, '386': {'Retries': 0, 'Restarts': 0, 'SiteHistory': ['Unknown'], 'ResidentSetSize': [0], 'SubmitTimes': [1761683155.0], 'StartTimes': [], 'EndTimes': [], 'TotalUserCpuTimeHistory': [0.0], 'TotalSysCpuTimeHistory': [0.0], 'WallDurations': [0], 'JobIds': ['137019888.0'], 'State': 'idle', 'RecordedSite': False}, '387': {'Retries': 0, 'Restarts': 0, 'SiteHistory': ['Unknown'], 'ResidentSetSize': [0], 'SubmitTimes': [1761683156.0], 'StartTimes': [], 'EndTimes': [], 'TotalUserCpuTimeHistory': [0.0], 'TotalSysCpuTimeHistory': [0.0], 'WallDurations': [0], 'JobIds': ['137019892.0'], 'State': 'idle', 'RecordedSite': False}, '388': {'Retries': 0, 'Restarts': 0, 'SiteHistory': ['Unknown'], 'ResidentSetSize': [0], 'SubmitTimes': [1761683157.0], 'StartTimes': [], 'EndTimes': [], 'TotalUserCpuTimeHistory': [0.0], 'TotalSysCpuTimeHistory': [0.0], 'WallDurations': [0], 'JobIds': ['137019897.0'], 'State': 'idle', 'RecordedSite': False}, '389': {'Retries': 0, 'Restarts': 0, 'SiteHistory': ['Unknown'], 'ResidentSetSize': [0], 'SubmitTimes': [1761683158.0], 'StartTimes': [], 'EndTimes': [], 'TotalUserCpuTimeHistory': [0.0], 'TotalSysCpuTimeHistory': [0.0], 'WallDurations': [0], 'JobIds': ['137019900.0'], 'State': 'idle', 'RecordedSite': False}, '390': {'Retries': 0, 'Restarts': 0, 'SiteHistory': ['Unknown'], 'ResidentSetSize': [0], 'SubmitTimes': [1761683158.0], 'StartTimes': [], 'EndTimes': [], 'TotalUserCpuTimeHistory': [0.0], 'TotalSysCpuTimeHistory': [0.0], 'WallDurations': [0], 'JobIds': ['137019905.0'], 'State': 'idle', 'RecordedSite': False}, '391': {'Retries': 0, 'Restarts': 0, 'SiteHistory': ['Unknown'], 'ResidentSetSize': [0], 'SubmitTimes': [1761683159.0], 'StartTimes': [], 'EndTimes': [], 'TotalUserCpuTimeHistory': [0.0], 'TotalSysCpuTimeHistory': [0.0], 'WallDurations': [0], 'JobIds': ['137019909.0'], 'State': 'idle', 'RecordedSite': False}, '392': {'Retries': 0, 'Restarts': 0, 'SiteHistory': ['Unknown'], 'ResidentSetSize': [0], 'SubmitTimes': [1761683160.0], 'StartTimes': [], 'EndTimes': [], 'TotalUserCpuTimeHistory': [0.0], 'TotalSysCpuTimeHistory': [0.0], 'WallDurations': [0], 'JobIds': ['137019914.0'], 'State': 'idle', 'RecordedSite': False}, '393': {'Retries': 0, 'Restarts': 0, 'SiteHistory': ['Unknown'], 'ResidentSetSize': [0], 'SubmitTimes': [1761683166.0], 'StartTimes': [], 'EndTimes': [], 'TotalUserCpuTimeHistory': [0.0], 'TotalSysCpuTimeHistory': [0.0], 'WallDurations': [0], 'JobIds': ['137019928.0'], 'State': 'idle', 'RecordedSite': False}, '394': {'Retries': 0, 'Restarts': 0, 'SiteHistory': ['Unknown'], 'ResidentSetSize': [0], 'SubmitTimes': [1761683168.0], 'StartTimes': [], 'EndTimes': [], 'TotalUserCpuTimeHistory': [0.0], 'TotalSysCpuTimeHistory': [0.0], 'WallDurations': [0], 'JobIds': ['137019932.0'], 'State': 'idle', 'RecordedSite': False}, '395': {'Retries': 0, 'Restarts': 0, 'SiteHistory': ['Unknown'], 'ResidentSetSize': [0], 'SubmitTimes': [1761683170.0], 'StartTimes': [], 'EndTimes': [], 'TotalUserCpuTimeHistory': [0.0], 'TotalSysCpuTimeHistory': [0.0], 'WallDurations': [0], 'JobIds': ['137019935.0'], 'State': 'idle', 'RecordedSite': False}, '396': {'Retries': 0, 'Restarts': 0, 'SiteHistory': ['Unknown'], 'ResidentSetSize': [0], 'SubmitTimes': [1761683171.0], 'StartTimes': [], 'EndTimes': [], 'TotalUserCpuTimeHistory': [0.0], 'TotalSysCpuTimeHistory': [0.0], 'WallDurations': [0], 'JobIds': ['137019939.0'], 'State': 'idle', 'RecordedSite': False}, '397': {'Retries': 0, 'Restarts': 0, 'SiteHistory': ['Unknown'], 'ResidentSetSize': [0], 'SubmitTimes': [1761683177.0], 'StartTimes': [], 'EndTimes': [], 'TotalUserCpuTimeHistory': [0.0], 'TotalSysCpuTimeHistory': [0.0], 'WallDurations': [0], 'JobIds': ['137019952.0'], 'State': 'idle', 'RecordedSite': False}, '398': {'Retries': 0, 'Restarts': 0, 'SiteHistory': ['Unknown'], 'ResidentSetSize': [0], 'SubmitTimes': [1761683178.0], 'StartTimes': [], 'EndTimes': [], 'TotalUserCpuTimeHistory': [0.0], 'TotalSysCpuTimeHistory': [0.0], 'WallDurations': [0], 'JobIds': ['137019958.0'], 'State': 'idle', 'RecordedSite': False}, '399': {'Retries': 0, 'Restarts': 0, 'SiteHistory': ['Unknown'], 'ResidentSetSize': [0], 'SubmitTimes': [1761683179.0], 'StartTimes': [], 'EndTimes': [], 'TotalUserCpuTimeHistory': [0.0], 'TotalSysCpuTimeHistory': [0.0], 'WallDurations': [0], 'JobIds': ['137019964.0'], 'State': 'idle', 'RecordedSite': False}, '400': {'Retries': 0, 'Restarts': 0, 'SiteHistory': ['Unknown'], 'ResidentSetSize': [0], 'SubmitTimes': [1761683180.0], 'StartTimes': [], 'EndTimes': [], 'TotalUserCpuTimeHistory': [0.0], 'TotalSysCpuTimeHistory': [0.0], 'WallDurations': [0], 'JobIds': ['137019969.0'], 'State': 'idle', 'RecordedSite': False}, '401': {'Retries': 0, 'Restarts': 0, 'SiteHistory': ['Unknown'], 'ResidentSetSize': [0], 'SubmitTimes': [1761683181.0], 'StartTimes': [], 'EndTimes': [], 'TotalUserCpuTimeHistory': [0.0], 'TotalSysCpuTimeHistory': [0.0], 'WallDurations': [0], 'JobIds': ['137019973.0'], 'State': 'idle', 'RecordedSite': False}, '402': {'Retries': 0, 'Restarts': 0, 'SiteHistory': ['Unknown'], 'ResidentSetSize': [0], 'SubmitTimes': [1761683182.0], 'StartTimes': [], 'EndTimes': [], 'TotalUserCpuTimeHistory': [0.0], 'TotalSysCpuTimeHistory': [0.0], 'WallDurations': [0], 'JobIds': ['137019977.0'], 'State': 'idle', 'RecordedSite': False}, '403': {'Retries': 0, 'Restarts': 0, 'SiteHistory': [], 'ResidentSetSize': [], 'SubmitTimes': [], 'StartTimes': [], 'EndTimes': [], 'TotalUserCpuTimeHistory': [], 'TotalSysCpuTimeHistory': [], 'WallDurations': [], 'JobIds': [], 'State': 'unsubmitted'}, '404': {'Retries': 0, 'Restarts': 0, 'SiteHistory': ['Unknown'], 'ResidentSetSize': [0], 'SubmitTimes': [1761683192.0], 'StartTimes': [], 'EndTimes': [], 'TotalUserCpuTimeHistory': [0.0], 'TotalSysCpuTimeHistory': [0.0], 'WallDurations': [0], 'JobIds': ['137020008.0'], 'State': 'idle', 'RecordedSite': False}, '405': {'Retries': 0, 'Restarts': 0, 'SiteHistory': ['Unknown'], 'ResidentSetSize': [0], 'SubmitTimes': [1761683193.0], 'StartTimes': [], 'EndTimes': [], 'TotalUserCpuTimeHistory': [0.0], 'TotalSysCpuTimeHistory': [0.0], 'WallDurations': [0], 'JobIds': ['137020011.0'], 'State': 'idle', 'RecordedSite': False}, '406': {'Retries': 0, 'Restarts': 0, 'SiteHistory': ['Unknown'], 'ResidentSetSize': [0], 'SubmitTimes': [1761683193.0], 'StartTimes': [], 'EndTimes': [], 'TotalUserCpuTimeHistory': [0.0], 'TotalSysCpuTimeHistory': [0.0], 'WallDurations': [0], 'JobIds': ['137020015.0'], 'State': 'idle', 'RecordedSite': False}, '407': {'Retries': 0, 'Restarts': 0, 'SiteHistory': ['Unknown'], 'ResidentSetSize': [0], 'SubmitTimes': [1761683193.0], 'StartTimes': [], 'EndTimes': [], 'TotalUserCpuTimeHistory': [0.0], 'TotalSysCpuTimeHistory': [0.0], 'WallDurations': [0], 'JobIds': ['137020018.0'], 'State': 'idle', 'RecordedSite': False}, '408': {'Retries': 0, 'Restarts': 0, 'SiteHistory': ['Unknown'], 'ResidentSetSize': [0], 'SubmitTimes': [1761683193.0], 'StartTimes': [], 'EndTimes': [], 'TotalUserCpuTimeHistory': [0.0], 'TotalSysCpuTimeHistory': [0.0], 'WallDurations': [0], 'JobIds': ['137020022.0'], 'State': 'idle', 'RecordedSite': False}, '409': {'Retries': 0, 'Restarts': 0, 'SiteHistory': ['Unknown'], 'ResidentSetSize': [0], 'SubmitTimes': [1761683194.0], 'StartTimes': [], 'EndTimes': [], 'TotalUserCpuTimeHistory': [0.0], 'TotalSysCpuTimeHistory': [0.0], 'WallDurations': [0], 'JobIds': ['137020026.0'], 'State': 'idle', 'RecordedSite': False}, '410': {'Retries': 0, 'Restarts': 0, 'SiteHistory': ['Unknown'], 'ResidentSetSize': [0], 'SubmitTimes': [1761683200.0], 'StartTimes': [], 'EndTimes': [], 'TotalUserCpuTimeHistory': [0.0], 'TotalSysCpuTimeHistory': [0.0], 'WallDurations': [0], 'JobIds': ['137020039.0'], 'State': 'idle', 'RecordedSite': False}, '411': {'Retries': 0, 'Restarts': 0, 'SiteHistory': ['Unknown'], 'ResidentSetSize': [0], 'SubmitTimes': [1761683192.0], 'StartTimes': [], 'EndTimes': [], 'TotalUserCpuTimeHistory': [0.0], 'TotalSysCpuTimeHistory': [0.0], 'WallDurations': [0], 'JobIds': ['137020004.0'], 'State': 'idle', 'RecordedSite': False}, '412': {'Retries': 0, 'Restarts': 0, 'SiteHistory': ['Unknown'], 'ResidentSetSize': [0], 'SubmitTimes': [1761683191.0], 'StartTimes': [], 'EndTimes': [], 'TotalUserCpuTimeHistory': [0.0], 'TotalSysCpuTimeHistory': [0.0], 'WallDurations': [0], 'JobIds': ['137019997.0'], 'State': 'idle', 'RecordedSite': False}, '413': {'Retries': 0, 'Restarts': 0, 'SiteHistory': ['Unknown'], 'ResidentSetSize': [0], 'SubmitTimes': [1761683201.0], 'StartTimes': [], 'EndTimes': [], 'TotalUserCpuTimeHistory': [0.0], 'TotalSysCpuTimeHistory': [0.0], 'WallDurations': [0], 'JobIds': ['137020044.0'], 'State': 'idle', 'RecordedSite': False}, '414': {'Retries': 0, 'Restarts': 0, 'SiteHistory': ['Unknown'], 'ResidentSetSize': [0], 'SubmitTimes': [1761683203.0], 'StartTimes': [], 'EndTimes': [], 'TotalUserCpuTimeHistory': [0.0], 'TotalSysCpuTimeHistory': [0.0], 'WallDurations': [0], 'JobIds': ['137020050.0'], 'State': 'idle', 'RecordedSite': False}, '415': {'Retries': 0, 'Restarts': 0, 'SiteHistory': ['Unknown'], 'ResidentSetSize': [0], 'SubmitTimes': [1761683206.0], 'StartTimes': [], 'EndTimes': [], 'TotalUserCpuTimeHistory': [0.0], 'TotalSysCpuTimeHistory': [0.0], 'WallDurations': [0], 'JobIds': ['137020056.0'], 'State': 'idle', 'RecordedSite': False}, '416': {'Retries': 0, 'Restarts': 0, 'SiteHistory': ['Unknown'], 'ResidentSetSize': [0], 'SubmitTimes': [1761683211.0], 'StartTimes': [], 'EndTimes': [], 'TotalUserCpuTimeHistory': [0.0], 'TotalSysCpuTimeHistory': [0.0], 'WallDurations': [0], 'JobIds': ['137020063.0'], 'State': 'idle', 'RecordedSite': False}, '417': {'Retries': 0, 'Restarts': 0, 'SiteHistory': ['Unknown'], 'ResidentSetSize': [0], 'SubmitTimes': [1761683188.0], 'StartTimes': [], 'EndTimes': [], 'TotalUserCpuTimeHistory': [0.0], 'TotalSysCpuTimeHistory': [0.0], 'WallDurations': [0], 'JobIds': ['137019994.0'], 'State': 'idle', 'RecordedSite': False}, '418': {'Retries': 0, 'Restarts': 0, 'SiteHistory': ['Unknown'], 'ResidentSetSize': [0], 'SubmitTimes': [1761683211.0], 'StartTimes': [], 'EndTimes': [], 'TotalUserCpuTimeHistory': [0.0], 'TotalSysCpuTimeHistory': [0.0], 'WallDurations': [0], 'JobIds': ['137020066.0'], 'State': 'idle', 'RecordedSite': False}, '419': {'Retries': 0, 'Restarts': 0, 'SiteHistory': ['Unknown'], 'ResidentSetSize': [0], 'SubmitTimes': [1761683212.0], 'StartTimes': [], 'EndTimes': [], 'TotalUserCpuTimeHistory': [0.0], 'TotalSysCpuTimeHistory': [0.0], 'WallDurations': [0], 'JobIds': ['137020072.0'], 'State': 'idle', 'RecordedSite': False}, '420': {'Retries': 0, 'Restarts': 0, 'SiteHistory': ['Unknown'], 'ResidentSetSize': [0], 'SubmitTimes': [1761683213.0], 'StartTimes': [], 'EndTimes': [], 'TotalUserCpuTimeHistory': [0.0], 'TotalSysCpuTimeHistory': [0.0], 'WallDurations': [0], 'JobIds': ['137020078.0'], 'State': 'idle', 'RecordedSite': False}, '421': {'Retries': 0, 'Restarts': 0, 'SiteHistory': ['Unknown'], 'ResidentSetSize': [0], 'SubmitTimes': [1761683213.0], 'StartTimes': [], 'EndTimes': [], 'TotalUserCpuTimeHistory': [0.0], 'TotalSysCpuTimeHistory': [0.0], 'WallDurations': [0], 'JobIds': ['137020084.0'], 'State': 'idle', 'RecordedSite': False}, '422': {'Retries': 0, 'Restarts': 0, 'SiteHistory': ['Unknown'], 'ResidentSetSize': [0], 'SubmitTimes': [1761683216.0], 'StartTimes': [], 'EndTimes': [], 'TotalUserCpuTimeHistory': [0.0], 'TotalSysCpuTimeHistory': [0.0], 'WallDurations': [0], 'JobIds': ['137020093.0'], 'State': 'idle', 'RecordedSite': False}, '423': {'Retries': 0, 'Restarts': 0, 'SiteHistory': ['Unknown'], 'ResidentSetSize': [0], 'SubmitTimes': [1761683217.0], 'StartTimes': [], 'EndTimes': [], 'TotalUserCpuTimeHistory': [0.0], 'TotalSysCpuTimeHistory': [0.0], 'WallDurations': [0], 'JobIds': ['137020098.0'], 'State': 'idle', 'RecordedSite': False}, '424': {'Retries': 0, 'Restarts': 0, 'SiteHistory': ['Unknown'], 'ResidentSetSize': [0], 'SubmitTimes': [1761683223.0], 'StartTimes': [], 'EndTimes': [], 'TotalUserCpuTimeHistory': [0.0], 'TotalSysCpuTimeHistory': [0.0], 'WallDurations': [0], 'JobIds': ['137020112.0'], 'State': 'idle', 'RecordedSite': False}, '425': {'Retries': 0, 'Restarts': 0, 'SiteHistory': ['Unknown'], 'ResidentSetSize': [0], 'SubmitTimes': [1761683223.0], 'StartTimes': [], 'EndTimes': [], 'TotalUserCpuTimeHistory': [0.0], 'TotalSysCpuTimeHistory': [0.0], 'WallDurations': [0], 'JobIds': ['137020108.0'], 'State': 'idle', 'RecordedSite': False}, '426': {'Retries': 0, 'Restarts': 0, 'SiteHistory': ['Unknown'], 'ResidentSetSize': [0], 'SubmitTimes': [1761683224.0], 'StartTimes': [], 'EndTimes': [], 'TotalUserCpuTimeHistory': [0.0], 'TotalSysCpuTimeHistory': [0.0], 'WallDurations': [0], 'JobIds': ['137020116.0'], 'State': 'idle', 'RecordedSite': False}, '427': {'Retries': 0, 'Restarts': 0, 'SiteHistory': [], 'ResidentSetSize': [], 'SubmitTimes': [], 'StartTimes': [], 'EndTimes': [], 'TotalUserCpuTimeHistory': [], 'TotalSysCpuTimeHistory': [], 'WallDurations': [], 'JobIds': [], 'State': 'unsubmitted'}, '428': {'Retries': 0, 'Restarts': 0, 'SiteHistory': ['Unknown'], 'ResidentSetSize': [0], 'SubmitTimes': [1761683226.0], 'StartTimes': [], 'EndTimes': [], 'TotalUserCpuTimeHistory': [0.0], 'TotalSysCpuTimeHistory': [0.0], 'WallDurations': [0], 'JobIds': ['137020127.0'], 'State': 'idle', 'RecordedSite': False}, '429': {'Retries': 0, 'Restarts': 0, 'SiteHistory': ['Unknown'], 'ResidentSetSize': [0], 'SubmitTimes': [1761683224.0], 'StartTimes': [], 'EndTimes': [], 'TotalUserCpuTimeHistory': [0.0], 'TotalSysCpuTimeHistory': [0.0], 'WallDurations': [0], 'JobIds': ['137020119.0'], 'State': 'idle', 'RecordedSite': False}, '430': {'Retries': 0, 'Restarts': 0, 'SiteHistory': ['Unknown'], 'ResidentSetSize': [0], 'SubmitTimes': [1761683225.0], 'StartTimes': [], 'EndTimes': [], 'TotalUserCpuTimeHistory': [0.0], 'TotalSysCpuTimeHistory': [0.0], 'WallDurations': [0], 'JobIds': ['137020123.0'], 'State': 'idle', 'RecordedSite': False}, '431': {'Retries': 0, 'Restarts': 0, 'SiteHistory': ['Unknown'], 'ResidentSetSize': [0], 'SubmitTimes': [1761683227.0], 'StartTimes': [], 'EndTimes': [], 'TotalUserCpuTimeHistory': [0.0], 'TotalSysCpuTimeHistory': [0.0], 'WallDurations': [0], 'JobIds': ['137020133.0'], 'State': 'idle', 'RecordedSite': False}, '432': {'Retries': 0, 'Restarts': 0, 'SiteHistory': ['Unknown'], 'ResidentSetSize': [0], 'SubmitTimes': [1761683227.0], 'StartTimes': [], 'EndTimes': [], 'TotalUserCpuTimeHistory': [0.0], 'TotalSysCpuTimeHistory': [0.0], 'WallDurations': [0], 'JobIds': ['137020137.0'], 'State': 'idle', 'RecordedSite': False}, '433': {'Retries': 0, 'Restarts': 0, 'SiteHistory': ['Unknown'], 'ResidentSetSize': [0], 'SubmitTimes': [1761683228.0], 'StartTimes': [], 'EndTimes': [], 'TotalUserCpuTimeHistory': [0.0], 'TotalSysCpuTimeHistory': [0.0], 'WallDurations': [0], 'JobIds': ['137020141.0'], 'State': 'idle', 'RecordedSite': False}, '434': {'Retries': 0, 'Restarts': 0, 'SiteHistory': ['Unknown'], 'ResidentSetSize': [0], 'SubmitTimes': [1761683229.0], 'StartTimes': [], 'EndTimes': [], 'TotalUserCpuTimeHistory': [0.0], 'TotalSysCpuTimeHistory': [0.0], 'WallDurations': [0], 'JobIds': ['137020143.0'], 'State': 'idle', 'RecordedSite': False}, '435': {'Retries': 0, 'Restarts': 0, 'SiteHistory': ['Unknown'], 'ResidentSetSize': [0], 'SubmitTimes': [1761683236.0], 'StartTimes': [], 'EndTimes': [], 'TotalUserCpuTimeHistory': [0.0], 'TotalSysCpuTimeHistory': [0.0], 'WallDurations': [0], 'JobIds': ['137020174.0'], 'State': 'idle', 'RecordedSite': False}, '436': {'Retries': 0, 'Restarts': 0, 'SiteHistory': ['Unknown'], 'ResidentSetSize': [0], 'SubmitTimes': [1761683236.0], 'StartTimes': [], 'EndTimes': [], 'TotalUserCpuTimeHistory': [0.0], 'TotalSysCpuTimeHistory': [0.0], 'WallDurations': [0], 'JobIds': ['137020180.0'], 'State': 'idle', 'RecordedSite': False}, '437': {'Retries': 0, 'Restarts': 0, 'SiteHistory': ['Unknown'], 'ResidentSetSize': [0], 'SubmitTimes': [1761683237.0], 'StartTimes': [], 'EndTimes': [], 'TotalUserCpuTimeHistory': [0.0], 'TotalSysCpuTimeHistory': [0.0], 'WallDurations': [0], 'JobIds': ['137020184.0'], 'State': 'idle', 'RecordedSite': False}, '438': {'Retries': 0, 'Restarts': 0, 'SiteHistory': ['Unknown'], 'ResidentSetSize': [0], 'SubmitTimes': [1761683238.0], 'StartTimes': [], 'EndTimes': [], 'TotalUserCpuTimeHistory': [0.0], 'TotalSysCpuTimeHistory': [0.0], 'WallDurations': [0], 'JobIds': ['137020190.0'], 'State': 'idle', 'RecordedSite': False}, '439': {'Retries': 0, 'Restarts': 0, 'SiteHistory': ['Unknown'], 'ResidentSetSize': [0], 'SubmitTimes': [1761683238.0], 'StartTimes': [], 'EndTimes': [], 'TotalUserCpuTimeHistory': [0.0], 'TotalSysCpuTimeHistory': [0.0], 'WallDurations': [0], 'JobIds': ['137020196.0'], 'State': 'idle', 'RecordedSite': False}, '440': {'Retries': 0, 'Restarts': 0, 'SiteHistory': ['Unknown'], 'ResidentSetSize': [0], 'SubmitTimes': [1761683238.0], 'StartTimes': [], 'EndTimes': [], 'TotalUserCpuTimeHistory': [0.0], 'TotalSysCpuTimeHistory': [0.0], 'WallDurations': [0], 'JobIds': ['137020200.0'], 'State': 'idle', 'RecordedSite': False}, '441': {'Retries': 0, 'Restarts': 0, 'SiteHistory': ['Unknown'], 'ResidentSetSize': [0], 'SubmitTimes': [1761683239.0], 'StartTimes': [], 'EndTimes': [], 'TotalUserCpuTimeHistory': [0.0], 'TotalSysCpuTimeHistory': [0.0], 'WallDurations': [0], 'JobIds': ['137020204.0'], 'State': 'idle', 'RecordedSite': False}, '442': {'Retries': 0, 'Restarts': 0, 'SiteHistory': ['Unknown'], 'ResidentSetSize': [0], 'SubmitTimes': [1761683241.0], 'StartTimes': [], 'EndTimes': [], 'TotalUserCpuTimeHistory': [0.0], 'TotalSysCpuTimeHistory': [0.0], 'WallDurations': [0], 'JobIds': ['137020208.0'], 'State': 'idle', 'RecordedSite': False}, '443': {'Retries': 0, 'Restarts': 0, 'SiteHistory': ['Unknown'], 'ResidentSetSize': [0], 'SubmitTimes': [1761683250.0], 'StartTimes': [], 'EndTimes': [], 'TotalUserCpuTimeHistory': [0.0], 'TotalSysCpuTimeHistory': [0.0], 'WallDurations': [0], 'JobIds': ['137020218.0'], 'State': 'idle', 'RecordedSite': False}, '444': {'Retries': 0, 'Restarts': 0, 'SiteHistory': ['Unknown'], 'ResidentSetSize': [0], 'SubmitTimes': [1761683251.0], 'StartTimes': [], 'EndTimes': [], 'TotalUserCpuTimeHistory': [0.0], 'TotalSysCpuTimeHistory': [0.0], 'WallDurations': [0], 'JobIds': ['137020224.0'], 'State': 'idle', 'RecordedSite': False}, '445': {'Retries': 0, 'Restarts': 0, 'SiteHistory': ['Unknown'], 'ResidentSetSize': [0], 'SubmitTimes': [1761683254.0], 'StartTimes': [], 'EndTimes': [], 'TotalUserCpuTimeHistory': [0.0], 'TotalSysCpuTimeHistory': [0.0], 'WallDurations': [0], 'JobIds': ['137020232.0'], 'State': 'idle', 'RecordedSite': False}, '446': {'Retries': 0, 'Restarts': 0, 'SiteHistory': ['Unknown'], 'ResidentSetSize': [0], 'SubmitTimes': [1761683252.0], 'StartTimes': [], 'EndTimes': [], 'TotalUserCpuTimeHistory': [0.0], 'TotalSysCpuTimeHistory': [0.0], 'WallDurations': [0], 'JobIds': ['137020228.0'], 'State': 'idle', 'RecordedSite': False}, '447': {'Retries': 0, 'Restarts': 0, 'SiteHistory': ['Unknown'], 'ResidentSetSize': [0], 'SubmitTimes': [1761683253.0], 'StartTimes': [], 'EndTimes': [], 'TotalUserCpuTimeHistory': [0.0], 'TotalSysCpuTimeHistory': [0.0], 'WallDurations': [0], 'JobIds': ['137020230.0'], 'State': 'idle', 'RecordedSite': False}, '448': {'Retries': 0, 'Restarts': 0, 'SiteHistory': ['Unknown'], 'ResidentSetSize': [0], 'SubmitTimes': [1761683256.0], 'StartTimes': [], 'EndTimes': [], 'TotalUserCpuTimeHistory': [0.0], 'TotalSysCpuTimeHistory': [0.0], 'WallDurations': [0], 'JobIds': ['137020233.0'], 'State': 'idle', 'RecordedSite': False}, '449': {'Retries': 0, 'Restarts': 0, 'SiteHistory': ['Unknown'], 'ResidentSetSize': [0], 'SubmitTimes': [1761683253.0], 'StartTimes': [], 'EndTimes': [], 'TotalUserCpuTimeHistory': [0.0], 'TotalSysCpuTimeHistory': [0.0], 'WallDurations': [0], 'JobIds': ['137020231.0'], 'State': 'idle', 'RecordedSite': False}, '450': {'Retries': 0, 'Restarts': 0, 'SiteHistory': [], 'ResidentSetSize': [], 'SubmitTimes': [], 'StartTimes': [], 'EndTimes': [], 'TotalUserCpuTimeHistory': [], 'TotalSysCpuTimeHistory': [], 'WallDurations': [], 'JobIds': [], 'State': 'unsubmitted'}, '451': {'Retries': 0, 'Restarts': 0, 'SiteHistory': ['Unknown'], 'ResidentSetSize': [0], 'SubmitTimes': [1761683279.0], 'StartTimes': [], 'EndTimes': [], 'TotalUserCpuTimeHistory': [0.0], 'TotalSysCpuTimeHistory': [0.0], 'WallDurations': [0], 'JobIds': ['137020308.0'], 'State': 'idle', 'RecordedSite': False}, '452': {'Retries': 0, 'Restarts': 0, 'SiteHistory': ['Unknown'], 'ResidentSetSize': [0], 'SubmitTimes': [1761683279.0], 'StartTimes': [], 'EndTimes': [], 'TotalUserCpuTimeHistory': [0.0], 'TotalSysCpuTimeHistory': [0.0], 'WallDurations': [0], 'JobIds': ['137020310.0'], 'State': 'idle', 'RecordedSite': False}, '453': {'Retries': 0, 'Restarts': 0, 'SiteHistory': ['Unknown'], 'ResidentSetSize': [0], 'SubmitTimes': [1761683266.0], 'StartTimes': [], 'EndTimes': [], 'TotalUserCpuTimeHistory': [0.0], 'TotalSysCpuTimeHistory': [0.0], 'WallDurations': [0], 'JobIds': ['137020249.0'], 'State': 'idle', 'RecordedSite': False}, '454': {'Retries': 0, 'Restarts': 0, 'SiteHistory': ['Unknown'], 'ResidentSetSize': [0], 'SubmitTimes': [1761683267.0], 'StartTimes': [], 'EndTimes': [], 'TotalUserCpuTimeHistory': [0.0], 'TotalSysCpuTimeHistory': [0.0], 'WallDurations': [0], 'JobIds': ['137020252.0'], 'State': 'idle', 'RecordedSite': False}, '455': {'Retries': 0, 'Restarts': 0, 'SiteHistory': ['Unknown'], 'ResidentSetSize': [0], 'SubmitTimes': [1761683274.0], 'StartTimes': [], 'EndTimes': [], 'TotalUserCpuTimeHistory': [0.0], 'TotalSysCpuTimeHistory': [0.0], 'WallDurations': [0], 'JobIds': ['137020282.0'], 'State': 'idle', 'RecordedSite': False}, '456': {'Retries': 0, 'Restarts': 0, 'SiteHistory': ['Unknown'], 'ResidentSetSize': [0], 'SubmitTimes': [1761683275.0], 'StartTimes': [], 'EndTimes': [], 'TotalUserCpuTimeHistory': [0.0], 'TotalSysCpuTimeHistory': [0.0], 'WallDurations': [0], 'JobIds': ['137020285.0'], 'State': 'idle', 'RecordedSite': False}, '457': {'Retries': 0, 'Restarts': 0, 'SiteHistory': ['Unknown'], 'ResidentSetSize': [0], 'SubmitTimes': [1761683280.0], 'StartTimes': [], 'EndTimes': [], 'TotalUserCpuTimeHistory': [0.0], 'TotalSysCpuTimeHistory': [0.0], 'WallDurations': [0], 'JobIds': ['137020313.0'], 'State': 'idle', 'RecordedSite': False}, '458': {'Retries': 0, 'Restarts': 0, 'SiteHistory': ['Unknown'], 'ResidentSetSize': [0], 'SubmitTimes': [1761683275.0], 'StartTimes': [], 'EndTimes': [], 'TotalUserCpuTimeHistory': [0.0], 'TotalSysCpuTimeHistory': [0.0], 'WallDurations': [0], 'JobIds': ['137020288.0'], 'State': 'idle', 'RecordedSite': False}, '459': {'Retries': 0, 'Restarts': 0, 'SiteHistory': ['Unknown'], 'ResidentSetSize': [0], 'SubmitTimes': [1761683288.0], 'StartTimes': [], 'EndTimes': [], 'TotalUserCpuTimeHistory': [0.0], 'TotalSysCpuTimeHistory': [0.0], 'WallDurations': [0], 'JobIds': ['137020358.0'], 'State': 'idle', 'RecordedSite': False}, '460': {'Retries': 0, 'Restarts': 0, 'SiteHistory': ['Unknown'], 'ResidentSetSize': [0], 'SubmitTimes': [1761683275.0], 'StartTimes': [], 'EndTimes': [], 'TotalUserCpuTimeHistory': [0.0], 'TotalSysCpuTimeHistory': [0.0], 'WallDurations': [0], 'JobIds': ['137020290.0'], 'State': 'idle', 'RecordedSite': False}, '461': {'Retries': 0, 'Restarts': 0, 'SiteHistory': ['Unknown'], 'ResidentSetSize': [0], 'SubmitTimes': [1761683276.0], 'StartTimes': [], 'EndTimes': [], 'TotalUserCpuTimeHistory': [0.0], 'TotalSysCpuTimeHistory': [0.0], 'WallDurations': [0], 'JobIds': ['137020293.0'], 'State': 'idle', 'RecordedSite': False}, '462': {'Retries': 0, 'Restarts': 0, 'SiteHistory': ['Unknown'], 'ResidentSetSize': [0], 'SubmitTimes': [1761683277.0], 'StartTimes': [], 'EndTimes': [], 'TotalUserCpuTimeHistory': [0.0], 'TotalSysCpuTimeHistory': [0.0], 'WallDurations': [0], 'JobIds': ['137020296.0'], 'State': 'idle', 'RecordedSite': False}, '463': {'Retries': 0, 'Restarts': 0, 'SiteHistory': ['Unknown'], 'ResidentSetSize': [0], 'SubmitTimes': [1761683262.0], 'StartTimes': [], 'EndTimes': [], 'TotalUserCpuTimeHistory': [0.0], 'TotalSysCpuTimeHistory': [0.0], 'WallDurations': [0], 'JobIds': ['137020242.0'], 'State': 'idle', 'RecordedSite': False}, '464': {'Retries': 0, 'Restarts': 0, 'SiteHistory': ['Unknown'], 'ResidentSetSize': [0], 'SubmitTimes': [1761683285.0], 'StartTimes': [], 'EndTimes': [], 'TotalUserCpuTimeHistory': [0.0], 'TotalSysCpuTimeHistory': [0.0], 'WallDurations': [0], 'JobIds': ['137020350.0'], 'State': 'idle', 'RecordedSite': False}, '465': {'Retries': 0, 'Restarts': 0, 'SiteHistory': ['Unknown'], 'ResidentSetSize': [0], 'SubmitTimes': [1761683292.0], 'StartTimes': [], 'EndTimes': [], 'TotalUserCpuTimeHistory': [0.0], 'TotalSysCpuTimeHistory': [0.0], 'WallDurations': [0], 'JobIds': ['137020363.0'], 'State': 'idle', 'RecordedSite': False}, '466': {'Retries': 0, 'Restarts': 0, 'SiteHistory': ['Unknown'], 'ResidentSetSize': [0], 'SubmitTimes': [1761683277.0], 'StartTimes': [], 'EndTimes': [], 'TotalUserCpuTimeHistory': [0.0], 'TotalSysCpuTimeHistory': [0.0], 'WallDurations': [0], 'JobIds': ['137020298.0'], 'State': 'idle', 'RecordedSite': False}, '467': {'Retries': 0, 'Restarts': 0, 'SiteHistory': ['Unknown'], 'ResidentSetSize': [0], 'SubmitTimes': [1761683278.0], 'StartTimes': [], 'EndTimes': [], 'TotalUserCpuTimeHistory': [0.0], 'TotalSysCpuTimeHistory': [0.0], 'WallDurations': [0], 'JobIds': ['137020300.0'], 'State': 'idle', 'RecordedSite': False}, '468': {'Retries': 0, 'Restarts': 0, 'SiteHistory': ['Unknown'], 'ResidentSetSize': [0], 'SubmitTimes': [1761683278.0], 'StartTimes': [], 'EndTimes': [], 'TotalUserCpuTimeHistory': [0.0], 'TotalSysCpuTimeHistory': [0.0], 'WallDurations': [0], 'JobIds': ['137020302.0'], 'State': 'idle', 'RecordedSite': False}, '469': {'Retries': 0, 'Restarts': 0, 'SiteHistory': ['Unknown'], 'ResidentSetSize': [0], 'SubmitTimes': [1761683278.0], 'StartTimes': [], 'EndTimes': [], 'TotalUserCpuTimeHistory': [0.0], 'TotalSysCpuTimeHistory': [0.0], 'WallDurations': [0], 'JobIds': ['137020304.0'], 'State': 'idle', 'RecordedSite': False}, '470': {'Retries': 0, 'Restarts': 0, 'SiteHistory': ['Unknown'], 'ResidentSetSize': [0], 'SubmitTimes': [1761683279.0], 'StartTimes': [], 'EndTimes': [], 'TotalUserCpuTimeHistory': [0.0], 'TotalSysCpuTimeHistory': [0.0], 'WallDurations': [0], 'JobIds': ['137020306.0'], 'State': 'idle', 'RecordedSite': False}, '471': {'Retries': 0, 'Restarts': 0, 'SiteHistory': [], 'ResidentSetSize': [], 'SubmitTimes': [], 'StartTimes': [], 'EndTimes': [], 'TotalUserCpuTimeHistory': [], 'TotalSysCpuTimeHistory': [], 'WallDurations': [], 'JobIds': [], 'State': 'unsubmitted'}, '472': {'Retries': 0, 'Restarts': 0, 'SiteHistory': ['Unknown'], 'ResidentSetSize': [0], 'SubmitTimes': [1761683299.0], 'StartTimes': [], 'EndTimes': [], 'TotalUserCpuTimeHistory': [0.0], 'TotalSysCpuTimeHistory': [0.0], 'WallDurations': [0], 'JobIds': ['137020381.0'], 'State': 'idle', 'RecordedSite': False}, '473': {'Retries': 0, 'Restarts': 0, 'SiteHistory': ['Unknown'], 'ResidentSetSize': [0], 'SubmitTimes': [1761683300.0], 'StartTimes': [], 'EndTimes': [], 'TotalUserCpuTimeHistory': [0.0], 'TotalSysCpuTimeHistory': [0.0], 'WallDurations': [0], 'JobIds': ['137020384.0'], 'State': 'idle', 'RecordedSite': False}, '474': {'Retries': 0, 'Restarts': 0, 'SiteHistory': ['Unknown'], 'ResidentSetSize': [0], 'SubmitTimes': [1761683300.0], 'StartTimes': [], 'EndTimes': [], 'TotalUserCpuTimeHistory': [0.0], 'TotalSysCpuTimeHistory': [0.0], 'WallDurations': [0], 'JobIds': ['137020387.0'], 'State': 'idle', 'RecordedSite': False}, '475': {'Retries': 0, 'Restarts': 0, 'SiteHistory': ['Unknown'], 'ResidentSetSize': [0], 'SubmitTimes': [1761683287.0], 'StartTimes': [], 'EndTimes': [], 'TotalUserCpuTimeHistory': [0.0], 'TotalSysCpuTimeHistory': [0.0], 'WallDurations': [0], 'JobIds': ['137020354.0'], 'State': 'idle', 'RecordedSite': False}, '476': {'Retries': 0, 'Restarts': 0, 'SiteHistory': ['Unknown'], 'ResidentSetSize': [0], 'SubmitTimes': [1761683300.0], 'StartTimes': [], 'EndTimes': [], 'TotalUserCpuTimeHistory': [0.0], 'TotalSysCpuTimeHistory': [0.0], 'WallDurations': [0], 'JobIds': ['137020390.0'], 'State': 'idle', 'RecordedSite': False}, '477': {'Retries': 0, 'Restarts': 0, 'SiteHistory': ['Unknown'], 'ResidentSetSize': [0], 'SubmitTimes': [1761683300.0], 'StartTimes': [], 'EndTimes': [], 'TotalUserCpuTimeHistory': [0.0], 'TotalSysCpuTimeHistory': [0.0], 'WallDurations': [0], 'JobIds': ['137020393.0'], 'State': 'idle', 'RecordedSite': False}, '478': {'Retries': 0, 'Restarts': 0, 'SiteHistory': ['Unknown'], 'ResidentSetSize': [0], 'SubmitTimes': [1761683300.0], 'StartTimes': [], 'EndTimes': [], 'TotalUserCpuTimeHistory': [0.0], 'TotalSysCpuTimeHistory': [0.0], 'WallDurations': [0], 'JobIds': ['137020395.0'], 'State': 'idle', 'RecordedSite': False}, '479': {'Retries': 0, 'Restarts': 0, 'SiteHistory': ['Unknown'], 'ResidentSetSize': [0], 'SubmitTimes': [1761683301.0], 'StartTimes': [], 'EndTimes': [], 'TotalUserCpuTimeHistory': [0.0], 'TotalSysCpuTimeHistory': [0.0], 'WallDurations': [0], 'JobIds': ['137020397.0'], 'State': 'idle', 'RecordedSite': False}, '480': {'Retries': 0, 'Restarts': 0, 'SiteHistory': ['Unknown'], 'ResidentSetSize': [0], 'SubmitTimes': [1761683302.0], 'StartTimes': [], 'EndTimes': [], 'TotalUserCpuTimeHistory': [0.0], 'TotalSysCpuTimeHistory': [0.0], 'WallDurations': [0], 'JobIds': ['137020418.0'], 'State': 'idle', 'RecordedSite': False}, '481': {'Retries': 0, 'Restarts': 0, 'SiteHistory': ['Unknown'], 'ResidentSetSize': [0], 'SubmitTimes': [1761683301.0], 'StartTimes': [], 'EndTimes': [], 'TotalUserCpuTimeHistory': [0.0], 'TotalSysCpuTimeHistory': [0.0], 'WallDurations': [0], 'JobIds': ['137020414.0'], 'State': 'idle', 'RecordedSite': False}, '482': {'Retries': 0, 'Restarts': 0, 'SiteHistory': ['Unknown'], 'ResidentSetSize': [0], 'SubmitTimes': [1761683301.0], 'StartTimes': [], 'EndTimes': [], 'TotalUserCpuTimeHistory': [0.0], 'TotalSysCpuTimeHistory': [0.0], 'WallDurations': [0], 'JobIds': ['137020399.0'], 'State': 'idle', 'RecordedSite': False}, '483': {'Retries': 0, 'Restarts': 0, 'SiteHistory': ['Unknown'], 'ResidentSetSize': [0], 'SubmitTimes': [1761683301.0], 'StartTimes': [], 'EndTimes': [], 'TotalUserCpuTimeHistory': [0.0], 'TotalSysCpuTimeHistory': [0.0], 'WallDurations': [0], 'JobIds': ['137020412.0'], 'State': 'idle', 'RecordedSite': False}, '484': {'Retries': 0, 'Restarts': 0, 'SiteHistory': ['Unknown'], 'ResidentSetSize': [0], 'SubmitTimes': [1761683301.0], 'StartTimes': [], 'EndTimes': [], 'TotalUserCpuTimeHistory': [0.0], 'TotalSysCpuTimeHistory': [0.0], 'WallDurations': [0], 'JobIds': ['137020400.0'], 'State': 'idle', 'RecordedSite': False}, '485': {'Retries': 0, 'Restarts': 0, 'SiteHistory': ['Unknown'], 'ResidentSetSize': [0], 'SubmitTimes': [1761683301.0], 'StartTimes': [], 'EndTimes': [], 'TotalUserCpuTimeHistory': [0.0], 'TotalSysCpuTimeHistory': [0.0], 'WallDurations': [0], 'JobIds': ['137020403.0'], 'State': 'idle', 'RecordedSite': False}, '486': {'Retries': 0, 'Restarts': 0, 'SiteHistory': ['Unknown'], 'ResidentSetSize': [0], 'SubmitTimes': [1761683301.0], 'StartTimes': [], 'EndTimes': [], 'TotalUserCpuTimeHistory': [0.0], 'TotalSysCpuTimeHistory': [0.0], 'WallDurations': [0], 'JobIds': ['137020404.0'], 'State': 'idle', 'RecordedSite': False}, '487': {'Retries': 0, 'Restarts': 0, 'SiteHistory': ['Unknown'], 'ResidentSetSize': [0], 'SubmitTimes': [1761683302.0], 'StartTimes': [], 'EndTimes': [], 'TotalUserCpuTimeHistory': [0.0], 'TotalSysCpuTimeHistory': [0.0], 'WallDurations': [0], 'JobIds': ['137020423.0'], 'State': 'idle', 'RecordedSite': False}, '488': {'Retries': 0, 'Restarts': 0, 'SiteHistory': ['Unknown'], 'ResidentSetSize': [0], 'SubmitTimes': [1761683301.0], 'StartTimes': [], 'EndTimes': [], 'TotalUserCpuTimeHistory': [0.0], 'TotalSysCpuTimeHistory': [0.0], 'WallDurations': [0], 'JobIds': ['137020407.0'], 'State': 'idle', 'RecordedSite': False}, '489': {'Retries': 0, 'Restarts': 0, 'SiteHistory': ['Unknown'], 'ResidentSetSize': [0], 'SubmitTimes': [1761683301.0], 'StartTimes': [], 'EndTimes': [], 'TotalUserCpuTimeHistory': [0.0], 'TotalSysCpuTimeHistory': [0.0], 'WallDurations': [0], 'JobIds': ['137020408.0'], 'State': 'idle', 'RecordedSite': False}, '490': {'Retries': 0, 'Restarts': 0, 'SiteHistory': [], 'ResidentSetSize': [], 'SubmitTimes': [], 'StartTimes': [], 'EndTimes': [], 'TotalUserCpuTimeHistory': [], 'TotalSysCpuTimeHistory': [], 'WallDurations': [], 'JobIds': [], 'State': 'unsubmitted'}, '491': {'Retries': 0, 'Restarts': 0, 'SiteHistory': ['Unknown'], 'ResidentSetSize': [0], 'SubmitTimes': [1761683302.0], 'StartTimes': [], 'EndTimes': [], 'TotalUserCpuTimeHistory': [0.0], 'TotalSysCpuTimeHistory': [0.0], 'WallDurations': [0], 'JobIds': ['137020426.0'], 'State': 'idle', 'RecordedSite': False}, '492': {'Retries': 0, 'Restarts': 0, 'SiteHistory': ['Unknown'], 'ResidentSetSize': [0], 'SubmitTimes': [1761683302.0], 'StartTimes': [], 'EndTimes': [], 'TotalUserCpuTimeHistory': [0.0], 'TotalSysCpuTimeHistory': [0.0], 'WallDurations': [0], 'JobIds': ['137020430.0'], 'State': 'idle', 'RecordedSite': False}, '493': {'Retries': 0, 'Restarts': 0, 'SiteHistory': ['Unknown'], 'ResidentSetSize': [0], 'SubmitTimes': [1761683303.0], 'StartTimes': [], 'EndTimes': [], 'TotalUserCpuTimeHistory': [0.0], 'TotalSysCpuTimeHistory': [0.0], 'WallDurations': [0], 'JobIds': ['137020433.0'], 'State': 'idle', 'RecordedSite': False}, '494': {'Retries': 0, 'Restarts': 0, 'SiteHistory': ['Unknown'], 'ResidentSetSize': [0], 'SubmitTimes': [1761683303.0], 'StartTimes': [], 'EndTimes': [], 'TotalUserCpuTimeHistory': [0.0], 'TotalSysCpuTimeHistory': [0.0], 'WallDurations': [0], 'JobIds': ['137020437.0'], 'State': 'idle', 'RecordedSite': False}, '495': {'Retries': 0, 'Restarts': 0, 'SiteHistory': ['Unknown'], 'ResidentSetSize': [0], 'SubmitTimes': [1761683305.0], 'StartTimes': [], 'EndTimes': [], 'TotalUserCpuTimeHistory': [0.0], 'TotalSysCpuTimeHistory': [0.0], 'WallDurations': [0], 'JobIds': ['137020442.0'], 'State': 'idle', 'RecordedSite': False}, '496': {'Retries': 0, 'Restarts': 0, 'SiteHistory': ['Unknown'], 'ResidentSetSize': [0], 'SubmitTimes': [1761683311.0], 'StartTimes': [], 'EndTimes': [], 'TotalUserCpuTimeHistory': [0.0], 'TotalSysCpuTimeHistory': [0.0], 'WallDurations': [0], 'JobIds': ['137020474.0'], 'State': 'idle', 'RecordedSite': False}, '497': {'Retries': 0, 'Restarts': 0, 'SiteHistory': ['Unknown'], 'ResidentSetSize': [0], 'SubmitTimes': [1761683312.0], 'StartTimes': [], 'EndTimes': [], 'TotalUserCpuTimeHistory': [0.0], 'TotalSysCpuTimeHistory': [0.0], 'WallDurations': [0], 'JobIds': ['137020475.0'], 'State': 'idle', 'RecordedSite': False}, '498': {'Retries': 0, 'Restarts': 0, 'SiteHistory': ['Unknown'], 'ResidentSetSize': [0], 'SubmitTimes': [1761683321.0], 'StartTimes': [], 'EndTimes': [], 'TotalUserCpuTimeHistory': [0.0], 'TotalSysCpuTimeHistory': [0.0], 'WallDurations': [0], 'JobIds': ['137020517.0'], 'State': 'idle', 'RecordedSite': False}, '499': {'Retries': 0, 'Restarts': 0, 'SiteHistory': ['Unknown'], 'ResidentSetSize': [0], 'SubmitTimes': [1761683312.0], 'StartTimes': [], 'EndTimes': [], 'TotalUserCpuTimeHistory': [0.0], 'TotalSysCpuTimeHistory': [0.0], 'WallDurations': [0], 'JobIds': ['137020478.0'], 'State': 'idle', 'RecordedSite': False}, '500': {'Retries': 0, 'Restarts': 0, 'SiteHistory': ['Unknown'], 'ResidentSetSize': [0], 'SubmitTimes': [1761683315.0], 'StartTimes': [], 'EndTimes': [], 'TotalUserCpuTimeHistory': [0.0], 'TotalSysCpuTimeHistory': [0.0], 'WallDurations': [0], 'JobIds': ['137020491.0'], 'State': 'idle', 'RecordedSite': False}, '501': {'Retries': 0, 'Restarts': 0, 'SiteHistory': ['Unknown'], 'ResidentSetSize': [0], 'SubmitTimes': [1761683313.0], 'StartTimes': [], 'EndTimes': [], 'TotalUserCpuTimeHistory': [0.0], 'TotalSysCpuTimeHistory': [0.0], 'WallDurations': [0], 'JobIds': ['137020481.0'], 'State': 'idle', 'RecordedSite': False}, '502': {'Retries': 0, 'Restarts': 0, 'SiteHistory': ['Unknown'], 'ResidentSetSize': [0], 'SubmitTimes': [1761683313.0], 'StartTimes': [], 'EndTimes': [], 'TotalUserCpuTimeHistory': [0.0], 'TotalSysCpuTimeHistory': [0.0], 'WallDurations': [0], 'JobIds': ['137020483.0'], 'State': 'idle', 'RecordedSite': False}, '503': {'Retries': 0, 'Restarts': 0, 'SiteHistory': ['Unknown'], 'ResidentSetSize': [0], 'SubmitTimes': [1761683314.0], 'StartTimes': [], 'EndTimes': [], 'TotalUserCpuTimeHistory': [0.0], 'TotalSysCpuTimeHistory': [0.0], 'WallDurations': [0], 'JobIds': ['137020486.0'], 'State': 'idle', 'RecordedSite': False}, '504': {'Retries': 0, 'Restarts': 0, 'SiteHistory': ['Unknown'], 'ResidentSetSize': [0], 'SubmitTimes': [1761683315.0], 'StartTimes': [], 'EndTimes': [], 'TotalUserCpuTimeHistory': [0.0], 'TotalSysCpuTimeHistory': [0.0], 'WallDurations': [0], 'JobIds': ['137020487.0'], 'State': 'idle', 'RecordedSite': False}, '505': {'Retries': 0, 'Restarts': 0, 'SiteHistory': ['Unknown'], 'ResidentSetSize': [0], 'SubmitTimes': [1761683315.0], 'StartTimes': [], 'EndTimes': [], 'TotalUserCpuTimeHistory': [0.0], 'TotalSysCpuTimeHistory': [0.0], 'WallDurations': [0], 'JobIds': ['137020488.0'], 'State': 'idle', 'RecordedSite': False}, '506': {'Retries': 0, 'Restarts': 0, 'SiteHistory': ['Unknown'], 'ResidentSetSize': [0], 'SubmitTimes': [1761683315.0], 'StartTimes': [], 'EndTimes': [], 'TotalUserCpuTimeHistory': [0.0], 'TotalSysCpuTimeHistory': [0.0], 'WallDurations': [0], 'JobIds': ['137020490.0'], 'State': 'idle', 'RecordedSite': False}, '507': {'Retries': 0, 'Restarts': 0, 'SiteHistory': ['Unknown'], 'ResidentSetSize': [0], 'SubmitTimes': [1761683316.0], 'StartTimes': [], 'EndTimes': [], 'TotalUserCpuTimeHistory': [0.0], 'TotalSysCpuTimeHistory': [0.0], 'WallDurations': [0], 'JobIds': ['137020492.0'], 'State': 'idle', 'RecordedSite': False}, '508': {'Retries': 0, 'Restarts': 0, 'SiteHistory': [], 'ResidentSetSize': [], 'SubmitTimes': [], 'StartTimes': [], 'EndTimes': [], 'TotalUserCpuTimeHistory': [], 'TotalSysCpuTimeHistory': [], 'WallDurations': [], 'JobIds': [], 'State': 'unsubmitted'}, '509': {'Retries': 0, 'Restarts': 0, 'SiteHistory': ['Unknown'], 'ResidentSetSize': [0], 'SubmitTimes': [1761683321.0], 'StartTimes': [], 'EndTimes': [], 'TotalUserCpuTimeHistory': [0.0], 'TotalSysCpuTimeHistory': [0.0], 'WallDurations': [0], 'JobIds': ['137020520.0'], 'State': 'idle', 'RecordedSite': False}, '510': {'Retries': 0, 'Restarts': 0, 'SiteHistory': ['Unknown'], 'ResidentSetSize': [0], 'SubmitTimes': [1761683322.0], 'StartTimes': [], 'EndTimes': [], 'TotalUserCpuTimeHistory': [0.0], 'TotalSysCpuTimeHistory': [0.0], 'WallDurations': [0], 'JobIds': ['137020523.0'], 'State': 'idle', 'RecordedSite': False}, '511': {'Retries': 0, 'Restarts': 0, 'SiteHistory': ['Unknown'], 'ResidentSetSize': [0], 'SubmitTimes': [1761683323.0], 'StartTimes': [], 'EndTimes': [], 'TotalUserCpuTimeHistory': [0.0], 'TotalSysCpuTimeHistory': [0.0], 'WallDurations': [0], 'JobIds': ['137020525.0'], 'State': 'idle', 'RecordedSite': False}, '512': {'Retries': 0, 'Restarts': 0, 'SiteHistory': ['Unknown'], 'ResidentSetSize': [0], 'SubmitTimes': [1761683324.0], 'StartTimes': [], 'EndTimes': [], 'TotalUserCpuTimeHistory': [0.0], 'TotalSysCpuTimeHistory': [0.0], 'WallDurations': [0], 'JobIds': ['137020531.0'], 'State': 'idle', 'RecordedSite': False}, '513': {'Retries': 0, 'Restarts': 0, 'SiteHistory': ['Unknown'], 'ResidentSetSize': [0], 'SubmitTimes': [1761683324.0], 'StartTimes': [], 'EndTimes': [], 'TotalUserCpuTimeHistory': [0.0], 'TotalSysCpuTimeHistory': [0.0], 'WallDurations': [0], 'JobIds': ['137020533.0'], 'State': 'idle', 'RecordedSite': False}, '514': {'Retries': 0, 'Restarts': 0, 'SiteHistory': ['Unknown'], 'ResidentSetSize': [0], 'SubmitTimes': [1761683325.0], 'StartTimes': [], 'EndTimes': [], 'TotalUserCpuTimeHistory': [0.0], 'TotalSysCpuTimeHistory': [0.0], 'WallDurations': [0], 'JobIds': ['137020534.0'], 'State': 'idle', 'RecordedSite': False}, '515': {'Retries': 0, 'Restarts': 0, 'SiteHistory': ['Unknown'], 'ResidentSetSize': [0], 'SubmitTimes': [1761683338.0], 'StartTimes': [], 'EndTimes': [], 'TotalUserCpuTimeHistory': [0.0], 'TotalSysCpuTimeHistory': [0.0], 'WallDurations': [0], 'JobIds': ['137020605.0'], 'State': 'idle', 'RecordedSite': False}, '516': {'Retries': 0, 'Restarts': 0, 'SiteHistory': ['Unknown'], 'ResidentSetSize': [0], 'SubmitTimes': [1761683326.0], 'StartTimes': [], 'EndTimes': [], 'TotalUserCpuTimeHistory': [0.0], 'TotalSysCpuTimeHistory': [0.0], 'WallDurations': [0], 'JobIds': ['137020537.0'], 'State': 'idle', 'RecordedSite': False}, '517': {'Retries': 0, 'Restarts': 0, 'SiteHistory': ['Unknown'], 'ResidentSetSize': [0], 'SubmitTimes': [1761683327.0], 'StartTimes': [], 'EndTimes': [], 'TotalUserCpuTimeHistory': [0.0], 'TotalSysCpuTimeHistory': [0.0], 'WallDurations': [0], 'JobIds': ['137020540.0'], 'State': 'idle', 'RecordedSite': False}, '518': {'Retries': 0, 'Restarts': 0, 'SiteHistory': ['Unknown'], 'ResidentSetSize': [0], 'SubmitTimes': [1761683337.0], 'StartTimes': [], 'EndTimes': [], 'TotalUserCpuTimeHistory': [0.0], 'TotalSysCpuTimeHistory': [0.0], 'WallDurations': [0], 'JobIds': ['137020602.0'], 'State': 'idle', 'RecordedSite': False}, '519': {'Retries': 0, 'Restarts': 0, 'SiteHistory': ['Unknown'], 'ResidentSetSize': [0], 'SubmitTimes': [1761683332.0], 'StartTimes': [], 'EndTimes': [], 'TotalUserCpuTimeHistory': [0.0], 'TotalSysCpuTimeHistory': [0.0], 'WallDurations': [0], 'JobIds': ['137020572.0'], 'State': 'idle', 'RecordedSite': False}, '520': {'Retries': 0, 'Restarts': 0, 'SiteHistory': ['Unknown'], 'ResidentSetSize': [0], 'SubmitTimes': [1761683337.0], 'StartTimes': [], 'EndTimes': [], 'TotalUserCpuTimeHistory': [0.0], 'TotalSysCpuTimeHistory': [0.0], 'WallDurations': [0], 'JobIds': ['137020603.0'], 'State': 'idle', 'RecordedSite': False}, '521': {'Retries': 0, 'Restarts': 0, 'SiteHistory': ['Unknown'], 'ResidentSetSize': [0], 'SubmitTimes': [1761683333.0], 'StartTimes': [], 'EndTimes': [], 'TotalUserCpuTimeHistory': [0.0], 'TotalSysCpuTimeHistory': [0.0], 'WallDurations': [0], 'JobIds': ['137020576.0'], 'State': 'idle', 'RecordedSite': False}, '522': {'Retries': 0, 'Restarts': 0, 'SiteHistory': ['Unknown'], 'ResidentSetSize': [0], 'SubmitTimes': [1761683333.0], 'StartTimes': [], 'EndTimes': [], 'TotalUserCpuTimeHistory': [0.0], 'TotalSysCpuTimeHistory': [0.0], 'WallDurations': [0], 'JobIds': ['137020580.0'], 'State': 'idle', 'RecordedSite': False}, '523': {'Retries': 0, 'Restarts': 0, 'SiteHistory': ['Unknown'], 'ResidentSetSize': [0], 'SubmitTimes': [1761683336.0], 'StartTimes': [], 'EndTimes': [], 'TotalUserCpuTimeHistory': [0.0], 'TotalSysCpuTimeHistory': [0.0], 'WallDurations': [0], 'JobIds': ['137020600.0'], 'State': 'idle', 'RecordedSite': False}, '524': {'Retries': 0, 'Restarts': 0, 'SiteHistory': ['Unknown'], 'ResidentSetSize': [0], 'SubmitTimes': [1761683334.0], 'StartTimes': [], 'EndTimes': [], 'TotalUserCpuTimeHistory': [0.0], 'TotalSysCpuTimeHistory': [0.0], 'WallDurations': [0], 'JobIds': ['137020586.0'], 'State': 'idle', 'RecordedSite': False}, '525': {'Retries': 0, 'Restarts': 0, 'SiteHistory': ['Unknown'], 'ResidentSetSize': [0], 'SubmitTimes': [1761683334.0], 'StartTimes': [], 'EndTimes': [], 'TotalUserCpuTimeHistory': [0.0], 'TotalSysCpuTimeHistory': [0.0], 'WallDurations': [0], 'JobIds': ['137020587.0'], 'State': 'idle', 'RecordedSite': False}, '526': {'Retries': 0, 'Restarts': 0, 'SiteHistory': ['Unknown'], 'ResidentSetSize': [0], 'SubmitTimes': [1761683335.0], 'StartTimes': [], 'EndTimes': [], 'TotalUserCpuTimeHistory': [0.0], 'TotalSysCpuTimeHistory': [0.0], 'WallDurations': [0], 'JobIds': ['137020591.0'], 'State': 'idle', 'RecordedSite': False}, '527': {'Retries': 0, 'Restarts': 0, 'SiteHistory': ['Unknown'], 'ResidentSetSize': [0], 'SubmitTimes': [1761683335.0], 'StartTimes': [], 'EndTimes': [], 'TotalUserCpuTimeHistory': [0.0], 'TotalSysCpuTimeHistory': [0.0], 'WallDurations': [0], 'JobIds': ['137020595.0'], 'State': 'idle', 'RecordedSite': False}, '528': {'Retries': 0, 'Restarts': 0, 'SiteHistory': ['Unknown'], 'ResidentSetSize': [0], 'SubmitTimes': [1761683336.0], 'StartTimes': [], 'EndTimes': [], 'TotalUserCpuTimeHistory': [0.0], 'TotalSysCpuTimeHistory': [0.0], 'WallDurations': [0], 'JobIds': ['137020598.0'], 'State': 'idle', 'RecordedSite': False}, '529': {'Retries': 0, 'Restarts': 0, 'SiteHistory': [], 'ResidentSetSize': [], 'SubmitTimes': [], 'StartTimes': [], 'EndTimes': [], 'TotalUserCpuTimeHistory': [], 'TotalSysCpuTimeHistory': [], 'WallDurations': [], 'JobIds': [], 'State': 'unsubmitted'}, '530': {'Retries': 0, 'Restarts': 0, 'SiteHistory': ['Unknown'], 'ResidentSetSize': [0], 'SubmitTimes': [1761683346.0], 'StartTimes': [], 'EndTimes': [], 'TotalUserCpuTimeHistory': [0.0], 'TotalSysCpuTimeHistory': [0.0], 'WallDurations': [0], 'JobIds': ['137020638.0'], 'State': 'idle', 'RecordedSite': False}, '531': {'Retries': 0, 'Restarts': 0, 'SiteHistory': ['Unknown'], 'ResidentSetSize': [0], 'SubmitTimes': [1761683347.0], 'StartTimes': [], 'EndTimes': [], 'TotalUserCpuTimeHistory': [0.0], 'TotalSysCpuTimeHistory': [0.0], 'WallDurations': [0], 'JobIds': ['137020642.0'], 'State': 'idle', 'RecordedSite': False}, '532': {'Retries': 0, 'Restarts': 0, 'SiteHistory': ['Unknown'], 'ResidentSetSize': [0], 'SubmitTimes': [1761683348.0], 'StartTimes': [], 'EndTimes': [], 'TotalUserCpuTimeHistory': [0.0], 'TotalSysCpuTimeHistory': [0.0], 'WallDurations': [0], 'JobIds': ['137020644.0'], 'State': 'idle', 'RecordedSite': False}, '533': {'Retries': 0, 'Restarts': 0, 'SiteHistory': ['Unknown'], 'ResidentSetSize': [0], 'SubmitTimes': [1761683349.0], 'StartTimes': [], 'EndTimes': [], 'TotalUserCpuTimeHistory': [0.0], 'TotalSysCpuTimeHistory': [0.0], 'WallDurations': [0], 'JobIds': ['137020646.0'], 'State': 'idle', 'RecordedSite': False}, '534': {'Retries': 0, 'Restarts': 0, 'SiteHistory': ['Unknown'], 'ResidentSetSize': [0], 'SubmitTimes': [1761683370.0], 'StartTimes': [], 'EndTimes': [], 'TotalUserCpuTimeHistory': [0.0], 'TotalSysCpuTimeHistory': [0.0], 'WallDurations': [0], 'JobIds': ['137020724.0'], 'State': 'idle', 'RecordedSite': False}, '535': {'Retries': 0, 'Restarts': 0, 'SiteHistory': ['Unknown'], 'ResidentSetSize': [0], 'SubmitTimes': [1761683356.0], 'StartTimes': [], 'EndTimes': [], 'TotalUserCpuTimeHistory': [0.0], 'TotalSysCpuTimeHistory': [0.0], 'WallDurations': [0], 'JobIds': ['137020677.0'], 'State': 'idle', 'RecordedSite': False}, '536': {'Retries': 0, 'Restarts': 0, 'SiteHistory': ['Unknown'], 'ResidentSetSize': [0], 'SubmitTimes': [1761683356.0], 'StartTimes': [], 'EndTimes': [], 'TotalUserCpuTimeHistory': [0.0], 'TotalSysCpuTimeHistory': [0.0], 'WallDurations': [0], 'JobIds': ['137020679.0'], 'State': 'idle', 'RecordedSite': False}, '537': {'Retries': 0, 'Restarts': 0, 'SiteHistory': ['Unknown'], 'ResidentSetSize': [0], 'SubmitTimes': [1761683357.0], 'StartTimes': [], 'EndTimes': [], 'TotalUserCpuTimeHistory': [0.0], 'TotalSysCpuTimeHistory': [0.0], 'WallDurations': [0], 'JobIds': ['137020682.0'], 'State': 'idle', 'RecordedSite': False}, '538': {'Retries': 0, 'Restarts': 0, 'SiteHistory': ['Unknown'], 'ResidentSetSize': [0], 'SubmitTimes': [1761683357.0], 'StartTimes': [], 'EndTimes': [], 'TotalUserCpuTimeHistory': [0.0], 'TotalSysCpuTimeHistory': [0.0], 'WallDurations': [0], 'JobIds': ['137020684.0'], 'State': 'idle', 'RecordedSite': False}, '539': {'Retries': 0, 'Restarts': 0, 'SiteHistory': ['Unknown'], 'ResidentSetSize': [0], 'SubmitTimes': [1761683380.0], 'StartTimes': [], 'EndTimes': [], 'TotalUserCpuTimeHistory': [0.0], 'TotalSysCpuTimeHistory': [0.0], 'WallDurations': [0], 'JobIds': ['137020751.0'], 'State': 'idle', 'RecordedSite': False}, '540': {'Retries': 0, 'Restarts': 0, 'SiteHistory': ['Unknown'], 'ResidentSetSize': [0], 'SubmitTimes': [1761683358.0], 'StartTimes': [], 'EndTimes': [], 'TotalUserCpuTimeHistory': [0.0], 'TotalSysCpuTimeHistory': [0.0], 'WallDurations': [0], 'JobIds': ['137020686.0'], 'State': 'idle', 'RecordedSite': False}, '541': {'Retries': 0, 'Restarts': 0, 'SiteHistory': ['Unknown'], 'ResidentSetSize': [0], 'SubmitTimes': [1761683372.0], 'StartTimes': [], 'EndTimes': [], 'TotalUserCpuTimeHistory': [0.0], 'TotalSysCpuTimeHistory': [0.0], 'WallDurations': [0], 'JobIds': ['137020727.0'], 'State': 'idle', 'RecordedSite': False}, '542': {'Retries': 0, 'Restarts': 0, 'SiteHistory': ['Unknown'], 'ResidentSetSize': [0], 'SubmitTimes': [1761683358.0], 'StartTimes': [], 'EndTimes': [], 'TotalUserCpuTimeHistory': [0.0], 'TotalSysCpuTimeHistory': [0.0], 'WallDurations': [0], 'JobIds': ['137020691.0'], 'State': 'idle', 'RecordedSite': False}, '543': {'Retries': 0, 'Restarts': 0, 'SiteHistory': ['Unknown'], 'ResidentSetSize': [0], 'SubmitTimes': [1761683359.0], 'StartTimes': [], 'EndTimes': [], 'TotalUserCpuTimeHistory': [0.0], 'TotalSysCpuTimeHistory': [0.0], 'WallDurations': [0], 'JobIds': ['137020694.0'], 'State': 'idle', 'RecordedSite': False}, '544': {'Retries': 0, 'Restarts': 0, 'SiteHistory': ['Unknown'], 'ResidentSetSize': [0], 'SubmitTimes': [1761683360.0], 'StartTimes': [], 'EndTimes': [], 'TotalUserCpuTimeHistory': [0.0], 'TotalSysCpuTimeHistory': [0.0], 'WallDurations': [0], 'JobIds': ['137020697.0'], 'State': 'idle', 'RecordedSite': False}, '545': {'Retries': 0, 'Restarts': 0, 'SiteHistory': ['Unknown'], 'ResidentSetSize': [0], 'SubmitTimes': [1761683379.0], 'StartTimes': [], 'EndTimes': [], 'TotalUserCpuTimeHistory': [0.0], 'TotalSysCpuTimeHistory': [0.0], 'WallDurations': [0], 'JobIds': ['137020748.0'], 'State': 'idle', 'RecordedSite': False}, '546': {'Retries': 0, 'Restarts': 0, 'SiteHistory': ['Unknown'], 'ResidentSetSize': [0], 'SubmitTimes': [1761683361.0], 'StartTimes': [], 'EndTimes': [], 'TotalUserCpuTimeHistory': [0.0], 'TotalSysCpuTimeHistory': [0.0], 'WallDurations': [0], 'JobIds': ['137020700.0'], 'State': 'idle', 'RecordedSite': False}, '547': {'Retries': 0, 'Restarts': 0, 'SiteHistory': ['Unknown'], 'ResidentSetSize': [0], 'SubmitTimes': [1761683367.0], 'StartTimes': [], 'EndTimes': [], 'TotalUserCpuTimeHistory': [0.0], 'TotalSysCpuTimeHistory': [0.0], 'WallDurations': [0], 'JobIds': ['137020715.0'], 'State': 'idle', 'RecordedSite': False}, '548': {'Retries': 0, 'Restarts': 0, 'SiteHistory': ['Unknown'], 'ResidentSetSize': [0], 'SubmitTimes': [1761683368.0], 'StartTimes': [], 'EndTimes': [], 'TotalUserCpuTimeHistory': [0.0], 'TotalSysCpuTimeHistory': [0.0], 'WallDurations': [0], 'JobIds': ['137020718.0'], 'State': 'idle', 'RecordedSite': False}, '549': {'Retries': 0, 'Restarts': 0, 'SiteHistory': ['Unknown'], 'ResidentSetSize': [0], 'SubmitTimes': [1761683369.0], 'StartTimes': [], 'EndTimes': [], 'TotalUserCpuTimeHistory': [0.0], 'TotalSysCpuTimeHistory': [0.0], 'WallDurations': [0], 'JobIds': ['137020720.0'], 'State': 'idle', 'RecordedSite': False}, '550': {'Retries': 0, 'Restarts': 0, 'SiteHistory': [], 'ResidentSetSize': [], 'SubmitTimes': [], 'StartTimes': [], 'EndTimes': [], 'TotalUserCpuTimeHistory': [], 'TotalSysCpuTimeHistory': [], 'WallDurations': [], 'JobIds': [], 'State': 'unsubmitted'}, '551': {'Retries': 0, 'Restarts': 0, 'SiteHistory': ['Unknown'], 'ResidentSetSize': [0], 'SubmitTimes': [1761683381.0], 'StartTimes': [], 'EndTimes': [], 'TotalUserCpuTimeHistory': [0.0], 'TotalSysCpuTimeHistory': [0.0], 'WallDurations': [0], 'JobIds': ['137020754.0'], 'State': 'idle', 'RecordedSite': False}, '552': {'Retries': 0, 'Restarts': 0, 'SiteHistory': ['Unknown'], 'ResidentSetSize': [0], 'SubmitTimes': [1761683382.0], 'StartTimes': [], 'EndTimes': [], 'TotalUserCpuTimeHistory': [0.0], 'TotalSysCpuTimeHistory': [0.0], 'WallDurations': [0], 'JobIds': ['137020758.0'], 'State': 'idle', 'RecordedSite': False}, '553': {'Retries': 0, 'Restarts': 0, 'SiteHistory': ['Unknown'], 'ResidentSetSize': [0], 'SubmitTimes': [1761683383.0], 'StartTimes': [], 'EndTimes': [], 'TotalUserCpuTimeHistory': [0.0], 'TotalSysCpuTimeHistory': [0.0], 'WallDurations': [0], 'JobIds': ['137020761.0'], 'State': 'idle', 'RecordedSite': False}, '554': {'Retries': 0, 'Restarts': 0, 'SiteHistory': ['Unknown'], 'ResidentSetSize': [0], 'SubmitTimes': [1761683387.0], 'StartTimes': [], 'EndTimes': [], 'TotalUserCpuTimeHistory': [0.0], 'TotalSysCpuTimeHistory': [0.0], 'WallDurations': [0], 'JobIds': ['137020764.0'], 'State': 'idle', 'RecordedSite': False}, '555': {'Retries': 0, 'Restarts': 0, 'SiteHistory': ['Unknown'], 'ResidentSetSize': [0], 'SubmitTimes': [1761683393.0], 'StartTimes': [], 'EndTimes': [], 'TotalUserCpuTimeHistory': [0.0], 'TotalSysCpuTimeHistory': [0.0], 'WallDurations': [0], 'JobIds': ['137020791.0'], 'State': 'idle', 'RecordedSite': False}, '556': {'Retries': 0, 'Restarts': 0, 'SiteHistory': ['Unknown'], 'ResidentSetSize': [0], 'SubmitTimes': [1761683394.0], 'StartTimes': [], 'EndTimes': [], 'TotalUserCpuTimeHistory': [0.0], 'TotalSysCpuTimeHistory': [0.0], 'WallDurations': [0], 'JobIds': ['137020794.0'], 'State': 'idle', 'RecordedSite': False}, '557': {'Retries': 0, 'Restarts': 0, 'SiteHistory': ['Unknown'], 'ResidentSetSize': [0], 'SubmitTimes': [1761683394.0], 'StartTimes': [], 'EndTimes': [], 'TotalUserCpuTimeHistory': [0.0], 'TotalSysCpuTimeHistory': [0.0], 'WallDurations': [0], 'JobIds': ['137020796.0'], 'State': 'idle', 'RecordedSite': False}, '558': {'Retries': 0, 'Restarts': 0, 'SiteHistory': ['Unknown'], 'ResidentSetSize': [0], 'SubmitTimes': [1761683394.0], 'StartTimes': [], 'EndTimes': [], 'TotalUserCpuTimeHistory': [0.0], 'TotalSysCpuTimeHistory': [0.0], 'WallDurations': [0], 'JobIds': ['137020799.0'], 'State': 'idle', 'RecordedSite': False}, '559': {'Retries': 0, 'Restarts': 0, 'SiteHistory': ['Unknown'], 'ResidentSetSize': [0], 'SubmitTimes': [1761683395.0], 'StartTimes': [], 'EndTimes': [], 'TotalUserCpuTimeHistory': [0.0], 'TotalSysCpuTimeHistory': [0.0], 'WallDurations': [0], 'JobIds': ['137020802.0'], 'State': 'idle', 'RecordedSite': False}, '560': {'Retries': 0, 'Restarts': 0, 'SiteHistory': ['Unknown'], 'ResidentSetSize': [0], 'SubmitTimes': [1761683395.0], 'StartTimes': [], 'EndTimes': [], 'TotalUserCpuTimeHistory': [0.0], 'TotalSysCpuTimeHistory': [0.0], 'WallDurations': [0], 'JobIds': ['137020805.0'], 'State': 'idle', 'RecordedSite': False}, '561': {'Retries': 0, 'Restarts': 0, 'SiteHistory': ['Unknown'], 'ResidentSetSize': [0], 'SubmitTimes': [1761683396.0], 'StartTimes': [], 'EndTimes': [], 'TotalUserCpuTimeHistory': [0.0], 'TotalSysCpuTimeHistory': [0.0], 'WallDurations': [0], 'JobIds': ['137020806.0'], 'State': 'idle', 'RecordedSite': False}, '562': {'Retries': 0, 'Restarts': 0, 'SiteHistory': ['Unknown'], 'ResidentSetSize': [0], 'SubmitTimes': [1761683397.0], 'StartTimes': [], 'EndTimes': [], 'TotalUserCpuTimeHistory': [0.0], 'TotalSysCpuTimeHistory': [0.0], 'WallDurations': [0], 'JobIds': ['137020809.0'], 'State': 'idle', 'RecordedSite': False}, '563': {'Retries': 0, 'Restarts': 0, 'SiteHistory': ['Unknown'], 'ResidentSetSize': [0], 'SubmitTimes': [1761683397.0], 'StartTimes': [], 'EndTimes': [], 'TotalUserCpuTimeHistory': [0.0], 'TotalSysCpuTimeHistory': [0.0], 'WallDurations': [0], 'JobIds': ['137020811.0'], 'State': 'idle', 'RecordedSite': False}, '564': {'Retries': 0, 'Restarts': 0, 'SiteHistory': ['Unknown'], 'ResidentSetSize': [0], 'SubmitTimes': [1761683397.0], 'StartTimes': [], 'EndTimes': [], 'TotalUserCpuTimeHistory': [0.0], 'TotalSysCpuTimeHistory': [0.0], 'WallDurations': [0], 'JobIds': ['137020813.0'], 'State': 'idle', 'RecordedSite': False}, '565': {'Retries': 0, 'Restarts': 0, 'SiteHistory': ['Unknown'], 'ResidentSetSize': [0], 'SubmitTimes': [1761683398.0], 'StartTimes': [], 'EndTimes': [], 'TotalUserCpuTimeHistory': [0.0], 'TotalSysCpuTimeHistory': [0.0], 'WallDurations': [0], 'JobIds': ['137020814.0'], 'State': 'idle', 'RecordedSite': False}, '566': {'Retries': 0, 'Restarts': 0, 'SiteHistory': ['Unknown'], 'ResidentSetSize': [0], 'SubmitTimes': [1761683401.0], 'StartTimes': [], 'EndTimes': [], 'TotalUserCpuTimeHistory': [0.0], 'TotalSysCpuTimeHistory': [0.0], 'WallDurations': [0], 'JobIds': ['137020815.0'], 'State': 'idle', 'RecordedSite': False}, '567': {'Retries': 0, 'Restarts': 0, 'SiteHistory': ['Unknown'], 'ResidentSetSize': [0], 'SubmitTimes': [1761683408.0], 'StartTimes': [], 'EndTimes': [], 'TotalUserCpuTimeHistory': [0.0], 'TotalSysCpuTimeHistory': [0.0], 'WallDurations': [0], 'JobIds': ['137020823.0'], 'State': 'idle', 'RecordedSite': False}, '568': {'Retries': 0, 'Restarts': 0, 'SiteHistory': ['Unknown'], 'ResidentSetSize': [0], 'SubmitTimes': [1761683410.0], 'StartTimes': [], 'EndTimes': [], 'TotalUserCpuTimeHistory': [0.0], 'TotalSysCpuTimeHistory': [0.0], 'WallDurations': [0], 'JobIds': ['137020824.0'], 'State': 'idle', 'RecordedSite': False}, '569': {'Retries': 0, 'Restarts': 0, 'SiteHistory': ['Unknown'], 'ResidentSetSize': [0], 'SubmitTimes': [1761683411.0], 'StartTimes': [], 'EndTimes': [], 'TotalUserCpuTimeHistory': [0.0], 'TotalSysCpuTimeHistory': [0.0], 'WallDurations': [0], 'JobIds': ['137020827.0'], 'State': 'idle', 'RecordedSite': False}, '570': {'Retries': 0, 'Restarts': 0, 'SiteHistory': ['Unknown'], 'ResidentSetSize': [0], 'SubmitTimes': [1761683412.0], 'StartTimes': [], 'EndTimes': [], 'TotalUserCpuTimeHistory': [0.0], 'TotalSysCpuTimeHistory': [0.0], 'WallDurations': [0], 'JobIds': ['137020831.0'], 'State': 'idle', 'RecordedSite': False}, '571': {'Retries': 0, 'Restarts': 0, 'SiteHistory': [], 'ResidentSetSize': [], 'SubmitTimes': [], 'StartTimes': [], 'EndTimes': [], 'TotalUserCpuTimeHistory': [], 'TotalSysCpuTimeHistory': [], 'WallDurations': [], 'JobIds': [], 'State': 'unsubmitted'}, '572': {'Retries': 0, 'Restarts': 0, 'SiteHistory': ['Unknown'], 'ResidentSetSize': [0], 'SubmitTimes': [1761683443.0], 'StartTimes': [], 'EndTimes': [], 'TotalUserCpuTimeHistory': [0.0], 'TotalSysCpuTimeHistory': [0.0], 'WallDurations': [0], 'JobIds': ['137020922.0'], 'State': 'idle', 'RecordedSite': False}, '573': {'Retries': 0, 'Restarts': 0, 'SiteHistory': ['Unknown'], 'ResidentSetSize': [0], 'SubmitTimes': [1761683436.0], 'StartTimes': [], 'EndTimes': [], 'TotalUserCpuTimeHistory': [0.0], 'TotalSysCpuTimeHistory': [0.0], 'WallDurations': [0], 'JobIds': ['137020900.0'], 'State': 'idle', 'RecordedSite': False}, '574': {'Retries': 0, 'Restarts': 0, 'SiteHistory': ['Unknown'], 'ResidentSetSize': [0], 'SubmitTimes': [1761683419.0], 'StartTimes': [], 'EndTimes': [], 'TotalUserCpuTimeHistory': [0.0], 'TotalSysCpuTimeHistory': [0.0], 'WallDurations': [0], 'JobIds': ['137020855.0'], 'State': 'idle', 'RecordedSite': False}, '575': {'Retries': 0, 'Restarts': 0, 'SiteHistory': ['Unknown'], 'ResidentSetSize': [0], 'SubmitTimes': [1761683419.0], 'StartTimes': [], 'EndTimes': [], 'TotalUserCpuTimeHistory': [0.0], 'TotalSysCpuTimeHistory': [0.0], 'WallDurations': [0], 'JobIds': ['137020857.0'], 'State': 'idle', 'RecordedSite': False}, '576': {'Retries': 0, 'Restarts': 0, 'SiteHistory': ['Unknown'], 'ResidentSetSize': [0], 'SubmitTimes': [1761683435.0], 'StartTimes': [], 'EndTimes': [], 'TotalUserCpuTimeHistory': [0.0], 'TotalSysCpuTimeHistory': [0.0], 'WallDurations': [0], 'JobIds': ['137020897.0'], 'State': 'idle', 'RecordedSite': False}, '577': {'Retries': 0, 'Restarts': 0, 'SiteHistory': ['Unknown'], 'ResidentSetSize': [0], 'SubmitTimes': [1761683420.0], 'StartTimes': [], 'EndTimes': [], 'TotalUserCpuTimeHistory': [0.0], 'TotalSysCpuTimeHistory': [0.0], 'WallDurations': [0], 'JobIds': ['137020859.0'], 'State': 'idle', 'RecordedSite': False}, '578': {'Retries': 0, 'Restarts': 0, 'SiteHistory': ['Unknown'], 'ResidentSetSize': [0], 'SubmitTimes': [1761683420.0], 'StartTimes': [], 'EndTimes': [], 'TotalUserCpuTimeHistory': [0.0], 'TotalSysCpuTimeHistory': [0.0], 'WallDurations': [0], 'JobIds': ['137020861.0'], 'State': 'idle', 'RecordedSite': False}, '579': {'Retries': 0, 'Restarts': 0, 'SiteHistory': ['Unknown'], 'ResidentSetSize': [0], 'SubmitTimes': [1761683421.0], 'StartTimes': [], 'EndTimes': [], 'TotalUserCpuTimeHistory': [0.0], 'TotalSysCpuTimeHistory': [0.0], 'WallDurations': [0], 'JobIds': ['137020864.0'], 'State': 'idle', 'RecordedSite': False}, '580': {'Retries': 0, 'Restarts': 0, 'SiteHistory': ['Unknown'], 'ResidentSetSize': [0], 'SubmitTimes': [1761683421.0], 'StartTimes': [], 'EndTimes': [], 'TotalUserCpuTimeHistory': [0.0], 'TotalSysCpuTimeHistory': [0.0], 'WallDurations': [0], 'JobIds': ['137020869.0'], 'State': 'idle', 'RecordedSite': False}, '581': {'Retries': 0, 'Restarts': 0, 'SiteHistory': ['Unknown'], 'ResidentSetSize': [0], 'SubmitTimes': [1761683436.0], 'StartTimes': [], 'EndTimes': [], 'TotalUserCpuTimeHistory': [0.0], 'TotalSysCpuTimeHistory': [0.0], 'WallDurations': [0], 'JobIds': ['137020904.0'], 'State': 'idle', 'RecordedSite': False}, '582': {'Retries': 0, 'Restarts': 0, 'SiteHistory': ['Unknown'], 'ResidentSetSize': [0], 'SubmitTimes': [1761683446.0], 'StartTimes': [], 'EndTimes': [], 'TotalUserCpuTimeHistory': [0.0], 'TotalSysCpuTimeHistory': [0.0], 'WallDurations': [0], 'JobIds': ['137020928.0'], 'State': 'idle', 'RecordedSite': False}, '583': {'Retries': 0, 'Restarts': 0, 'SiteHistory': ['Unknown'], 'ResidentSetSize': [0], 'SubmitTimes': [1761683443.0], 'StartTimes': [], 'EndTimes': [], 'TotalUserCpuTimeHistory': [0.0], 'TotalSysCpuTimeHistory': [0.0], 'WallDurations': [0], 'JobIds': ['137020924.0'], 'State': 'idle', 'RecordedSite': False}, '584': {'Retries': 0, 'Restarts': 0, 'SiteHistory': ['Unknown'], 'ResidentSetSize': [0], 'SubmitTimes': [1761683422.0], 'StartTimes': [], 'EndTimes': [], 'TotalUserCpuTimeHistory': [0.0], 'TotalSysCpuTimeHistory': [0.0], 'WallDurations': [0], 'JobIds': ['137020873.0'], 'State': 'idle', 'RecordedSite': False}, '585': {'Retries': 0, 'Restarts': 0, 'SiteHistory': ['Unknown'], 'ResidentSetSize': [0], 'SubmitTimes': [1761683413.0], 'StartTimes': [], 'EndTimes': [], 'TotalUserCpuTimeHistory': [0.0], 'TotalSysCpuTimeHistory': [0.0], 'WallDurations': [0], 'JobIds': ['137020836.0'], 'State': 'idle', 'RecordedSite': False}, '586': {'Retries': 0, 'Restarts': 0, 'SiteHistory': ['Unknown'], 'ResidentSetSize': [0], 'SubmitTimes': [1761683423.0], 'StartTimes': [], 'EndTimes': [], 'TotalUserCpuTimeHistory': [0.0], 'TotalSysCpuTimeHistory': [0.0], 'WallDurations': [0], 'JobIds': ['137020876.0'], 'State': 'idle', 'RecordedSite': False}, '587': {'Retries': 0, 'Restarts': 0, 'SiteHistory': ['Unknown'], 'ResidentSetSize': [0], 'SubmitTimes': [1761683444.0], 'StartTimes': [], 'EndTimes': [], 'TotalUserCpuTimeHistory': [0.0], 'TotalSysCpuTimeHistory': [0.0], 'WallDurations': [0], 'JobIds': ['137020926.0'], 'State': 'idle', 'RecordedSite': False}, '588': {'Retries': 0, 'Restarts': 0, 'SiteHistory': ['Unknown'], 'ResidentSetSize': [0], 'SubmitTimes': [1761683419.0], 'StartTimes': [], 'EndTimes': [], 'TotalUserCpuTimeHistory': [0.0], 'TotalSysCpuTimeHistory': [0.0], 'WallDurations': [0], 'JobIds': ['137020853.0'], 'State': 'idle', 'RecordedSite': False}, '589': {'Retries': 0, 'Restarts': 0, 'SiteHistory': ['Unknown'], 'ResidentSetSize': [0], 'SubmitTimes': [1761683424.0], 'StartTimes': [], 'EndTimes': [], 'TotalUserCpuTimeHistory': [0.0], 'TotalSysCpuTimeHistory': [0.0], 'WallDurations': [0], 'JobIds': ['137020879.0'], 'State': 'idle', 'RecordedSite': False}, '590': {'Retries': 0, 'Restarts': 0, 'SiteHistory': ['Unknown'], 'ResidentSetSize': [0], 'SubmitTimes': [1761683432.0], 'StartTimes': [], 'EndTimes': [], 'TotalUserCpuTimeHistory': [0.0], 'TotalSysCpuTimeHistory': [0.0], 'WallDurations': [0], 'JobIds': ['137020893.0'], 'State': 'idle', 'RecordedSite': False}, '591': {'Retries': 0, 'Restarts': 0, 'SiteHistory': ['Unknown'], 'ResidentSetSize': [0], 'SubmitTimes': [1761683442.0], 'StartTimes': [], 'EndTimes': [], 'TotalUserCpuTimeHistory': [0.0], 'TotalSysCpuTimeHistory': [0.0], 'WallDurations': [0], 'JobIds': ['137020921.0'], 'State': 'idle', 'RecordedSite': False}, '592': {'Retries': 0, 'Restarts': 0, 'SiteHistory': ['Unknown'], 'ResidentSetSize': [0], 'SubmitTimes': [1761683434.0], 'StartTimes': [], 'EndTimes': [], 'TotalUserCpuTimeHistory': [0.0], 'TotalSysCpuTimeHistory': [0.0], 'WallDurations': [0], 'JobIds': ['137020895.0'], 'State': 'idle', 'RecordedSite': False}, '593': {'Retries': 0, 'Restarts': 0, 'SiteHistory': ['Unknown'], 'ResidentSetSize': [0], 'SubmitTimes': [1761683447.0], 'StartTimes': [], 'EndTimes': [], 'TotalUserCpuTimeHistory': [0.0], 'TotalSysCpuTimeHistory': [0.0], 'WallDurations': [0], 'JobIds': ['137020932.0'], 'State': 'idle', 'RecordedSite': False}, '594': {'Retries': 0, 'Restarts': 0, 'SiteHistory': [], 'ResidentSetSize': [], 'SubmitTimes': [], 'StartTimes': [], 'EndTimes': [], 'TotalUserCpuTimeHistory': [], 'TotalSysCpuTimeHistory': [], 'WallDurations': [], 'JobIds': [], 'State': 'unsubmitted'}, '595': {'Retries': 0, 'Restarts': 0, 'SiteHistory': ['Unknown'], 'ResidentSetSize': [0], 'SubmitTimes': [1761683448.0], 'StartTimes': [], 'EndTimes': [], 'TotalUserCpuTimeHistory': [0.0], 'TotalSysCpuTimeHistory': [0.0], 'WallDurations': [0], 'JobIds': ['137020938.0'], 'State': 'idle', 'RecordedSite': False}, '596': {'Retries': 0, 'Restarts': 0, 'SiteHistory': ['Unknown'], 'ResidentSetSize': [0], 'SubmitTimes': [1761683455.0], 'StartTimes': [], 'EndTimes': [], 'TotalUserCpuTimeHistory': [0.0], 'TotalSysCpuTimeHistory': [0.0], 'WallDurations': [0], 'JobIds': ['137020962.0'], 'State': 'idle', 'RecordedSite': False}, '597': {'Retries': 0, 'Restarts': 0, 'SiteHistory': ['Unknown'], 'ResidentSetSize': [0], 'SubmitTimes': [1761683455.0], 'StartTimes': [], 'EndTimes': [], 'TotalUserCpuTimeHistory': [0.0], 'TotalSysCpuTimeHistory': [0.0], 'WallDurations': [0], 'JobIds': ['137020963.0'], 'State': 'idle', 'RecordedSite': False}, '598': {'Retries': 0, 'Restarts': 0, 'SiteHistory': ['Unknown'], 'ResidentSetSize': [0], 'SubmitTimes': [1761683455.0], 'StartTimes': [], 'EndTimes': [], 'TotalUserCpuTimeHistory': [0.0], 'TotalSysCpuTimeHistory': [0.0], 'WallDurations': [0], 'JobIds': ['137020965.0'], 'State': 'idle', 'RecordedSite': False}, '599': {'Retries': 0, 'Restarts': 0, 'SiteHistory': ['Unknown'], 'ResidentSetSize': [0], 'SubmitTimes': [1761683456.0], 'StartTimes': [], 'EndTimes': [], 'TotalUserCpuTimeHistory': [0.0], 'TotalSysCpuTimeHistory': [0.0], 'WallDurations': [0], 'JobIds': ['137020966.0'], 'State': 'idle', 'RecordedSite': False}, '600': {'Retries': 0, 'Restarts': 0, 'SiteHistory': ['Unknown'], 'ResidentSetSize': [0], 'SubmitTimes': [1761683456.0], 'StartTimes': [], 'EndTimes': [], 'TotalUserCpuTimeHistory': [0.0], 'TotalSysCpuTimeHistory': [0.0], 'WallDurations': [0], 'JobIds': ['137020967.0'], 'State': 'idle', 'RecordedSite': False}, '601': {'Retries': 0, 'Restarts': 0, 'SiteHistory': ['Unknown'], 'ResidentSetSize': [0], 'SubmitTimes': [1761683456.0], 'StartTimes': [], 'EndTimes': [], 'TotalUserCpuTimeHistory': [0.0], 'TotalSysCpuTimeHistory': [0.0], 'WallDurations': [0], 'JobIds': ['137020968.0'], 'State': 'idle', 'RecordedSite': False}, '602': {'Retries': 0, 'Restarts': 0, 'SiteHistory': ['Unknown'], 'ResidentSetSize': [0], 'SubmitTimes': [1761683456.0], 'StartTimes': [], 'EndTimes': [], 'TotalUserCpuTimeHistory': [0.0], 'TotalSysCpuTimeHistory': [0.0], 'WallDurations': [0], 'JobIds': ['137020969.0'], 'State': 'idle', 'RecordedSite': False}, '603': {'Retries': 0, 'Restarts': 0, 'SiteHistory': ['Unknown'], 'ResidentSetSize': [0], 'SubmitTimes': [1761683457.0], 'StartTimes': [], 'EndTimes': [], 'TotalUserCpuTimeHistory': [0.0], 'TotalSysCpuTimeHistory': [0.0], 'WallDurations': [0], 'JobIds': ['137020971.0'], 'State': 'idle', 'RecordedSite': False}, '604': {'Retries': 0, 'Restarts': 0, 'SiteHistory': ['Unknown'], 'ResidentSetSize': [0], 'SubmitTimes': [1761683457.0], 'StartTimes': [], 'EndTimes': [], 'TotalUserCpuTimeHistory': [0.0], 'TotalSysCpuTimeHistory': [0.0], 'WallDurations': [0], 'JobIds': ['137020972.0'], 'State': 'idle', 'RecordedSite': False}, '605': {'Retries': 0, 'Restarts': 0, 'SiteHistory': ['Unknown'], 'ResidentSetSize': [0], 'SubmitTimes': [1761683457.0], 'StartTimes': [], 'EndTimes': [], 'TotalUserCpuTimeHistory': [0.0], 'TotalSysCpuTimeHistory': [0.0], 'WallDurations': [0], 'JobIds': ['137020973.0'], 'State': 'idle', 'RecordedSite': False}, '606': {'Retries': 0, 'Restarts': 0, 'SiteHistory': ['Unknown'], 'ResidentSetSize': [0], 'SubmitTimes': [1761683458.0], 'StartTimes': [], 'EndTimes': [], 'TotalUserCpuTimeHistory': [0.0], 'TotalSysCpuTimeHistory': [0.0], 'WallDurations': [0], 'JobIds': ['137020975.0'], 'State': 'idle', 'RecordedSite': False}, '607': {'Retries': 0, 'Restarts': 0, 'SiteHistory': ['Unknown'], 'ResidentSetSize': [0], 'SubmitTimes': [1761683458.0], 'StartTimes': [], 'EndTimes': [], 'TotalUserCpuTimeHistory': [0.0], 'TotalSysCpuTimeHistory': [0.0], 'WallDurations': [0], 'JobIds': ['137020976.0'], 'State': 'idle', 'RecordedSite': False}, '608': {'Retries': 0, 'Restarts': 0, 'SiteHistory': ['Unknown'], 'ResidentSetSize': [0], 'SubmitTimes': [1761683459.0], 'StartTimes': [], 'EndTimes': [], 'TotalUserCpuTimeHistory': [0.0], 'TotalSysCpuTimeHistory': [0.0], 'WallDurations': [0], 'JobIds': ['137020977.0'], 'State': 'idle', 'RecordedSite': False}, '609': {'Retries': 0, 'Restarts': 0, 'SiteHistory': ['Unknown'], 'ResidentSetSize': [0], 'SubmitTimes': [1761683464.0], 'StartTimes': [], 'EndTimes': [], 'TotalUserCpuTimeHistory': [0.0], 'TotalSysCpuTimeHistory': [0.0], 'WallDurations': [0], 'JobIds': ['137020979.0'], 'State': 'idle', 'RecordedSite': False}, '610': {'Retries': 0, 'Restarts': 0, 'SiteHistory': ['Unknown'], 'ResidentSetSize': [0], 'SubmitTimes': [1761683472.0], 'StartTimes': [], 'EndTimes': [], 'TotalUserCpuTimeHistory': [0.0], 'TotalSysCpuTimeHistory': [0.0], 'WallDurations': [0], 'JobIds': ['137020989.0'], 'State': 'idle', 'RecordedSite': False}, '611': {'Retries': 0, 'Restarts': 0, 'SiteHistory': ['Unknown'], 'ResidentSetSize': [0], 'SubmitTimes': [1761683472.0], 'StartTimes': [], 'EndTimes': [], 'TotalUserCpuTimeHistory': [0.0], 'TotalSysCpuTimeHistory': [0.0], 'WallDurations': [0], 'JobIds': ['137020990.0'], 'State': 'idle', 'RecordedSite': False}, '612': {'Retries': 0, 'Restarts': 0, 'SiteHistory': ['Unknown'], 'ResidentSetSize': [0], 'SubmitTimes': [1761683473.0], 'StartTimes': [], 'EndTimes': [], 'TotalUserCpuTimeHistory': [0.0], 'TotalSysCpuTimeHistory': [0.0], 'WallDurations': [0], 'JobIds': ['137020991.0'], 'State': 'idle', 'RecordedSite': False}, '613': {'Retries': 0, 'Restarts': 0, 'SiteHistory': ['Unknown'], 'ResidentSetSize': [0], 'SubmitTimes': [1761683473.0], 'StartTimes': [], 'EndTimes': [], 'TotalUserCpuTimeHistory': [0.0], 'TotalSysCpuTimeHistory': [0.0], 'WallDurations': [0], 'JobIds': ['137020993.0'], 'State': 'idle', 'RecordedSite': False}, '614': {'Retries': 0, 'Restarts': 0, 'SiteHistory': [], 'ResidentSetSize': [], 'SubmitTimes': [], 'StartTimes': [], 'EndTimes': [], 'TotalUserCpuTimeHistory': [], 'TotalSysCpuTimeHistory': [], 'WallDurations': [], 'JobIds': [], 'State': 'unsubmitted'}, '615': {'Retries': 0, 'Restarts': 0, 'SiteHistory': ['Unknown'], 'ResidentSetSize': [0], 'SubmitTimes': [1761683484.0], 'StartTimes': [], 'EndTimes': [], 'TotalUserCpuTimeHistory': [0.0], 'TotalSysCpuTimeHistory': [0.0], 'WallDurations': [0], 'JobIds': ['137021061.0'], 'State': 'idle', 'RecordedSite': False}, '616': {'Retries': 0, 'Restarts': 0, 'SiteHistory': ['Unknown'], 'ResidentSetSize': [0], 'SubmitTimes': [1761683485.0], 'StartTimes': [], 'EndTimes': [], 'TotalUserCpuTimeHistory': [0.0], 'TotalSysCpuTimeHistory': [0.0], 'WallDurations': [0], 'JobIds': ['137021063.0'], 'State': 'idle', 'RecordedSite': False}, '617': {'Retries': 0, 'Restarts': 0, 'SiteHistory': ['Unknown'], 'ResidentSetSize': [0], 'SubmitTimes': [1761683486.0], 'StartTimes': [], 'EndTimes': [], 'TotalUserCpuTimeHistory': [0.0], 'TotalSysCpuTimeHistory': [0.0], 'WallDurations': [0], 'JobIds': ['137021065.0'], 'State': 'idle', 'RecordedSite': False}, '618': {'Retries': 0, 'Restarts': 0, 'SiteHistory': ['Unknown'], 'ResidentSetSize': [0], 'SubmitTimes': [1761683484.0], 'StartTimes': [], 'EndTimes': [], 'TotalUserCpuTimeHistory': [0.0], 'TotalSysCpuTimeHistory': [0.0], 'WallDurations': [0], 'JobIds': ['137021060.0'], 'State': 'idle', 'RecordedSite': False}, '619': {'Retries': 0, 'Restarts': 0, 'SiteHistory': ['Unknown'], 'ResidentSetSize': [0], 'SubmitTimes': [1761683494.0], 'StartTimes': [], 'EndTimes': [], 'TotalUserCpuTimeHistory': [0.0], 'TotalSysCpuTimeHistory': [0.0], 'WallDurations': [0], 'JobIds': ['137021095.0'], 'State': 'idle', 'RecordedSite': False}, '620': {'Retries': 0, 'Restarts': 0, 'SiteHistory': ['Unknown'], 'ResidentSetSize': [0], 'SubmitTimes': [1761683485.0], 'StartTimes': [], 'EndTimes': [], 'TotalUserCpuTimeHistory': [0.0], 'TotalSysCpuTimeHistory': [0.0], 'WallDurations': [0], 'JobIds': ['137021062.0'], 'State': 'idle', 'RecordedSite': False}, '621': {'Retries': 0, 'Restarts': 0, 'SiteHistory': ['Unknown'], 'ResidentSetSize': [0], 'SubmitTimes': [1761683496.0], 'StartTimes': [], 'EndTimes': [], 'TotalUserCpuTimeHistory': [0.0], 'TotalSysCpuTimeHistory': [0.0], 'WallDurations': [0], 'JobIds': ['137021097.0'], 'State': 'idle', 'RecordedSite': False}, '622': {'Retries': 0, 'Restarts': 0, 'SiteHistory': ['Unknown'], 'ResidentSetSize': [0], 'SubmitTimes': [1761683474.0], 'StartTimes': [], 'EndTimes': [], 'TotalUserCpuTimeHistory': [0.0], 'TotalSysCpuTimeHistory': [0.0], 'WallDurations': [0], 'JobIds': ['137020996.0'], 'State': 'idle', 'RecordedSite': False}, '623': {'Retries': 0, 'Restarts': 0, 'SiteHistory': ['Unknown'], 'ResidentSetSize': [0], 'SubmitTimes': [1761683481.0], 'StartTimes': [], 'EndTimes': [], 'TotalUserCpuTimeHistory': [0.0], 'TotalSysCpuTimeHistory': [0.0], 'WallDurations': [0], 'JobIds': ['137021044.0'], 'State': 'idle', 'RecordedSite': False}, '624': {'Retries': 0, 'Restarts': 0, 'SiteHistory': ['Unknown'], 'ResidentSetSize': [0], 'SubmitTimes': [1761683497.0], 'StartTimes': [], 'EndTimes': [], 'TotalUserCpuTimeHistory': [0.0], 'TotalSysCpuTimeHistory': [0.0], 'WallDurations': [0], 'JobIds': ['137021098.0'], 'State': 'idle', 'RecordedSite': False}, '625': {'Retries': 0, 'Restarts': 0, 'SiteHistory': ['Unknown'], 'ResidentSetSize': [0], 'SubmitTimes': [1761683482.0], 'StartTimes': [], 'EndTimes': [], 'TotalUserCpuTimeHistory': [0.0], 'TotalSysCpuTimeHistory': [0.0], 'WallDurations': [0], 'JobIds': ['137021050.0'], 'State': 'idle', 'RecordedSite': False}, '626': {'Retries': 0, 'Restarts': 0, 'SiteHistory': ['Unknown'], 'ResidentSetSize': [0], 'SubmitTimes': [1761683483.0], 'StartTimes': [], 'EndTimes': [], 'TotalUserCpuTimeHistory': [0.0], 'TotalSysCpuTimeHistory': [0.0], 'WallDurations': [0], 'JobIds': ['137021058.0'], 'State': 'idle', 'RecordedSite': False}, '627': {'Retries': 0, 'Restarts': 0, 'SiteHistory': ['Unknown'], 'ResidentSetSize': [0], 'SubmitTimes': [1761683482.0], 'StartTimes': [], 'EndTimes': [], 'TotalUserCpuTimeHistory': [0.0], 'TotalSysCpuTimeHistory': [0.0], 'WallDurations': [0], 'JobIds': ['137021056.0'], 'State': 'idle', 'RecordedSite': False}, '628': {'Retries': 0, 'Restarts': 0, 'SiteHistory': ['Unknown'], 'ResidentSetSize': [0], 'SubmitTimes': [1761683475.0], 'StartTimes': [], 'EndTimes': [], 'TotalUserCpuTimeHistory': [0.0], 'TotalSysCpuTimeHistory': [0.0], 'WallDurations': [0], 'JobIds': ['137020998.0'], 'State': 'idle', 'RecordedSite': False}, '629': {'Retries': 0, 'Restarts': 0, 'SiteHistory': ['Unknown'], 'ResidentSetSize': [0], 'SubmitTimes': [1761683498.0], 'StartTimes': [], 'EndTimes': [], 'TotalUserCpuTimeHistory': [0.0], 'TotalSysCpuTimeHistory': [0.0], 'WallDurations': [0], 'JobIds': ['137021099.0'], 'State': 'idle', 'RecordedSite': False}, '630': {'Retries': 0, 'Restarts': 0, 'SiteHistory': ['Unknown'], 'ResidentSetSize': [0], 'SubmitTimes': [1761683504.0], 'StartTimes': [], 'EndTimes': [], 'TotalUserCpuTimeHistory': [0.0], 'TotalSysCpuTimeHistory': [0.0], 'WallDurations': [0], 'JobIds': ['137021133.0'], 'State': 'idle', 'RecordedSite': False}, '631': {'Retries': 0, 'Restarts': 0, 'SiteHistory': ['Unknown'], 'ResidentSetSize': [0], 'SubmitTimes': [1761683506.0], 'StartTimes': [], 'EndTimes': [], 'TotalUserCpuTimeHistory': [0.0], 'TotalSysCpuTimeHistory': [0.0], 'WallDurations': [0], 'JobIds': ['137021145.0'], 'State': 'idle', 'RecordedSite': False}, '632': {'Retries': 0, 'Restarts': 0, 'SiteHistory': ['Unknown'], 'ResidentSetSize': [0], 'SubmitTimes': [1761683505.0], 'StartTimes': [], 'EndTimes': [], 'TotalUserCpuTimeHistory': [0.0], 'TotalSysCpuTimeHistory': [0.0], 'WallDurations': [0], 'JobIds': ['137021136.0'], 'State': 'idle', 'RecordedSite': False}, '633': {'Retries': 0, 'Restarts': 0, 'SiteHistory': ['Unknown'], 'ResidentSetSize': [0], 'SubmitTimes': [1761683505.0], 'StartTimes': [], 'EndTimes': [], 'TotalUserCpuTimeHistory': [0.0], 'TotalSysCpuTimeHistory': [0.0], 'WallDurations': [0], 'JobIds': ['137021138.0'], 'State': 'idle', 'RecordedSite': False}, '634': {'Retries': 0, 'Restarts': 0, 'SiteHistory': ['Unknown'], 'ResidentSetSize': [0], 'SubmitTimes': [1761683505.0], 'StartTimes': [], 'EndTimes': [], 'TotalUserCpuTimeHistory': [0.0], 'TotalSysCpuTimeHistory': [0.0], 'WallDurations': [0], 'JobIds': ['137021140.0'], 'State': 'idle', 'RecordedSite': False}, '635': {'Retries': 0, 'Restarts': 0, 'SiteHistory': ['Unknown'], 'ResidentSetSize': [0], 'SubmitTimes': [1761683507.0], 'StartTimes': [], 'EndTimes': [], 'TotalUserCpuTimeHistory': [0.0], 'TotalSysCpuTimeHistory': [0.0], 'WallDurations': [0], 'JobIds': ['137021148.0'], 'State': 'idle', 'RecordedSite': False}, '636': {'Retries': 0, 'Restarts': 0, 'SiteHistory': ['Unknown'], 'ResidentSetSize': [0], 'SubmitTimes': [1761683507.0], 'StartTimes': [], 'EndTimes': [], 'TotalUserCpuTimeHistory': [0.0], 'TotalSysCpuTimeHistory': [0.0], 'WallDurations': [0], 'JobIds': ['137021150.0'], 'State': 'idle', 'RecordedSite': False}, '637': {'Retries': 0, 'Restarts': 0, 'SiteHistory': ['Unknown'], 'ResidentSetSize': [0], 'SubmitTimes': [1761683508.0], 'StartTimes': [], 'EndTimes': [], 'TotalUserCpuTimeHistory': [0.0], 'TotalSysCpuTimeHistory': [0.0], 'WallDurations': [0], 'JobIds': ['137021151.0'], 'State': 'idle', 'RecordedSite': False}, '638': {'Retries': 0, 'Restarts': 0, 'SiteHistory': ['Unknown'], 'ResidentSetSize': [0], 'SubmitTimes': [1761683508.0], 'StartTimes': [], 'EndTimes': [], 'TotalUserCpuTimeHistory': [0.0], 'TotalSysCpuTimeHistory': [0.0], 'WallDurations': [0], 'JobIds': ['137021152.0'], 'State': 'idle', 'RecordedSite': False}, '639': {'Retries': 0, 'Restarts': 0, 'SiteHistory': ['Unknown'], 'ResidentSetSize': [0], 'SubmitTimes': [1761683506.0], 'StartTimes': [], 'EndTimes': [], 'TotalUserCpuTimeHistory': [0.0], 'TotalSysCpuTimeHistory': [0.0], 'WallDurations': [0], 'JobIds': ['137021141.0'], 'State': 'idle', 'RecordedSite': False}, '640': {'Retries': 0, 'Restarts': 0, 'SiteHistory': ['Unknown'], 'ResidentSetSize': [0], 'SubmitTimes': [1761683507.0], 'StartTimes': [], 'EndTimes': [], 'TotalUserCpuTimeHistory': [0.0], 'TotalSysCpuTimeHistory': [0.0], 'WallDurations': [0], 'JobIds': ['137021149.0'], 'State': 'idle', 'RecordedSite': False}, '641': {'Retries': 0, 'Restarts': 0, 'SiteHistory': ['Unknown'], 'ResidentSetSize': [0], 'SubmitTimes': [1761683506.0], 'StartTimes': [], 'EndTimes': [], 'TotalUserCpuTimeHistory': [0.0], 'TotalSysCpuTimeHistory': [0.0], 'WallDurations': [0], 'JobIds': ['137021143.0'], 'State': 'idle', 'RecordedSite': False}, '642': {'Retries': 0, 'Restarts': 0, 'SiteHistory': ['Unknown'], 'ResidentSetSize': [0], 'SubmitTimes': [1761683506.0], 'StartTimes': [], 'EndTimes': [], 'TotalUserCpuTimeHistory': [0.0], 'TotalSysCpuTimeHistory': [0.0], 'WallDurations': [0], 'JobIds': ['137021146.0'], 'State': 'idle', 'RecordedSite': False}, '643': {'Retries': 0, 'Restarts': 0, 'SiteHistory': ['Unknown'], 'ResidentSetSize': [0], 'SubmitTimes': [1761683508.0], 'StartTimes': [], 'EndTimes': [], 'TotalUserCpuTimeHistory': [0.0], 'TotalSysCpuTimeHistory': [0.0], 'WallDurations': [0], 'JobIds': ['137021153.0'], 'State': 'idle', 'RecordedSite': False}, '644': {'Retries': 0, 'Restarts': 0, 'SiteHistory': [], 'ResidentSetSize': [], 'SubmitTimes': [], 'StartTimes': [], 'EndTimes': [], 'TotalUserCpuTimeHistory': [], 'TotalSysCpuTimeHistory': [], 'WallDurations': [], 'JobIds': [], 'State': 'unsubmitted'}, '645': {'Retries': 0, 'Restarts': 0, 'SiteHistory': ['Unknown'], 'ResidentSetSize': [0], 'SubmitTimes': [1761683509.0], 'StartTimes': [], 'EndTimes': [], 'TotalUserCpuTimeHistory': [0.0], 'TotalSysCpuTimeHistory': [0.0], 'WallDurations': [0], 'JobIds': ['137021154.0'], 'State': 'idle', 'RecordedSite': False}, '646': {'Retries': 0, 'Restarts': 0, 'SiteHistory': ['Unknown'], 'ResidentSetSize': [0], 'SubmitTimes': [1761683517.0], 'StartTimes': [], 'EndTimes': [], 'TotalUserCpuTimeHistory': [0.0], 'TotalSysCpuTimeHistory': [0.0], 'WallDurations': [0], 'JobIds': ['137021166.0'], 'State': 'idle', 'RecordedSite': False}, '647': {'Retries': 0, 'Restarts': 0, 'SiteHistory': ['Unknown'], 'ResidentSetSize': [0], 'SubmitTimes': [1761683520.0], 'StartTimes': [], 'EndTimes': [], 'TotalUserCpuTimeHistory': [0.0], 'TotalSysCpuTimeHistory': [0.0], 'WallDurations': [0], 'JobIds': ['137021170.0'], 'State': 'idle', 'RecordedSite': False}, '648': {'Retries': 0, 'Restarts': 0, 'SiteHistory': ['Unknown'], 'ResidentSetSize': [0], 'SubmitTimes': [1761683521.0], 'StartTimes': [], 'EndTimes': [], 'TotalUserCpuTimeHistory': [0.0], 'TotalSysCpuTimeHistory': [0.0], 'WallDurations': [0], 'JobIds': ['137021171.0'], 'State': 'idle', 'RecordedSite': False}, '649': {'Retries': 0, 'Restarts': 0, 'SiteHistory': ['Unknown'], 'ResidentSetSize': [0], 'SubmitTimes': [1761683537.0], 'StartTimes': [], 'EndTimes': [], 'TotalUserCpuTimeHistory': [0.0], 'TotalSysCpuTimeHistory': [0.0], 'WallDurations': [0], 'JobIds': ['137021172.0'], 'State': 'idle', 'RecordedSite': False}, '650': {'Retries': 0, 'Restarts': 0, 'SiteHistory': ['Unknown'], 'ResidentSetSize': [0], 'SubmitTimes': [1761683548.0], 'StartTimes': [], 'EndTimes': [], 'TotalUserCpuTimeHistory': [0.0], 'TotalSysCpuTimeHistory': [0.0], 'WallDurations': [0], 'JobIds': ['137021181.0'], 'State': 'idle', 'RecordedSite': False}, '651': {'Retries': 0, 'Restarts': 0, 'SiteHistory': ['Unknown'], 'ResidentSetSize': [0], 'SubmitTimes': [1761683549.0], 'StartTimes': [], 'EndTimes': [], 'TotalUserCpuTimeHistory': [0.0], 'TotalSysCpuTimeHistory': [0.0], 'WallDurations': [0], 'JobIds': ['137021187.0'], 'State': 'idle', 'RecordedSite': False}, '652': {'Retries': 0, 'Restarts': 0, 'SiteHistory': ['Unknown'], 'ResidentSetSize': [0], 'SubmitTimes': [1761683550.0], 'StartTimes': [], 'EndTimes': [], 'TotalUserCpuTimeHistory': [0.0], 'TotalSysCpuTimeHistory': [0.0], 'WallDurations': [0], 'JobIds': ['137021192.0'], 'State': 'idle', 'RecordedSite': False}, '653': {'Retries': 0, 'Restarts': 0, 'SiteHistory': ['Unknown'], 'ResidentSetSize': [0], 'SubmitTimes': [1761683551.0], 'StartTimes': [], 'EndTimes': [], 'TotalUserCpuTimeHistory': [0.0], 'TotalSysCpuTimeHistory': [0.0], 'WallDurations': [0], 'JobIds': ['137021198.0'], 'State': 'idle', 'RecordedSite': False}, '654': {'Retries': 0, 'Restarts': 0, 'SiteHistory': ['Unknown'], 'ResidentSetSize': [0], 'SubmitTimes': [1761683554.0], 'StartTimes': [], 'EndTimes': [], 'TotalUserCpuTimeHistory': [0.0], 'TotalSysCpuTimeHistory': [0.0], 'WallDurations': [0], 'JobIds': ['137021204.0'], 'State': 'idle', 'RecordedSite': False}, '655': {'Retries': 0, 'Restarts': 0, 'SiteHistory': ['Unknown'], 'ResidentSetSize': [0], 'SubmitTimes': [1761683559.0], 'StartTimes': [], 'EndTimes': [], 'TotalUserCpuTimeHistory': [0.0], 'TotalSysCpuTimeHistory': [0.0], 'WallDurations': [0], 'JobIds': ['137021210.0'], 'State': 'idle', 'RecordedSite': False}, '656': {'Retries': 0, 'Restarts': 0, 'SiteHistory': ['Unknown'], 'ResidentSetSize': [0], 'SubmitTimes': [1761683560.0], 'StartTimes': [], 'EndTimes': [], 'TotalUserCpuTimeHistory': [0.0], 'TotalSysCpuTimeHistory': [0.0], 'WallDurations': [0], 'JobIds': ['137021213.0'], 'State': 'idle', 'RecordedSite': False}, '657': {'Retries': 0, 'Restarts': 0, 'SiteHistory': ['Unknown'], 'ResidentSetSize': [0], 'SubmitTimes': [1761683560.0], 'StartTimes': [], 'EndTimes': [], 'TotalUserCpuTimeHistory': [0.0], 'TotalSysCpuTimeHistory': [0.0], 'WallDurations': [0], 'JobIds': ['137021216.0'], 'State': 'idle', 'RecordedSite': False}, '658': {'Retries': 0, 'Restarts': 0, 'SiteHistory': ['Unknown'], 'ResidentSetSize': [0], 'SubmitTimes': [1761683560.0], 'StartTimes': [], 'EndTimes': [], 'TotalUserCpuTimeHistory': [0.0], 'TotalSysCpuTimeHistory': [0.0], 'WallDurations': [0], 'JobIds': ['137021220.0'], 'State': 'idle', 'RecordedSite': False}, '659': {'Retries': 0, 'Restarts': 0, 'SiteHistory': ['Unknown'], 'ResidentSetSize': [0], 'SubmitTimes': [1761683561.0], 'StartTimes': [], 'EndTimes': [], 'TotalUserCpuTimeHistory': [0.0], 'TotalSysCpuTimeHistory': [0.0], 'WallDurations': [0], 'JobIds': ['137021224.0'], 'State': 'idle', 'RecordedSite': False}, '660': {'Retries': 0, 'Restarts': 0, 'SiteHistory': ['Unknown'], 'ResidentSetSize': [0], 'SubmitTimes': [1761683562.0], 'StartTimes': [], 'EndTimes': [], 'TotalUserCpuTimeHistory': [0.0], 'TotalSysCpuTimeHistory': [0.0], 'WallDurations': [0], 'JobIds': ['137021229.0'], 'State': 'idle', 'RecordedSite': False}, '661': {'Retries': 0, 'Restarts': 0, 'SiteHistory': [], 'ResidentSetSize': [], 'SubmitTimes': [], 'StartTimes': [], 'EndTimes': [], 'TotalUserCpuTimeHistory': [], 'TotalSysCpuTimeHistory': [], 'WallDurations': [], 'JobIds': [], 'State': 'unsubmitted'}, '662': {'Retries': 0, 'Restarts': 0, 'SiteHistory': ['Unknown'], 'ResidentSetSize': [0], 'SubmitTimes': [1761683562.0], 'StartTimes': [], 'EndTimes': [], 'TotalUserCpuTimeHistory': [0.0], 'TotalSysCpuTimeHistory': [0.0], 'WallDurations': [0], 'JobIds': ['137021236.0'], 'State': 'idle', 'RecordedSite': False}, '663': {'Retries': 0, 'Restarts': 0, 'SiteHistory': ['Unknown'], 'ResidentSetSize': [0], 'SubmitTimes': [1761683563.0], 'StartTimes': [], 'EndTimes': [], 'TotalUserCpuTimeHistory': [0.0], 'TotalSysCpuTimeHistory': [0.0], 'WallDurations': [0], 'JobIds': ['137021242.0'], 'State': 'idle', 'RecordedSite': False}, '664': {'Retries': 0, 'Restarts': 0, 'SiteHistory': ['Unknown'], 'ResidentSetSize': [0], 'SubmitTimes': [1761683563.0], 'StartTimes': [], 'EndTimes': [], 'TotalUserCpuTimeHistory': [0.0], 'TotalSysCpuTimeHistory': [0.0], 'WallDurations': [0], 'JobIds': ['137021244.0'], 'State': 'idle', 'RecordedSite': False}, '665': {'Retries': 0, 'Restarts': 0, 'SiteHistory': ['Unknown'], 'ResidentSetSize': [0], 'SubmitTimes': [1761683564.0], 'StartTimes': [], 'EndTimes': [], 'TotalUserCpuTimeHistory': [0.0], 'TotalSysCpuTimeHistory': [0.0], 'WallDurations': [0], 'JobIds': ['137021249.0'], 'State': 'idle', 'RecordedSite': False}, '666': {'Retries': 0, 'Restarts': 0, 'SiteHistory': ['Unknown'], 'ResidentSetSize': [0], 'SubmitTimes': [1761683565.0], 'StartTimes': [], 'EndTimes': [], 'TotalUserCpuTimeHistory': [0.0], 'TotalSysCpuTimeHistory': [0.0], 'WallDurations': [0], 'JobIds': ['137021254.0'], 'State': 'idle', 'RecordedSite': False}, '667': {'Retries': 0, 'Restarts': 0, 'SiteHistory': ['Unknown'], 'ResidentSetSize': [0], 'SubmitTimes': [1761683577.0], 'StartTimes': [], 'EndTimes': [], 'TotalUserCpuTimeHistory': [0.0], 'TotalSysCpuTimeHistory': [0.0], 'WallDurations': [0], 'JobIds': ['137021265.0'], 'State': 'idle', 'RecordedSite': False}, '668': {'Retries': 0, 'Restarts': 0, 'SiteHistory': ['Unknown'], 'ResidentSetSize': [0], 'SubmitTimes': [1761683580.0], 'StartTimes': [], 'EndTimes': [], 'TotalUserCpuTimeHistory': [0.0], 'TotalSysCpuTimeHistory': [0.0], 'WallDurations': [0], 'JobIds': ['137021272.0'], 'State': 'idle', 'RecordedSite': False}, '669': {'Retries': 0, 'Restarts': 0, 'SiteHistory': ['Unknown'], 'ResidentSetSize': [0], 'SubmitTimes': [1761683585.0], 'StartTimes': [], 'EndTimes': [], 'TotalUserCpuTimeHistory': [0.0], 'TotalSysCpuTimeHistory': [0.0], 'WallDurations': [0], 'JobIds': ['137021289.0'], 'State': 'idle', 'RecordedSite': False}, '670': {'Retries': 0, 'Restarts': 0, 'SiteHistory': ['Unknown'], 'ResidentSetSize': [0], 'SubmitTimes': [1761683586.0], 'StartTimes': [], 'EndTimes': [], 'TotalUserCpuTimeHistory': [0.0], 'TotalSysCpuTimeHistory': [0.0], 'WallDurations': [0], 'JobIds': ['137021297.0'], 'State': 'idle', 'RecordedSite': False}, '671': {'Retries': 0, 'Restarts': 0, 'SiteHistory': ['Unknown'], 'ResidentSetSize': [0], 'SubmitTimes': [1761683587.0], 'StartTimes': [], 'EndTimes': [], 'TotalUserCpuTimeHistory': [0.0], 'TotalSysCpuTimeHistory': [0.0], 'WallDurations': [0], 'JobIds': ['137021308.0'], 'State': 'idle', 'RecordedSite': False}, '672': {'Retries': 0, 'Restarts': 0, 'SiteHistory': ['Unknown'], 'ResidentSetSize': [0], 'SubmitTimes': [1761683588.0], 'StartTimes': [], 'EndTimes': [], 'TotalUserCpuTimeHistory': [0.0], 'TotalSysCpuTimeHistory': [0.0], 'WallDurations': [0], 'JobIds': ['137021314.0'], 'State': 'idle', 'RecordedSite': False}, '673': {'Retries': 0, 'Restarts': 0, 'SiteHistory': ['Unknown'], 'ResidentSetSize': [0], 'SubmitTimes': [1761683589.0], 'StartTimes': [], 'EndTimes': [], 'TotalUserCpuTimeHistory': [0.0], 'TotalSysCpuTimeHistory': [0.0], 'WallDurations': [0], 'JobIds': ['137021322.0'], 'State': 'idle', 'RecordedSite': False}, '674': {'Retries': 0, 'Restarts': 0, 'SiteHistory': ['Unknown'], 'ResidentSetSize': [0], 'SubmitTimes': [1761683589.0], 'StartTimes': [], 'EndTimes': [], 'TotalUserCpuTimeHistory': [0.0], 'TotalSysCpuTimeHistory': [0.0], 'WallDurations': [0], 'JobIds': ['137021327.0'], 'State': 'idle', 'RecordedSite': False}, '675': {'Retries': 0, 'Restarts': 0, 'SiteHistory': ['Unknown'], 'ResidentSetSize': [0], 'SubmitTimes': [1761683592.0], 'StartTimes': [], 'EndTimes': [], 'TotalUserCpuTimeHistory': [0.0], 'TotalSysCpuTimeHistory': [0.0], 'WallDurations': [0], 'JobIds': ['137021332.0'], 'State': 'idle', 'RecordedSite': False}, '676': {'Retries': 0, 'Restarts': 0, 'SiteHistory': ['Unknown'], 'ResidentSetSize': [0], 'SubmitTimes': [1761683599.0], 'StartTimes': [], 'EndTimes': [], 'TotalUserCpuTimeHistory': [0.0], 'TotalSysCpuTimeHistory': [0.0], 'WallDurations': [0], 'JobIds': ['137021354.0'], 'State': 'idle', 'RecordedSite': False}, '677': {'Retries': 0, 'Restarts': 0, 'SiteHistory': ['Unknown'], 'ResidentSetSize': [0], 'SubmitTimes': [1761683600.0], 'StartTimes': [], 'EndTimes': [], 'TotalUserCpuTimeHistory': [0.0], 'TotalSysCpuTimeHistory': [0.0], 'WallDurations': [0], 'JobIds': ['137021360.0'], 'State': 'idle', 'RecordedSite': False}, '678': {'Retries': 0, 'Restarts': 0, 'SiteHistory': ['Unknown'], 'ResidentSetSize': [0], 'SubmitTimes': [1761683601.0], 'StartTimes': [], 'EndTimes': [], 'TotalUserCpuTimeHistory': [0.0], 'TotalSysCpuTimeHistory': [0.0], 'WallDurations': [0], 'JobIds': ['137021365.0'], 'State': 'idle', 'RecordedSite': False}, '679': {'Retries': 0, 'Restarts': 0, 'SiteHistory': ['Unknown'], 'ResidentSetSize': [0], 'SubmitTimes': [1761683603.0], 'StartTimes': [], 'EndTimes': [], 'TotalUserCpuTimeHistory': [0.0], 'TotalSysCpuTimeHistory': [0.0], 'WallDurations': [0], 'JobIds': ['137021369.0'], 'State': 'idle', 'RecordedSite': False}, '680': {'Retries': 0, 'Restarts': 0, 'SiteHistory': ['Unknown'], 'ResidentSetSize': [0], 'SubmitTimes': [1761683604.0], 'StartTimes': [], 'EndTimes': [], 'TotalUserCpuTimeHistory': [0.0], 'TotalSysCpuTimeHistory': [0.0], 'WallDurations': [0], 'JobIds': ['137021374.0'], 'State': 'idle', 'RecordedSite': False}, '681': {'Retries': 0, 'Restarts': 0, 'SiteHistory': ['Unknown'], 'ResidentSetSize': [0], 'SubmitTimes': [1761683611.0], 'StartTimes': [], 'EndTimes': [], 'TotalUserCpuTimeHistory': [0.0], 'TotalSysCpuTimeHistory': [0.0], 'WallDurations': [0], 'JobIds': ['137021387.0'], 'State': 'idle', 'RecordedSite': False}, '682': {'Retries': 0, 'Restarts': 0, 'SiteHistory': [], 'ResidentSetSize': [], 'SubmitTimes': [], 'StartTimes': [], 'EndTimes': [], 'TotalUserCpuTimeHistory': [], 'TotalSysCpuTimeHistory': [], 'WallDurations': [], 'JobIds': [], 'State': 'unsubmitted'}, '683': {'Retries': 0, 'Restarts': 0, 'SiteHistory': ['Unknown'], 'ResidentSetSize': [0], 'SubmitTimes': [1761683639.0], 'StartTimes': [], 'EndTimes': [], 'TotalUserCpuTimeHistory': [0.0], 'TotalSysCpuTimeHistory': [0.0], 'WallDurations': [0], 'JobIds': ['137021503.0'], 'State': 'idle', 'RecordedSite': False}, '684': {'Retries': 0, 'Restarts': 0, 'SiteHistory': ['Unknown'], 'ResidentSetSize': [0], 'SubmitTimes': [1761683614.0], 'StartTimes': [], 'EndTimes': [], 'TotalUserCpuTimeHistory': [0.0], 'TotalSysCpuTimeHistory': [0.0], 'WallDurations': [0], 'JobIds': ['137021396.0'], 'State': 'idle', 'RecordedSite': False}, '685': {'Retries': 0, 'Restarts': 0, 'SiteHistory': ['Unknown'], 'ResidentSetSize': [0], 'SubmitTimes': [1761683618.0], 'StartTimes': [], 'EndTimes': [], 'TotalUserCpuTimeHistory': [0.0], 'TotalSysCpuTimeHistory': [0.0], 'WallDurations': [0], 'JobIds': ['137021401.0'], 'State': 'idle', 'RecordedSite': False}, '686': {'Retries': 0, 'Restarts': 0, 'SiteHistory': ['Unknown'], 'ResidentSetSize': [0], 'SubmitTimes': [1761683613.0], 'StartTimes': [], 'EndTimes': [], 'TotalUserCpuTimeHistory': [0.0], 'TotalSysCpuTimeHistory': [0.0], 'WallDurations': [0], 'JobIds': ['137021392.0'], 'State': 'idle', 'RecordedSite': False}, '687': {'Retries': 0, 'Restarts': 0, 'SiteHistory': ['Unknown'], 'ResidentSetSize': [0], 'SubmitTimes': [1761683626.0], 'StartTimes': [], 'EndTimes': [], 'TotalUserCpuTimeHistory': [0.0], 'TotalSysCpuTimeHistory': [0.0], 'WallDurations': [0], 'JobIds': ['137021423.0'], 'State': 'idle', 'RecordedSite': False}, '688': {'Retries': 0, 'Restarts': 0, 'SiteHistory': ['Unknown'], 'ResidentSetSize': [0], 'SubmitTimes': [1761683627.0], 'StartTimes': [], 'EndTimes': [], 'TotalUserCpuTimeHistory': [0.0], 'TotalSysCpuTimeHistory': [0.0], 'WallDurations': [0], 'JobIds': ['137021428.0'], 'State': 'idle', 'RecordedSite': False}, '689': {'Retries': 0, 'Restarts': 0, 'SiteHistory': ['Unknown'], 'ResidentSetSize': [0], 'SubmitTimes': [1761683628.0], 'StartTimes': [], 'EndTimes': [], 'TotalUserCpuTimeHistory': [0.0], 'TotalSysCpuTimeHistory': [0.0], 'WallDurations': [0], 'JobIds': ['137021434.0'], 'State': 'idle', 'RecordedSite': False}, '690': {'Retries': 0, 'Restarts': 0, 'SiteHistory': ['Unknown'], 'ResidentSetSize': [0], 'SubmitTimes': [1761683629.0], 'StartTimes': [], 'EndTimes': [], 'TotalUserCpuTimeHistory': [0.0], 'TotalSysCpuTimeHistory': [0.0], 'WallDurations': [0], 'JobIds': ['137021440.0'], 'State': 'idle', 'RecordedSite': False}, '691': {'Retries': 0, 'Restarts': 0, 'SiteHistory': ['Unknown'], 'ResidentSetSize': [0], 'SubmitTimes': [1761683630.0], 'StartTimes': [], 'EndTimes': [], 'TotalUserCpuTimeHistory': [0.0], 'TotalSysCpuTimeHistory': [0.0], 'WallDurations': [0], 'JobIds': ['137021448.0'], 'State': 'idle', 'RecordedSite': False}, '692': {'Retries': 0, 'Restarts': 0, 'SiteHistory': ['Unknown'], 'ResidentSetSize': [0], 'SubmitTimes': [1761683630.0], 'StartTimes': [], 'EndTimes': [], 'TotalUserCpuTimeHistory': [0.0], 'TotalSysCpuTimeHistory': [0.0], 'WallDurations': [0], 'JobIds': ['137021453.0'], 'State': 'idle', 'RecordedSite': False}, '693': {'Retries': 0, 'Restarts': 0, 'SiteHistory': ['Unknown'], 'ResidentSetSize': [0], 'SubmitTimes': [1761683641.0], 'StartTimes': [], 'EndTimes': [], 'TotalUserCpuTimeHistory': [0.0], 'TotalSysCpuTimeHistory': [0.0], 'WallDurations': [0], 'JobIds': ['137021512.0'], 'State': 'idle', 'RecordedSite': False}, '694': {'Retries': 0, 'Restarts': 0, 'SiteHistory': ['Unknown'], 'ResidentSetSize': [0], 'SubmitTimes': [1761683631.0], 'StartTimes': [], 'EndTimes': [], 'TotalUserCpuTimeHistory': [0.0], 'TotalSysCpuTimeHistory': [0.0], 'WallDurations': [0], 'JobIds': ['137021456.0'], 'State': 'idle', 'RecordedSite': False}, '695': {'Retries': 0, 'Restarts': 0, 'SiteHistory': ['Unknown'], 'ResidentSetSize': [0], 'SubmitTimes': [1761683631.0], 'StartTimes': [], 'EndTimes': [], 'TotalUserCpuTimeHistory': [0.0], 'TotalSysCpuTimeHistory': [0.0], 'WallDurations': [0], 'JobIds': ['137021460.0'], 'State': 'idle', 'RecordedSite': False}, '696': {'Retries': 0, 'Restarts': 0, 'SiteHistory': ['Unknown'], 'ResidentSetSize': [0], 'SubmitTimes': [1761683632.0], 'StartTimes': [], 'EndTimes': [], 'TotalUserCpuTimeHistory': [0.0], 'TotalSysCpuTimeHistory': [0.0], 'WallDurations': [0], 'JobIds': ['137021463.0'], 'State': 'idle', 'RecordedSite': False}, '697': {'Retries': 0, 'Restarts': 0, 'SiteHistory': ['Unknown'], 'ResidentSetSize': [0], 'SubmitTimes': [1761683643.0], 'StartTimes': [], 'EndTimes': [], 'TotalUserCpuTimeHistory': [0.0], 'TotalSysCpuTimeHistory': [0.0], 'WallDurations': [0], 'JobIds': ['137021519.0'], 'State': 'idle', 'RecordedSite': False}, '698': {'Retries': 0, 'Restarts': 0, 'SiteHistory': ['Unknown'], 'ResidentSetSize': [0], 'SubmitTimes': [1761683641.0], 'StartTimes': [], 'EndTimes': [], 'TotalUserCpuTimeHistory': [0.0], 'TotalSysCpuTimeHistory': [0.0], 'WallDurations': [0], 'JobIds': ['137021509.0'], 'State': 'idle', 'RecordedSite': False}, '699': {'Retries': 0, 'Restarts': 0, 'SiteHistory': ['Unknown'], 'ResidentSetSize': [0], 'SubmitTimes': [1761683642.0], 'StartTimes': [], 'EndTimes': [], 'TotalUserCpuTimeHistory': [0.0], 'TotalSysCpuTimeHistory': [0.0], 'WallDurations': [0], 'JobIds': ['137021515.0'], 'State': 'idle', 'RecordedSite': False}, '700': {'Retries': 0, 'Restarts': 0, 'SiteHistory': ['Unknown'], 'ResidentSetSize': [0], 'SubmitTimes': [1761683638.0], 'StartTimes': [], 'EndTimes': [], 'TotalUserCpuTimeHistory': [0.0], 'TotalSysCpuTimeHistory': [0.0], 'WallDurations': [0], 'JobIds': ['137021495.0'], 'State': 'idle', 'RecordedSite': False}, '701': {'Retries': 0, 'Restarts': 0, 'SiteHistory': ['Unknown'], 'ResidentSetSize': [0], 'SubmitTimes': [1761683643.0], 'StartTimes': [], 'EndTimes': [], 'TotalUserCpuTimeHistory': [0.0], 'TotalSysCpuTimeHistory': [0.0], 'WallDurations': [0], 'JobIds': ['137021522.0'], 'State': 'idle', 'RecordedSite': False}, '702': {'Retries': 0, 'Restarts': 0, 'SiteHistory': ['Unknown'], 'ResidentSetSize': [0], 'SubmitTimes': [1761683638.0], 'StartTimes': [], 'EndTimes': [], 'TotalUserCpuTimeHistory': [0.0], 'TotalSysCpuTimeHistory': [0.0], 'WallDurations': [0], 'JobIds': ['137021499.0'], 'State': 'idle', 'RecordedSite': False}, '703': {'Retries': 0, 'Restarts': 0, 'SiteHistory': ['Unknown'], 'ResidentSetSize': [0], 'SubmitTimes': [1761683639.0], 'StartTimes': [], 'EndTimes': [], 'TotalUserCpuTimeHistory': [0.0], 'TotalSysCpuTimeHistory': [0.0], 'WallDurations': [0], 'JobIds': ['137021506.0'], 'State': 'idle', 'RecordedSite': False}, '704': {'Retries': 0, 'Restarts': 0, 'SiteHistory': [], 'ResidentSetSize': [], 'SubmitTimes': [], 'StartTimes': [], 'EndTimes': [], 'TotalUserCpuTimeHistory': [], 'TotalSysCpuTimeHistory': [], 'WallDurations': [], 'JobIds': [], 'State': 'unsubmitted'}, '705': {'Retries': 0, 'Restarts': 0, 'SiteHistory': ['Unknown'], 'ResidentSetSize': [0], 'SubmitTimes': [1761683666.0], 'StartTimes': [], 'EndTimes': [], 'TotalUserCpuTimeHistory': [0.0], 'TotalSysCpuTimeHistory': [0.0], 'WallDurations': [0], 'JobIds': ['137021605.0'], 'State': 'idle', 'RecordedSite': False}, '706': {'Retries': 0, 'Restarts': 0, 'SiteHistory': ['Unknown'], 'ResidentSetSize': [0], 'SubmitTimes': [1761683644.0], 'StartTimes': [], 'EndTimes': [], 'TotalUserCpuTimeHistory': [0.0], 'TotalSysCpuTimeHistory': [0.0], 'WallDurations': [0], 'JobIds': ['137021523.0'], 'State': 'idle', 'RecordedSite': False}, '707': {'Retries': 0, 'Restarts': 0, 'SiteHistory': ['Unknown'], 'ResidentSetSize': [0], 'SubmitTimes': [1761683649.0], 'StartTimes': [], 'EndTimes': [], 'TotalUserCpuTimeHistory': [0.0], 'TotalSysCpuTimeHistory': [0.0], 'WallDurations': [0], 'JobIds': ['137021543.0'], 'State': 'idle', 'RecordedSite': False}, '708': {'Retries': 0, 'Restarts': 0, 'SiteHistory': ['Unknown'], 'ResidentSetSize': [0], 'SubmitTimes': [1761683666.0], 'StartTimes': [], 'EndTimes': [], 'TotalUserCpuTimeHistory': [0.0], 'TotalSysCpuTimeHistory': [0.0], 'WallDurations': [0], 'JobIds': ['137021595.0'], 'State': 'idle', 'RecordedSite': False}, '709': {'Retries': 0, 'Restarts': 0, 'SiteHistory': ['Unknown'], 'ResidentSetSize': [0], 'SubmitTimes': [1761683666.0], 'StartTimes': [], 'EndTimes': [], 'TotalUserCpuTimeHistory': [0.0], 'TotalSysCpuTimeHistory': [0.0], 'WallDurations': [0], 'JobIds': ['137021602.0'], 'State': 'idle', 'RecordedSite': False}, '710': {'Retries': 0, 'Restarts': 0, 'SiteHistory': ['Unknown'], 'ResidentSetSize': [0], 'SubmitTimes': [1761683652.0], 'StartTimes': [], 'EndTimes': [], 'TotalUserCpuTimeHistory': [0.0], 'TotalSysCpuTimeHistory': [0.0], 'WallDurations': [0], 'JobIds': ['137021547.0'], 'State': 'idle', 'RecordedSite': False}, '711': {'Retries': 0, 'Restarts': 0, 'SiteHistory': ['Unknown'], 'ResidentSetSize': [0], 'SubmitTimes': [1761683665.0], 'StartTimes': [], 'EndTimes': [], 'TotalUserCpuTimeHistory': [0.0], 'TotalSysCpuTimeHistory': [0.0], 'WallDurations': [0], 'JobIds': ['137021588.0'], 'State': 'idle', 'RecordedSite': False}, '712': {'Retries': 0, 'Restarts': 0, 'SiteHistory': ['Unknown'], 'ResidentSetSize': [0], 'SubmitTimes': [1761683656.0], 'StartTimes': [], 'EndTimes': [], 'TotalUserCpuTimeHistory': [0.0], 'TotalSysCpuTimeHistory': [0.0], 'WallDurations': [0], 'JobIds': ['137021552.0'], 'State': 'idle', 'RecordedSite': False}, '713': {'Retries': 0, 'Restarts': 0, 'SiteHistory': ['Unknown'], 'ResidentSetSize': [0], 'SubmitTimes': [1761683667.0], 'StartTimes': [], 'EndTimes': [], 'TotalUserCpuTimeHistory': [0.0], 'TotalSysCpuTimeHistory': [0.0], 'WallDurations': [0], 'JobIds': ['137021607.0'], 'State': 'idle', 'RecordedSite': False}, '714': {'Retries': 0, 'Restarts': 0, 'SiteHistory': ['Unknown'], 'ResidentSetSize': [0], 'SubmitTimes': [1761683662.0], 'StartTimes': [], 'EndTimes': [], 'TotalUserCpuTimeHistory': [0.0], 'TotalSysCpuTimeHistory': [0.0], 'WallDurations': [0], 'JobIds': ['137021566.0'], 'State': 'idle', 'RecordedSite': False}, '715': {'Retries': 0, 'Restarts': 0, 'SiteHistory': ['Unknown'], 'ResidentSetSize': [0], 'SubmitTimes': [1761683663.0], 'StartTimes': [], 'EndTimes': [], 'TotalUserCpuTimeHistory': [0.0], 'TotalSysCpuTimeHistory': [0.0], 'WallDurations': [0], 'JobIds': ['137021570.0'], 'State': 'idle', 'RecordedSite': False}, '716': {'Retries': 0, 'Restarts': 0, 'SiteHistory': ['Unknown'], 'ResidentSetSize': [0], 'SubmitTimes': [1761683663.0], 'StartTimes': [], 'EndTimes': [], 'TotalUserCpuTimeHistory': [0.0], 'TotalSysCpuTimeHistory': [0.0], 'WallDurations': [0], 'JobIds': ['137021573.0'], 'State': 'idle', 'RecordedSite': False}, '717': {'Retries': 0, 'Restarts': 0, 'SiteHistory': ['Unknown'], 'ResidentSetSize': [0], 'SubmitTimes': [1761683664.0], 'StartTimes': [], 'EndTimes': [], 'TotalUserCpuTimeHistory': [0.0], 'TotalSysCpuTimeHistory': [0.0], 'WallDurations': [0], 'JobIds': ['137021576.0'], 'State': 'idle', 'RecordedSite': False}, '718': {'Retries': 0, 'Restarts': 0, 'SiteHistory': ['Unknown'], 'ResidentSetSize': [0], 'SubmitTimes': [1761683664.0], 'StartTimes': [], 'EndTimes': [], 'TotalUserCpuTimeHistory': [0.0], 'TotalSysCpuTimeHistory': [0.0], 'WallDurations': [0], 'JobIds': ['137021579.0'], 'State': 'idle', 'RecordedSite': False}, '719': {'Retries': 0, 'Restarts': 0, 'SiteHistory': ['Unknown'], 'ResidentSetSize': [0], 'SubmitTimes': [1761683664.0], 'StartTimes': [], 'EndTimes': [], 'TotalUserCpuTimeHistory': [0.0], 'TotalSysCpuTimeHistory': [0.0], 'WallDurations': [0], 'JobIds': ['137021582.0'], 'State': 'idle', 'RecordedSite': False}, '720': {'Retries': 0, 'Restarts': 0, 'SiteHistory': ['Unknown'], 'ResidentSetSize': [0], 'SubmitTimes': [1761683666.0], 'StartTimes': [], 'EndTimes': [], 'TotalUserCpuTimeHistory': [0.0], 'TotalSysCpuTimeHistory': [0.0], 'WallDurations': [0], 'JobIds': ['137021592.0'], 'State': 'idle', 'RecordedSite': False}, '721': {'Retries': 0, 'Restarts': 0, 'SiteHistory': ['Unknown'], 'ResidentSetSize': [0], 'SubmitTimes': [1761683666.0], 'StartTimes': [], 'EndTimes': [], 'TotalUserCpuTimeHistory': [0.0], 'TotalSysCpuTimeHistory': [0.0], 'WallDurations': [0], 'JobIds': ['137021598.0'], 'State': 'idle', 'RecordedSite': False}, '722': {'Retries': 0, 'Restarts': 0, 'SiteHistory': ['Unknown'], 'ResidentSetSize': [0], 'SubmitTimes': [1761683665.0], 'StartTimes': [], 'EndTimes': [], 'TotalUserCpuTimeHistory': [0.0], 'TotalSysCpuTimeHistory': [0.0], 'WallDurations': [0], 'JobIds': ['137021584.0'], 'State': 'idle', 'RecordedSite': False}, '723': {'Retries': 0, 'Restarts': 0, 'SiteHistory': [], 'ResidentSetSize': [], 'SubmitTimes': [], 'StartTimes': [], 'EndTimes': [], 'TotalUserCpuTimeHistory': [], 'TotalSysCpuTimeHistory': [], 'WallDurations': [], 'JobIds': [], 'State': 'unsubmitted'}, '724': {'Retries': 0, 'Restarts': 0, 'SiteHistory': ['Unknown'], 'ResidentSetSize': [0], 'SubmitTimes': [1761683667.0], 'StartTimes': [], 'EndTimes': [], 'TotalUserCpuTimeHistory': [0.0], 'TotalSysCpuTimeHistory': [0.0], 'WallDurations': [0], 'JobIds': ['137021610.0'], 'State': 'idle', 'RecordedSite': False}, '725': {'Retries': 0, 'Restarts': 0, 'SiteHistory': ['Unknown'], 'ResidentSetSize': [0], 'SubmitTimes': [1761683668.0], 'StartTimes': [], 'EndTimes': [], 'TotalUserCpuTimeHistory': [0.0], 'TotalSysCpuTimeHistory': [0.0], 'WallDurations': [0], 'JobIds': ['137021612.0'], 'State': 'idle', 'RecordedSite': False}, '726': {'Retries': 0, 'Restarts': 0, 'SiteHistory': ['Unknown'], 'ResidentSetSize': [0], 'SubmitTimes': [1761683677.0], 'StartTimes': [], 'EndTimes': [], 'TotalUserCpuTimeHistory': [0.0], 'TotalSysCpuTimeHistory': [0.0], 'WallDurations': [0], 'JobIds': ['137021628.0'], 'State': 'idle', 'RecordedSite': False}, '727': {'Retries': 0, 'Restarts': 0, 'SiteHistory': ['Unknown'], 'ResidentSetSize': [0], 'SubmitTimes': [1761683679.0], 'StartTimes': [], 'EndTimes': [], 'TotalUserCpuTimeHistory': [0.0], 'TotalSysCpuTimeHistory': [0.0], 'WallDurations': [0], 'JobIds': ['137021630.0'], 'State': 'idle', 'RecordedSite': False}, '728': {'Retries': 0, 'Restarts': 0, 'SiteHistory': ['Unknown'], 'ResidentSetSize': [0], 'SubmitTimes': [1761683686.0], 'StartTimes': [], 'EndTimes': [], 'TotalUserCpuTimeHistory': [0.0], 'TotalSysCpuTimeHistory': [0.0], 'WallDurations': [0], 'JobIds': ['137021635.0'], 'State': 'idle', 'RecordedSite': False}, '729': {'Retries': 0, 'Restarts': 0, 'SiteHistory': ['Unknown'], 'ResidentSetSize': [0], 'SubmitTimes': [1761683687.0], 'StartTimes': [], 'EndTimes': [], 'TotalUserCpuTimeHistory': [0.0], 'TotalSysCpuTimeHistory': [0.0], 'WallDurations': [0], 'JobIds': ['137021637.0'], 'State': 'idle', 'RecordedSite': False}, '730': {'Retries': 0, 'Restarts': 0, 'SiteHistory': ['Unknown'], 'ResidentSetSize': [0], 'SubmitTimes': [1761683687.0], 'StartTimes': [], 'EndTimes': [], 'TotalUserCpuTimeHistory': [0.0], 'TotalSysCpuTimeHistory': [0.0], 'WallDurations': [0], 'JobIds': ['137021640.0'], 'State': 'idle', 'RecordedSite': False}, '731': {'Retries': 0, 'Restarts': 0, 'SiteHistory': ['Unknown'], 'ResidentSetSize': [0], 'SubmitTimes': [1761683688.0], 'StartTimes': [], 'EndTimes': [], 'TotalUserCpuTimeHistory': [0.0], 'TotalSysCpuTimeHistory': [0.0], 'WallDurations': [0], 'JobIds': ['137021643.0'], 'State': 'idle', 'RecordedSite': False}, '732': {'Retries': 0, 'Restarts': 0, 'SiteHistory': ['Unknown'], 'ResidentSetSize': [0], 'SubmitTimes': [1761683691.0], 'StartTimes': [], 'EndTimes': [], 'TotalUserCpuTimeHistory': [0.0], 'TotalSysCpuTimeHistory': [0.0], 'WallDurations': [0], 'JobIds': ['137021649.0'], 'State': 'idle', 'RecordedSite': False}, '733': {'Retries': 0, 'Restarts': 0, 'SiteHistory': ['Unknown'], 'ResidentSetSize': [0], 'SubmitTimes': [1761683696.0], 'StartTimes': [], 'EndTimes': [], 'TotalUserCpuTimeHistory': [0.0], 'TotalSysCpuTimeHistory': [0.0], 'WallDurations': [0], 'JobIds': ['137021658.0'], 'State': 'idle', 'RecordedSite': False}, '734': {'Retries': 0, 'Restarts': 0, 'SiteHistory': ['Unknown'], 'ResidentSetSize': [0], 'SubmitTimes': [1761683696.0], 'StartTimes': [], 'EndTimes': [], 'TotalUserCpuTimeHistory': [0.0], 'TotalSysCpuTimeHistory': [0.0], 'WallDurations': [0], 'JobIds': ['137021659.0'], 'State': 'idle', 'RecordedSite': False}, '735': {'Retries': 0, 'Restarts': 0, 'SiteHistory': ['Unknown'], 'ResidentSetSize': [0], 'SubmitTimes': [1761683697.0], 'StartTimes': [], 'EndTimes': [], 'TotalUserCpuTimeHistory': [0.0], 'TotalSysCpuTimeHistory': [0.0], 'WallDurations': [0], 'JobIds': ['137021661.0'], 'State': 'idle', 'RecordedSite': False}, '736': {'Retries': 0, 'Restarts': 0, 'SiteHistory': ['Unknown'], 'ResidentSetSize': [0], 'SubmitTimes': [1761683697.0], 'StartTimes': [], 'EndTimes': [], 'TotalUserCpuTimeHistory': [0.0], 'TotalSysCpuTimeHistory': [0.0], 'WallDurations': [0], 'JobIds': ['137021663.0'], 'State': 'idle', 'RecordedSite': False}, '737': {'Retries': 0, 'Restarts': 0, 'SiteHistory': ['Unknown'], 'ResidentSetSize': [0], 'SubmitTimes': [1761683697.0], 'StartTimes': [], 'EndTimes': [], 'TotalUserCpuTimeHistory': [0.0], 'TotalSysCpuTimeHistory': [0.0], 'WallDurations': [0], 'JobIds': ['137021666.0'], 'State': 'idle', 'RecordedSite': False}, '738': {'Retries': 0, 'Restarts': 0, 'SiteHistory': ['Unknown'], 'ResidentSetSize': [0], 'SubmitTimes': [1761683697.0], 'StartTimes': [], 'EndTimes': [], 'TotalUserCpuTimeHistory': [0.0], 'TotalSysCpuTimeHistory': [0.0], 'WallDurations': [0], 'JobIds': ['137021667.0'], 'State': 'idle', 'RecordedSite': False}, '739': {'Retries': 0, 'Restarts': 0, 'SiteHistory': ['Unknown'], 'ResidentSetSize': [0], 'SubmitTimes': [1761683697.0], 'StartTimes': [], 'EndTimes': [], 'TotalUserCpuTimeHistory': [0.0], 'TotalSysCpuTimeHistory': [0.0], 'WallDurations': [0], 'JobIds': ['137021669.0'], 'State': 'idle', 'RecordedSite': False}, '740': {'Retries': 0, 'Restarts': 0, 'SiteHistory': ['Unknown'], 'ResidentSetSize': [0], 'SubmitTimes': [1761683698.0], 'StartTimes': [], 'EndTimes': [], 'TotalUserCpuTimeHistory': [0.0], 'TotalSysCpuTimeHistory': [0.0], 'WallDurations': [0], 'JobIds': ['137021670.0'], 'State': 'idle', 'RecordedSite': False}, '741': {'Retries': 0, 'Restarts': 0, 'SiteHistory': ['Unknown'], 'ResidentSetSize': [0], 'SubmitTimes': [1761683699.0], 'StartTimes': [], 'EndTimes': [], 'TotalUserCpuTimeHistory': [0.0], 'TotalSysCpuTimeHistory': [0.0], 'WallDurations': [0], 'JobIds': ['137021672.0'], 'State': 'idle', 'RecordedSite': False}, '742': {'Retries': 0, 'Restarts': 0, 'SiteHistory': ['Unknown'], 'ResidentSetSize': [0], 'SubmitTimes': [1761683699.0], 'StartTimes': [], 'EndTimes': [], 'TotalUserCpuTimeHistory': [0.0], 'TotalSysCpuTimeHistory': [0.0], 'WallDurations': [0], 'JobIds': ['137021676.0'], 'State': 'idle', 'RecordedSite': False}, '743': {'Retries': 0, 'Restarts': 0, 'SiteHistory': ['Unknown'], 'ResidentSetSize': [0], 'SubmitTimes': [1761683699.0], 'StartTimes': [], 'EndTimes': [], 'TotalUserCpuTimeHistory': [0.0], 'TotalSysCpuTimeHistory': [0.0], 'WallDurations': [0], 'JobIds': ['137021678.0'], 'State': 'idle', 'RecordedSite': False}, '744': {'Retries': 0, 'Restarts': 0, 'SiteHistory': [], 'ResidentSetSize': [], 'SubmitTimes': [], 'StartTimes': [], 'EndTimes': [], 'TotalUserCpuTimeHistory': [], 'TotalSysCpuTimeHistory': [], 'WallDurations': [], 'JobIds': [], 'State': 'unsubmitted'}, '745': {'Retries': 0, 'Restarts': 0, 'SiteHistory': ['Unknown'], 'ResidentSetSize': [0], 'SubmitTimes': [1761683719.0], 'StartTimes': [], 'EndTimes': [], 'TotalUserCpuTimeHistory': [0.0], 'TotalSysCpuTimeHistory': [0.0], 'WallDurations': [0], 'JobIds': ['137021764.0'], 'State': 'idle', 'RecordedSite': False}, '746': {'Retries': 0, 'Restarts': 0, 'SiteHistory': ['Unknown'], 'ResidentSetSize': [0], 'SubmitTimes': [1761683721.0], 'StartTimes': [], 'EndTimes': [], 'TotalUserCpuTimeHistory': [0.0], 'TotalSysCpuTimeHistory': [0.0], 'WallDurations': [0], 'JobIds': ['137021776.0'], 'State': 'idle', 'RecordedSite': False}, '747': {'Retries': 0, 'Restarts': 0, 'SiteHistory': ['Unknown'], 'ResidentSetSize': [0], 'SubmitTimes': [1761683720.0], 'StartTimes': [], 'EndTimes': [], 'TotalUserCpuTimeHistory': [0.0], 'TotalSysCpuTimeHistory': [0.0], 'WallDurations': [0], 'JobIds': ['137021766.0'], 'State': 'idle', 'RecordedSite': False}, '748': {'Retries': 0, 'Restarts': 0, 'SiteHistory': ['Unknown'], 'ResidentSetSize': [0], 'SubmitTimes': [1761683712.0], 'StartTimes': [], 'EndTimes': [], 'TotalUserCpuTimeHistory': [0.0], 'TotalSysCpuTimeHistory': [0.0], 'WallDurations': [0], 'JobIds': ['137021741.0'], 'State': 'idle', 'RecordedSite': False}, '749': {'Retries': 0, 'Restarts': 0, 'SiteHistory': ['Unknown'], 'ResidentSetSize': [0], 'SubmitTimes': [1761683700.0], 'StartTimes': [], 'EndTimes': [], 'TotalUserCpuTimeHistory': [0.0], 'TotalSysCpuTimeHistory': [0.0], 'WallDurations': [0], 'JobIds': ['137021685.0'], 'State': 'idle', 'RecordedSite': False}, '750': {'Retries': 0, 'Restarts': 0, 'SiteHistory': ['Unknown'], 'ResidentSetSize': [0], 'SubmitTimes': [1761683722.0], 'StartTimes': [], 'EndTimes': [], 'TotalUserCpuTimeHistory': [0.0], 'TotalSysCpuTimeHistory': [0.0], 'WallDurations': [0], 'JobIds': ['137021780.0'], 'State': 'idle', 'RecordedSite': False}, '751': {'Retries': 0, 'Restarts': 0, 'SiteHistory': ['Unknown'], 'ResidentSetSize': [0], 'SubmitTimes': [1761683721.0], 'StartTimes': [], 'EndTimes': [], 'TotalUserCpuTimeHistory': [0.0], 'TotalSysCpuTimeHistory': [0.0], 'WallDurations': [0], 'JobIds': ['137021772.0'], 'State': 'idle', 'RecordedSite': False}, '752': {'Retries': 0, 'Restarts': 0, 'SiteHistory': ['Unknown'], 'ResidentSetSize': [0], 'SubmitTimes': [1761683700.0], 'StartTimes': [], 'EndTimes': [], 'TotalUserCpuTimeHistory': [0.0], 'TotalSysCpuTimeHistory': [0.0], 'WallDurations': [0], 'JobIds': ['137021689.0'], 'State': 'idle', 'RecordedSite': False}, '753': {'Retries': 0, 'Restarts': 0, 'SiteHistory': ['Unknown'], 'ResidentSetSize': [0], 'SubmitTimes': [1761683700.0], 'StartTimes': [], 'EndTimes': [], 'TotalUserCpuTimeHistory': [0.0], 'TotalSysCpuTimeHistory': [0.0], 'WallDurations': [0], 'JobIds': ['137021694.0'], 'State': 'idle', 'RecordedSite': False}, '754': {'Retries': 0, 'Restarts': 0, 'SiteHistory': ['Unknown'], 'ResidentSetSize': [0], 'SubmitTimes': [1761683701.0], 'StartTimes': [], 'EndTimes': [], 'TotalUserCpuTimeHistory': [0.0], 'TotalSysCpuTimeHistory': [0.0], 'WallDurations': [0], 'JobIds': ['137021698.0'], 'State': 'idle', 'RecordedSite': False}, '755': {'Retries': 0, 'Restarts': 0, 'SiteHistory': ['Unknown'], 'ResidentSetSize': [0], 'SubmitTimes': [1761683723.0], 'StartTimes': [], 'EndTimes': [], 'TotalUserCpuTimeHistory': [0.0], 'TotalSysCpuTimeHistory': [0.0], 'WallDurations': [0], 'JobIds': ['137021786.0'], 'State': 'idle', 'RecordedSite': False}, '756': {'Retries': 0, 'Restarts': 0, 'SiteHistory': ['Unknown'], 'ResidentSetSize': [0], 'SubmitTimes': [1761683701.0], 'StartTimes': [], 'EndTimes': [], 'TotalUserCpuTimeHistory': [0.0], 'TotalSysCpuTimeHistory': [0.0], 'WallDurations': [0], 'JobIds': ['137021702.0'], 'State': 'idle', 'RecordedSite': False}, '757': {'Retries': 0, 'Restarts': 0, 'SiteHistory': ['Unknown'], 'ResidentSetSize': [0], 'SubmitTimes': [1761683699.0], 'StartTimes': [], 'EndTimes': [], 'TotalUserCpuTimeHistory': [0.0], 'TotalSysCpuTimeHistory': [0.0], 'WallDurations': [0], 'JobIds': ['137021682.0'], 'State': 'idle', 'RecordedSite': False}, '758': {'Retries': 0, 'Restarts': 0, 'SiteHistory': ['Unknown'], 'ResidentSetSize': [0], 'SubmitTimes': [1761683701.0], 'StartTimes': [], 'EndTimes': [], 'TotalUserCpuTimeHistory': [0.0], 'TotalSysCpuTimeHistory': [0.0], 'WallDurations': [0], 'JobIds': ['137021708.0'], 'State': 'idle', 'RecordedSite': False}, '759': {'Retries': 0, 'Restarts': 0, 'SiteHistory': ['Unknown'], 'ResidentSetSize': [0], 'SubmitTimes': [1761683702.0], 'StartTimes': [], 'EndTimes': [], 'TotalUserCpuTimeHistory': [0.0], 'TotalSysCpuTimeHistory': [0.0], 'WallDurations': [0], 'JobIds': ['137021712.0'], 'State': 'idle', 'RecordedSite': False}, '760': {'Retries': 0, 'Restarts': 0, 'SiteHistory': ['Unknown'], 'ResidentSetSize': [0], 'SubmitTimes': [1761683709.0], 'StartTimes': [], 'EndTimes': [], 'TotalUserCpuTimeHistory': [0.0], 'TotalSysCpuTimeHistory': [0.0], 'WallDurations': [0], 'JobIds': ['137021731.0'], 'State': 'idle', 'RecordedSite': False}, '761': {'Retries': 0, 'Restarts': 0, 'SiteHistory': ['Unknown'], 'ResidentSetSize': [0], 'SubmitTimes': [1761683713.0], 'StartTimes': [], 'EndTimes': [], 'TotalUserCpuTimeHistory': [0.0], 'TotalSysCpuTimeHistory': [0.0], 'WallDurations': [0], 'JobIds': ['137021744.0'], 'State': 'idle', 'RecordedSite': False}, '762': {'Retries': 0, 'Restarts': 0, 'SiteHistory': ['Unknown'], 'ResidentSetSize': [0], 'SubmitTimes': [1761683721.0], 'StartTimes': [], 'EndTimes': [], 'TotalUserCpuTimeHistory': [0.0], 'TotalSysCpuTimeHistory': [0.0], 'WallDurations': [0], 'JobIds': ['137021768.0'], 'State': 'idle', 'RecordedSite': False}, '763': {'Retries': 0, 'Restarts': 0, 'SiteHistory': ['Unknown'], 'ResidentSetSize': [0], 'SubmitTimes': [1761683710.0], 'StartTimes': [], 'EndTimes': [], 'TotalUserCpuTimeHistory': [0.0], 'TotalSysCpuTimeHistory': [0.0], 'WallDurations': [0], 'JobIds': ['137021735.0'], 'State': 'idle', 'RecordedSite': False}, '764': {'Retries': 0, 'Restarts': 0, 'SiteHistory': ['Unknown'], 'ResidentSetSize': [0], 'SubmitTimes': [1761683711.0], 'StartTimes': [], 'EndTimes': [], 'TotalUserCpuTimeHistory': [0.0], 'TotalSysCpuTimeHistory': [0.0], 'WallDurations': [0], 'JobIds': ['137021738.0'], 'State': 'idle', 'RecordedSite': False}, '765': {'Retries': 0, 'Restarts': 0, 'SiteHistory': [], 'ResidentSetSize': [], 'SubmitTimes': [], 'StartTimes': [], 'EndTimes': [], 'TotalUserCpuTimeHistory': [], 'TotalSysCpuTimeHistory': [], 'WallDurations': [], 'JobIds': [], 'State': 'unsubmitted'}, '766': {'Retries': 0, 'Restarts': 0, 'SiteHistory': ['Unknown'], 'ResidentSetSize': [0], 'SubmitTimes': [1761683726.0], 'StartTimes': [], 'EndTimes': [], 'TotalUserCpuTimeHistory': [0.0], 'TotalSysCpuTimeHistory': [0.0], 'WallDurations': [0], 'JobIds': ['137021794.0'], 'State': 'idle', 'RecordedSite': False}, '767': {'Retries': 0, 'Restarts': 0, 'SiteHistory': ['Unknown'], 'ResidentSetSize': [0], 'SubmitTimes': [1761683723.0], 'StartTimes': [], 'EndTimes': [], 'TotalUserCpuTimeHistory': [0.0], 'TotalSysCpuTimeHistory': [0.0], 'WallDurations': [0], 'JobIds': ['137021782.0'], 'State': 'idle', 'RecordedSite': False}, '768': {'Retries': 0, 'Restarts': 0, 'SiteHistory': ['Unknown'], 'ResidentSetSize': [0], 'SubmitTimes': [1761683732.0], 'StartTimes': [], 'EndTimes': [], 'TotalUserCpuTimeHistory': [0.0], 'TotalSysCpuTimeHistory': [0.0], 'WallDurations': [0], 'JobIds': ['137021804.0'], 'State': 'idle', 'RecordedSite': False}, '769': {'Retries': 0, 'Restarts': 0, 'SiteHistory': ['Unknown'], 'ResidentSetSize': [0], 'SubmitTimes': [1761683733.0], 'StartTimes': [], 'EndTimes': [], 'TotalUserCpuTimeHistory': [0.0], 'TotalSysCpuTimeHistory': [0.0], 'WallDurations': [0], 'JobIds': ['137021807.0'], 'State': 'idle', 'RecordedSite': False}, '770': {'Retries': 0, 'Restarts': 0, 'SiteHistory': ['Unknown'], 'ResidentSetSize': [0], 'SubmitTimes': [1761683733.0], 'StartTimes': [], 'EndTimes': [], 'TotalUserCpuTimeHistory': [0.0], 'TotalSysCpuTimeHistory': [0.0], 'WallDurations': [0], 'JobIds': ['137021810.0'], 'State': 'idle', 'RecordedSite': False}, '771': {'Retries': 0, 'Restarts': 0, 'SiteHistory': ['Unknown'], 'ResidentSetSize': [0], 'SubmitTimes': [1761683735.0], 'StartTimes': [], 'EndTimes': [], 'TotalUserCpuTimeHistory': [0.0], 'TotalSysCpuTimeHistory': [0.0], 'WallDurations': [0], 'JobIds': ['137021818.0'], 'State': 'idle', 'RecordedSite': False}, '772': {'Retries': 0, 'Restarts': 0, 'SiteHistory': ['Unknown'], 'ResidentSetSize': [0], 'SubmitTimes': [1761683735.0], 'StartTimes': [], 'EndTimes': [], 'TotalUserCpuTimeHistory': [0.0], 'TotalSysCpuTimeHistory': [0.0], 'WallDurations': [0], 'JobIds': ['137021821.0'], 'State': 'idle', 'RecordedSite': False}, '773': {'Retries': 0, 'Restarts': 0, 'SiteHistory': ['Unknown'], 'ResidentSetSize': [0], 'SubmitTimes': [1761683736.0], 'StartTimes': [], 'EndTimes': [], 'TotalUserCpuTimeHistory': [0.0], 'TotalSysCpuTimeHistory': [0.0], 'WallDurations': [0], 'JobIds': ['137021826.0'], 'State': 'idle', 'RecordedSite': False}, '774': {'Retries': 0, 'Restarts': 0, 'SiteHistory': ['Unknown'], 'ResidentSetSize': [0], 'SubmitTimes': [1761683737.0], 'StartTimes': [], 'EndTimes': [], 'TotalUserCpuTimeHistory': [0.0], 'TotalSysCpuTimeHistory': [0.0], 'WallDurations': [0], 'JobIds': ['137021831.0'], 'State': 'idle', 'RecordedSite': False}, '775': {'Retries': 0, 'Restarts': 0, 'SiteHistory': ['Unknown'], 'ResidentSetSize': [0], 'SubmitTimes': [1761683742.0], 'StartTimes': [], 'EndTimes': [], 'TotalUserCpuTimeHistory': [0.0], 'TotalSysCpuTimeHistory': [0.0], 'WallDurations': [0], 'JobIds': ['137021850.0'], 'State': 'idle', 'RecordedSite': False}, '776': {'Retries': 0, 'Restarts': 0, 'SiteHistory': ['Unknown'], 'ResidentSetSize': [0], 'SubmitTimes': [1761683724.0], 'StartTimes': [], 'EndTimes': [], 'TotalUserCpuTimeHistory': [0.0], 'TotalSysCpuTimeHistory': [0.0], 'WallDurations': [0], 'JobIds': ['137021790.0'], 'State': 'idle', 'RecordedSite': False}, '777': {'Retries': 0, 'Restarts': 0, 'SiteHistory': ['Unknown'], 'ResidentSetSize': [0], 'SubmitTimes': [1761683743.0], 'StartTimes': [], 'EndTimes': [], 'TotalUserCpuTimeHistory': [0.0], 'TotalSysCpuTimeHistory': [0.0], 'WallDurations': [0], 'JobIds': ['137021855.0'], 'State': 'idle', 'RecordedSite': False}, '778': {'Retries': 0, 'Restarts': 0, 'SiteHistory': ['Unknown'], 'ResidentSetSize': [0], 'SubmitTimes': [1761683744.0], 'StartTimes': [], 'EndTimes': [], 'TotalUserCpuTimeHistory': [0.0], 'TotalSysCpuTimeHistory': [0.0], 'WallDurations': [0], 'JobIds': ['137021860.0'], 'State': 'idle', 'RecordedSite': False}, '779': {'Retries': 0, 'Restarts': 0, 'SiteHistory': ['Unknown'], 'ResidentSetSize': [0], 'SubmitTimes': [1761683745.0], 'StartTimes': [], 'EndTimes': [], 'TotalUserCpuTimeHistory': [0.0], 'TotalSysCpuTimeHistory': [0.0], 'WallDurations': [0], 'JobIds': ['137021865.0'], 'State': 'idle', 'RecordedSite': False}, '780': {'Retries': 0, 'Restarts': 0, 'SiteHistory': ['Unknown'], 'ResidentSetSize': [0], 'SubmitTimes': [1761683745.0], 'StartTimes': [], 'EndTimes': [], 'TotalUserCpuTimeHistory': [0.0], 'TotalSysCpuTimeHistory': [0.0], 'WallDurations': [0], 'JobIds': ['137021869.0'], 'State': 'idle', 'RecordedSite': False}, '781': {'Retries': 0, 'Restarts': 0, 'SiteHistory': ['Unknown'], 'ResidentSetSize': [0], 'SubmitTimes': [1761683745.0], 'StartTimes': [], 'EndTimes': [], 'TotalUserCpuTimeHistory': [0.0], 'TotalSysCpuTimeHistory': [0.0], 'WallDurations': [0], 'JobIds': ['137021874.0'], 'State': 'idle', 'RecordedSite': False}, '782': {'Retries': 0, 'Restarts': 0, 'SiteHistory': ['Unknown'], 'ResidentSetSize': [0], 'SubmitTimes': [1761683746.0], 'StartTimes': [], 'EndTimes': [], 'TotalUserCpuTimeHistory': [0.0], 'TotalSysCpuTimeHistory': [0.0], 'WallDurations': [0], 'JobIds': ['137021880.0'], 'State': 'idle', 'RecordedSite': False}, '783': {'Retries': 0, 'Restarts': 0, 'SiteHistory': ['Unknown'], 'ResidentSetSize': [0], 'SubmitTimes': [1761683747.0], 'StartTimes': [], 'EndTimes': [], 'TotalUserCpuTimeHistory': [0.0], 'TotalSysCpuTimeHistory': [0.0], 'WallDurations': [0], 'JobIds': ['137021884.0'], 'State': 'idle', 'RecordedSite': False}, '784': {'Retries': 0, 'Restarts': 0, 'SiteHistory': ['Unknown'], 'ResidentSetSize': [0], 'SubmitTimes': [1761683749.0], 'StartTimes': [], 'EndTimes': [], 'TotalUserCpuTimeHistory': [0.0], 'TotalSysCpuTimeHistory': [0.0], 'WallDurations': [0], 'JobIds': ['137021889.0'], 'State': 'idle', 'RecordedSite': False}, '785': {'Retries': 0, 'Restarts': 0, 'SiteHistory': ['Unknown'], 'ResidentSetSize': [0], 'SubmitTimes': [1761683756.0], 'StartTimes': [], 'EndTimes': [], 'TotalUserCpuTimeHistory': [0.0], 'TotalSysCpuTimeHistory': [0.0], 'WallDurations': [0], 'JobIds': ['137021899.0'], 'State': 'idle', 'RecordedSite': False}, '786': {'Retries': 0, 'Restarts': 0, 'SiteHistory': ['Unknown'], 'ResidentSetSize': [0], 'SubmitTimes': [1761683757.0], 'StartTimes': [], 'EndTimes': [], 'TotalUserCpuTimeHistory': [0.0], 'TotalSysCpuTimeHistory': [0.0], 'WallDurations': [0], 'JobIds': ['137021903.0'], 'State': 'idle', 'RecordedSite': False}, '787': {'Retries': 0, 'Restarts': 0, 'SiteHistory': [], 'ResidentSetSize': [], 'SubmitTimes': [], 'StartTimes': [], 'EndTimes': [], 'TotalUserCpuTimeHistory': [], 'TotalSysCpuTimeHistory': [], 'WallDurations': [], 'JobIds': [], 'State': 'unsubmitted'}, '788': {'Retries': 0, 'Restarts': 0, 'SiteHistory': ['Unknown'], 'ResidentSetSize': [0], 'SubmitTimes': [1761683771.0], 'StartTimes': [], 'EndTimes': [], 'TotalUserCpuTimeHistory': [0.0], 'TotalSysCpuTimeHistory': [0.0], 'WallDurations': [0], 'JobIds': ['137021971.0'], 'State': 'idle', 'RecordedSite': False}, '789': {'Retries': 0, 'Restarts': 0, 'SiteHistory': ['Unknown'], 'ResidentSetSize': [0], 'SubmitTimes': [1761683759.0], 'StartTimes': [], 'EndTimes': [], 'TotalUserCpuTimeHistory': [0.0], 'TotalSysCpuTimeHistory': [0.0], 'WallDurations': [0], 'JobIds': ['137021907.0'], 'State': 'idle', 'RecordedSite': False}, '790': {'Retries': 0, 'Restarts': 0, 'SiteHistory': ['Unknown'], 'ResidentSetSize': [0], 'SubmitTimes': [1761683760.0], 'StartTimes': [], 'EndTimes': [], 'TotalUserCpuTimeHistory': [0.0], 'TotalSysCpuTimeHistory': [0.0], 'WallDurations': [0], 'JobIds': ['137021911.0'], 'State': 'idle', 'RecordedSite': False}, '791': {'Retries': 0, 'Restarts': 0, 'SiteHistory': ['Unknown'], 'ResidentSetSize': [0], 'SubmitTimes': [1761683765.0], 'StartTimes': [], 'EndTimes': [], 'TotalUserCpuTimeHistory': [0.0], 'TotalSysCpuTimeHistory': [0.0], 'WallDurations': [0], 'JobIds': ['137021920.0'], 'State': 'idle', 'RecordedSite': False}, '792': {'Retries': 0, 'Restarts': 0, 'SiteHistory': ['Unknown'], 'ResidentSetSize': [0], 'SubmitTimes': [1761683765.0], 'StartTimes': [], 'EndTimes': [], 'TotalUserCpuTimeHistory': [0.0], 'TotalSysCpuTimeHistory': [0.0], 'WallDurations': [0], 'JobIds': ['137021922.0'], 'State': 'idle', 'RecordedSite': False}, '793': {'Retries': 0, 'Restarts': 0, 'SiteHistory': ['Unknown'], 'ResidentSetSize': [0], 'SubmitTimes': [1761683766.0], 'StartTimes': [], 'EndTimes': [], 'TotalUserCpuTimeHistory': [0.0], 'TotalSysCpuTimeHistory': [0.0], 'WallDurations': [0], 'JobIds': ['137021925.0'], 'State': 'idle', 'RecordedSite': False}, '794': {'Retries': 0, 'Restarts': 0, 'SiteHistory': ['Unknown'], 'ResidentSetSize': [0], 'SubmitTimes': [1761683766.0], 'StartTimes': [], 'EndTimes': [], 'TotalUserCpuTimeHistory': [0.0], 'TotalSysCpuTimeHistory': [0.0], 'WallDurations': [0], 'JobIds': ['137021927.0'], 'State': 'idle', 'RecordedSite': False}, '795': {'Retries': 0, 'Restarts': 0, 'SiteHistory': ['Unknown'], 'ResidentSetSize': [0], 'SubmitTimes': [1761683766.0], 'StartTimes': [], 'EndTimes': [], 'TotalUserCpuTimeHistory': [0.0], 'TotalSysCpuTimeHistory': [0.0], 'WallDurations': [0], 'JobIds': ['137021928.0'], 'State': 'idle', 'RecordedSite': False}, '796': {'Retries': 0, 'Restarts': 0, 'SiteHistory': ['Unknown'], 'ResidentSetSize': [0], 'SubmitTimes': [1761683766.0], 'StartTimes': [], 'EndTimes': [], 'TotalUserCpuTimeHistory': [0.0], 'TotalSysCpuTimeHistory': [0.0], 'WallDurations': [0], 'JobIds': ['137021930.0'], 'State': 'idle', 'RecordedSite': False}, '797': {'Retries': 0, 'Restarts': 0, 'SiteHistory': ['Unknown'], 'ResidentSetSize': [0], 'SubmitTimes': [1761683766.0], 'StartTimes': [], 'EndTimes': [], 'TotalUserCpuTimeHistory': [0.0], 'TotalSysCpuTimeHistory': [0.0], 'WallDurations': [0], 'JobIds': ['137021931.0'], 'State': 'idle', 'RecordedSite': False}, '798': {'Retries': 0, 'Restarts': 0, 'SiteHistory': ['Unknown'], 'ResidentSetSize': [0], 'SubmitTimes': [1761683766.0], 'StartTimes': [], 'EndTimes': [], 'TotalUserCpuTimeHistory': [0.0], 'TotalSysCpuTimeHistory': [0.0], 'WallDurations': [0], 'JobIds': ['137021933.0'], 'State': 'idle', 'RecordedSite': False}, '799': {'Retries': 0, 'Restarts': 0, 'SiteHistory': ['Unknown'], 'ResidentSetSize': [0], 'SubmitTimes': [1761683776.0], 'StartTimes': [], 'EndTimes': [], 'TotalUserCpuTimeHistory': [0.0], 'TotalSysCpuTimeHistory': [0.0], 'WallDurations': [0], 'JobIds': ['137021980.0'], 'State': 'idle', 'RecordedSite': False}, '800': {'Retries': 0, 'Restarts': 0, 'SiteHistory': ['Unknown'], 'ResidentSetSize': [0], 'SubmitTimes': [1761683767.0], 'StartTimes': [], 'EndTimes': [], 'TotalUserCpuTimeHistory': [0.0], 'TotalSysCpuTimeHistory': [0.0], 'WallDurations': [0], 'JobIds': ['137021935.0'], 'State': 'idle', 'RecordedSite': False}, '801': {'Retries': 0, 'Restarts': 0, 'SiteHistory': ['Unknown'], 'ResidentSetSize': [0], 'SubmitTimes': [1761683767.0], 'StartTimes': [], 'EndTimes': [], 'TotalUserCpuTimeHistory': [0.0], 'TotalSysCpuTimeHistory': [0.0], 'WallDurations': [0], 'JobIds': ['137021936.0'], 'State': 'idle', 'RecordedSite': False}, '802': {'Retries': 0, 'Restarts': 0, 'SiteHistory': ['Unknown'], 'ResidentSetSize': [0], 'SubmitTimes': [1761683767.0], 'StartTimes': [], 'EndTimes': [], 'TotalUserCpuTimeHistory': [0.0], 'TotalSysCpuTimeHistory': [0.0], 'WallDurations': [0], 'JobIds': ['137021938.0'], 'State': 'idle', 'RecordedSite': False}, '803': {'Retries': 0, 'Restarts': 0, 'SiteHistory': ['Unknown'], 'ResidentSetSize': [0], 'SubmitTimes': [1761683768.0], 'StartTimes': [], 'EndTimes': [], 'TotalUserCpuTimeHistory': [0.0], 'TotalSysCpuTimeHistory': [0.0], 'WallDurations': [0], 'JobIds': ['137021942.0'], 'State': 'idle', 'RecordedSite': False}, '804': {'Retries': 0, 'Restarts': 0, 'SiteHistory': ['Unknown'], 'ResidentSetSize': [0], 'SubmitTimes': [1761683768.0], 'StartTimes': [], 'EndTimes': [], 'TotalUserCpuTimeHistory': [0.0], 'TotalSysCpuTimeHistory': [0.0], 'WallDurations': [0], 'JobIds': ['137021946.0'], 'State': 'idle', 'RecordedSite': False}, '805': {'Retries': 0, 'Restarts': 0, 'SiteHistory': ['Unknown'], 'ResidentSetSize': [0], 'SubmitTimes': [1761683768.0], 'StartTimes': [], 'EndTimes': [], 'TotalUserCpuTimeHistory': [0.0], 'TotalSysCpuTimeHistory': [0.0], 'WallDurations': [0], 'JobIds': ['137021950.0'], 'State': 'idle', 'RecordedSite': False}, '806': {'Retries': 0, 'Restarts': 0, 'SiteHistory': ['Unknown'], 'ResidentSetSize': [0], 'SubmitTimes': [1761683769.0], 'StartTimes': [], 'EndTimes': [], 'TotalUserCpuTimeHistory': [0.0], 'TotalSysCpuTimeHistory': [0.0], 'WallDurations': [0], 'JobIds': ['137021955.0'], 'State': 'idle', 'RecordedSite': False}, '807': {'Retries': 0, 'Restarts': 0, 'SiteHistory': ['Unknown'], 'ResidentSetSize': [0], 'SubmitTimes': [1761683769.0], 'StartTimes': [], 'EndTimes': [], 'TotalUserCpuTimeHistory': [0.0], 'TotalSysCpuTimeHistory': [0.0], 'WallDurations': [0], 'JobIds': ['137021960.0'], 'State': 'idle', 'RecordedSite': False}, '808': {'Retries': 0, 'Restarts': 0, 'SiteHistory': [], 'ResidentSetSize': [], 'SubmitTimes': [], 'StartTimes': [], 'EndTimes': [], 'TotalUserCpuTimeHistory': [], 'TotalSysCpuTimeHistory': [], 'WallDurations': [], 'JobIds': [], 'State': 'unsubmitted'}, '809': {'Retries': 0, 'Restarts': 0, 'SiteHistory': ['Unknown'], 'ResidentSetSize': [0], 'SubmitTimes': [1761683776.0], 'StartTimes': [], 'EndTimes': [], 'TotalUserCpuTimeHistory': [0.0], 'TotalSysCpuTimeHistory': [0.0], 'WallDurations': [0], 'JobIds': ['137021981.0'], 'State': 'idle', 'RecordedSite': False}, '810': {'Retries': 0, 'Restarts': 0, 'SiteHistory': ['Unknown'], 'ResidentSetSize': [0], 'SubmitTimes': [1761683776.0], 'StartTimes': [], 'EndTimes': [], 'TotalUserCpuTimeHistory': [0.0], 'TotalSysCpuTimeHistory': [0.0], 'WallDurations': [0], 'JobIds': ['137021982.0'], 'State': 'idle', 'RecordedSite': False}, '811': {'Retries': 0, 'Restarts': 0, 'SiteHistory': ['Unknown'], 'ResidentSetSize': [0], 'SubmitTimes': [1761683776.0], 'StartTimes': [], 'EndTimes': [], 'TotalUserCpuTimeHistory': [0.0], 'TotalSysCpuTimeHistory': [0.0], 'WallDurations': [0], 'JobIds': ['137021983.0'], 'State': 'idle', 'RecordedSite': False}, '812': {'Retries': 0, 'Restarts': 0, 'SiteHistory': ['Unknown'], 'ResidentSetSize': [0], 'SubmitTimes': [1761683777.0], 'StartTimes': [], 'EndTimes': [], 'TotalUserCpuTimeHistory': [0.0], 'TotalSysCpuTimeHistory': [0.0], 'WallDurations': [0], 'JobIds': ['137021984.0'], 'State': 'idle', 'RecordedSite': False}, '813': {'Retries': 0, 'Restarts': 0, 'SiteHistory': ['Unknown'], 'ResidentSetSize': [0], 'SubmitTimes': [1761683777.0], 'StartTimes': [], 'EndTimes': [], 'TotalUserCpuTimeHistory': [0.0], 'TotalSysCpuTimeHistory': [0.0], 'WallDurations': [0], 'JobIds': ['137021985.0'], 'State': 'idle', 'RecordedSite': False}, '814': {'Retries': 0, 'Restarts': 0, 'SiteHistory': ['Unknown'], 'ResidentSetSize': [0], 'SubmitTimes': [1761683778.0], 'StartTimes': [], 'EndTimes': [], 'TotalUserCpuTimeHistory': [0.0], 'TotalSysCpuTimeHistory': [0.0], 'WallDurations': [0], 'JobIds': ['137021987.0'], 'State': 'idle', 'RecordedSite': False}, '815': {'Retries': 0, 'Restarts': 0, 'SiteHistory': ['Unknown'], 'ResidentSetSize': [0], 'SubmitTimes': [1761683779.0], 'StartTimes': [], 'EndTimes': [], 'TotalUserCpuTimeHistory': [0.0], 'TotalSysCpuTimeHistory': [0.0], 'WallDurations': [0], 'JobIds': ['137021989.0'], 'State': 'idle', 'RecordedSite': False}, '816': {'Retries': 0, 'Restarts': 0, 'SiteHistory': ['Unknown'], 'ResidentSetSize': [0], 'SubmitTimes': [1761683779.0], 'StartTimes': [], 'EndTimes': [], 'TotalUserCpuTimeHistory': [0.0], 'TotalSysCpuTimeHistory': [0.0], 'WallDurations': [0], 'JobIds': ['137021993.0'], 'State': 'idle', 'RecordedSite': False}, '817': {'Retries': 0, 'Restarts': 0, 'SiteHistory': ['Unknown'], 'ResidentSetSize': [0], 'SubmitTimes': [1761683770.0], 'StartTimes': [], 'EndTimes': [], 'TotalUserCpuTimeHistory': [0.0], 'TotalSysCpuTimeHistory': [0.0], 'WallDurations': [0], 'JobIds': ['137021967.0'], 'State': 'idle', 'RecordedSite': False}, '818': {'Retries': 0, 'Restarts': 0, 'SiteHistory': ['Unknown'], 'ResidentSetSize': [0], 'SubmitTimes': [1761683781.0], 'StartTimes': [], 'EndTimes': [], 'TotalUserCpuTimeHistory': [0.0], 'TotalSysCpuTimeHistory': [0.0], 'WallDurations': [0], 'JobIds': ['137021996.0'], 'State': 'idle', 'RecordedSite': False}, '819': {'Retries': 0, 'Restarts': 0, 'SiteHistory': ['Unknown'], 'ResidentSetSize': [0], 'SubmitTimes': [1761683783.0], 'StartTimes': [], 'EndTimes': [], 'TotalUserCpuTimeHistory': [0.0], 'TotalSysCpuTimeHistory': [0.0], 'WallDurations': [0], 'JobIds': ['137022001.0'], 'State': 'idle', 'RecordedSite': False}, '820': {'Retries': 0, 'Restarts': 0, 'SiteHistory': ['Unknown'], 'ResidentSetSize': [0], 'SubmitTimes': [1761683788.0], 'StartTimes': [], 'EndTimes': [], 'TotalUserCpuTimeHistory': [0.0], 'TotalSysCpuTimeHistory': [0.0], 'WallDurations': [0], 'JobIds': ['137022009.0'], 'State': 'idle', 'RecordedSite': False}, '821': {'Retries': 0, 'Restarts': 0, 'SiteHistory': ['Unknown'], 'ResidentSetSize': [0], 'SubmitTimes': [1761683792.0], 'StartTimes': [], 'EndTimes': [], 'TotalUserCpuTimeHistory': [0.0], 'TotalSysCpuTimeHistory': [0.0], 'WallDurations': [0], 'JobIds': ['137022024.0'], 'State': 'idle', 'RecordedSite': False}, '822': {'Retries': 0, 'Restarts': 0, 'SiteHistory': ['Unknown'], 'ResidentSetSize': [0], 'SubmitTimes': [1761683789.0], 'StartTimes': [], 'EndTimes': [], 'TotalUserCpuTimeHistory': [0.0], 'TotalSysCpuTimeHistory': [0.0], 'WallDurations': [0], 'JobIds': ['137022011.0'], 'State': 'idle', 'RecordedSite': False}, '823': {'Retries': 0, 'Restarts': 0, 'SiteHistory': ['Unknown'], 'ResidentSetSize': [0], 'SubmitTimes': [1761683789.0], 'StartTimes': [], 'EndTimes': [], 'TotalUserCpuTimeHistory': [0.0], 'TotalSysCpuTimeHistory': [0.0], 'WallDurations': [0], 'JobIds': ['137022012.0'], 'State': 'idle', 'RecordedSite': False}, '824': {'Retries': 0, 'Restarts': 0, 'SiteHistory': ['Unknown'], 'ResidentSetSize': [0], 'SubmitTimes': [1761683792.0], 'StartTimes': [], 'EndTimes': [], 'TotalUserCpuTimeHistory': [0.0], 'TotalSysCpuTimeHistory': [0.0], 'WallDurations': [0], 'JobIds': ['137022022.0'], 'State': 'idle', 'RecordedSite': False}, '825': {'Retries': 0, 'Restarts': 0, 'SiteHistory': ['Unknown'], 'ResidentSetSize': [0], 'SubmitTimes': [1761683790.0], 'StartTimes': [], 'EndTimes': [], 'TotalUserCpuTimeHistory': [0.0], 'TotalSysCpuTimeHistory': [0.0], 'WallDurations': [0], 'JobIds': ['137022015.0'], 'State': 'idle', 'RecordedSite': False}, '826': {'Retries': 0, 'Restarts': 0, 'SiteHistory': ['Unknown'], 'ResidentSetSize': [0], 'SubmitTimes': [1761683791.0], 'StartTimes': [], 'EndTimes': [], 'TotalUserCpuTimeHistory': [0.0], 'TotalSysCpuTimeHistory': [0.0], 'WallDurations': [0], 'JobIds': ['137022019.0'], 'State': 'idle', 'RecordedSite': False}, '827': {'Retries': 0, 'Restarts': 0, 'SiteHistory': [], 'ResidentSetSize': [], 'SubmitTimes': [], 'StartTimes': [], 'EndTimes': [], 'TotalUserCpuTimeHistory': [], 'TotalSysCpuTimeHistory': [], 'WallDurations': [], 'JobIds': [], 'State': 'unsubmitted'}, '828': {'Retries': 0, 'Restarts': 0, 'SiteHistory': ['Unknown'], 'ResidentSetSize': [0], 'SubmitTimes': [1761683793.0], 'StartTimes': [], 'EndTimes': [], 'TotalUserCpuTimeHistory': [0.0], 'TotalSysCpuTimeHistory': [0.0], 'WallDurations': [0], 'JobIds': ['137022027.0'], 'State': 'idle', 'RecordedSite': False}, '829': {'Retries': 0, 'Restarts': 0, 'SiteHistory': ['Unknown'], 'ResidentSetSize': [0], 'SubmitTimes': [1761683794.0], 'StartTimes': [], 'EndTimes': [], 'TotalUserCpuTimeHistory': [0.0], 'TotalSysCpuTimeHistory': [0.0], 'WallDurations': [0], 'JobIds': ['137022032.0'], 'State': 'idle', 'RecordedSite': False}, '830': {'Retries': 0, 'Restarts': 0, 'SiteHistory': ['Unknown'], 'ResidentSetSize': [0], 'SubmitTimes': [1761683801.0], 'StartTimes': [], 'EndTimes': [], 'TotalUserCpuTimeHistory': [0.0], 'TotalSysCpuTimeHistory': [0.0], 'WallDurations': [0], 'JobIds': ['137022048.0'], 'State': 'idle', 'RecordedSite': False}, '831': {'Retries': 0, 'Restarts': 0, 'SiteHistory': ['Unknown'], 'ResidentSetSize': [0], 'SubmitTimes': [1761683802.0], 'StartTimes': [], 'EndTimes': [], 'TotalUserCpuTimeHistory': [0.0], 'TotalSysCpuTimeHistory': [0.0], 'WallDurations': [0], 'JobIds': ['137022051.0'], 'State': 'idle', 'RecordedSite': False}, '832': {'Retries': 0, 'Restarts': 0, 'SiteHistory': ['Unknown'], 'ResidentSetSize': [0], 'SubmitTimes': [1761683805.0], 'StartTimes': [], 'EndTimes': [], 'TotalUserCpuTimeHistory': [0.0], 'TotalSysCpuTimeHistory': [0.0], 'WallDurations': [0], 'JobIds': ['137022054.0'], 'State': 'idle', 'RecordedSite': False}, '833': {'Retries': 0, 'Restarts': 0, 'SiteHistory': ['Unknown'], 'ResidentSetSize': [0], 'SubmitTimes': [1761683811.0], 'StartTimes': [], 'EndTimes': [], 'TotalUserCpuTimeHistory': [0.0], 'TotalSysCpuTimeHistory': [0.0], 'WallDurations': [0], 'JobIds': ['137022069.0'], 'State': 'idle', 'RecordedSite': False}, '834': {'Retries': 0, 'Restarts': 0, 'SiteHistory': ['Unknown'], 'ResidentSetSize': [0], 'SubmitTimes': [1761683828.0], 'StartTimes': [], 'EndTimes': [], 'TotalUserCpuTimeHistory': [0.0], 'TotalSysCpuTimeHistory': [0.0], 'WallDurations': [0], 'JobIds': ['137022116.0'], 'State': 'idle', 'RecordedSite': False}, '835': {'Retries': 0, 'Restarts': 0, 'SiteHistory': ['Unknown'], 'ResidentSetSize': [0], 'SubmitTimes': [1761683812.0], 'StartTimes': [], 'EndTimes': [], 'TotalUserCpuTimeHistory': [0.0], 'TotalSysCpuTimeHistory': [0.0], 'WallDurations': [0], 'JobIds': ['137022073.0'], 'State': 'idle', 'RecordedSite': False}, '836': {'Retries': 0, 'Restarts': 0, 'SiteHistory': ['Unknown'], 'ResidentSetSize': [0], 'SubmitTimes': [1761683813.0], 'StartTimes': [], 'EndTimes': [], 'TotalUserCpuTimeHistory': [0.0], 'TotalSysCpuTimeHistory': [0.0], 'WallDurations': [0], 'JobIds': ['137022077.0'], 'State': 'idle', 'RecordedSite': False}, '837': {'Retries': 0, 'Restarts': 0, 'SiteHistory': ['Unknown'], 'ResidentSetSize': [0], 'SubmitTimes': [1761683835.0], 'StartTimes': [], 'EndTimes': [], 'TotalUserCpuTimeHistory': [0.0], 'TotalSysCpuTimeHistory': [0.0], 'WallDurations': [0], 'JobIds': ['137022130.0'], 'State': 'idle', 'RecordedSite': False}, '838': {'Retries': 0, 'Restarts': 0, 'SiteHistory': ['Unknown'], 'ResidentSetSize': [0], 'SubmitTimes': [1761683813.0], 'StartTimes': [], 'EndTimes': [], 'TotalUserCpuTimeHistory': [0.0], 'TotalSysCpuTimeHistory': [0.0], 'WallDurations': [0], 'JobIds': ['137022081.0'], 'State': 'idle', 'RecordedSite': False}, '839': {'Retries': 0, 'Restarts': 0, 'SiteHistory': ['Unknown'], 'ResidentSetSize': [0], 'SubmitTimes': [1761683814.0], 'StartTimes': [], 'EndTimes': [], 'TotalUserCpuTimeHistory': [0.0], 'TotalSysCpuTimeHistory': [0.0], 'WallDurations': [0], 'JobIds': ['137022083.0'], 'State': 'idle', 'RecordedSite': False}, '840': {'Retries': 0, 'Restarts': 0, 'SiteHistory': ['Unknown'], 'ResidentSetSize': [0], 'SubmitTimes': [1761683814.0], 'StartTimes': [], 'EndTimes': [], 'TotalUserCpuTimeHistory': [0.0], 'TotalSysCpuTimeHistory': [0.0], 'WallDurations': [0], 'JobIds': ['137022087.0'], 'State': 'idle', 'RecordedSite': False}, '841': {'Retries': 0, 'Restarts': 0, 'SiteHistory': ['Unknown'], 'ResidentSetSize': [0], 'SubmitTimes': [1761683814.0], 'StartTimes': [], 'EndTimes': [], 'TotalUserCpuTimeHistory': [0.0], 'TotalSysCpuTimeHistory': [0.0], 'WallDurations': [0], 'JobIds': ['137022088.0'], 'State': 'idle', 'RecordedSite': False}, '842': {'Retries': 0, 'Restarts': 0, 'SiteHistory': ['Unknown'], 'ResidentSetSize': [0], 'SubmitTimes': [1761683822.0], 'StartTimes': [], 'EndTimes': [], 'TotalUserCpuTimeHistory': [0.0], 'TotalSysCpuTimeHistory': [0.0], 'WallDurations': [0], 'JobIds': ['137022104.0'], 'State': 'idle', 'RecordedSite': False}, '843': {'Retries': 0, 'Restarts': 0, 'SiteHistory': ['Unknown'], 'ResidentSetSize': [0], 'SubmitTimes': [1761683823.0], 'StartTimes': [], 'EndTimes': [], 'TotalUserCpuTimeHistory': [0.0], 'TotalSysCpuTimeHistory': [0.0], 'WallDurations': [0], 'JobIds': ['137022107.0'], 'State': 'idle', 'RecordedSite': False}, '844': {'Retries': 0, 'Restarts': 0, 'SiteHistory': ['Unknown'], 'ResidentSetSize': [0], 'SubmitTimes': [1761683823.0], 'StartTimes': [], 'EndTimes': [], 'TotalUserCpuTimeHistory': [0.0], 'TotalSysCpuTimeHistory': [0.0], 'WallDurations': [0], 'JobIds': ['137022110.0'], 'State': 'idle', 'RecordedSite': False}, '845': {'Retries': 0, 'Restarts': 0, 'SiteHistory': ['Unknown'], 'ResidentSetSize': [0], 'SubmitTimes': [1761683824.0], 'StartTimes': [], 'EndTimes': [], 'TotalUserCpuTimeHistory': [0.0], 'TotalSysCpuTimeHistory': [0.0], 'WallDurations': [0], 'JobIds': ['137022112.0'], 'State': 'idle', 'RecordedSite': False}, '846': {'Retries': 0, 'Restarts': 0, 'SiteHistory': ['Unknown'], 'ResidentSetSize': [0], 'SubmitTimes': [1761683824.0], 'StartTimes': [], 'EndTimes': [], 'TotalUserCpuTimeHistory': [0.0], 'TotalSysCpuTimeHistory': [0.0], 'WallDurations': [0], 'JobIds': ['137022114.0'], 'State': 'idle', 'RecordedSite': False}, '847': {'Retries': 0, 'Restarts': 0, 'SiteHistory': [], 'ResidentSetSize': [], 'SubmitTimes': [], 'StartTimes': [], 'EndTimes': [], 'TotalUserCpuTimeHistory': [], 'TotalSysCpuTimeHistory': [], 'WallDurations': [], 'JobIds': [], 'State': 'unsubmitted'}, '848': {'Retries': 0, 'Restarts': 0, 'SiteHistory': ['Unknown'], 'ResidentSetSize': [0], 'SubmitTimes': [1761683836.0], 'StartTimes': [], 'EndTimes': [], 'TotalUserCpuTimeHistory': [0.0], 'TotalSysCpuTimeHistory': [0.0], 'WallDurations': [0], 'JobIds': ['137022133.0'], 'State': 'idle', 'RecordedSite': False}, '849': {'Retries': 0, 'Restarts': 0, 'SiteHistory': ['Unknown'], 'ResidentSetSize': [0], 'SubmitTimes': [1761683837.0], 'StartTimes': [], 'EndTimes': [], 'TotalUserCpuTimeHistory': [0.0], 'TotalSysCpuTimeHistory': [0.0], 'WallDurations': [0], 'JobIds': ['137022135.0'], 'State': 'idle', 'RecordedSite': False}, '850': {'Retries': 0, 'Restarts': 0, 'SiteHistory': ['Unknown'], 'ResidentSetSize': [0], 'SubmitTimes': [1761683837.0], 'StartTimes': [], 'EndTimes': [], 'TotalUserCpuTimeHistory': [0.0], 'TotalSysCpuTimeHistory': [0.0], 'WallDurations': [0], 'JobIds': ['137022139.0'], 'State': 'idle', 'RecordedSite': False}, '851': {'Retries': 0, 'Restarts': 0, 'SiteHistory': ['Unknown'], 'ResidentSetSize': [0], 'SubmitTimes': [1761683837.0], 'StartTimes': [], 'EndTimes': [], 'TotalUserCpuTimeHistory': [0.0], 'TotalSysCpuTimeHistory': [0.0], 'WallDurations': [0], 'JobIds': ['137022141.0'], 'State': 'idle', 'RecordedSite': False}, '852': {'Retries': 0, 'Restarts': 0, 'SiteHistory': ['Unknown'], 'ResidentSetSize': [0], 'SubmitTimes': [1761683838.0], 'StartTimes': [], 'EndTimes': [], 'TotalUserCpuTimeHistory': [0.0], 'TotalSysCpuTimeHistory': [0.0], 'WallDurations': [0], 'JobIds': ['137022145.0'], 'State': 'idle', 'RecordedSite': False}, '853': {'Retries': 0, 'Restarts': 0, 'SiteHistory': ['Unknown'], 'ResidentSetSize': [0], 'SubmitTimes': [1761683838.0], 'StartTimes': [], 'EndTimes': [], 'TotalUserCpuTimeHistory': [0.0], 'TotalSysCpuTimeHistory': [0.0], 'WallDurations': [0], 'JobIds': ['137022149.0'], 'State': 'idle', 'RecordedSite': False}, '854': {'Retries': 0, 'Restarts': 0, 'SiteHistory': ['Unknown'], 'ResidentSetSize': [0], 'SubmitTimes': [1761683838.0], 'StartTimes': [], 'EndTimes': [], 'TotalUserCpuTimeHistory': [0.0], 'TotalSysCpuTimeHistory': [0.0], 'WallDurations': [0], 'JobIds': ['137022152.0'], 'State': 'idle', 'RecordedSite': False}, '855': {'Retries': 0, 'Restarts': 0, 'SiteHistory': ['Unknown'], 'ResidentSetSize': [0], 'SubmitTimes': [1761683839.0], 'StartTimes': [], 'EndTimes': [], 'TotalUserCpuTimeHistory': [0.0], 'TotalSysCpuTimeHistory': [0.0], 'WallDurations': [0], 'JobIds': ['137022155.0'], 'State': 'idle', 'RecordedSite': False}, '856': {'Retries': 0, 'Restarts': 0, 'SiteHistory': ['Unknown'], 'ResidentSetSize': [0], 'SubmitTimes': [1761683839.0], 'StartTimes': [], 'EndTimes': [], 'TotalUserCpuTimeHistory': [0.0], 'TotalSysCpuTimeHistory': [0.0], 'WallDurations': [0], 'JobIds': ['137022160.0'], 'State': 'idle', 'RecordedSite': False}, '857': {'Retries': 0, 'Restarts': 0, 'SiteHistory': ['Unknown'], 'ResidentSetSize': [0], 'SubmitTimes': [1761683839.0], 'StartTimes': [], 'EndTimes': [], 'TotalUserCpuTimeHistory': [0.0], 'TotalSysCpuTimeHistory': [0.0], 'WallDurations': [0], 'JobIds': ['137022164.0'], 'State': 'idle', 'RecordedSite': False}, '858': {'Retries': 0, 'Restarts': 0, 'SiteHistory': ['Unknown'], 'ResidentSetSize': [0], 'SubmitTimes': [1761683840.0], 'StartTimes': [], 'EndTimes': [], 'TotalUserCpuTimeHistory': [0.0], 'TotalSysCpuTimeHistory': [0.0], 'WallDurations': [0], 'JobIds': ['137022169.0'], 'State': 'idle', 'RecordedSite': False}, '859': {'Retries': 0, 'Restarts': 0, 'SiteHistory': ['Unknown'], 'ResidentSetSize': [0], 'SubmitTimes': [1761683846.0], 'StartTimes': [], 'EndTimes': [], 'TotalUserCpuTimeHistory': [0.0], 'TotalSysCpuTimeHistory': [0.0], 'WallDurations': [0], 'JobIds': ['137022194.0'], 'State': 'idle', 'RecordedSite': False}, '860': {'Retries': 0, 'Restarts': 0, 'SiteHistory': ['Unknown'], 'ResidentSetSize': [0], 'SubmitTimes': [1761683847.0], 'StartTimes': [], 'EndTimes': [], 'TotalUserCpuTimeHistory': [0.0], 'TotalSysCpuTimeHistory': [0.0], 'WallDurations': [0], 'JobIds': ['137022196.0'], 'State': 'idle', 'RecordedSite': False}, '861': {'Retries': 0, 'Restarts': 0, 'SiteHistory': ['Unknown'], 'ResidentSetSize': [0], 'SubmitTimes': [1761683847.0], 'StartTimes': [], 'EndTimes': [], 'TotalUserCpuTimeHistory': [0.0], 'TotalSysCpuTimeHistory': [0.0], 'WallDurations': [0], 'JobIds': ['137022199.0'], 'State': 'idle', 'RecordedSite': False}, '862': {'Retries': 0, 'Restarts': 0, 'SiteHistory': ['Unknown'], 'ResidentSetSize': [0], 'SubmitTimes': [1761683848.0], 'StartTimes': [], 'EndTimes': [], 'TotalUserCpuTimeHistory': [0.0], 'TotalSysCpuTimeHistory': [0.0], 'WallDurations': [0], 'JobIds': ['137022201.0'], 'State': 'idle', 'RecordedSite': False}, '863': {'Retries': 0, 'Restarts': 0, 'SiteHistory': ['Unknown'], 'ResidentSetSize': [0], 'SubmitTimes': [1761683849.0], 'StartTimes': [], 'EndTimes': [], 'TotalUserCpuTimeHistory': [0.0], 'TotalSysCpuTimeHistory': [0.0], 'WallDurations': [0], 'JobIds': ['137022204.0'], 'State': 'idle', 'RecordedSite': False}, '864': {'Retries': 0, 'Restarts': 0, 'SiteHistory': ['Unknown'], 'ResidentSetSize': [0], 'SubmitTimes': [1761683850.0], 'StartTimes': [], 'EndTimes': [], 'TotalUserCpuTimeHistory': [0.0], 'TotalSysCpuTimeHistory': [0.0], 'WallDurations': [0], 'JobIds': ['137022207.0'], 'State': 'idle', 'RecordedSite': False}, '865': {'Retries': 0, 'Restarts': 0, 'SiteHistory': ['Unknown'], 'ResidentSetSize': [0], 'SubmitTimes': [1761683850.0], 'StartTimes': [], 'EndTimes': [], 'TotalUserCpuTimeHistory': [0.0], 'TotalSysCpuTimeHistory': [0.0], 'WallDurations': [0], 'JobIds': ['137022211.0'], 'State': 'idle', 'RecordedSite': False}, '866': {'Retries': 0, 'Restarts': 0, 'SiteHistory': [], 'ResidentSetSize': [], 'SubmitTimes': [], 'StartTimes': [], 'EndTimes': [], 'TotalUserCpuTimeHistory': [], 'TotalSysCpuTimeHistory': [], 'WallDurations': [], 'JobIds': [], 'State': 'unsubmitted'}, '867': {'Retries': 0, 'Restarts': 0, 'SiteHistory': ['Unknown'], 'ResidentSetSize': [0], 'SubmitTimes': [1761683851.0], 'StartTimes': [], 'EndTimes': [], 'TotalUserCpuTimeHistory': [0.0], 'TotalSysCpuTimeHistory': [0.0], 'WallDurations': [0], 'JobIds': ['137022216.0'], 'State': 'idle', 'RecordedSite': False}, '868': {'Retries': 0, 'Restarts': 0, 'SiteHistory': ['Unknown'], 'ResidentSetSize': [0], 'SubmitTimes': [1761683862.0], 'StartTimes': [], 'EndTimes': [], 'TotalUserCpuTimeHistory': [0.0], 'TotalSysCpuTimeHistory': [0.0], 'WallDurations': [0], 'JobIds': ['137022258.0'], 'State': 'idle', 'RecordedSite': False}, '869': {'Retries': 0, 'Restarts': 0, 'SiteHistory': ['Unknown'], 'ResidentSetSize': [0], 'SubmitTimes': [1761683871.0], 'StartTimes': [], 'EndTimes': [], 'TotalUserCpuTimeHistory': [0.0], 'TotalSysCpuTimeHistory': [0.0], 'WallDurations': [0], 'JobIds': ['137022278.0'], 'State': 'idle', 'RecordedSite': False}, '870': {'Retries': 0, 'Restarts': 0, 'SiteHistory': ['Unknown'], 'ResidentSetSize': [0], 'SubmitTimes': [1761683851.0], 'StartTimes': [], 'EndTimes': [], 'TotalUserCpuTimeHistory': [0.0], 'TotalSysCpuTimeHistory': [0.0], 'WallDurations': [0], 'JobIds': ['137022219.0'], 'State': 'idle', 'RecordedSite': False}, '871': {'Retries': 0, 'Restarts': 0, 'SiteHistory': ['Unknown'], 'ResidentSetSize': [0], 'SubmitTimes': [1761683851.0], 'StartTimes': [], 'EndTimes': [], 'TotalUserCpuTimeHistory': [0.0], 'TotalSysCpuTimeHistory': [0.0], 'WallDurations': [0], 'JobIds': ['137022222.0'], 'State': 'idle', 'RecordedSite': False}, '872': {'Retries': 0, 'Restarts': 0, 'SiteHistory': ['Unknown'], 'ResidentSetSize': [0], 'SubmitTimes': [1761683861.0], 'StartTimes': [], 'EndTimes': [], 'TotalUserCpuTimeHistory': [0.0], 'TotalSysCpuTimeHistory': [0.0], 'WallDurations': [0], 'JobIds': ['137022253.0'], 'State': 'idle', 'RecordedSite': False}, '873': {'Retries': 0, 'Restarts': 0, 'SiteHistory': ['Unknown'], 'ResidentSetSize': [0], 'SubmitTimes': [1761683860.0], 'StartTimes': [], 'EndTimes': [], 'TotalUserCpuTimeHistory': [0.0], 'TotalSysCpuTimeHistory': [0.0], 'WallDurations': [0], 'JobIds': ['137022247.0'], 'State': 'idle', 'RecordedSite': False}, '874': {'Retries': 0, 'Restarts': 0, 'SiteHistory': ['Unknown'], 'ResidentSetSize': [0], 'SubmitTimes': [1761683858.0], 'StartTimes': [], 'EndTimes': [], 'TotalUserCpuTimeHistory': [0.0], 'TotalSysCpuTimeHistory': [0.0], 'WallDurations': [0], 'JobIds': ['137022233.0'], 'State': 'idle', 'RecordedSite': False}, '875': {'Retries': 0, 'Restarts': 0, 'SiteHistory': ['Unknown'], 'ResidentSetSize': [0], 'SubmitTimes': [1761683863.0], 'StartTimes': [], 'EndTimes': [], 'TotalUserCpuTimeHistory': [0.0], 'TotalSysCpuTimeHistory': [0.0], 'WallDurations': [0], 'JobIds': ['137022261.0'], 'State': 'idle', 'RecordedSite': False}, '876': {'Retries': 0, 'Restarts': 0, 'SiteHistory': ['Unknown'], 'ResidentSetSize': [0], 'SubmitTimes': [1761683873.0], 'StartTimes': [], 'EndTimes': [], 'TotalUserCpuTimeHistory': [0.0], 'TotalSysCpuTimeHistory': [0.0], 'WallDurations': [0], 'JobIds': ['137022281.0'], 'State': 'idle', 'RecordedSite': False}, '877': {'Retries': 0, 'Restarts': 0, 'SiteHistory': ['Unknown'], 'ResidentSetSize': [0], 'SubmitTimes': [1761683869.0], 'StartTimes': [], 'EndTimes': [], 'TotalUserCpuTimeHistory': [0.0], 'TotalSysCpuTimeHistory': [0.0], 'WallDurations': [0], 'JobIds': ['137022276.0'], 'State': 'idle', 'RecordedSite': False}, '878': {'Retries': 0, 'Restarts': 0, 'SiteHistory': ['Unknown'], 'ResidentSetSize': [0], 'SubmitTimes': [1761683859.0], 'StartTimes': [], 'EndTimes': [], 'TotalUserCpuTimeHistory': [0.0], 'TotalSysCpuTimeHistory': [0.0], 'WallDurations': [0], 'JobIds': ['137022241.0'], 'State': 'idle', 'RecordedSite': False}, '879': {'Retries': 0, 'Restarts': 0, 'SiteHistory': ['Unknown'], 'ResidentSetSize': [0], 'SubmitTimes': [1761683858.0], 'StartTimes': [], 'EndTimes': [], 'TotalUserCpuTimeHistory': [0.0], 'TotalSysCpuTimeHistory': [0.0], 'WallDurations': [0], 'JobIds': ['137022234.0'], 'State': 'idle', 'RecordedSite': False}, '880': {'Retries': 0, 'Restarts': 0, 'SiteHistory': ['Unknown'], 'ResidentSetSize': [0], 'SubmitTimes': [1761683860.0], 'StartTimes': [], 'EndTimes': [], 'TotalUserCpuTimeHistory': [0.0], 'TotalSysCpuTimeHistory': [0.0], 'WallDurations': [0], 'JobIds': ['137022244.0'], 'State': 'idle', 'RecordedSite': False}, '881': {'Retries': 0, 'Restarts': 0, 'SiteHistory': ['Unknown'], 'ResidentSetSize': [0], 'SubmitTimes': [1761683874.0], 'StartTimes': [], 'EndTimes': [], 'TotalUserCpuTimeHistory': [0.0], 'TotalSysCpuTimeHistory': [0.0], 'WallDurations': [0], 'JobIds': ['137022284.0'], 'State': 'idle', 'RecordedSite': False}, '882': {'Retries': 0, 'Restarts': 0, 'SiteHistory': ['Unknown'], 'ResidentSetSize': [0], 'SubmitTimes': [1761683858.0], 'StartTimes': [], 'EndTimes': [], 'TotalUserCpuTimeHistory': [0.0], 'TotalSysCpuTimeHistory': [0.0], 'WallDurations': [0], 'JobIds': ['137022236.0'], 'State': 'idle', 'RecordedSite': False}, '883': {'Retries': 0, 'Restarts': 0, 'SiteHistory': ['Unknown'], 'ResidentSetSize': [0], 'SubmitTimes': [1761683859.0], 'StartTimes': [], 'EndTimes': [], 'TotalUserCpuTimeHistory': [0.0], 'TotalSysCpuTimeHistory': [0.0], 'WallDurations': [0], 'JobIds': ['137022237.0'], 'State': 'idle', 'RecordedSite': False}, '884': {'Retries': 0, 'Restarts': 0, 'SiteHistory': ['Unknown'], 'ResidentSetSize': [0], 'SubmitTimes': [1761683859.0], 'StartTimes': [], 'EndTimes': [], 'TotalUserCpuTimeHistory': [0.0], 'TotalSysCpuTimeHistory': [0.0], 'WallDurations': [0], 'JobIds': ['137022238.0'], 'State': 'idle', 'RecordedSite': False}, '885': {'Retries': 0, 'Restarts': 0, 'SiteHistory': ['Unknown'], 'ResidentSetSize': [0], 'SubmitTimes': [1761683859.0], 'StartTimes': [], 'EndTimes': [], 'TotalUserCpuTimeHistory': [0.0], 'TotalSysCpuTimeHistory': [0.0], 'WallDurations': [0], 'JobIds': ['137022240.0'], 'State': 'idle', 'RecordedSite': False}, '886': {'Retries': 0, 'Restarts': 0, 'SiteHistory': ['Unknown'], 'ResidentSetSize': [0], 'SubmitTimes': [1761683862.0], 'StartTimes': [], 'EndTimes': [], 'TotalUserCpuTimeHistory': [0.0], 'TotalSysCpuTimeHistory': [0.0], 'WallDurations': [0], 'JobIds': ['137022256.0'], 'State': 'idle', 'RecordedSite': False}, '887': {'Retries': 0, 'Restarts': 0, 'SiteHistory': [], 'ResidentSetSize': [], 'SubmitTimes': [], 'StartTimes': [], 'EndTimes': [], 'TotalUserCpuTimeHistory': [], 'TotalSysCpuTimeHistory': [], 'WallDurations': [], 'JobIds': [], 'State': 'unsubmitted'}, '888': {'Retries': 0, 'Restarts': 0, 'SiteHistory': ['Unknown'], 'ResidentSetSize': [0], 'SubmitTimes': [1761683879.0], 'StartTimes': [], 'EndTimes': [], 'TotalUserCpuTimeHistory': [0.0], 'TotalSysCpuTimeHistory': [0.0], 'WallDurations': [0], 'JobIds': ['137022322.0'], 'State': 'idle', 'RecordedSite': False}, '889': {'Retries': 0, 'Restarts': 0, 'SiteHistory': ['Unknown'], 'ResidentSetSize': [0], 'SubmitTimes': [1761683879.0], 'StartTimes': [], 'EndTimes': [], 'TotalUserCpuTimeHistory': [0.0], 'TotalSysCpuTimeHistory': [0.0], 'WallDurations': [0], 'JobIds': ['137022326.0'], 'State': 'idle', 'RecordedSite': False}, '890': {'Retries': 0, 'Restarts': 0, 'SiteHistory': ['Unknown'], 'ResidentSetSize': [0], 'SubmitTimes': [1761683879.0], 'StartTimes': [], 'EndTimes': [], 'TotalUserCpuTimeHistory': [0.0], 'TotalSysCpuTimeHistory': [0.0], 'WallDurations': [0], 'JobIds': ['137022329.0'], 'State': 'idle', 'RecordedSite': False}, '891': {'Retries': 0, 'Restarts': 0, 'SiteHistory': ['Unknown'], 'ResidentSetSize': [0], 'SubmitTimes': [1761683879.0], 'StartTimes': [], 'EndTimes': [], 'TotalUserCpuTimeHistory': [0.0], 'TotalSysCpuTimeHistory': [0.0], 'WallDurations': [0], 'JobIds': ['137022332.0'], 'State': 'idle', 'RecordedSite': False}, '892': {'Retries': 0, 'Restarts': 0, 'SiteHistory': ['Unknown'], 'ResidentSetSize': [0], 'SubmitTimes': [1761683879.0], 'StartTimes': [], 'EndTimes': [], 'TotalUserCpuTimeHistory': [0.0], 'TotalSysCpuTimeHistory': [0.0], 'WallDurations': [0], 'JobIds': ['137022335.0'], 'State': 'idle', 'RecordedSite': False}, '893': {'Retries': 0, 'Restarts': 0, 'SiteHistory': ['Unknown'], 'ResidentSetSize': [0], 'SubmitTimes': [1761683882.0], 'StartTimes': [], 'EndTimes': [], 'TotalUserCpuTimeHistory': [0.0], 'TotalSysCpuTimeHistory': [0.0], 'WallDurations': [0], 'JobIds': ['137022339.0'], 'State': 'idle', 'RecordedSite': False}, '894': {'Retries': 0, 'Restarts': 0, 'SiteHistory': ['Unknown'], 'ResidentSetSize': [0], 'SubmitTimes': [1761683883.0], 'StartTimes': [], 'EndTimes': [], 'TotalUserCpuTimeHistory': [0.0], 'TotalSysCpuTimeHistory': [0.0], 'WallDurations': [0], 'JobIds': ['137022342.0'], 'State': 'idle', 'RecordedSite': False}, '895': {'Retries': 0, 'Restarts': 0, 'SiteHistory': ['Unknown'], 'ResidentSetSize': [0], 'SubmitTimes': [1761683887.0], 'StartTimes': [], 'EndTimes': [], 'TotalUserCpuTimeHistory': [0.0], 'TotalSysCpuTimeHistory': [0.0], 'WallDurations': [0], 'JobIds': ['137022347.0'], 'State': 'idle', 'RecordedSite': False}, '896': {'Retries': 0, 'Restarts': 0, 'SiteHistory': ['Unknown'], 'ResidentSetSize': [0], 'SubmitTimes': [1761683861.0], 'StartTimes': [], 'EndTimes': [], 'TotalUserCpuTimeHistory': [0.0], 'TotalSysCpuTimeHistory': [0.0], 'WallDurations': [0], 'JobIds': ['137022250.0'], 'State': 'idle', 'RecordedSite': False}, '897': {'Retries': 0, 'Restarts': 0, 'SiteHistory': ['Unknown'], 'ResidentSetSize': [0], 'SubmitTimes': [1761683894.0], 'StartTimes': [], 'EndTimes': [], 'TotalUserCpuTimeHistory': [0.0], 'TotalSysCpuTimeHistory': [0.0], 'WallDurations': [0], 'JobIds': ['137022355.0'], 'State': 'unsubmitted', 'RecordedSite': False}, '898': {'Retries': 0, 'Restarts': 0, 'SiteHistory': ['Unknown'], 'ResidentSetSize': [0], 'SubmitTimes': [1761683894.0], 'StartTimes': [], 'EndTimes': [], 'TotalUserCpuTimeHistory': [0.0], 'TotalSysCpuTimeHistory': [0.0], 'WallDurations': [0], 'JobIds': ['137022360.0'], 'State': 'unsubmitted', 'RecordedSite': False}, '899': {'Retries': 0, 'Restarts': 0, 'SiteHistory': ['Unknown'], 'ResidentSetSize': [0], 'SubmitTimes': [1761683895.0], 'StartTimes': [], 'EndTimes': [], 'TotalUserCpuTimeHistory': [0.0], 'TotalSysCpuTimeHistory': [0.0], 'WallDurations': [0], 'JobIds': ['137022365.0'], 'State': 'unsubmitted', 'RecordedSite': False}, '900': {'Retries': 0, 'Restarts': 0, 'SiteHistory': ['Unknown'], 'ResidentSetSize': [0], 'SubmitTimes': [1761683896.0], 'StartTimes': [], 'EndTimes': [], 'TotalUserCpuTimeHistory': [0.0], 'TotalSysCpuTimeHistory': [0.0], 'WallDurations': [0], 'JobIds': ['137022370.0'], 'State': 'unsubmitted', 'RecordedSite': False}, '901': {'Retries': 0, 'Restarts': 0, 'SiteHistory': ['Unknown'], 'ResidentSetSize': [0], 'SubmitTimes': [1761683897.0], 'StartTimes': [], 'EndTimes': [], 'TotalUserCpuTimeHistory': [0.0], 'TotalSysCpuTimeHistory': [0.0], 'WallDurations': [0], 'JobIds': ['137022389.0'], 'State': 'unsubmitted', 'RecordedSite': False}, '902': {'Retries': 0, 'Restarts': 0, 'SiteHistory': ['Unknown'], 'ResidentSetSize': [0], 'SubmitTimes': [1761683896.0], 'StartTimes': [], 'EndTimes': [], 'TotalUserCpuTimeHistory': [0.0], 'TotalSysCpuTimeHistory': [0.0], 'WallDurations': [0], 'JobIds': ['137022375.0'], 'State': 'unsubmitted', 'RecordedSite': False}, '903': {'Retries': 0, 'Restarts': 0, 'SiteHistory': ['Unknown'], 'ResidentSetSize': [0], 'SubmitTimes': [1761683897.0], 'StartTimes': [], 'EndTimes': [], 'TotalUserCpuTimeHistory': [0.0], 'TotalSysCpuTimeHistory': [0.0], 'WallDurations': [0], 'JobIds': ['137022379.0'], 'State': 'unsubmitted', 'RecordedSite': False}, '904': {'Retries': 0, 'Restarts': 0, 'SiteHistory': ['Unknown'], 'ResidentSetSize': [0], 'SubmitTimes': [1761683897.0], 'StartTimes': [], 'EndTimes': [], 'TotalUserCpuTimeHistory': [0.0], 'TotalSysCpuTimeHistory': [0.0], 'WallDurations': [0], 'JobIds': ['137022384.0'], 'State': 'unsubmitted', 'RecordedSite': False}, '905': {'Retries': 0, 'Restarts': 0, 'SiteHistory': ['Unknown'], 'ResidentSetSize': [0], 'SubmitTimes': [1761683898.0], 'StartTimes': [], 'EndTimes': [], 'TotalUserCpuTimeHistory': [0.0], 'TotalSysCpuTimeHistory': [0.0], 'WallDurations': [0], 'JobIds': ['137022396.0'], 'State': 'unsubmitted', 'RecordedSite': False}, '906': {'Retries': 0, 'Restarts': 0, 'SiteHistory': [], 'ResidentSetSize': [], 'SubmitTimes': [], 'StartTimes': [], 'EndTimes': [], 'TotalUserCpuTimeHistory': [], 'TotalSysCpuTimeHistory': [], 'WallDurations': [], 'JobIds': [], 'State': 'unsubmitted'}, '907': {'Retries': 0, 'Restarts': 0, 'SiteHistory': ['Unknown'], 'ResidentSetSize': [0], 'SubmitTimes': [1761683899.0], 'StartTimes': [], 'EndTimes': [], 'TotalUserCpuTimeHistory': [0.0], 'TotalSysCpuTimeHistory': [0.0], 'WallDurations': [0], 'JobIds': ['137022405.0'], 'State': 'unsubmitted', 'RecordedSite': False}, '908': {'Retries': 0, 'Restarts': 0, 'SiteHistory': ['Unknown'], 'ResidentSetSize': [0], 'SubmitTimes': [1761683910.0], 'StartTimes': [], 'EndTimes': [], 'TotalUserCpuTimeHistory': [0.0], 'TotalSysCpuTimeHistory': [0.0], 'WallDurations': [0], 'JobIds': ['137022435.0'], 'State': 'unsubmitted', 'RecordedSite': False}, '909': {'Retries': 0, 'Restarts': 0, 'SiteHistory': ['Unknown'], 'ResidentSetSize': [0], 'SubmitTimes': [1761683907.0], 'StartTimes': [], 'EndTimes': [], 'TotalUserCpuTimeHistory': [0.0], 'TotalSysCpuTimeHistory': [0.0], 'WallDurations': [0], 'JobIds': ['137022426.0'], 'State': 'unsubmitted', 'RecordedSite': False}, '910': {'Retries': 0, 'Restarts': 0, 'SiteHistory': ['Unknown'], 'ResidentSetSize': [0], 'SubmitTimes': [1761683907.0], 'StartTimes': [], 'EndTimes': [], 'TotalUserCpuTimeHistory': [0.0], 'TotalSysCpuTimeHistory': [0.0], 'WallDurations': [0], 'JobIds': ['137022422.0'], 'State': 'unsubmitted', 'RecordedSite': False}, '911': {'Retries': 0, 'Restarts': 0, 'SiteHistory': ['Unknown'], 'ResidentSetSize': [0], 'SubmitTimes': [1761683916.0], 'StartTimes': [], 'EndTimes': [], 'TotalUserCpuTimeHistory': [0.0], 'TotalSysCpuTimeHistory': [0.0], 'WallDurations': [0], 'JobIds': ['137022452.0'], 'State': 'unsubmitted', 'RecordedSite': False}, '912': {'Retries': 0, 'Restarts': 0, 'SiteHistory': ['Unknown'], 'ResidentSetSize': [0], 'SubmitTimes': [1761683917.0], 'StartTimes': [], 'EndTimes': [], 'TotalUserCpuTimeHistory': [0.0], 'TotalSysCpuTimeHistory': [0.0], 'WallDurations': [0], 'JobIds': ['137022456.0'], 'State': 'unsubmitted', 'RecordedSite': False}, '913': {'Retries': 0, 'Restarts': 0, 'SiteHistory': ['Unknown'], 'ResidentSetSize': [0], 'SubmitTimes': [1761683917.0], 'StartTimes': [], 'EndTimes': [], 'TotalUserCpuTimeHistory': [0.0], 'TotalSysCpuTimeHistory': [0.0], 'WallDurations': [0], 'JobIds': ['137022458.0'], 'State': 'unsubmitted', 'RecordedSite': False}, '914': {'Retries': 0, 'Restarts': 0, 'SiteHistory': ['Unknown'], 'ResidentSetSize': [0], 'SubmitTimes': [1761683917.0], 'StartTimes': [], 'EndTimes': [], 'TotalUserCpuTimeHistory': [0.0], 'TotalSysCpuTimeHistory': [0.0], 'WallDurations': [0], 'JobIds': ['137022462.0'], 'State': 'unsubmitted', 'RecordedSite': False}, '915': {'Retries': 0, 'Restarts': 0, 'SiteHistory': ['Unknown'], 'ResidentSetSize': [0], 'SubmitTimes': [1761683918.0], 'StartTimes': [], 'EndTimes': [], 'TotalUserCpuTimeHistory': [0.0], 'TotalSysCpuTimeHistory': [0.0], 'WallDurations': [0], 'JobIds': ['137022465.0'], 'State': 'unsubmitted', 'RecordedSite': False}, '916': {'Retries': 0, 'Restarts': 0, 'SiteHistory': ['Unknown'], 'ResidentSetSize': [0], 'SubmitTimes': [1761683898.0], 'StartTimes': [], 'EndTimes': [], 'TotalUserCpuTimeHistory': [0.0], 'TotalSysCpuTimeHistory': [0.0], 'WallDurations': [0], 'JobIds': ['137022401.0'], 'State': 'unsubmitted', 'RecordedSite': False}, '917': {'Retries': 0, 'Restarts': 0, 'SiteHistory': ['Unknown'], 'ResidentSetSize': [0], 'SubmitTimes': [1761683918.0], 'StartTimes': [], 'EndTimes': [], 'TotalUserCpuTimeHistory': [0.0], 'TotalSysCpuTimeHistory': [0.0], 'WallDurations': [0], 'JobIds': ['137022468.0'], 'State': 'unsubmitted', 'RecordedSite': False}, '918': {'Retries': 0, 'Restarts': 0, 'SiteHistory': ['Unknown'], 'ResidentSetSize': [0], 'SubmitTimes': [1761683919.0], 'StartTimes': [], 'EndTimes': [], 'TotalUserCpuTimeHistory': [0.0], 'TotalSysCpuTimeHistory': [0.0], 'WallDurations': [0], 'JobIds': ['137022471.0'], 'State': 'unsubmitted', 'RecordedSite': False}, '919': {'Retries': 0, 'Restarts': 0, 'SiteHistory': ['Unknown'], 'ResidentSetSize': [0], 'SubmitTimes': [1761683920.0], 'StartTimes': [], 'EndTimes': [], 'TotalUserCpuTimeHistory': [0.0], 'TotalSysCpuTimeHistory': [0.0], 'WallDurations': [0], 'JobIds': ['137022473.0'], 'State': 'unsubmitted', 'RecordedSite': False}, '920': {'Retries': 0, 'Restarts': 0, 'SiteHistory': ['Unknown'], 'ResidentSetSize': [0], 'SubmitTimes': [1761683908.0], 'StartTimes': [], 'EndTimes': [], 'TotalUserCpuTimeHistory': [0.0], 'TotalSysCpuTimeHistory': [0.0], 'WallDurations': [0], 'JobIds': ['137022430.0'], 'State': 'unsubmitted', 'RecordedSite': False}, '921': {'Retries': 0, 'Restarts': 0, 'SiteHistory': ['Unknown'], 'ResidentSetSize': [0], 'SubmitTimes': [1761683922.0], 'StartTimes': [], 'EndTimes': [], 'TotalUserCpuTimeHistory': [0.0], 'TotalSysCpuTimeHistory': [0.0], 'WallDurations': [0], 'JobIds': ['137022476.0'], 'State': 'unsubmitted', 'RecordedSite': False}, '922': {'Retries': 0, 'Restarts': 0, 'SiteHistory': ['Unknown'], 'ResidentSetSize': [0], 'SubmitTimes': [1761683905.0], 'StartTimes': [], 'EndTimes': [], 'TotalUserCpuTimeHistory': [0.0], 'TotalSysCpuTimeHistory': [0.0], 'WallDurations': [0], 'JobIds': ['137022414.0'], 'State': 'unsubmitted', 'RecordedSite': False}, '923': {'Retries': 0, 'Restarts': 0, 'SiteHistory': ['Unknown'], 'ResidentSetSize': [0], 'SubmitTimes': [1761683929.0], 'StartTimes': [], 'EndTimes': [], 'TotalUserCpuTimeHistory': [0.0], 'TotalSysCpuTimeHistory': [0.0], 'WallDurations': [0], 'JobIds': ['137022491.0'], 'State': 'unsubmitted', 'RecordedSite': False}, '924': {'Retries': 0, 'Restarts': 0, 'SiteHistory': ['Unknown'], 'ResidentSetSize': [0], 'SubmitTimes': [1761683930.0], 'StartTimes': [], 'EndTimes': [], 'TotalUserCpuTimeHistory': [0.0], 'TotalSysCpuTimeHistory': [0.0], 'WallDurations': [0], 'JobIds': ['137022495.0'], 'State': 'unsubmitted', 'RecordedSite': False}, '925': {'Retries': 0, 'Restarts': 0, 'SiteHistory': ['Unknown'], 'ResidentSetSize': [0], 'SubmitTimes': [1761683931.0], 'StartTimes': [], 'EndTimes': [], 'TotalUserCpuTimeHistory': [0.0], 'TotalSysCpuTimeHistory': [0.0], 'WallDurations': [0], 'JobIds': ['137022499.0'], 'State': 'unsubmitted', 'RecordedSite': False}, '926': {'Retries': 0, 'Restarts': 0, 'SiteHistory': ['Unknown'], 'ResidentSetSize': [0], 'SubmitTimes': [1761683906.0], 'StartTimes': [], 'EndTimes': [], 'TotalUserCpuTimeHistory': [0.0], 'TotalSysCpuTimeHistory': [0.0], 'WallDurations': [0], 'JobIds': ['137022419.0'], 'State': 'unsubmitted', 'RecordedSite': False}, '927': {'Retries': 0, 'Restarts': 0, 'SiteHistory': ['Unknown'], 'ResidentSetSize': [0], 'SubmitTimes': [1761683931.0], 'StartTimes': [], 'EndTimes': [], 'TotalUserCpuTimeHistory': [0.0], 'TotalSysCpuTimeHistory': [0.0], 'WallDurations': [0], 'JobIds': ['137022502.0'], 'State': 'unsubmitted', 'RecordedSite': False}, '928': {'Retries': 0, 'Restarts': 0, 'SiteHistory': ['Unknown'], 'ResidentSetSize': [0], 'SubmitTimes': [1761683932.0], 'StartTimes': [], 'EndTimes': [], 'TotalUserCpuTimeHistory': [0.0], 'TotalSysCpuTimeHistory': [0.0], 'WallDurations': [0], 'JobIds': ['137022505.0'], 'State': 'unsubmitted', 'RecordedSite': False}, '929': {'Retries': 0, 'Restarts': 0, 'SiteHistory': ['Unknown'], 'ResidentSetSize': [0], 'SubmitTimes': [1761683932.0], 'StartTimes': [], 'EndTimes': [], 'TotalUserCpuTimeHistory': [0.0], 'TotalSysCpuTimeHistory': [0.0], 'WallDurations': [0], 'JobIds': ['137022508.0'], 'State': 'unsubmitted', 'RecordedSite': False}, '930': {'Retries': 0, 'Restarts': 0, 'SiteHistory': ['Unknown'], 'ResidentSetSize': [0], 'SubmitTimes': [1761683932.0], 'StartTimes': [], 'EndTimes': [], 'TotalUserCpuTimeHistory': [0.0], 'TotalSysCpuTimeHistory': [0.0], 'WallDurations': [0], 'JobIds': ['137022511.0'], 'State': 'unsubmitted', 'RecordedSite': False}, '931': {'Retries': 0, 'Restarts': 0, 'SiteHistory': ['Unknown'], 'ResidentSetSize': [0], 'SubmitTimes': [1761683933.0], 'StartTimes': [], 'EndTimes': [], 'TotalUserCpuTimeHistory': [0.0], 'TotalSysCpuTimeHistory': [0.0], 'WallDurations': [0], 'JobIds': ['137022514.0'], 'State': 'unsubmitted', 'RecordedSite': False}, '932': {'Retries': 0, 'Restarts': 0, 'SiteHistory': ['Unknown'], 'ResidentSetSize': [0], 'SubmitTimes': [1761683933.0], 'StartTimes': [], 'EndTimes': [], 'TotalUserCpuTimeHistory': [0.0], 'TotalSysCpuTimeHistory': [0.0], 'WallDurations': [0], 'JobIds': ['137022517.0'], 'State': 'unsubmitted', 'RecordedSite': False}, '933': {'Retries': 0, 'Restarts': 0, 'SiteHistory': ['Unknown'], 'ResidentSetSize': [0], 'SubmitTimes': [1761683934.0], 'StartTimes': [], 'EndTimes': [], 'TotalUserCpuTimeHistory': [0.0], 'TotalSysCpuTimeHistory': [0.0], 'WallDurations': [0], 'JobIds': ['137022520.0'], 'State': 'unsubmitted', 'RecordedSite': False}, '934': {'Retries': 0, 'Restarts': 0, 'SiteHistory': [], 'ResidentSetSize': [], 'SubmitTimes': [], 'StartTimes': [], 'EndTimes': [], 'TotalUserCpuTimeHistory': [], 'TotalSysCpuTimeHistory': [], 'WallDurations': [], 'JobIds': [], 'State': 'unsubmitted'}, '935': {'Retries': 0, 'Restarts': 0, 'SiteHistory': ['Unknown'], 'ResidentSetSize': [0], 'SubmitTimes': [1761683943.0], 'StartTimes': [], 'EndTimes': [], 'TotalUserCpuTimeHistory': [0.0], 'TotalSysCpuTimeHistory': [0.0], 'WallDurations': [0], 'JobIds': ['137022532.0'], 'State': 'unsubmitted', 'RecordedSite': False}, '936': {'Retries': 0, 'Restarts': 0, 'SiteHistory': ['Unknown'], 'ResidentSetSize': [0], 'SubmitTimes': [1761683948.0], 'StartTimes': [], 'EndTimes': [], 'TotalUserCpuTimeHistory': [0.0], 'TotalSysCpuTimeHistory': [0.0], 'WallDurations': [0], 'JobIds': ['137022550.0'], 'State': 'unsubmitted', 'RecordedSite': False}, '937': {'Retries': 0, 'Restarts': 0, 'SiteHistory': ['Unknown'], 'ResidentSetSize': [0], 'SubmitTimes': [1761683943.0], 'StartTimes': [], 'EndTimes': [], 'TotalUserCpuTimeHistory': [0.0], 'TotalSysCpuTimeHistory': [0.0], 'WallDurations': [0], 'JobIds': ['137022535.0'], 'State': 'unsubmitted', 'RecordedSite': False}, '938': {'Retries': 0, 'Restarts': 0, 'SiteHistory': ['Unknown'], 'ResidentSetSize': [0], 'SubmitTimes': [1761683953.0], 'StartTimes': [], 'EndTimes': [], 'TotalUserCpuTimeHistory': [0.0], 'TotalSysCpuTimeHistory': [0.0], 'WallDurations': [0], 'JobIds': ['137022600.0'], 'State': 'unsubmitted', 'RecordedSite': False}, '939': {'Retries': 0, 'Restarts': 0, 'SiteHistory': ['Unknown'], 'ResidentSetSize': [0], 'SubmitTimes': [1761683953.0], 'StartTimes': [], 'EndTimes': [], 'TotalUserCpuTimeHistory': [0.0], 'TotalSysCpuTimeHistory': [0.0], 'WallDurations': [0], 'JobIds': ['137022603.0'], 'State': 'unsubmitted', 'RecordedSite': False}, '940': {'Retries': 0, 'Restarts': 0, 'SiteHistory': ['Unknown'], 'ResidentSetSize': [0], 'SubmitTimes': [1761683944.0], 'StartTimes': [], 'EndTimes': [], 'TotalUserCpuTimeHistory': [0.0], 'TotalSysCpuTimeHistory': [0.0], 'WallDurations': [0], 'JobIds': ['137022541.0'], 'State': 'unsubmitted', 'RecordedSite': False}, '941': {'Retries': 0, 'Restarts': 0, 'SiteHistory': ['Unknown'], 'ResidentSetSize': [0], 'SubmitTimes': [1761683946.0], 'StartTimes': [], 'EndTimes': [], 'TotalUserCpuTimeHistory': [0.0], 'TotalSysCpuTimeHistory': [0.0], 'WallDurations': [0], 'JobIds': ['137022543.0'], 'State': 'unsubmitted', 'RecordedSite': False}, '942': {'Retries': 0, 'Restarts': 0, 'SiteHistory': ['Unknown'], 'ResidentSetSize': [0], 'SubmitTimes': [1761683944.0], 'StartTimes': [], 'EndTimes': [], 'TotalUserCpuTimeHistory': [0.0], 'TotalSysCpuTimeHistory': [0.0], 'WallDurations': [0], 'JobIds': ['137022538.0'], 'State': 'unsubmitted', 'RecordedSite': False}, '943': {'Retries': 0, 'Restarts': 0, 'SiteHistory': ['Unknown'], 'ResidentSetSize': [0], 'SubmitTimes': [1761683953.0], 'StartTimes': [], 'EndTimes': [], 'TotalUserCpuTimeHistory': [0.0], 'TotalSysCpuTimeHistory': [0.0], 'WallDurations': [0], 'JobIds': ['137022605.0'], 'State': 'unsubmitted', 'RecordedSite': False}, '944': {'Retries': 0, 'Restarts': 0, 'SiteHistory': ['Unknown'], 'ResidentSetSize': [0], 'SubmitTimes': [1761683953.0], 'StartTimes': [], 'EndTimes': [], 'TotalUserCpuTimeHistory': [0.0], 'TotalSysCpuTimeHistory': [0.0], 'WallDurations': [0], 'JobIds': ['137022607.0'], 'State': 'unsubmitted', 'RecordedSite': False}, '945': {'Retries': 0, 'Restarts': 0, 'SiteHistory': ['Unknown'], 'ResidentSetSize': [0], 'SubmitTimes': [1761683936.0], 'StartTimes': [], 'EndTimes': [], 'TotalUserCpuTimeHistory': [0.0], 'TotalSysCpuTimeHistory': [0.0], 'WallDurations': [0], 'JobIds': ['137022523.0'], 'State': 'unsubmitted', 'RecordedSite': False}, '946': {'Retries': 0, 'Restarts': 0, 'SiteHistory': ['Unknown'], 'ResidentSetSize': [0], 'SubmitTimes': [1761683954.0], 'StartTimes': [], 'EndTimes': [], 'TotalUserCpuTimeHistory': [0.0], 'TotalSysCpuTimeHistory': [0.0], 'WallDurations': [0], 'JobIds': ['137022609.0'], 'State': 'unsubmitted', 'RecordedSite': False}, '947': {'Retries': 0, 'Restarts': 0, 'SiteHistory': ['Unknown'], 'ResidentSetSize': [0], 'SubmitTimes': [1761683968.0], 'StartTimes': [], 'EndTimes': [], 'TotalUserCpuTimeHistory': [0.0], 'TotalSysCpuTimeHistory': [0.0], 'WallDurations': [0], 'JobIds': ['137022651.0'], 'State': 'unsubmitted', 'RecordedSite': False}, '948': {'Retries': 0, 'Restarts': 0, 'SiteHistory': ['Unknown'], 'ResidentSetSize': [0], 'SubmitTimes': [1761683954.0], 'StartTimes': [], 'EndTimes': [], 'TotalUserCpuTimeHistory': [0.0], 'TotalSysCpuTimeHistory': [0.0], 'WallDurations': [0], 'JobIds': ['137022613.0'], 'State': 'unsubmitted', 'RecordedSite': False}, '949': {'Retries': 0, 'Restarts': 0, 'SiteHistory': ['Unknown'], 'ResidentSetSize': [0], 'SubmitTimes': [1761683947.0], 'StartTimes': [], 'EndTimes': [], 'TotalUserCpuTimeHistory': [0.0], 'TotalSysCpuTimeHistory': [0.0], 'WallDurations': [0], 'JobIds': ['137022548.0'], 'State': 'unsubmitted', 'RecordedSite': False}, '950': {'Retries': 0, 'Restarts': 0, 'SiteHistory': ['Unknown'], 'ResidentSetSize': [0], 'SubmitTimes': [1761683954.0], 'StartTimes': [], 'EndTimes': [], 'TotalUserCpuTimeHistory': [0.0], 'TotalSysCpuTimeHistory': [0.0], 'WallDurations': [0], 'JobIds': ['137022615.0'], 'State': 'unsubmitted', 'RecordedSite': False}, '951': {'Retries': 0, 'Restarts': 0, 'SiteHistory': ['Unknown'], 'ResidentSetSize': [0], 'SubmitTimes': [1761683955.0], 'StartTimes': [], 'EndTimes': [], 'TotalUserCpuTimeHistory': [0.0], 'TotalSysCpuTimeHistory': [0.0], 'WallDurations': [0], 'JobIds': ['137022617.0'], 'State': 'unsubmitted', 'RecordedSite': False}, '952': {'Retries': 0, 'Restarts': 0, 'SiteHistory': ['Unknown'], 'ResidentSetSize': [0], 'SubmitTimes': [1761683947.0], 'StartTimes': [], 'EndTimes': [], 'TotalUserCpuTimeHistory': [0.0], 'TotalSysCpuTimeHistory': [0.0], 'WallDurations': [0], 'JobIds': ['137022546.0'], 'State': 'unsubmitted', 'RecordedSite': False}, '953': {'Retries': 0, 'Restarts': 0, 'SiteHistory': ['Unknown'], 'ResidentSetSize': [0], 'SubmitTimes': [1761683955.0], 'StartTimes': [], 'EndTimes': [], 'TotalUserCpuTimeHistory': [0.0], 'TotalSysCpuTimeHistory': [0.0], 'WallDurations': [0], 'JobIds': ['137022620.0'], 'State': 'unsubmitted', 'RecordedSite': False}, '954': {'Retries': 0, 'Restarts': 0, 'SiteHistory': ['Unknown'], 'ResidentSetSize': [0], 'SubmitTimes': [1761683956.0], 'StartTimes': [], 'EndTimes': [], 'TotalUserCpuTimeHistory': [0.0], 'TotalSysCpuTimeHistory': [0.0], 'WallDurations': [0], 'JobIds': ['137022622.0'], 'State': 'unsubmitted', 'RecordedSite': False}, '955': {'Retries': 0, 'Restarts': 0, 'SiteHistory': ['Unknown'], 'ResidentSetSize': [0], 'SubmitTimes': [1761683956.0], 'StartTimes': [], 'EndTimes': [], 'TotalUserCpuTimeHistory': [0.0], 'TotalSysCpuTimeHistory': [0.0], 'WallDurations': [0], 'JobIds': ['137022623.0'], 'State': 'unsubmitted', 'RecordedSite': False}, '956': {'Retries': 0, 'Restarts': 0, 'SiteHistory': ['Unknown'], 'ResidentSetSize': [0], 'SubmitTimes': [1761683957.0], 'StartTimes': [], 'EndTimes': [], 'TotalUserCpuTimeHistory': [0.0], 'TotalSysCpuTimeHistory': [0.0], 'WallDurations': [0], 'JobIds': ['137022626.0'], 'State': 'unsubmitted', 'RecordedSite': False}, '957': {'Retries': 0, 'Restarts': 0, 'SiteHistory': ['Unknown'], 'ResidentSetSize': [0], 'SubmitTimes': [1761683959.0], 'StartTimes': [], 'EndTimes': [], 'TotalUserCpuTimeHistory': [0.0], 'TotalSysCpuTimeHistory': [0.0], 'WallDurations': [0], 'JobIds': ['137022629.0'], 'State': 'unsubmitted', 'RecordedSite': False}, '958': {'Retries': 0, 'Restarts': 0, 'SiteHistory': ['Unknown'], 'ResidentSetSize': [0], 'SubmitTimes': [1761683967.0], 'StartTimes': [], 'EndTimes': [], 'TotalUserCpuTimeHistory': [0.0], 'TotalSysCpuTimeHistory': [0.0], 'WallDurations': [0], 'JobIds': ['137022646.0'], 'State': 'unsubmitted', 'RecordedSite': False}, '959': {'Retries': 0, 'Restarts': 0, 'SiteHistory': ['Unknown'], 'ResidentSetSize': [0], 'SubmitTimes': [1761683968.0], 'StartTimes': [], 'EndTimes': [], 'TotalUserCpuTimeHistory': [0.0], 'TotalSysCpuTimeHistory': [0.0], 'WallDurations': [0], 'JobIds': ['137022654.0'], 'State': 'unsubmitted', 'RecordedSite': False}, '960': {'Retries': 0, 'Restarts': 0, 'SiteHistory': ['Unknown'], 'ResidentSetSize': [0], 'SubmitTimes': [1761683969.0], 'StartTimes': [], 'EndTimes': [], 'TotalUserCpuTimeHistory': [0.0], 'TotalSysCpuTimeHistory': [0.0], 'WallDurations': [0], 'JobIds': ['137022658.0'], 'State': 'unsubmitted', 'RecordedSite': False}, '961': {'Retries': 0, 'Restarts': 0, 'SiteHistory': ['Unknown'], 'ResidentSetSize': [0], 'SubmitTimes': [1761683967.0], 'StartTimes': [], 'EndTimes': [], 'TotalUserCpuTimeHistory': [0.0], 'TotalSysCpuTimeHistory': [0.0], 'WallDurations': [0], 'JobIds': ['137022648.0'], 'State': 'unsubmitted', 'RecordedSite': False}, '962': {'Retries': 0, 'Restarts': 0, 'SiteHistory': [], 'ResidentSetSize': [], 'SubmitTimes': [], 'StartTimes': [], 'EndTimes': [], 'TotalUserCpuTimeHistory': [], 'TotalSysCpuTimeHistory': [], 'WallDurations': [], 'JobIds': [], 'State': 'unsubmitted'}, '963': {'Retries': 0, 'Restarts': 0, 'SiteHistory': ['Unknown'], 'ResidentSetSize': [0], 'SubmitTimes': [1761683969.0], 'StartTimes': [], 'EndTimes': [], 'TotalUserCpuTimeHistory': [0.0], 'TotalSysCpuTimeHistory': [0.0], 'WallDurations': [0], 'JobIds': ['137022661.0'], 'State': 'unsubmitted', 'RecordedSite': False}, '964': {'Retries': 0, 'Restarts': 0, 'SiteHistory': ['Unknown'], 'ResidentSetSize': [0], 'SubmitTimes': [1761683969.0], 'StartTimes': [], 'EndTimes': [], 'TotalUserCpuTimeHistory': [0.0], 'TotalSysCpuTimeHistory': [0.0], 'WallDurations': [0], 'JobIds': ['137022664.0'], 'State': 'unsubmitted', 'RecordedSite': False}, '965': {'Retries': 0, 'Restarts': 0, 'SiteHistory': ['Unknown'], 'ResidentSetSize': [0], 'SubmitTimes': [1761683970.0], 'StartTimes': [], 'EndTimes': [], 'TotalUserCpuTimeHistory': [0.0], 'TotalSysCpuTimeHistory': [0.0], 'WallDurations': [0], 'JobIds': ['137022667.0'], 'State': 'unsubmitted', 'RecordedSite': False}, '966': {'Retries': 0, 'Restarts': 0, 'SiteHistory': ['Unknown'], 'ResidentSetSize': [0], 'SubmitTimes': [1761683970.0], 'StartTimes': [], 'EndTimes': [], 'TotalUserCpuTimeHistory': [0.0], 'TotalSysCpuTimeHistory': [0.0], 'WallDurations': [0], 'JobIds': ['137022670.0'], 'State': 'unsubmitted', 'RecordedSite': False}, '967': {'Retries': 0, 'Restarts': 0, 'SiteHistory': ['Unknown'], 'ResidentSetSize': [0], 'SubmitTimes': [1761683971.0], 'StartTimes': [], 'EndTimes': [], 'TotalUserCpuTimeHistory': [0.0], 'TotalSysCpuTimeHistory': [0.0], 'WallDurations': [0], 'JobIds': ['137022673.0'], 'State': 'unsubmitted', 'RecordedSite': False}, '968': {'Retries': 0, 'Restarts': 0, 'SiteHistory': [], 'ResidentSetSize': [], 'SubmitTimes': [], 'StartTimes': [], 'EndTimes': [], 'TotalUserCpuTimeHistory': [], 'TotalSysCpuTimeHistory': [], 'WallDurations': [], 'JobIds': [], 'State': 'unsubmitted'}, '969': {'Retries': 0, 'Restarts': 0, 'SiteHistory': ['Unknown'], 'ResidentSetSize': [0], 'SubmitTimes': [1761683972.0], 'StartTimes': [], 'EndTimes': [], 'TotalUserCpuTimeHistory': [0.0], 'TotalSysCpuTimeHistory': [0.0], 'WallDurations': [0], 'JobIds': ['137022676.0'], 'State': 'unsubmitted', 'RecordedSite': False}, '970': {'Retries': 0, 'Restarts': 0, 'SiteHistory': [], 'ResidentSetSize': [], 'SubmitTimes': [], 'StartTimes': [], 'EndTimes': [], 'TotalUserCpuTimeHistory': [], 'TotalSysCpuTimeHistory': [], 'WallDurations': [], 'JobIds': [], 'State': 'unsubmitted'}, '971': {'Retries': 0, 'Restarts': 0, 'SiteHistory': [], 'ResidentSetSize': [], 'SubmitTimes': [], 'StartTimes': [], 'EndTimes': [], 'TotalUserCpuTimeHistory': [], 'TotalSysCpuTimeHistory': [], 'WallDurations': [], 'JobIds': [], 'State': 'unsubmitted'}, '972': {'Retries': 0, 'Restarts': 0, 'SiteHistory': [], 'ResidentSetSize': [], 'SubmitTimes': [], 'StartTimes': [], 'EndTimes': [], 'TotalUserCpuTimeHistory': [], 'TotalSysCpuTimeHistory': [], 'WallDurations': [], 'JobIds': [], 'State': 'unsubmitted'}, '973': {'Retries': 0, 'Restarts': 0, 'SiteHistory': [], 'ResidentSetSize': [], 'SubmitTimes': [], 'StartTimes': [], 'EndTimes': [], 'TotalUserCpuTimeHistory': [], 'TotalSysCpuTimeHistory': [], 'WallDurations': [], 'JobIds': [], 'State': 'unsubmitted'}, '974': {'Retries': 0, 'Restarts': 0, 'SiteHistory': [], 'ResidentSetSize': [], 'SubmitTimes': [], 'StartTimes': [], 'EndTimes': [], 'TotalUserCpuTimeHistory': [], 'TotalSysCpuTimeHistory': [], 'WallDurations': [], 'JobIds': [], 'State': 'unsubmitted'}, '975': {'Retries': 0, 'Restarts': 0, 'SiteHistory': [], 'ResidentSetSize': [], 'SubmitTimes': [], 'StartTimes': [], 'EndTimes': [], 'TotalUserCpuTimeHistory': [], 'TotalSysCpuTimeHistory': [], 'WallDurations': [], 'JobIds': [], 'State': 'unsubmitted'}, '976': {'Retries': 0, 'Restarts': 0, 'SiteHistory': [], 'ResidentSetSize': [], 'SubmitTimes': [], 'StartTimes': [], 'EndTimes': [], 'TotalUserCpuTimeHistory': [], 'TotalSysCpuTimeHistory': [], 'WallDurations': [], 'JobIds': [], 'State': 'unsubmitted'}, '977': {'Retries': 0, 'Restarts': 0, 'SiteHistory': [], 'ResidentSetSize': [], 'SubmitTimes': [], 'StartTimes': [], 'EndTimes': [], 'TotalUserCpuTimeHistory': [], 'TotalSysCpuTimeHistory': [], 'WallDurations': [], 'JobIds': [], 'State': 'unsubmitted'}, '978': {'Retries': 0, 'Restarts': 0, 'SiteHistory': [], 'ResidentSetSize': [], 'SubmitTimes': [], 'StartTimes': [], 'EndTimes': [], 'TotalUserCpuTimeHistory': [], 'TotalSysCpuTimeHistory': [], 'WallDurations': [], 'JobIds': [], 'State': 'unsubmitted'}, '979': {'Retries': 0, 'Restarts': 0, 'SiteHistory': [], 'ResidentSetSize': [], 'SubmitTimes': [], 'StartTimes': [], 'EndTimes': [], 'TotalUserCpuTimeHistory': [], 'TotalSysCpuTimeHistory': [], 'WallDurations': [], 'JobIds': [], 'State': 'unsubmitted'}, '980': {'Retries': 0, 'Restarts': 0, 'SiteHistory': [], 'ResidentSetSize': [], 'SubmitTimes': [], 'StartTimes': [], 'EndTimes': [], 'TotalUserCpuTimeHistory': [], 'TotalSysCpuTimeHistory': [], 'WallDurations': [], 'JobIds': [], 'State': 'unsubmitted'}, '981': {'Retries': 0, 'Restarts': 0, 'SiteHistory': [], 'ResidentSetSize': [], 'SubmitTimes': [], 'StartTimes': [], 'EndTimes': [], 'TotalUserCpuTimeHistory': [], 'TotalSysCpuTimeHistory': [], 'WallDurations': [], 'JobIds': [], 'State': 'unsubmitted'}, '982': {'Retries': 0, 'Restarts': 0, 'SiteHistory': [], 'ResidentSetSize': [], 'SubmitTimes': [], 'StartTimes': [], 'EndTimes': [], 'TotalUserCpuTimeHistory': [], 'TotalSysCpuTimeHistory': [], 'WallDurations': [], 'JobIds': [], 'State': 'unsubmitted'}, '983': {'Retries': 0, 'Restarts': 0, 'SiteHistory': [], 'ResidentSetSize': [], 'SubmitTimes': [], 'StartTimes': [], 'EndTimes': [], 'TotalUserCpuTimeHistory': [], 'TotalSysCpuTimeHistory': [], 'WallDurations': [], 'JobIds': [], 'State': 'unsubmitted'}, '984': {'Retries': 0, 'Restarts': 0, 'SiteHistory': [], 'ResidentSetSize': [], 'SubmitTimes': [], 'StartTimes': [], 'EndTimes': [], 'TotalUserCpuTimeHistory': [], 'TotalSysCpuTimeHistory': [], 'WallDurations': [], 'JobIds': [], 'State': 'unsubmitted'}, '985': {'Retries': 0, 'Restarts': 0, 'SiteHistory': [], 'ResidentSetSize': [], 'SubmitTimes': [], 'StartTimes': [], 'EndTimes': [], 'TotalUserCpuTimeHistory': [], 'TotalSysCpuTimeHistory': [], 'WallDurations': [], 'JobIds': [], 'State': 'unsubmitted'}, '986': {'Retries': 0, 'Restarts': 0, 'SiteHistory': [], 'ResidentSetSize': [], 'SubmitTimes': [], 'StartTimes': [], 'EndTimes': [], 'TotalUserCpuTimeHistory': [], 'TotalSysCpuTimeHistory': [], 'WallDurations': [], 'JobIds': [], 'State': 'unsubmitted'}, '987': {'Retries': 0, 'Restarts': 0, 'SiteHistory': [], 'ResidentSetSize': [], 'SubmitTimes': [], 'StartTimes': [], 'EndTimes': [], 'TotalUserCpuTimeHistory': [], 'TotalSysCpuTimeHistory': [], 'WallDurations': [], 'JobIds': [], 'State': 'unsubmitted'}, '988': {'Retries': 0, 'Restarts': 0, 'SiteHistory': [], 'ResidentSetSize': [], 'SubmitTimes': [], 'StartTimes': [], 'EndTimes': [], 'TotalUserCpuTimeHistory': [], 'TotalSysCpuTimeHistory': [], 'WallDurations': [], 'JobIds': [], 'State': 'unsubmitted'}, '989': {'Retries': 0, 'Restarts': 0, 'SiteHistory': [], 'ResidentSetSize': [], 'SubmitTimes': [], 'StartTimes': [], 'EndTimes': [], 'TotalUserCpuTimeHistory': [], 'TotalSysCpuTimeHistory': [], 'WallDurations': [], 'JobIds': [], 'State': 'unsubmitted'}, '990': {'Retries': 0, 'Restarts': 0, 'SiteHistory': [], 'ResidentSetSize': [], 'SubmitTimes': [], 'StartTimes': [], 'EndTimes': [], 'TotalUserCpuTimeHistory': [], 'TotalSysCpuTimeHistory': [], 'WallDurations': [], 'JobIds': [], 'State': 'unsubmitted'}, '991': {'Retries': 0, 'Restarts': 0, 'SiteHistory': [], 'ResidentSetSize': [], 'SubmitTimes': [], 'StartTimes': [], 'EndTimes': [], 'TotalUserCpuTimeHistory': [], 'TotalSysCpuTimeHistory': [], 'WallDurations': [], 'JobIds': [], 'State': 'unsubmitted'}, '992': {'Retries': 0, 'Restarts': 0, 'SiteHistory': [], 'ResidentSetSize': [], 'SubmitTimes': [], 'StartTimes': [], 'EndTimes': [], 'TotalUserCpuTimeHistory': [], 'TotalSysCpuTimeHistory': [], 'WallDurations': [], 'JobIds': [], 'State': 'unsubmitted'}, '993': {'Retries': 0, 'Restarts': 0, 'SiteHistory': [], 'ResidentSetSize': [], 'SubmitTimes': [], 'StartTimes': [], 'EndTimes': [], 'TotalUserCpuTimeHistory': [], 'TotalSysCpuTimeHistory': [], 'WallDurations': [], 'JobIds': [], 'State': 'unsubmitted'}, '994': {'Retries': 0, 'Restarts': 0, 'SiteHistory': [], 'ResidentSetSize': [], 'SubmitTimes': [], 'StartTimes': [], 'EndTimes': [], 'TotalUserCpuTimeHistory': [], 'TotalSysCpuTimeHistory': [], 'WallDurations': [], 'JobIds': [], 'State': 'unsubmitted'}, '995': {'Retries': 0, 'Restarts': 0, 'SiteHistory': [], 'ResidentSetSize': [], 'SubmitTimes': [], 'StartTimes': [], 'EndTimes': [], 'TotalUserCpuTimeHistory': [], 'TotalSysCpuTimeHistory': [], 'WallDurations': [], 'JobIds': [], 'State': 'unsubmitted'}, '996': {'Retries': 0, 'Restarts': 0, 'SiteHistory': [], 'ResidentSetSize': [], 'SubmitTimes': [], 'StartTimes': [], 'EndTimes': [], 'TotalUserCpuTimeHistory': [], 'TotalSysCpuTimeHistory': [], 'WallDurations': [], 'JobIds': [], 'State': 'unsubmitted'}, '997': {'Retries': 0, 'Restarts': 0, 'SiteHistory': [], 'ResidentSetSize': [], 'SubmitTimes': [], 'StartTimes': [], 'EndTimes': [], 'TotalUserCpuTimeHistory': [], 'TotalSysCpuTimeHistory': [], 'WallDurations': [], 'JobIds': [], 'State': 'unsubmitted'}, '998': {'Retries': 0, 'Restarts': 0, 'SiteHistory': [], 'ResidentSetSize': [], 'SubmitTimes': [], 'StartTimes': [], 'EndTimes': [], 'TotalUserCpuTimeHistory': [], 'TotalSysCpuTimeHistory': [], 'WallDurations': [], 'JobIds': [], 'State': 'unsubmitted'}, '999': {'Retries': 0, 'Restarts': 0, 'SiteHistory': [], 'ResidentSetSize': [], 'SubmitTimes': [], 'StartTimes': [], 'EndTimes': [], 'TotalUserCpuTimeHistory': [], 'TotalSysCpuTimeHistory': [], 'WallDurations': [], 'JobIds': [], 'State': 'unsubmitted'}, '1000': {'Retries': 0, 'Restarts': 0, 'SiteHistory': [], 'ResidentSetSize': [], 'SubmitTimes': [], 'StartTimes': [], 'EndTimes': [], 'TotalUserCpuTimeHistory': [], 'TotalSysCpuTimeHistory': [], 'WallDurations': [], 'JobIds': [], 'State': 'unsubmitted'}, '1001': {'Retries': 0, 'Restarts': 0, 'SiteHistory': [], 'ResidentSetSize': [], 'SubmitTimes': [], 'StartTimes': [], 'EndTimes': [], 'TotalUserCpuTimeHistory': [], 'TotalSysCpuTimeHistory': [], 'WallDurations': [], 'JobIds': [], 'State': 'unsubmitted'}, '1002': {'Retries': 0, 'Restarts': 0, 'SiteHistory': [], 'ResidentSetSize': [], 'SubmitTimes': [], 'StartTimes': [], 'EndTimes': [], 'TotalUserCpuTimeHistory': [], 'TotalSysCpuTimeHistory': [], 'WallDurations': [], 'JobIds': [], 'State': 'unsubmitted'}, '1003': {'Retries': 0, 'Restarts': 0, 'SiteHistory': [], 'ResidentSetSize': [], 'SubmitTimes': [], 'StartTimes': [], 'EndTimes': [], 'TotalUserCpuTimeHistory': [], 'TotalSysCpuTimeHistory': [], 'WallDurations': [], 'JobIds': [], 'State': 'unsubmitted'}, '1004': {'Retries': 0, 'Restarts': 0, 'SiteHistory': [], 'ResidentSetSize': [], 'SubmitTimes': [], 'StartTimes': [], 'EndTimes': [], 'TotalUserCpuTimeHistory': [], 'TotalSysCpuTimeHistory': [], 'WallDurations': [], 'JobIds': [], 'State': 'unsubmitted'}, '1005': {'Retries': 0, 'Restarts': 0, 'SiteHistory': [], 'ResidentSetSize': [], 'SubmitTimes': [], 'StartTimes': [], 'EndTimes': [], 'TotalUserCpuTimeHistory': [], 'TotalSysCpuTimeHistory': [], 'WallDurations': [], 'JobIds': [], 'State': 'unsubmitted'}, '1006': {'Retries': 0, 'Restarts': 0, 'SiteHistory': [], 'ResidentSetSize': [], 'SubmitTimes': [], 'StartTimes': [], 'EndTimes': [], 'TotalUserCpuTimeHistory': [], 'TotalSysCpuTimeHistory': [], 'WallDurations': [], 'JobIds': [], 'State': 'unsubmitted'}, '1007': {'Retries': 0, 'Restarts': 0, 'SiteHistory': [], 'ResidentSetSize': [], 'SubmitTimes': [], 'StartTimes': [], 'EndTimes': [], 'TotalUserCpuTimeHistory': [], 'TotalSysCpuTimeHistory': [], 'WallDurations': [], 'JobIds': [], 'State': 'unsubmitted'}, '1008': {'Retries': 0, 'Restarts': 0, 'SiteHistory': [], 'ResidentSetSize': [], 'SubmitTimes': [], 'StartTimes': [], 'EndTimes': [], 'TotalUserCpuTimeHistory': [], 'TotalSysCpuTimeHistory': [], 'WallDurations': [], 'JobIds': [], 'State': 'unsubmitted'}, '1009': {'Retries': 0, 'Restarts': 0, 'SiteHistory': [], 'ResidentSetSize': [], 'SubmitTimes': [], 'StartTimes': [], 'EndTimes': [], 'TotalUserCpuTimeHistory': [], 'TotalSysCpuTimeHistory': [], 'WallDurations': [], 'JobIds': [], 'State': 'unsubmitted'}, '1010': {'Retries': 0, 'Restarts': 0, 'SiteHistory': [], 'ResidentSetSize': [], 'SubmitTimes': [], 'StartTimes': [], 'EndTimes': [], 'TotalUserCpuTimeHistory': [], 'TotalSysCpuTimeHistory': [], 'WallDurations': [], 'JobIds': [], 'State': 'unsubmitted'}, '1011': {'Retries': 0, 'Restarts': 0, 'SiteHistory': [], 'ResidentSetSize': [], 'SubmitTimes': [], 'StartTimes': [], 'EndTimes': [], 'TotalUserCpuTimeHistory': [], 'TotalSysCpuTimeHistory': [], 'WallDurations': [], 'JobIds': [], 'State': 'unsubmitted'}, '1012': {'Retries': 0, 'Restarts': 0, 'SiteHistory': [], 'ResidentSetSize': [], 'SubmitTimes': [], 'StartTimes': [], 'EndTimes': [], 'TotalUserCpuTimeHistory': [], 'TotalSysCpuTimeHistory': [], 'WallDurations': [], 'JobIds': [], 'State': 'unsubmitted'}, '1013': {'Retries': 0, 'Restarts': 0, 'SiteHistory': [], 'ResidentSetSize': [], 'SubmitTimes': [], 'StartTimes': [], 'EndTimes': [], 'TotalUserCpuTimeHistory': [], 'TotalSysCpuTimeHistory': [], 'WallDurations': [], 'JobIds': [], 'State': 'unsubmitted'}, '1014': {'Retries': 0, 'Restarts': 0, 'SiteHistory': [], 'ResidentSetSize': [], 'SubmitTimes': [], 'StartTimes': [], 'EndTimes': [], 'TotalUserCpuTimeHistory': [], 'TotalSysCpuTimeHistory': [], 'WallDurations': [], 'JobIds': [], 'State': 'unsubmitted'}, '1015': {'Retries': 0, 'Restarts': 0, 'SiteHistory': [], 'ResidentSetSize': [], 'SubmitTimes': [], 'StartTimes': [], 'EndTimes': [], 'TotalUserCpuTimeHistory': [], 'TotalSysCpuTimeHistory': [], 'WallDurations': [], 'JobIds': [], 'State': 'unsubmitted'}, '1016': {'Retries': 0, 'Restarts': 0, 'SiteHistory': [], 'ResidentSetSize': [], 'SubmitTimes': [], 'StartTimes': [], 'EndTimes': [], 'TotalUserCpuTimeHistory': [], 'TotalSysCpuTimeHistory': [], 'WallDurations': [], 'JobIds': [], 'State': 'unsubmitted'}, '1017': {'Retries': 0, 'Restarts': 0, 'SiteHistory': [], 'ResidentSetSize': [], 'SubmitTimes': [], 'StartTimes': [], 'EndTimes': [], 'TotalUserCpuTimeHistory': [], 'TotalSysCpuTimeHistory': [], 'WallDurations': [], 'JobIds': [], 'State': 'unsubmitted'}, '1018': {'Retries': 0, 'Restarts': 0, 'SiteHistory': [], 'ResidentSetSize': [], 'SubmitTimes': [], 'StartTimes': [], 'EndTimes': [], 'TotalUserCpuTimeHistory': [], 'TotalSysCpuTimeHistory': [], 'WallDurations': [], 'JobIds': [], 'State': 'unsubmitted'}, '1019': {'Retries': 0, 'Restarts': 0, 'SiteHistory': [], 'ResidentSetSize': [], 'SubmitTimes': [], 'StartTimes': [], 'EndTimes': [], 'TotalUserCpuTimeHistory': [], 'TotalSysCpuTimeHistory': [], 'WallDurations': [], 'JobIds': [], 'State': 'unsubmitted'}, '1020': {'Retries': 0, 'Restarts': 0, 'SiteHistory': [], 'ResidentSetSize': [], 'SubmitTimes': [], 'StartTimes': [], 'EndTimes': [], 'TotalUserCpuTimeHistory': [], 'TotalSysCpuTimeHistory': [], 'WallDurations': [], 'JobIds': [], 'State': 'unsubmitted'}, '1021': {'Retries': 0, 'Restarts': 0, 'SiteHistory': [], 'ResidentSetSize': [], 'SubmitTimes': [], 'StartTimes': [], 'EndTimes': [], 'TotalUserCpuTimeHistory': [], 'TotalSysCpuTimeHistory': [], 'WallDurations': [], 'JobIds': [], 'State': 'unsubmitted'}, '1022': {'Retries': 0, 'Restarts': 0, 'SiteHistory': [], 'ResidentSetSize': [], 'SubmitTimes': [], 'StartTimes': [], 'EndTimes': [], 'TotalUserCpuTimeHistory': [], 'TotalSysCpuTimeHistory': [], 'WallDurations': [], 'JobIds': [], 'State': 'unsubmitted'}, '1023': {'Retries': 0, 'Restarts': 0, 'SiteHistory': [], 'ResidentSetSize': [], 'SubmitTimes': [], 'StartTimes': [], 'EndTimes': [], 'TotalUserCpuTimeHistory': [], 'TotalSysCpuTimeHistory': [], 'WallDurations': [], 'JobIds': [], 'State': 'unsubmitted'}, '1024': {'Retries': 0, 'Restarts': 0, 'SiteHistory': [], 'ResidentSetSize': [], 'SubmitTimes': [], 'StartTimes': [], 'EndTimes': [], 'TotalUserCpuTimeHistory': [], 'TotalSysCpuTimeHistory': [], 'WallDurations': [], 'JobIds': [], 'State': 'unsubmitted'}, '1025': {'Retries': 0, 'Restarts': 0, 'SiteHistory': [], 'ResidentSetSize': [], 'SubmitTimes': [], 'StartTimes': [], 'EndTimes': [], 'TotalUserCpuTimeHistory': [], 'TotalSysCpuTimeHistory': [], 'WallDurations': [], 'JobIds': [], 'State': 'unsubmitted'}, '1026': {'Retries': 0, 'Restarts': 0, 'SiteHistory': [], 'ResidentSetSize': [], 'SubmitTimes': [], 'StartTimes': [], 'EndTimes': [], 'TotalUserCpuTimeHistory': [], 'TotalSysCpuTimeHistory': [], 'WallDurations': [], 'JobIds': [], 'State': 'unsubmitted'}, '1027': {'Retries': 0, 'Restarts': 0, 'SiteHistory': [], 'ResidentSetSize': [], 'SubmitTimes': [], 'StartTimes': [], 'EndTimes': [], 'TotalUserCpuTimeHistory': [], 'TotalSysCpuTimeHistory': [], 'WallDurations': [], 'JobIds': [], 'State': 'unsubmitted'}, '1028': {'Retries': 0, 'Restarts': 0, 'SiteHistory': [], 'ResidentSetSize': [], 'SubmitTimes': [], 'StartTimes': [], 'EndTimes': [], 'TotalUserCpuTimeHistory': [], 'TotalSysCpuTimeHistory': [], 'WallDurations': [], 'JobIds': [], 'State': 'unsubmitted'}, '1029': {'Retries': 0, 'Restarts': 0, 'SiteHistory': [], 'ResidentSetSize': [], 'SubmitTimes': [], 'StartTimes': [], 'EndTimes': [], 'TotalUserCpuTimeHistory': [], 'TotalSysCpuTimeHistory': [], 'WallDurations': [], 'JobIds': [], 'State': 'unsubmitted'}, '1030': {'Retries': 0, 'Restarts': 0, 'SiteHistory': [], 'ResidentSetSize': [], 'SubmitTimes': [], 'StartTimes': [], 'EndTimes': [], 'TotalUserCpuTimeHistory': [], 'TotalSysCpuTimeHistory': [], 'WallDurations': [], 'JobIds': [], 'State': 'unsubmitted'}, '1031': {'Retries': 0, 'Restarts': 0, 'SiteHistory': [], 'ResidentSetSize': [], 'SubmitTimes': [], 'StartTimes': [], 'EndTimes': [], 'TotalUserCpuTimeHistory': [], 'TotalSysCpuTimeHistory': [], 'WallDurations': [], 'JobIds': [], 'State': 'unsubmitted'}, '1032': {'Retries': 0, 'Restarts': 0, 'SiteHistory': [], 'ResidentSetSize': [], 'SubmitTimes': [], 'StartTimes': [], 'EndTimes': [], 'TotalUserCpuTimeHistory': [], 'TotalSysCpuTimeHistory': [], 'WallDurations': [], 'JobIds': [], 'State': 'unsubmitted'}, '1033': {'Retries': 0, 'Restarts': 0, 'SiteHistory': [], 'ResidentSetSize': [], 'SubmitTimes': [], 'StartTimes': [], 'EndTimes': [], 'TotalUserCpuTimeHistory': [], 'TotalSysCpuTimeHistory': [], 'WallDurations': [], 'JobIds': [], 'State': 'unsubmitted'}, '1034': {'Retries': 0, 'Restarts': 0, 'SiteHistory': [], 'ResidentSetSize': [], 'SubmitTimes': [], 'StartTimes': [], 'EndTimes': [], 'TotalUserCpuTimeHistory': [], 'TotalSysCpuTimeHistory': [], 'WallDurations': [], 'JobIds': [], 'State': 'unsubmitted'}, '1035': {'Retries': 0, 'Restarts': 0, 'SiteHistory': [], 'ResidentSetSize': [], 'SubmitTimes': [], 'StartTimes': [], 'EndTimes': [], 'TotalUserCpuTimeHistory': [], 'TotalSysCpuTimeHistory': [], 'WallDurations': [], 'JobIds': [], 'State': 'unsubmitted'}, '1036': {'Retries': 0, 'Restarts': 0, 'SiteHistory': [], 'ResidentSetSize': [], 'SubmitTimes': [], 'StartTimes': [], 'EndTimes': [], 'TotalUserCpuTimeHistory': [], 'TotalSysCpuTimeHistory': [], 'WallDurations': [], 'JobIds': [], 'State': 'unsubmitted'}, '1037': {'Retries': 0, 'Restarts': 0, 'SiteHistory': [], 'ResidentSetSize': [], 'SubmitTimes': [], 'StartTimes': [], 'EndTimes': [], 'TotalUserCpuTimeHistory': [], 'TotalSysCpuTimeHistory': [], 'WallDurations': [], 'JobIds': [], 'State': 'unsubmitted'}, '1038': {'Retries': 0, 'Restarts': 0, 'SiteHistory': [], 'ResidentSetSize': [], 'SubmitTimes': [], 'StartTimes': [], 'EndTimes': [], 'TotalUserCpuTimeHistory': [], 'TotalSysCpuTimeHistory': [], 'WallDurations': [], 'JobIds': [], 'State': 'unsubmitted'}, '1039': {'Retries': 0, 'Restarts': 0, 'SiteHistory': [], 'ResidentSetSize': [], 'SubmitTimes': [], 'StartTimes': [], 'EndTimes': [], 'TotalUserCpuTimeHistory': [], 'TotalSysCpuTimeHistory': [], 'WallDurations': [], 'JobIds': [], 'State': 'unsubmitted'}, '1040': {'Retries': 0, 'Restarts': 0, 'SiteHistory': [], 'ResidentSetSize': [], 'SubmitTimes': [], 'StartTimes': [], 'EndTimes': [], 'TotalUserCpuTimeHistory': [], 'TotalSysCpuTimeHistory': [], 'WallDurations': [], 'JobIds': [], 'State': 'unsubmitted'}, '1041': {'Retries': 0, 'Restarts': 0, 'SiteHistory': [], 'ResidentSetSize': [], 'SubmitTimes': [], 'StartTimes': [], 'EndTimes': [], 'TotalUserCpuTimeHistory': [], 'TotalSysCpuTimeHistory': [], 'WallDurations': [], 'JobIds': [], 'State': 'unsubmitted'}, '1042': {'Retries': 0, 'Restarts': 0, 'SiteHistory': [], 'ResidentSetSize': [], 'SubmitTimes': [], 'StartTimes': [], 'EndTimes': [], 'TotalUserCpuTimeHistory': [], 'TotalSysCpuTimeHistory': [], 'WallDurations': [], 'JobIds': [], 'State': 'unsubmitted'}, '1043': {'Retries': 0, 'Restarts': 0, 'SiteHistory': [], 'ResidentSetSize': [], 'SubmitTimes': [], 'StartTimes': [], 'EndTimes': [], 'TotalUserCpuTimeHistory': [], 'TotalSysCpuTimeHistory': [], 'WallDurations': [], 'JobIds': [], 'State': 'unsubmitted'}, '1044': {'Retries': 0, 'Restarts': 0, 'SiteHistory': [], 'ResidentSetSize': [], 'SubmitTimes': [], 'StartTimes': [], 'EndTimes': [], 'TotalUserCpuTimeHistory': [], 'TotalSysCpuTimeHistory': [], 'WallDurations': [], 'JobIds': [], 'State': 'unsubmitted'}, '1045': {'Retries': 0, 'Restarts': 0, 'SiteHistory': [], 'ResidentSetSize': [], 'SubmitTimes': [], 'StartTimes': [], 'EndTimes': [], 'TotalUserCpuTimeHistory': [], 'TotalSysCpuTimeHistory': [], 'WallDurations': [], 'JobIds': [], 'State': 'unsubmitted'}, '1046': {'Retries': 0, 'Restarts': 0, 'SiteHistory': [], 'ResidentSetSize': [], 'SubmitTimes': [], 'StartTimes': [], 'EndTimes': [], 'TotalUserCpuTimeHistory': [], 'TotalSysCpuTimeHistory': [], 'WallDurations': [], 'JobIds': [], 'State': 'unsubmitted'}, '1047': {'Retries': 0, 'Restarts': 0, 'SiteHistory': [], 'ResidentSetSize': [], 'SubmitTimes': [], 'StartTimes': [], 'EndTimes': [], 'TotalUserCpuTimeHistory': [], 'TotalSysCpuTimeHistory': [], 'WallDurations': [], 'JobIds': [], 'State': 'unsubmitted'}, '1048': {'Retries': 0, 'Restarts': 0, 'SiteHistory': [], 'ResidentSetSize': [], 'SubmitTimes': [], 'StartTimes': [], 'EndTimes': [], 'TotalUserCpuTimeHistory': [], 'TotalSysCpuTimeHistory': [], 'WallDurations': [], 'JobIds': [], 'State': 'unsubmitted'}, '1049': {'Retries': 0, 'Restarts': 0, 'SiteHistory': [], 'ResidentSetSize': [], 'SubmitTimes': [], 'StartTimes': [], 'EndTimes': [], 'TotalUserCpuTimeHistory': [], 'TotalSysCpuTimeHistory': [], 'WallDurations': [], 'JobIds': [], 'State': 'unsubmitted'}, '1050': {'Retries': 0, 'Restarts': 0, 'SiteHistory': [], 'ResidentSetSize': [], 'SubmitTimes': [], 'StartTimes': [], 'EndTimes': [], 'TotalUserCpuTimeHistory': [], 'TotalSysCpuTimeHistory': [], 'WallDurations': [], 'JobIds': [], 'State': 'unsubmitted'}, '1051': {'Retries': 0, 'Restarts': 0, 'SiteHistory': [], 'ResidentSetSize': [], 'SubmitTimes': [], 'StartTimes': [], 'EndTimes': [], 'TotalUserCpuTimeHistory': [], 'TotalSysCpuTimeHistory': [], 'WallDurations': [], 'JobIds': [], 'State': 'unsubmitted'}, '1052': {'Retries': 0, 'Restarts': 0, 'SiteHistory': [], 'ResidentSetSize': [], 'SubmitTimes': [], 'StartTimes': [], 'EndTimes': [], 'TotalUserCpuTimeHistory': [], 'TotalSysCpuTimeHistory': [], 'WallDurations': [], 'JobIds': [], 'State': 'unsubmitted'}, '1053': {'Retries': 0, 'Restarts': 0, 'SiteHistory': [], 'ResidentSetSize': [], 'SubmitTimes': [], 'StartTimes': [], 'EndTimes': [], 'TotalUserCpuTimeHistory': [], 'TotalSysCpuTimeHistory': [], 'WallDurations': [], 'JobIds': [], 'State': 'unsubmitted'}, '1054': {'Retries': 0, 'Restarts': 0, 'SiteHistory': [], 'ResidentSetSize': [], 'SubmitTimes': [], 'StartTimes': [], 'EndTimes': [], 'TotalUserCpuTimeHistory': [], 'TotalSysCpuTimeHistory': [], 'WallDurations': [], 'JobIds': [], 'State': 'unsubmitted'}, '1055': {'Retries': 0, 'Restarts': 0, 'SiteHistory': [], 'ResidentSetSize': [], 'SubmitTimes': [], 'StartTimes': [], 'EndTimes': [], 'TotalUserCpuTimeHistory': [], 'TotalSysCpuTimeHistory': [], 'WallDurations': [], 'JobIds': [], 'State': 'unsubmitted'}, '1056': {'Retries': 0, 'Restarts': 0, 'SiteHistory': [], 'ResidentSetSize': [], 'SubmitTimes': [], 'StartTimes': [], 'EndTimes': [], 'TotalUserCpuTimeHistory': [], 'TotalSysCpuTimeHistory': [], 'WallDurations': [], 'JobIds': [], 'State': 'unsubmitted'}, '1057': {'Retries': 0, 'Restarts': 0, 'SiteHistory': [], 'ResidentSetSize': [], 'SubmitTimes': [], 'StartTimes': [], 'EndTimes': [], 'TotalUserCpuTimeHistory': [], 'TotalSysCpuTimeHistory': [], 'WallDurations': [], 'JobIds': [], 'State': 'unsubmitted'}, '1058': {'Retries': 0, 'Restarts': 0, 'SiteHistory': [], 'ResidentSetSize': [], 'SubmitTimes': [], 'StartTimes': [], 'EndTimes': [], 'TotalUserCpuTimeHistory': [], 'TotalSysCpuTimeHistory': [], 'WallDurations': [], 'JobIds': [], 'State': 'unsubmitted'}, '1059': {'Retries': 0, 'Restarts': 0, 'SiteHistory': [], 'ResidentSetSize': [], 'SubmitTimes': [], 'StartTimes': [], 'EndTimes': [], 'TotalUserCpuTimeHistory': [], 'TotalSysCpuTimeHistory': [], 'WallDurations': [], 'JobIds': [], 'State': 'unsubmitted'}, '1060': {'Retries': 0, 'Restarts': 0, 'SiteHistory': [], 'ResidentSetSize': [], 'SubmitTimes': [], 'StartTimes': [], 'EndTimes': [], 'TotalUserCpuTimeHistory': [], 'TotalSysCpuTimeHistory': [], 'WallDurations': [], 'JobIds': [], 'State': 'unsubmitted'}, '1061': {'Retries': 0, 'Restarts': 0, 'SiteHistory': [], 'ResidentSetSize': [], 'SubmitTimes': [], 'StartTimes': [], 'EndTimes': [], 'TotalUserCpuTimeHistory': [], 'TotalSysCpuTimeHistory': [], 'WallDurations': [], 'JobIds': [], 'State': 'unsubmitted'}, '1062': {'Retries': 0, 'Restarts': 0, 'SiteHistory': [], 'ResidentSetSize': [], 'SubmitTimes': [], 'StartTimes': [], 'EndTimes': [], 'TotalUserCpuTimeHistory': [], 'TotalSysCpuTimeHistory': [], 'WallDurations': [], 'JobIds': [], 'State': 'unsubmitted'}, '1063': {'Retries': 0, 'Restarts': 0, 'SiteHistory': [], 'ResidentSetSize': [], 'SubmitTimes': [], 'StartTimes': [], 'EndTimes': [], 'TotalUserCpuTimeHistory': [], 'TotalSysCpuTimeHistory': [], 'WallDurations': [], 'JobIds': [], 'State': 'unsubmitted'}, '1064': {'Retries': 0, 'Restarts': 0, 'SiteHistory': [], 'ResidentSetSize': [], 'SubmitTimes': [], 'StartTimes': [], 'EndTimes': [], 'TotalUserCpuTimeHistory': [], 'TotalSysCpuTimeHistory': [], 'WallDurations': [], 'JobIds': [], 'State': 'unsubmitted'}, '1065': {'Retries': 0, 'Restarts': 0, 'SiteHistory': [], 'ResidentSetSize': [], 'SubmitTimes': [], 'StartTimes': [], 'EndTimes': [], 'TotalUserCpuTimeHistory': [], 'TotalSysCpuTimeHistory': [], 'WallDurations': [], 'JobIds': [], 'State': 'unsubmitted'}, '1066': {'Retries': 0, 'Restarts': 0, 'SiteHistory': [], 'ResidentSetSize': [], 'SubmitTimes': [], 'StartTimes': [], 'EndTimes': [], 'TotalUserCpuTimeHistory': [], 'TotalSysCpuTimeHistory': [], 'WallDurations': [], 'JobIds': [], 'State': 'unsubmitted'}, '1067': {'Retries': 0, 'Restarts': 0, 'SiteHistory': [], 'ResidentSetSize': [], 'SubmitTimes': [], 'StartTimes': [], 'EndTimes': [], 'TotalUserCpuTimeHistory': [], 'TotalSysCpuTimeHistory': [], 'WallDurations': [], 'JobIds': [], 'State': 'unsubmitted'}, '1068': {'Retries': 0, 'Restarts': 0, 'SiteHistory': [], 'ResidentSetSize': [], 'SubmitTimes': [], 'StartTimes': [], 'EndTimes': [], 'TotalUserCpuTimeHistory': [], 'TotalSysCpuTimeHistory': [], 'WallDurations': [], 'JobIds': [], 'State': 'unsubmitted'}, '1069': {'Retries': 0, 'Restarts': 0, 'SiteHistory': [], 'ResidentSetSize': [], 'SubmitTimes': [], 'StartTimes': [], 'EndTimes': [], 'TotalUserCpuTimeHistory': [], 'TotalSysCpuTimeHistory': [], 'WallDurations': [], 'JobIds': [], 'State': 'unsubmitted'}, '1070': {'Retries': 0, 'Restarts': 0, 'SiteHistory': [], 'ResidentSetSize': [], 'SubmitTimes': [], 'StartTimes': [], 'EndTimes': [], 'TotalUserCpuTimeHistory': [], 'TotalSysCpuTimeHistory': [], 'WallDurations': [], 'JobIds': [], 'State': 'unsubmitted'}, '1071': {'Retries': 0, 'Restarts': 0, 'SiteHistory': [], 'ResidentSetSize': [], 'SubmitTimes': [], 'StartTimes': [], 'EndTimes': [], 'TotalUserCpuTimeHistory': [], 'TotalSysCpuTimeHistory': [], 'WallDurations': [], 'JobIds': [], 'State': 'unsubmitted'}, '1072': {'Retries': 0, 'Restarts': 0, 'SiteHistory': [], 'ResidentSetSize': [], 'SubmitTimes': [], 'StartTimes': [], 'EndTimes': [], 'TotalUserCpuTimeHistory': [], 'TotalSysCpuTimeHistory': [], 'WallDurations': [], 'JobIds': [], 'State': 'unsubmitted'}, '1073': {'Retries': 0, 'Restarts': 0, 'SiteHistory': [], 'ResidentSetSize': [], 'SubmitTimes': [], 'StartTimes': [], 'EndTimes': [], 'TotalUserCpuTimeHistory': [], 'TotalSysCpuTimeHistory': [], 'WallDurations': [], 'JobIds': [], 'State': 'unsubmitted'}, '1074': {'Retries': 0, 'Restarts': 0, 'SiteHistory': [], 'ResidentSetSize': [], 'SubmitTimes': [], 'StartTimes': [], 'EndTimes': [], 'TotalUserCpuTimeHistory': [], 'TotalSysCpuTimeHistory': [], 'WallDurations': [], 'JobIds': [], 'State': 'unsubmitted'}, '1075': {'Retries': 0, 'Restarts': 0, 'SiteHistory': [], 'ResidentSetSize': [], 'SubmitTimes': [], 'StartTimes': [], 'EndTimes': [], 'TotalUserCpuTimeHistory': [], 'TotalSysCpuTimeHistory': [], 'WallDurations': [], 'JobIds': [], 'State': 'unsubmitted'}, '1076': {'Retries': 0, 'Restarts': 0, 'SiteHistory': [], 'ResidentSetSize': [], 'SubmitTimes': [], 'StartTimes': [], 'EndTimes': [], 'TotalUserCpuTimeHistory': [], 'TotalSysCpuTimeHistory': [], 'WallDurations': [], 'JobIds': [], 'State': 'unsubmitted'}, '1077': {'Retries': 0, 'Restarts': 0, 'SiteHistory': [], 'ResidentSetSize': [], 'SubmitTimes': [], 'StartTimes': [], 'EndTimes': [], 'TotalUserCpuTimeHistory': [], 'TotalSysCpuTimeHistory': [], 'WallDurations': [], 'JobIds': [], 'State': 'unsubmitted'}, '1078': {'Retries': 0, 'Restarts': 0, 'SiteHistory': [], 'ResidentSetSize': [], 'SubmitTimes': [], 'StartTimes': [], 'EndTimes': [], 'TotalUserCpuTimeHistory': [], 'TotalSysCpuTimeHistory': [], 'WallDurations': [], 'JobIds': [], 'State': 'unsubmitted'}, '1079': {'Retries': 0, 'Restarts': 0, 'SiteHistory': [], 'ResidentSetSize': [], 'SubmitTimes': [], 'StartTimes': [], 'EndTimes': [], 'TotalUserCpuTimeHistory': [], 'TotalSysCpuTimeHistory': [], 'WallDurations': [], 'JobIds': [], 'State': 'unsubmitted'}, '1080': {'Retries': 0, 'Restarts': 0, 'SiteHistory': [], 'ResidentSetSize': [], 'SubmitTimes': [], 'StartTimes': [], 'EndTimes': [], 'TotalUserCpuTimeHistory': [], 'TotalSysCpuTimeHistory': [], 'WallDurations': [], 'JobIds': [], 'State': 'unsubmitted'}, '1081': {'Retries': 0, 'Restarts': 0, 'SiteHistory': [], 'ResidentSetSize': [], 'SubmitTimes': [], 'StartTimes': [], 'EndTimes': [], 'TotalUserCpuTimeHistory': [], 'TotalSysCpuTimeHistory': [], 'WallDurations': [], 'JobIds': [], 'State': 'unsubmitted'}, '1082': {'Retries': 0, 'Restarts': 0, 'SiteHistory': [], 'ResidentSetSize': [], 'SubmitTimes': [], 'StartTimes': [], 'EndTimes': [], 'TotalUserCpuTimeHistory': [], 'TotalSysCpuTimeHistory': [], 'WallDurations': [], 'JobIds': [], 'State': 'unsubmitted'}, '1083': {'Retries': 0, 'Restarts': 0, 'SiteHistory': [], 'ResidentSetSize': [], 'SubmitTimes': [], 'StartTimes': [], 'EndTimes': [], 'TotalUserCpuTimeHistory': [], 'TotalSysCpuTimeHistory': [], 'WallDurations': [], 'JobIds': [], 'State': 'unsubmitted'}, '1084': {'Retries': 0, 'Restarts': 0, 'SiteHistory': [], 'ResidentSetSize': [], 'SubmitTimes': [], 'StartTimes': [], 'EndTimes': [], 'TotalUserCpuTimeHistory': [], 'TotalSysCpuTimeHistory': [], 'WallDurations': [], 'JobIds': [], 'State': 'unsubmitted'}, '1085': {'Retries': 0, 'Restarts': 0, 'SiteHistory': [], 'ResidentSetSize': [], 'SubmitTimes': [], 'StartTimes': [], 'EndTimes': [], 'TotalUserCpuTimeHistory': [], 'TotalSysCpuTimeHistory': [], 'WallDurations': [], 'JobIds': [], 'State': 'unsubmitted'}, '1086': {'Retries': 0, 'Restarts': 0, 'SiteHistory': [], 'ResidentSetSize': [], 'SubmitTimes': [], 'StartTimes': [], 'EndTimes': [], 'TotalUserCpuTimeHistory': [], 'TotalSysCpuTimeHistory': [], 'WallDurations': [], 'JobIds': [], 'State': 'unsubmitted'}, '1087': {'Retries': 0, 'Restarts': 0, 'SiteHistory': [], 'ResidentSetSize': [], 'SubmitTimes': [], 'StartTimes': [], 'EndTimes': [], 'TotalUserCpuTimeHistory': [], 'TotalSysCpuTimeHistory': [], 'WallDurations': [], 'JobIds': [], 'State': 'unsubmitted'}, '1088': {'Retries': 0, 'Restarts': 0, 'SiteHistory': [], 'ResidentSetSize': [], 'SubmitTimes': [], 'StartTimes': [], 'EndTimes': [], 'TotalUserCpuTimeHistory': [], 'TotalSysCpuTimeHistory': [], 'WallDurations': [], 'JobIds': [], 'State': 'unsubmitted'}, '1089': {'Retries': 0, 'Restarts': 0, 'SiteHistory': [], 'ResidentSetSize': [], 'SubmitTimes': [], 'StartTimes': [], 'EndTimes': [], 'TotalUserCpuTimeHistory': [], 'TotalSysCpuTimeHistory': [], 'WallDurations': [], 'JobIds': [], 'State': 'unsubmitted'}, '1090': {'Retries': 0, 'Restarts': 0, 'SiteHistory': [], 'ResidentSetSize': [], 'SubmitTimes': [], 'StartTimes': [], 'EndTimes': [], 'TotalUserCpuTimeHistory': [], 'TotalSysCpuTimeHistory': [], 'WallDurations': [], 'JobIds': [], 'State': 'unsubmitted'}, '1091': {'Retries': 0, 'Restarts': 0, 'SiteHistory': [], 'ResidentSetSize': [], 'SubmitTimes': [], 'StartTimes': [], 'EndTimes': [], 'TotalUserCpuTimeHistory': [], 'TotalSysCpuTimeHistory': [], 'WallDurations': [], 'JobIds': [], 'State': 'unsubmitted'}, '1092': {'Retries': 0, 'Restarts': 0, 'SiteHistory': [], 'ResidentSetSize': [], 'SubmitTimes': [], 'StartTimes': [], 'EndTimes': [], 'TotalUserCpuTimeHistory': [], 'TotalSysCpuTimeHistory': [], 'WallDurations': [], 'JobIds': [], 'State': 'unsubmitted'}, '1093': {'Retries': 0, 'Restarts': 0, 'SiteHistory': [], 'ResidentSetSize': [], 'SubmitTimes': [], 'StartTimes': [], 'EndTimes': [], 'TotalUserCpuTimeHistory': [], 'TotalSysCpuTimeHistory': [], 'WallDurations': [], 'JobIds': [], 'State': 'unsubmitted'}, '1094': {'Retries': 0, 'Restarts': 0, 'SiteHistory': [], 'ResidentSetSize': [], 'SubmitTimes': [], 'StartTimes': [], 'EndTimes': [], 'TotalUserCpuTimeHistory': [], 'TotalSysCpuTimeHistory': [], 'WallDurations': [], 'JobIds': [], 'State': 'unsubmitted'}, '1095': {'Retries': 0, 'Restarts': 0, 'SiteHistory': [], 'ResidentSetSize': [], 'SubmitTimes': [], 'StartTimes': [], 'EndTimes': [], 'TotalUserCpuTimeHistory': [], 'TotalSysCpuTimeHistory': [], 'WallDurations': [], 'JobIds': [], 'State': 'unsubmitted'}, '1096': {'Retries': 0, 'Restarts': 0, 'SiteHistory': [], 'ResidentSetSize': [], 'SubmitTimes': [], 'StartTimes': [], 'EndTimes': [], 'TotalUserCpuTimeHistory': [], 'TotalSysCpuTimeHistory': [], 'WallDurations': [], 'JobIds': [], 'State': 'unsubmitted'}, '1097': {'Retries': 0, 'Restarts': 0, 'SiteHistory': [], 'ResidentSetSize': [], 'SubmitTimes': [], 'StartTimes': [], 'EndTimes': [], 'TotalUserCpuTimeHistory': [], 'TotalSysCpuTimeHistory': [], 'WallDurations': [], 'JobIds': [], 'State': 'unsubmitted'}, '1098': {'Retries': 0, 'Restarts': 0, 'SiteHistory': [], 'ResidentSetSize': [], 'SubmitTimes': [], 'StartTimes': [], 'EndTimes': [], 'TotalUserCpuTimeHistory': [], 'TotalSysCpuTimeHistory': [], 'WallDurations': [], 'JobIds': [], 'State': 'unsubmitted'}, '1099': {'Retries': 0, 'Restarts': 0, 'SiteHistory': [], 'ResidentSetSize': [], 'SubmitTimes': [], 'StartTimes': [], 'EndTimes': [], 'TotalUserCpuTimeHistory': [], 'TotalSysCpuTimeHistory': [], 'WallDurations': [], 'JobIds': [], 'State': 'unsubmitted'}, '1100': {'Retries': 0, 'Restarts': 0, 'SiteHistory': [], 'ResidentSetSize': [], 'SubmitTimes': [], 'StartTimes': [], 'EndTimes': [], 'TotalUserCpuTimeHistory': [], 'TotalSysCpuTimeHistory': [], 'WallDurations': [], 'JobIds': [], 'State': 'unsubmitted'}, '1101': {'Retries': 0, 'Restarts': 0, 'SiteHistory': [], 'ResidentSetSize': [], 'SubmitTimes': [], 'StartTimes': [], 'EndTimes': [], 'TotalUserCpuTimeHistory': [], 'TotalSysCpuTimeHistory': [], 'WallDurations': [], 'JobIds': [], 'State': 'unsubmitted'}, '1102': {'Retries': 0, 'Restarts': 0, 'SiteHistory': [], 'ResidentSetSize': [], 'SubmitTimes': [], 'StartTimes': [], 'EndTimes': [], 'TotalUserCpuTimeHistory': [], 'TotalSysCpuTimeHistory': [], 'WallDurations': [], 'JobIds': [], 'State': 'unsubmitted'}, '1103': {'Retries': 0, 'Restarts': 0, 'SiteHistory': [], 'ResidentSetSize': [], 'SubmitTimes': [], 'StartTimes': [], 'EndTimes': [], 'TotalUserCpuTimeHistory': [], 'TotalSysCpuTimeHistory': [], 'WallDurations': [], 'JobIds': [], 'State': 'unsubmitted'}, '1104': {'Retries': 0, 'Restarts': 0, 'SiteHistory': [], 'ResidentSetSize': [], 'SubmitTimes': [], 'StartTimes': [], 'EndTimes': [], 'TotalUserCpuTimeHistory': [], 'TotalSysCpuTimeHistory': [], 'WallDurations': [], 'JobIds': [], 'State': 'unsubmitted'}, '1105': {'Retries': 0, 'Restarts': 0, 'SiteHistory': [], 'ResidentSetSize': [], 'SubmitTimes': [], 'StartTimes': [], 'EndTimes': [], 'TotalUserCpuTimeHistory': [], 'TotalSysCpuTimeHistory': [], 'WallDurations': [], 'JobIds': [], 'State': 'unsubmitted'}, '1106': {'Retries': 0, 'Restarts': 0, 'SiteHistory': [], 'ResidentSetSize': [], 'SubmitTimes': [], 'StartTimes': [], 'EndTimes': [], 'TotalUserCpuTimeHistory': [], 'TotalSysCpuTimeHistory': [], 'WallDurations': [], 'JobIds': [], 'State': 'unsubmitted'}, '1107': {'Retries': 0, 'Restarts': 0, 'SiteHistory': [], 'ResidentSetSize': [], 'SubmitTimes': [], 'StartTimes': [], 'EndTimes': [], 'TotalUserCpuTimeHistory': [], 'TotalSysCpuTimeHistory': [], 'WallDurations': [], 'JobIds': [], 'State': 'unsubmitted'}, '1108': {'Retries': 0, 'Restarts': 0, 'SiteHistory': [], 'ResidentSetSize': [], 'SubmitTimes': [], 'StartTimes': [], 'EndTimes': [], 'TotalUserCpuTimeHistory': [], 'TotalSysCpuTimeHistory': [], 'WallDurations': [], 'JobIds': [], 'State': 'unsubmitted'}, '1109': {'Retries': 0, 'Restarts': 0, 'SiteHistory': [], 'ResidentSetSize': [], 'SubmitTimes': [], 'StartTimes': [], 'EndTimes': [], 'TotalUserCpuTimeHistory': [], 'TotalSysCpuTimeHistory': [], 'WallDurations': [], 'JobIds': [], 'State': 'unsubmitted'}, '1110': {'Retries': 0, 'Restarts': 0, 'SiteHistory': [], 'ResidentSetSize': [], 'SubmitTimes': [], 'StartTimes': [], 'EndTimes': [], 'TotalUserCpuTimeHistory': [], 'TotalSysCpuTimeHistory': [], 'WallDurations': [], 'JobIds': [], 'State': 'unsubmitted'}, '1111': {'Retries': 0, 'Restarts': 0, 'SiteHistory': [], 'ResidentSetSize': [], 'SubmitTimes': [], 'StartTimes': [], 'EndTimes': [], 'TotalUserCpuTimeHistory': [], 'TotalSysCpuTimeHistory': [], 'WallDurations': [], 'JobIds': [], 'State': 'unsubmitted'}, '1112': {'Retries': 0, 'Restarts': 0, 'SiteHistory': [], 'ResidentSetSize': [], 'SubmitTimes': [], 'StartTimes': [], 'EndTimes': [], 'TotalUserCpuTimeHistory': [], 'TotalSysCpuTimeHistory': [], 'WallDurations': [], 'JobIds': [], 'State': 'unsubmitted'}, '1113': {'Retries': 0, 'Restarts': 0, 'SiteHistory': [], 'ResidentSetSize': [], 'SubmitTimes': [], 'StartTimes': [], 'EndTimes': [], 'TotalUserCpuTimeHistory': [], 'TotalSysCpuTimeHistory': [], 'WallDurations': [], 'JobIds': [], 'State': 'unsubmitted'}, '1114': {'Retries': 0, 'Restarts': 0, 'SiteHistory': [], 'ResidentSetSize': [], 'SubmitTimes': [], 'StartTimes': [], 'EndTimes': [], 'TotalUserCpuTimeHistory': [], 'TotalSysCpuTimeHistory': [], 'WallDurations': [], 'JobIds': [], 'State': 'unsubmitted'}, '1115': {'Retries': 0, 'Restarts': 0, 'SiteHistory': [], 'ResidentSetSize': [], 'SubmitTimes': [], 'StartTimes': [], 'EndTimes': [], 'TotalUserCpuTimeHistory': [], 'TotalSysCpuTimeHistory': [], 'WallDurations': [], 'JobIds': [], 'State': 'unsubmitted'}, '1116': {'Retries': 0, 'Restarts': 0, 'SiteHistory': [], 'ResidentSetSize': [], 'SubmitTimes': [], 'StartTimes': [], 'EndTimes': [], 'TotalUserCpuTimeHistory': [], 'TotalSysCpuTimeHistory': [], 'WallDurations': [], 'JobIds': [], 'State': 'unsubmitted'}, '1117': {'Retries': 0, 'Restarts': 0, 'SiteHistory': [], 'ResidentSetSize': [], 'SubmitTimes': [], 'StartTimes': [], 'EndTimes': [], 'TotalUserCpuTimeHistory': [], 'TotalSysCpuTimeHistory': [], 'WallDurations': [], 'JobIds': [], 'State': 'unsubmitted'}, '1118': {'Retries': 0, 'Restarts': 0, 'SiteHistory': [], 'ResidentSetSize': [], 'SubmitTimes': [], 'StartTimes': [], 'EndTimes': [], 'TotalUserCpuTimeHistory': [], 'TotalSysCpuTimeHistory': [], 'WallDurations': [], 'JobIds': [], 'State': 'unsubmitted'}, '1119': {'Retries': 0, 'Restarts': 0, 'SiteHistory': [], 'ResidentSetSize': [], 'SubmitTimes': [], 'StartTimes': [], 'EndTimes': [], 'TotalUserCpuTimeHistory': [], 'TotalSysCpuTimeHistory': [], 'WallDurations': [], 'JobIds': [], 'State': 'unsubmitted'}, '1120': {'Retries': 0, 'Restarts': 0, 'SiteHistory': [], 'ResidentSetSize': [], 'SubmitTimes': [], 'StartTimes': [], 'EndTimes': [], 'TotalUserCpuTimeHistory': [], 'TotalSysCpuTimeHistory': [], 'WallDurations': [], 'JobIds': [], 'State': 'unsubmitted'}, '1121': {'Retries': 0, 'Restarts': 0, 'SiteHistory': [], 'ResidentSetSize': [], 'SubmitTimes': [], 'StartTimes': [], 'EndTimes': [], 'TotalUserCpuTimeHistory': [], 'TotalSysCpuTimeHistory': [], 'WallDurations': [], 'JobIds': [], 'State': 'unsubmitted'}, '1122': {'Retries': 0, 'Restarts': 0, 'SiteHistory': [], 'ResidentSetSize': [], 'SubmitTimes': [], 'StartTimes': [], 'EndTimes': [], 'TotalUserCpuTimeHistory': [], 'TotalSysCpuTimeHistory': [], 'WallDurations': [], 'JobIds': [], 'State': 'unsubmitted'}, '1123': {'Retries': 0, 'Restarts': 0, 'SiteHistory': [], 'ResidentSetSize': [], 'SubmitTimes': [], 'StartTimes': [], 'EndTimes': [], 'TotalUserCpuTimeHistory': [], 'TotalSysCpuTimeHistory': [], 'WallDurations': [], 'JobIds': [], 'State': 'unsubmitted'}, '1124': {'Retries': 0, 'Restarts': 0, 'SiteHistory': [], 'ResidentSetSize': [], 'SubmitTimes': [], 'StartTimes': [], 'EndTimes': [], 'TotalUserCpuTimeHistory': [], 'TotalSysCpuTimeHistory': [], 'WallDurations': [], 'JobIds': [], 'State': 'unsubmitted'}, '1125': {'Retries': 0, 'Restarts': 0, 'SiteHistory': [], 'ResidentSetSize': [], 'SubmitTimes': [], 'StartTimes': [], 'EndTimes': [], 'TotalUserCpuTimeHistory': [], 'TotalSysCpuTimeHistory': [], 'WallDurations': [], 'JobIds': [], 'State': 'unsubmitted'}, '1126': {'Retries': 0, 'Restarts': 0, 'SiteHistory': [], 'ResidentSetSize': [], 'SubmitTimes': [], 'StartTimes': [], 'EndTimes': [], 'TotalUserCpuTimeHistory': [], 'TotalSysCpuTimeHistory': [], 'WallDurations': [], 'JobIds': [], 'State': 'unsubmitted'}, '1127': {'Retries': 0, 'Restarts': 0, 'SiteHistory': [], 'ResidentSetSize': [], 'SubmitTimes': [], 'StartTimes': [], 'EndTimes': [], 'TotalUserCpuTimeHistory': [], 'TotalSysCpuTimeHistory': [], 'WallDurations': [], 'JobIds': [], 'State': 'unsubmitted'}, '1128': {'Retries': 0, 'Restarts': 0, 'SiteHistory': [], 'ResidentSetSize': [], 'SubmitTimes': [], 'StartTimes': [], 'EndTimes': [], 'TotalUserCpuTimeHistory': [], 'TotalSysCpuTimeHistory': [], 'WallDurations': [], 'JobIds': [], 'State': 'unsubmitted'}, '1129': {'Retries': 0, 'Restarts': 0, 'SiteHistory': [], 'ResidentSetSize': [], 'SubmitTimes': [], 'StartTimes': [], 'EndTimes': [], 'TotalUserCpuTimeHistory': [], 'TotalSysCpuTimeHistory': [], 'WallDurations': [], 'JobIds': [], 'State': 'unsubmitted'}, '1130': {'Retries': 0, 'Restarts': 0, 'SiteHistory': [], 'ResidentSetSize': [], 'SubmitTimes': [], 'StartTimes': [], 'EndTimes': [], 'TotalUserCpuTimeHistory': [], 'TotalSysCpuTimeHistory': [], 'WallDurations': [], 'JobIds': [], 'State': 'unsubmitted'}, '1131': {'Retries': 0, 'Restarts': 0, 'SiteHistory': [], 'ResidentSetSize': [], 'SubmitTimes': [], 'StartTimes': [], 'EndTimes': [], 'TotalUserCpuTimeHistory': [], 'TotalSysCpuTimeHistory': [], 'WallDurations': [], 'JobIds': [], 'State': 'unsubmitted'}, '1132': {'Retries': 0, 'Restarts': 0, 'SiteHistory': [], 'ResidentSetSize': [], 'SubmitTimes': [], 'StartTimes': [], 'EndTimes': [], 'TotalUserCpuTimeHistory': [], 'TotalSysCpuTimeHistory': [], 'WallDurations': [], 'JobIds': [], 'State': 'unsubmitted'}, '1133': {'Retries': 0, 'Restarts': 0, 'SiteHistory': [], 'ResidentSetSize': [], 'SubmitTimes': [], 'StartTimes': [], 'EndTimes': [], 'TotalUserCpuTimeHistory': [], 'TotalSysCpuTimeHistory': [], 'WallDurations': [], 'JobIds': [], 'State': 'unsubmitted'}, '1134': {'Retries': 0, 'Restarts': 0, 'SiteHistory': [], 'ResidentSetSize': [], 'SubmitTimes': [], 'StartTimes': [], 'EndTimes': [], 'TotalUserCpuTimeHistory': [], 'TotalSysCpuTimeHistory': [], 'WallDurations': [], 'JobIds': [], 'State': 'unsubmitted'}, '1135': {'Retries': 0, 'Restarts': 0, 'SiteHistory': [], 'ResidentSetSize': [], 'SubmitTimes': [], 'StartTimes': [], 'EndTimes': [], 'TotalUserCpuTimeHistory': [], 'TotalSysCpuTimeHistory': [], 'WallDurations': [], 'JobIds': [], 'State': 'unsubmitted'}, '1136': {'Retries': 0, 'Restarts': 0, 'SiteHistory': [], 'ResidentSetSize': [], 'SubmitTimes': [], 'StartTimes': [], 'EndTimes': [], 'TotalUserCpuTimeHistory': [], 'TotalSysCpuTimeHistory': [], 'WallDurations': [], 'JobIds': [], 'State': 'unsubmitted'}, '1137': {'Retries': 0, 'Restarts': 0, 'SiteHistory': [], 'ResidentSetSize': [], 'SubmitTimes': [], 'StartTimes': [], 'EndTimes': [], 'TotalUserCpuTimeHistory': [], 'TotalSysCpuTimeHistory': [], 'WallDurations': [], 'JobIds': [], 'State': 'unsubmitted'}, '1138': {'Retries': 0, 'Restarts': 0, 'SiteHistory': [], 'ResidentSetSize': [], 'SubmitTimes': [], 'StartTimes': [], 'EndTimes': [], 'TotalUserCpuTimeHistory': [], 'TotalSysCpuTimeHistory': [], 'WallDurations': [], 'JobIds': [], 'State': 'unsubmitted'}, '1139': {'Retries': 0, 'Restarts': 0, 'SiteHistory': [], 'ResidentSetSize': [], 'SubmitTimes': [], 'StartTimes': [], 'EndTimes': [], 'TotalUserCpuTimeHistory': [], 'TotalSysCpuTimeHistory': [], 'WallDurations': [], 'JobIds': [], 'State': 'unsubmitted'}, '1140': {'Retries': 0, 'Restarts': 0, 'SiteHistory': [], 'ResidentSetSize': [], 'SubmitTimes': [], 'StartTimes': [], 'EndTimes': [], 'TotalUserCpuTimeHistory': [], 'TotalSysCpuTimeHistory': [], 'WallDurations': [], 'JobIds': [], 'State': 'unsubmitted'}, '1141': {'Retries': 0, 'Restarts': 0, 'SiteHistory': [], 'ResidentSetSize': [], 'SubmitTimes': [], 'StartTimes': [], 'EndTimes': [], 'TotalUserCpuTimeHistory': [], 'TotalSysCpuTimeHistory': [], 'WallDurations': [], 'JobIds': [], 'State': 'unsubmitted'}, '1142': {'Retries': 0, 'Restarts': 0, 'SiteHistory': [], 'ResidentSetSize': [], 'SubmitTimes': [], 'StartTimes': [], 'EndTimes': [], 'TotalUserCpuTimeHistory': [], 'TotalSysCpuTimeHistory': [], 'WallDurations': [], 'JobIds': [], 'State': 'unsubmitted'}, '1143': {'Retries': 0, 'Restarts': 0, 'SiteHistory': [], 'ResidentSetSize': [], 'SubmitTimes': [], 'StartTimes': [], 'EndTimes': [], 'TotalUserCpuTimeHistory': [], 'TotalSysCpuTimeHistory': [], 'WallDurations': [], 'JobIds': [], 'State': 'unsubmitted'}, '1144': {'Retries': 0, 'Restarts': 0, 'SiteHistory': [], 'ResidentSetSize': [], 'SubmitTimes': [], 'StartTimes': [], 'EndTimes': [], 'TotalUserCpuTimeHistory': [], 'TotalSysCpuTimeHistory': [], 'WallDurations': [], 'JobIds': [], 'State': 'unsubmitted'}, '1145': {'Retries': 0, 'Restarts': 0, 'SiteHistory': [], 'ResidentSetSize': [], 'SubmitTimes': [], 'StartTimes': [], 'EndTimes': [], 'TotalUserCpuTimeHistory': [], 'TotalSysCpuTimeHistory': [], 'WallDurations': [], 'JobIds': [], 'State': 'unsubmitted'}, '1146': {'Retries': 0, 'Restarts': 0, 'SiteHistory': [], 'ResidentSetSize': [], 'SubmitTimes': [], 'StartTimes': [], 'EndTimes': [], 'TotalUserCpuTimeHistory': [], 'TotalSysCpuTimeHistory': [], 'WallDurations': [], 'JobIds': [], 'State': 'unsubmitted'}, '1147': {'Retries': 0, 'Restarts': 0, 'SiteHistory': [], 'ResidentSetSize': [], 'SubmitTimes': [], 'StartTimes': [], 'EndTimes': [], 'TotalUserCpuTimeHistory': [], 'TotalSysCpuTimeHistory': [], 'WallDurations': [], 'JobIds': [], 'State': 'unsubmitted'}, '1148': {'Retries': 0, 'Restarts': 0, 'SiteHistory': [], 'ResidentSetSize': [], 'SubmitTimes': [], 'StartTimes': [], 'EndTimes': [], 'TotalUserCpuTimeHistory': [], 'TotalSysCpuTimeHistory': [], 'WallDurations': [], 'JobIds': [], 'State': 'unsubmitted'}, '1149': {'Retries': 0, 'Restarts': 0, 'SiteHistory': [], 'ResidentSetSize': [], 'SubmitTimes': [], 'StartTimes': [], 'EndTimes': [], 'TotalUserCpuTimeHistory': [], 'TotalSysCpuTimeHistory': [], 'WallDurations': [], 'JobIds': [], 'State': 'unsubmitted'}, '1150': {'Retries': 0, 'Restarts': 0, 'SiteHistory': [], 'ResidentSetSize': [], 'SubmitTimes': [], 'StartTimes': [], 'EndTimes': [], 'TotalUserCpuTimeHistory': [], 'TotalSysCpuTimeHistory': [], 'WallDurations': [], 'JobIds': [], 'State': 'unsubmitted'}, '1151': {'Retries': 0, 'Restarts': 0, 'SiteHistory': [], 'ResidentSetSize': [], 'SubmitTimes': [], 'StartTimes': [], 'EndTimes': [], 'TotalUserCpuTimeHistory': [], 'TotalSysCpuTimeHistory': [], 'WallDurations': [], 'JobIds': [], 'State': 'unsubmitted'}, '1152': {'Retries': 0, 'Restarts': 0, 'SiteHistory': [], 'ResidentSetSize': [], 'SubmitTimes': [], 'StartTimes': [], 'EndTimes': [], 'TotalUserCpuTimeHistory': [], 'TotalSysCpuTimeHistory': [], 'WallDurations': [], 'JobIds': [], 'State': 'unsubmitted'}, '1153': {'Retries': 0, 'Restarts': 0, 'SiteHistory': [], 'ResidentSetSize': [], 'SubmitTimes': [], 'StartTimes': [], 'EndTimes': [], 'TotalUserCpuTimeHistory': [], 'TotalSysCpuTimeHistory': [], 'WallDurations': [], 'JobIds': [], 'State': 'unsubmitted'}, '1154': {'Retries': 0, 'Restarts': 0, 'SiteHistory': [], 'ResidentSetSize': [], 'SubmitTimes': [], 'StartTimes': [], 'EndTimes': [], 'TotalUserCpuTimeHistory': [], 'TotalSysCpuTimeHistory': [], 'WallDurations': [], 'JobIds': [], 'State': 'unsubmitted'}, '1155': {'Retries': 0, 'Restarts': 0, 'SiteHistory': [], 'ResidentSetSize': [], 'SubmitTimes': [], 'StartTimes': [], 'EndTimes': [], 'TotalUserCpuTimeHistory': [], 'TotalSysCpuTimeHistory': [], 'WallDurations': [], 'JobIds': [], 'State': 'unsubmitted'}, '1156': {'Retries': 0, 'Restarts': 0, 'SiteHistory': [], 'ResidentSetSize': [], 'SubmitTimes': [], 'StartTimes': [], 'EndTimes': [], 'TotalUserCpuTimeHistory': [], 'TotalSysCpuTimeHistory': [], 'WallDurations': [], 'JobIds': [], 'State': 'unsubmitted'}, '1157': {'Retries': 0, 'Restarts': 0, 'SiteHistory': [], 'ResidentSetSize': [], 'SubmitTimes': [], 'StartTimes': [], 'EndTimes': [], 'TotalUserCpuTimeHistory': [], 'TotalSysCpuTimeHistory': [], 'WallDurations': [], 'JobIds': [], 'State': 'unsubmitted'}, '1158': {'Retries': 0, 'Restarts': 0, 'SiteHistory': [], 'ResidentSetSize': [], 'SubmitTimes': [], 'StartTimes': [], 'EndTimes': [], 'TotalUserCpuTimeHistory': [], 'TotalSysCpuTimeHistory': [], 'WallDurations': [], 'JobIds': [], 'State': 'unsubmitted'}, '1159': {'Retries': 0, 'Restarts': 0, 'SiteHistory': [], 'ResidentSetSize': [], 'SubmitTimes': [], 'StartTimes': [], 'EndTimes': [], 'TotalUserCpuTimeHistory': [], 'TotalSysCpuTimeHistory': [], 'WallDurations': [], 'JobIds': [], 'State': 'unsubmitted'}, '1160': {'Retries': 0, 'Restarts': 0, 'SiteHistory': [], 'ResidentSetSize': [], 'SubmitTimes': [], 'StartTimes': [], 'EndTimes': [], 'TotalUserCpuTimeHistory': [], 'TotalSysCpuTimeHistory': [], 'WallDurations': [], 'JobIds': [], 'State': 'unsubmitted'}, '1161': {'Retries': 0, 'Restarts': 0, 'SiteHistory': [], 'ResidentSetSize': [], 'SubmitTimes': [], 'StartTimes': [], 'EndTimes': [], 'TotalUserCpuTimeHistory': [], 'TotalSysCpuTimeHistory': [], 'WallDurations': [], 'JobIds': [], 'State': 'unsubmitted'}, '1162': {'Retries': 0, 'Restarts': 0, 'SiteHistory': [], 'ResidentSetSize': [], 'SubmitTimes': [], 'StartTimes': [], 'EndTimes': [], 'TotalUserCpuTimeHistory': [], 'TotalSysCpuTimeHistory': [], 'WallDurations': [], 'JobIds': [], 'State': 'unsubmitted'}, '1163': {'Retries': 0, 'Restarts': 0, 'SiteHistory': [], 'ResidentSetSize': [], 'SubmitTimes': [], 'StartTimes': [], 'EndTimes': [], 'TotalUserCpuTimeHistory': [], 'TotalSysCpuTimeHistory': [], 'WallDurations': [], 'JobIds': [], 'State': 'unsubmitted'}, '1164': {'Retries': 0, 'Restarts': 0, 'SiteHistory': [], 'ResidentSetSize': [], 'SubmitTimes': [], 'StartTimes': [], 'EndTimes': [], 'TotalUserCpuTimeHistory': [], 'TotalSysCpuTimeHistory': [], 'WallDurations': [], 'JobIds': [], 'State': 'unsubmitted'}, '1165': {'Retries': 0, 'Restarts': 0, 'SiteHistory': [], 'ResidentSetSize': [], 'SubmitTimes': [], 'StartTimes': [], 'EndTimes': [], 'TotalUserCpuTimeHistory': [], 'TotalSysCpuTimeHistory': [], 'WallDurations': [], 'JobIds': [], 'State': 'unsubmitted'}, '1166': {'Retries': 0, 'Restarts': 0, 'SiteHistory': [], 'ResidentSetSize': [], 'SubmitTimes': [], 'StartTimes': [], 'EndTimes': [], 'TotalUserCpuTimeHistory': [], 'TotalSysCpuTimeHistory': [], 'WallDurations': [], 'JobIds': [], 'State': 'unsubmitted'}, '1167': {'Retries': 0, 'Restarts': 0, 'SiteHistory': [], 'ResidentSetSize': [], 'SubmitTimes': [], 'StartTimes': [], 'EndTimes': [], 'TotalUserCpuTimeHistory': [], 'TotalSysCpuTimeHistory': [], 'WallDurations': [], 'JobIds': [], 'State': 'unsubmitted'}, '1168': {'Retries': 0, 'Restarts': 0, 'SiteHistory': [], 'ResidentSetSize': [], 'SubmitTimes': [], 'StartTimes': [], 'EndTimes': [], 'TotalUserCpuTimeHistory': [], 'TotalSysCpuTimeHistory': [], 'WallDurations': [], 'JobIds': [], 'State': 'unsubmitted'}, '1169': {'Retries': 0, 'Restarts': 0, 'SiteHistory': [], 'ResidentSetSize': [], 'SubmitTimes': [], 'StartTimes': [], 'EndTimes': [], 'TotalUserCpuTimeHistory': [], 'TotalSysCpuTimeHistory': [], 'WallDurations': [], 'JobIds': [], 'State': 'unsubmitted'}, '1170': {'Retries': 0, 'Restarts': 0, 'SiteHistory': [], 'ResidentSetSize': [], 'SubmitTimes': [], 'StartTimes': [], 'EndTimes': [], 'TotalUserCpuTimeHistory': [], 'TotalSysCpuTimeHistory': [], 'WallDurations': [], 'JobIds': [], 'State': 'unsubmitted'}, '1171': {'Retries': 0, 'Restarts': 0, 'SiteHistory': [], 'ResidentSetSize': [], 'SubmitTimes': [], 'StartTimes': [], 'EndTimes': [], 'TotalUserCpuTimeHistory': [], 'TotalSysCpuTimeHistory': [], 'WallDurations': [], 'JobIds': [], 'State': 'unsubmitted'}, '1172': {'Retries': 0, 'Restarts': 0, 'SiteHistory': [], 'ResidentSetSize': [], 'SubmitTimes': [], 'StartTimes': [], 'EndTimes': [], 'TotalUserCpuTimeHistory': [], 'TotalSysCpuTimeHistory': [], 'WallDurations': [], 'JobIds': [], 'State': 'unsubmitted'}, '1173': {'Retries': 0, 'Restarts': 0, 'SiteHistory': [], 'ResidentSetSize': [], 'SubmitTimes': [], 'StartTimes': [], 'EndTimes': [], 'TotalUserCpuTimeHistory': [], 'TotalSysCpuTimeHistory': [], 'WallDurations': [], 'JobIds': [], 'State': 'unsubmitted'}, '1174': {'Retries': 0, 'Restarts': 0, 'SiteHistory': [], 'ResidentSetSize': [], 'SubmitTimes': [], 'StartTimes': [], 'EndTimes': [], 'TotalUserCpuTimeHistory': [], 'TotalSysCpuTimeHistory': [], 'WallDurations': [], 'JobIds': [], 'State': 'unsubmitted'}, '1175': {'Retries': 0, 'Restarts': 0, 'SiteHistory': [], 'ResidentSetSize': [], 'SubmitTimes': [], 'StartTimes': [], 'EndTimes': [], 'TotalUserCpuTimeHistory': [], 'TotalSysCpuTimeHistory': [], 'WallDurations': [], 'JobIds': [], 'State': 'unsubmitted'}, '1176': {'Retries': 0, 'Restarts': 0, 'SiteHistory': [], 'ResidentSetSize': [], 'SubmitTimes': [], 'StartTimes': [], 'EndTimes': [], 'TotalUserCpuTimeHistory': [], 'TotalSysCpuTimeHistory': [], 'WallDurations': [], 'JobIds': [], 'State': 'unsubmitted'}, '1177': {'Retries': 0, 'Restarts': 0, 'SiteHistory': [], 'ResidentSetSize': [], 'SubmitTimes': [], 'StartTimes': [], 'EndTimes': [], 'TotalUserCpuTimeHistory': [], 'TotalSysCpuTimeHistory': [], 'WallDurations': [], 'JobIds': [], 'State': 'unsubmitted'}, '1178': {'Retries': 0, 'Restarts': 0, 'SiteHistory': [], 'ResidentSetSize': [], 'SubmitTimes': [], 'StartTimes': [], 'EndTimes': [], 'TotalUserCpuTimeHistory': [], 'TotalSysCpuTimeHistory': [], 'WallDurations': [], 'JobIds': [], 'State': 'unsubmitted'}, '1179': {'Retries': 0, 'Restarts': 0, 'SiteHistory': [], 'ResidentSetSize': [], 'SubmitTimes': [], 'StartTimes': [], 'EndTimes': [], 'TotalUserCpuTimeHistory': [], 'TotalSysCpuTimeHistory': [], 'WallDurations': [], 'JobIds': [], 'State': 'unsubmitted'}, '1180': {'Retries': 0, 'Restarts': 0, 'SiteHistory': [], 'ResidentSetSize': [], 'SubmitTimes': [], 'StartTimes': [], 'EndTimes': [], 'TotalUserCpuTimeHistory': [], 'TotalSysCpuTimeHistory': [], 'WallDurations': [], 'JobIds': [], 'State': 'unsubmitted'}, '1181': {'Retries': 0, 'Restarts': 0, 'SiteHistory': [], 'ResidentSetSize': [], 'SubmitTimes': [], 'StartTimes': [], 'EndTimes': [], 'TotalUserCpuTimeHistory': [], 'TotalSysCpuTimeHistory': [], 'WallDurations': [], 'JobIds': [], 'State': 'unsubmitted'}, '1182': {'Retries': 0, 'Restarts': 0, 'SiteHistory': [], 'ResidentSetSize': [], 'SubmitTimes': [], 'StartTimes': [], 'EndTimes': [], 'TotalUserCpuTimeHistory': [], 'TotalSysCpuTimeHistory': [], 'WallDurations': [], 'JobIds': [], 'State': 'unsubmitted'}, '1183': {'Retries': 0, 'Restarts': 0, 'SiteHistory': [], 'ResidentSetSize': [], 'SubmitTimes': [], 'StartTimes': [], 'EndTimes': [], 'TotalUserCpuTimeHistory': [], 'TotalSysCpuTimeHistory': [], 'WallDurations': [], 'JobIds': [], 'State': 'unsubmitted'}, '1184': {'Retries': 0, 'Restarts': 0, 'SiteHistory': [], 'ResidentSetSize': [], 'SubmitTimes': [], 'StartTimes': [], 'EndTimes': [], 'TotalUserCpuTimeHistory': [], 'TotalSysCpuTimeHistory': [], 'WallDurations': [], 'JobIds': [], 'State': 'unsubmitted'}, '1185': {'Retries': 0, 'Restarts': 0, 'SiteHistory': [], 'ResidentSetSize': [], 'SubmitTimes': [], 'StartTimes': [], 'EndTimes': [], 'TotalUserCpuTimeHistory': [], 'TotalSysCpuTimeHistory': [], 'WallDurations': [], 'JobIds': [], 'State': 'unsubmitted'}, '1186': {'Retries': 0, 'Restarts': 0, 'SiteHistory': [], 'ResidentSetSize': [], 'SubmitTimes': [], 'StartTimes': [], 'EndTimes': [], 'TotalUserCpuTimeHistory': [], 'TotalSysCpuTimeHistory': [], 'WallDurations': [], 'JobIds': [], 'State': 'unsubmitted'}, '1187': {'Retries': 0, 'Restarts': 0, 'SiteHistory': [], 'ResidentSetSize': [], 'SubmitTimes': [], 'StartTimes': [], 'EndTimes': [], 'TotalUserCpuTimeHistory': [], 'TotalSysCpuTimeHistory': [], 'WallDurations': [], 'JobIds': [], 'State': 'unsubmitted'}, '1188': {'Retries': 0, 'Restarts': 0, 'SiteHistory': [], 'ResidentSetSize': [], 'SubmitTimes': [], 'StartTimes': [], 'EndTimes': [], 'TotalUserCpuTimeHistory': [], 'TotalSysCpuTimeHistory': [], 'WallDurations': [], 'JobIds': [], 'State': 'unsubmitted'}, '1189': {'Retries': 0, 'Restarts': 0, 'SiteHistory': [], 'ResidentSetSize': [], 'SubmitTimes': [], 'StartTimes': [], 'EndTimes': [], 'TotalUserCpuTimeHistory': [], 'TotalSysCpuTimeHistory': [], 'WallDurations': [], 'JobIds': [], 'State': 'unsubmitted'}, '1190': {'Retries': 0, 'Restarts': 0, 'SiteHistory': [], 'ResidentSetSize': [], 'SubmitTimes': [], 'StartTimes': [], 'EndTimes': [], 'TotalUserCpuTimeHistory': [], 'TotalSysCpuTimeHistory': [], 'WallDurations': [], 'JobIds': [], 'State': 'unsubmitted'}, '1191': {'Retries': 0, 'Restarts': 0, 'SiteHistory': [], 'ResidentSetSize': [], 'SubmitTimes': [], 'StartTimes': [], 'EndTimes': [], 'TotalUserCpuTimeHistory': [], 'TotalSysCpuTimeHistory': [], 'WallDurations': [], 'JobIds': [], 'State': 'unsubmitted'}, '1192': {'Retries': 0, 'Restarts': 0, 'SiteHistory': [], 'ResidentSetSize': [], 'SubmitTimes': [], 'StartTimes': [], 'EndTimes': [], 'TotalUserCpuTimeHistory': [], 'TotalSysCpuTimeHistory': [], 'WallDurations': [], 'JobIds': [], 'State': 'unsubmitted'}, '1193': {'Retries': 0, 'Restarts': 0, 'SiteHistory': [], 'ResidentSetSize': [], 'SubmitTimes': [], 'StartTimes': [], 'EndTimes': [], 'TotalUserCpuTimeHistory': [], 'TotalSysCpuTimeHistory': [], 'WallDurations': [], 'JobIds': [], 'State': 'unsubmitted'}, '1194': {'Retries': 0, 'Restarts': 0, 'SiteHistory': [], 'ResidentSetSize': [], 'SubmitTimes': [], 'StartTimes': [], 'EndTimes': [], 'TotalUserCpuTimeHistory': [], 'TotalSysCpuTimeHistory': [], 'WallDurations': [], 'JobIds': [], 'State': 'unsubmitted'}, '1195': {'Retries': 0, 'Restarts': 0, 'SiteHistory': [], 'ResidentSetSize': [], 'SubmitTimes': [], 'StartTimes': [], 'EndTimes': [], 'TotalUserCpuTimeHistory': [], 'TotalSysCpuTimeHistory': [], 'WallDurations': [], 'JobIds': [], 'State': 'unsubmitted'}, '1196': {'Retries': 0, 'Restarts': 0, 'SiteHistory': [], 'ResidentSetSize': [], 'SubmitTimes': [], 'StartTimes': [], 'EndTimes': [], 'TotalUserCpuTimeHistory': [], 'TotalSysCpuTimeHistory': [], 'WallDurations': [], 'JobIds': [], 'State': 'unsubmitted'}, '1197': {'Retries': 0, 'Restarts': 0, 'SiteHistory': [], 'ResidentSetSize': [], 'SubmitTimes': [], 'StartTimes': [], 'EndTimes': [], 'TotalUserCpuTimeHistory': [], 'TotalSysCpuTimeHistory': [], 'WallDurations': [], 'JobIds': [], 'State': 'unsubmitted'}, '1198': {'Retries': 0, 'Restarts': 0, 'SiteHistory': [], 'ResidentSetSize': [], 'SubmitTimes': [], 'StartTimes': [], 'EndTimes': [], 'TotalUserCpuTimeHistory': [], 'TotalSysCpuTimeHistory': [], 'WallDurations': [], 'JobIds': [], 'State': 'unsubmitted'}, '1199': {'Retries': 0, 'Restarts': 0, 'SiteHistory': [], 'ResidentSetSize': [], 'SubmitTimes': [], 'StartTimes': [], 'EndTimes': [], 'TotalUserCpuTimeHistory': [], 'TotalSysCpuTimeHistory': [], 'WallDurations': [], 'JobIds': [], 'State': 'unsubmitted'}, '1200': {'Retries': 0, 'Restarts': 0, 'SiteHistory': [], 'ResidentSetSize': [], 'SubmitTimes': [], 'StartTimes': [], 'EndTimes': [], 'TotalUserCpuTimeHistory': [], 'TotalSysCpuTimeHistory': [], 'WallDurations': [], 'JobIds': [], 'State': 'unsubmitted'}, '1201': {'Retries': 0, 'Restarts': 0, 'SiteHistory': [], 'ResidentSetSize': [], 'SubmitTimes': [], 'StartTimes': [], 'EndTimes': [], 'TotalUserCpuTimeHistory': [], 'TotalSysCpuTimeHistory': [], 'WallDurations': [], 'JobIds': [], 'State': 'unsubmitted'}, '1202': {'Retries': 0, 'Restarts': 0, 'SiteHistory': [], 'ResidentSetSize': [], 'SubmitTimes': [], 'StartTimes': [], 'EndTimes': [], 'TotalUserCpuTimeHistory': [], 'TotalSysCpuTimeHistory': [], 'WallDurations': [], 'JobIds': [], 'State': 'unsubmitted'}, '1203': {'Retries': 0, 'Restarts': 0, 'SiteHistory': [], 'ResidentSetSize': [], 'SubmitTimes': [], 'StartTimes': [], 'EndTimes': [], 'TotalUserCpuTimeHistory': [], 'TotalSysCpuTimeHistory': [], 'WallDurations': [], 'JobIds': [], 'State': 'unsubmitted'}, '1204': {'Retries': 0, 'Restarts': 0, 'SiteHistory': [], 'ResidentSetSize': [], 'SubmitTimes': [], 'StartTimes': [], 'EndTimes': [], 'TotalUserCpuTimeHistory': [], 'TotalSysCpuTimeHistory': [], 'WallDurations': [], 'JobIds': [], 'State': 'unsubmitted'}, '1205': {'Retries': 0, 'Restarts': 0, 'SiteHistory': [], 'ResidentSetSize': [], 'SubmitTimes': [], 'StartTimes': [], 'EndTimes': [], 'TotalUserCpuTimeHistory': [], 'TotalSysCpuTimeHistory': [], 'WallDurations': [], 'JobIds': [], 'State': 'unsubmitted'}, '1206': {'Retries': 0, 'Restarts': 0, 'SiteHistory': [], 'ResidentSetSize': [], 'SubmitTimes': [], 'StartTimes': [], 'EndTimes': [], 'TotalUserCpuTimeHistory': [], 'TotalSysCpuTimeHistory': [], 'WallDurations': [], 'JobIds': [], 'State': 'unsubmitted'}, '1207': {'Retries': 0, 'Restarts': 0, 'SiteHistory': [], 'ResidentSetSize': [], 'SubmitTimes': [], 'StartTimes': [], 'EndTimes': [], 'TotalUserCpuTimeHistory': [], 'TotalSysCpuTimeHistory': [], 'WallDurations': [], 'JobIds': [], 'State': 'unsubmitted'}, '1208': {'Retries': 0, 'Restarts': 0, 'SiteHistory': [], 'ResidentSetSize': [], 'SubmitTimes': [], 'StartTimes': [], 'EndTimes': [], 'TotalUserCpuTimeHistory': [], 'TotalSysCpuTimeHistory': [], 'WallDurations': [], 'JobIds': [], 'State': 'unsubmitted'}, '1209': {'Retries': 0, 'Restarts': 0, 'SiteHistory': [], 'ResidentSetSize': [], 'SubmitTimes': [], 'StartTimes': [], 'EndTimes': [], 'TotalUserCpuTimeHistory': [], 'TotalSysCpuTimeHistory': [], 'WallDurations': [], 'JobIds': [], 'State': 'unsubmitted'}, '1210': {'Retries': 0, 'Restarts': 0, 'SiteHistory': [], 'ResidentSetSize': [], 'SubmitTimes': [], 'StartTimes': [], 'EndTimes': [], 'TotalUserCpuTimeHistory': [], 'TotalSysCpuTimeHistory': [], 'WallDurations': [], 'JobIds': [], 'State': 'unsubmitted'}, '1211': {'Retries': 0, 'Restarts': 0, 'SiteHistory': [], 'ResidentSetSize': [], 'SubmitTimes': [], 'StartTimes': [], 'EndTimes': [], 'TotalUserCpuTimeHistory': [], 'TotalSysCpuTimeHistory': [], 'WallDurations': [], 'JobIds': [], 'State': 'unsubmitted'}, '1212': {'Retries': 0, 'Restarts': 0, 'SiteHistory': [], 'ResidentSetSize': [], 'SubmitTimes': [], 'StartTimes': [], 'EndTimes': [], 'TotalUserCpuTimeHistory': [], 'TotalSysCpuTimeHistory': [], 'WallDurations': [], 'JobIds': [], 'State': 'unsubmitted'}, '1213': {'Retries': 0, 'Restarts': 0, 'SiteHistory': [], 'ResidentSetSize': [], 'SubmitTimes': [], 'StartTimes': [], 'EndTimes': [], 'TotalUserCpuTimeHistory': [], 'TotalSysCpuTimeHistory': [], 'WallDurations': [], 'JobIds': [], 'State': 'unsubmitted'}, '1214': {'Retries': 0, 'Restarts': 0, 'SiteHistory': [], 'ResidentSetSize': [], 'SubmitTimes': [], 'StartTimes': [], 'EndTimes': [], 'TotalUserCpuTimeHistory': [], 'TotalSysCpuTimeHistory': [], 'WallDurations': [], 'JobIds': [], 'State': 'unsubmitted'}, '1215': {'Retries': 0, 'Restarts': 0, 'SiteHistory': [], 'ResidentSetSize': [], 'SubmitTimes': [], 'StartTimes': [], 'EndTimes': [], 'TotalUserCpuTimeHistory': [], 'TotalSysCpuTimeHistory': [], 'WallDurations': [], 'JobIds': [], 'State': 'unsubmitted'}, '1216': {'Retries': 0, 'Restarts': 0, 'SiteHistory': [], 'ResidentSetSize': [], 'SubmitTimes': [], 'StartTimes': [], 'EndTimes': [], 'TotalUserCpuTimeHistory': [], 'TotalSysCpuTimeHistory': [], 'WallDurations': [], 'JobIds': [], 'State': 'unsubmitted'}, '1217': {'Retries': 0, 'Restarts': 0, 'SiteHistory': [], 'ResidentSetSize': [], 'SubmitTimes': [], 'StartTimes': [], 'EndTimes': [], 'TotalUserCpuTimeHistory': [], 'TotalSysCpuTimeHistory': [], 'WallDurations': [], 'JobIds': [], 'State': 'unsubmitted'}, '1218': {'Retries': 0, 'Restarts': 0, 'SiteHistory': [], 'ResidentSetSize': [], 'SubmitTimes': [], 'StartTimes': [], 'EndTimes': [], 'TotalUserCpuTimeHistory': [], 'TotalSysCpuTimeHistory': [], 'WallDurations': [], 'JobIds': [], 'State': 'unsubmitted'}, '1219': {'Retries': 0, 'Restarts': 0, 'SiteHistory': [], 'ResidentSetSize': [], 'SubmitTimes': [], 'StartTimes': [], 'EndTimes': [], 'TotalUserCpuTimeHistory': [], 'TotalSysCpuTimeHistory': [], 'WallDurations': [], 'JobIds': [], 'State': 'unsubmitted'}, '1220': {'Retries': 0, 'Restarts': 0, 'SiteHistory': [], 'ResidentSetSize': [], 'SubmitTimes': [], 'StartTimes': [], 'EndTimes': [], 'TotalUserCpuTimeHistory': [], 'TotalSysCpuTimeHistory': [], 'WallDurations': [], 'JobIds': [], 'State': 'unsubmitted'}, '1221': {'Retries': 0, 'Restarts': 0, 'SiteHistory': [], 'ResidentSetSize': [], 'SubmitTimes': [], 'StartTimes': [], 'EndTimes': [], 'TotalUserCpuTimeHistory': [], 'TotalSysCpuTimeHistory': [], 'WallDurations': [], 'JobIds': [], 'State': 'unsubmitted'}, '1222': {'Retries': 0, 'Restarts': 0, 'SiteHistory': [], 'ResidentSetSize': [], 'SubmitTimes': [], 'StartTimes': [], 'EndTimes': [], 'TotalUserCpuTimeHistory': [], 'TotalSysCpuTimeHistory': [], 'WallDurations': [], 'JobIds': [], 'State': 'unsubmitted'}, '1223': {'Retries': 0, 'Restarts': 0, 'SiteHistory': [], 'ResidentSetSize': [], 'SubmitTimes': [], 'StartTimes': [], 'EndTimes': [], 'TotalUserCpuTimeHistory': [], 'TotalSysCpuTimeHistory': [], 'WallDurations': [], 'JobIds': [], 'State': 'unsubmitted'}, '1224': {'Retries': 0, 'Restarts': 0, 'SiteHistory': [], 'ResidentSetSize': [], 'SubmitTimes': [], 'StartTimes': [], 'EndTimes': [], 'TotalUserCpuTimeHistory': [], 'TotalSysCpuTimeHistory': [], 'WallDurations': [], 'JobIds': [], 'State': 'unsubmitted'}, '1225': {'Retries': 0, 'Restarts': 0, 'SiteHistory': [], 'ResidentSetSize': [], 'SubmitTimes': [], 'StartTimes': [], 'EndTimes': [], 'TotalUserCpuTimeHistory': [], 'TotalSysCpuTimeHistory': [], 'WallDurations': [], 'JobIds': [], 'State': 'unsubmitted'}, '1226': {'Retries': 0, 'Restarts': 0, 'SiteHistory': [], 'ResidentSetSize': [], 'SubmitTimes': [], 'StartTimes': [], 'EndTimes': [], 'TotalUserCpuTimeHistory': [], 'TotalSysCpuTimeHistory': [], 'WallDurations': [], 'JobIds': [], 'State': 'unsubmitted'}, '1227': {'Retries': 0, 'Restarts': 0, 'SiteHistory': [], 'ResidentSetSize': [], 'SubmitTimes': [], 'StartTimes': [], 'EndTimes': [], 'TotalUserCpuTimeHistory': [], 'TotalSysCpuTimeHistory': [], 'WallDurations': [], 'JobIds': [], 'State': 'unsubmitted'}, '1228': {'Retries': 0, 'Restarts': 0, 'SiteHistory': [], 'ResidentSetSize': [], 'SubmitTimes': [], 'StartTimes': [], 'EndTimes': [], 'TotalUserCpuTimeHistory': [], 'TotalSysCpuTimeHistory': [], 'WallDurations': [], 'JobIds': [], 'State': 'unsubmitted'}, '1229': {'Retries': 0, 'Restarts': 0, 'SiteHistory': [], 'ResidentSetSize': [], 'SubmitTimes': [], 'StartTimes': [], 'EndTimes': [], 'TotalUserCpuTimeHistory': [], 'TotalSysCpuTimeHistory': [], 'WallDurations': [], 'JobIds': [], 'State': 'unsubmitted'}, '1230': {'Retries': 0, 'Restarts': 0, 'SiteHistory': [], 'ResidentSetSize': [], 'SubmitTimes': [], 'StartTimes': [], 'EndTimes': [], 'TotalUserCpuTimeHistory': [], 'TotalSysCpuTimeHistory': [], 'WallDurations': [], 'JobIds': [], 'State': 'unsubmitted'}, '1231': {'Retries': 0, 'Restarts': 0, 'SiteHistory': [], 'ResidentSetSize': [], 'SubmitTimes': [], 'StartTimes': [], 'EndTimes': [], 'TotalUserCpuTimeHistory': [], 'TotalSysCpuTimeHistory': [], 'WallDurations': [], 'JobIds': [], 'State': 'unsubmitted'}, '1232': {'Retries': 0, 'Restarts': 0, 'SiteHistory': [], 'ResidentSetSize': [], 'SubmitTimes': [], 'StartTimes': [], 'EndTimes': [], 'TotalUserCpuTimeHistory': [], 'TotalSysCpuTimeHistory': [], 'WallDurations': [], 'JobIds': [], 'State': 'unsubmitted'}, '1233': {'Retries': 0, 'Restarts': 0, 'SiteHistory': [], 'ResidentSetSize': [], 'SubmitTimes': [], 'StartTimes': [], 'EndTimes': [], 'TotalUserCpuTimeHistory': [], 'TotalSysCpuTimeHistory': [], 'WallDurations': [], 'JobIds': [], 'State': 'unsubmitted'}, '1234': {'Retries': 0, 'Restarts': 0, 'SiteHistory': [], 'ResidentSetSize': [], 'SubmitTimes': [], 'StartTimes': [], 'EndTimes': [], 'TotalUserCpuTimeHistory': [], 'TotalSysCpuTimeHistory': [], 'WallDurations': [], 'JobIds': [], 'State': 'unsubmitted'}, '1235': {'Retries': 0, 'Restarts': 0, 'SiteHistory': [], 'ResidentSetSize': [], 'SubmitTimes': [], 'StartTimes': [], 'EndTimes': [], 'TotalUserCpuTimeHistory': [], 'TotalSysCpuTimeHistory': [], 'WallDurations': [], 'JobIds': [], 'State': 'unsubmitted'}, '1236': {'Retries': 0, 'Restarts': 0, 'SiteHistory': [], 'ResidentSetSize': [], 'SubmitTimes': [], 'StartTimes': [], 'EndTimes': [], 'TotalUserCpuTimeHistory': [], 'TotalSysCpuTimeHistory': [], 'WallDurations': [], 'JobIds': [], 'State': 'unsubmitted'}, '1237': {'Retries': 0, 'Restarts': 0, 'SiteHistory': [], 'ResidentSetSize': [], 'SubmitTimes': [], 'StartTimes': [], 'EndTimes': [], 'TotalUserCpuTimeHistory': [], 'TotalSysCpuTimeHistory': [], 'WallDurations': [], 'JobIds': [], 'State': 'unsubmitted'}, '1238': {'Retries': 0, 'Restarts': 0, 'SiteHistory': [], 'ResidentSetSize': [], 'SubmitTimes': [], 'StartTimes': [], 'EndTimes': [], 'TotalUserCpuTimeHistory': [], 'TotalSysCpuTimeHistory': [], 'WallDurations': [], 'JobIds': [], 'State': 'unsubmitted'}, '1239': {'Retries': 0, 'Restarts': 0, 'SiteHistory': [], 'ResidentSetSize': [], 'SubmitTimes': [], 'StartTimes': [], 'EndTimes': [], 'TotalUserCpuTimeHistory': [], 'TotalSysCpuTimeHistory': [], 'WallDurations': [], 'JobIds': [], 'State': 'unsubmitted'}, '1240': {'Retries': 0, 'Restarts': 0, 'SiteHistory': [], 'ResidentSetSize': [], 'SubmitTimes': [], 'StartTimes': [], 'EndTimes': [], 'TotalUserCpuTimeHistory': [], 'TotalSysCpuTimeHistory': [], 'WallDurations': [], 'JobIds': [], 'State': 'unsubmitted'}, '1241': {'Retries': 0, 'Restarts': 0, 'SiteHistory': [], 'ResidentSetSize': [], 'SubmitTimes': [], 'StartTimes': [], 'EndTimes': [], 'TotalUserCpuTimeHistory': [], 'TotalSysCpuTimeHistory': [], 'WallDurations': [], 'JobIds': [], 'State': 'unsubmitted'}, '1242': {'Retries': 0, 'Restarts': 0, 'SiteHistory': [], 'ResidentSetSize': [], 'SubmitTimes': [], 'StartTimes': [], 'EndTimes': [], 'TotalUserCpuTimeHistory': [], 'TotalSysCpuTimeHistory': [], 'WallDurations': [], 'JobIds': [], 'State': 'unsubmitted'}, '1243': {'Retries': 0, 'Restarts': 0, 'SiteHistory': [], 'ResidentSetSize': [], 'SubmitTimes': [], 'StartTimes': [], 'EndTimes': [], 'TotalUserCpuTimeHistory': [], 'TotalSysCpuTimeHistory': [], 'WallDurations': [], 'JobIds': [], 'State': 'unsubmitted'}, '1244': {'Retries': 0, 'Restarts': 0, 'SiteHistory': [], 'ResidentSetSize': [], 'SubmitTimes': [], 'StartTimes': [], 'EndTimes': [], 'TotalUserCpuTimeHistory': [], 'TotalSysCpuTimeHistory': [], 'WallDurations': [], 'JobIds': [], 'State': 'unsubmitted'}, '1245': {'Retries': 0, 'Restarts': 0, 'SiteHistory': [], 'ResidentSetSize': [], 'SubmitTimes': [], 'StartTimes': [], 'EndTimes': [], 'TotalUserCpuTimeHistory': [], 'TotalSysCpuTimeHistory': [], 'WallDurations': [], 'JobIds': [], 'State': 'unsubmitted'}, '1246': {'Retries': 0, 'Restarts': 0, 'SiteHistory': [], 'ResidentSetSize': [], 'SubmitTimes': [], 'StartTimes': [], 'EndTimes': [], 'TotalUserCpuTimeHistory': [], 'TotalSysCpuTimeHistory': [], 'WallDurations': [], 'JobIds': [], 'State': 'unsubmitted'}, '1247': {'Retries': 0, 'Restarts': 0, 'SiteHistory': [], 'ResidentSetSize': [], 'SubmitTimes': [], 'StartTimes': [], 'EndTimes': [], 'TotalUserCpuTimeHistory': [], 'TotalSysCpuTimeHistory': [], 'WallDurations': [], 'JobIds': [], 'State': 'unsubmitted'}, '1248': {'Retries': 0, 'Restarts': 0, 'SiteHistory': [], 'ResidentSetSize': [], 'SubmitTimes': [], 'StartTimes': [], 'EndTimes': [], 'TotalUserCpuTimeHistory': [], 'TotalSysCpuTimeHistory': [], 'WallDurations': [], 'JobIds': [], 'State': 'unsubmitted'}, '1249': {'Retries': 0, 'Restarts': 0, 'SiteHistory': [], 'ResidentSetSize': [], 'SubmitTimes': [], 'StartTimes': [], 'EndTimes': [], 'TotalUserCpuTimeHistory': [], 'TotalSysCpuTimeHistory': [], 'WallDurations': [], 'JobIds': [], 'State': 'unsubmitted'}, '1250': {'Retries': 0, 'Restarts': 0, 'SiteHistory': [], 'ResidentSetSize': [], 'SubmitTimes': [], 'StartTimes': [], 'EndTimes': [], 'TotalUserCpuTimeHistory': [], 'TotalSysCpuTimeHistory': [], 'WallDurations': [], 'JobIds': [], 'State': 'unsubmitted'}, '1251': {'Retries': 0, 'Restarts': 0, 'SiteHistory': [], 'ResidentSetSize': [], 'SubmitTimes': [], 'StartTimes': [], 'EndTimes': [], 'TotalUserCpuTimeHistory': [], 'TotalSysCpuTimeHistory': [], 'WallDurations': [], 'JobIds': [], 'State': 'unsubmitted'}, '1252': {'Retries': 0, 'Restarts': 0, 'SiteHistory': [], 'ResidentSetSize': [], 'SubmitTimes': [], 'StartTimes': [], 'EndTimes': [], 'TotalUserCpuTimeHistory': [], 'TotalSysCpuTimeHistory': [], 'WallDurations': [], 'JobIds': [], 'State': 'unsubmitted'}, '1253': {'Retries': 0, 'Restarts': 0, 'SiteHistory': [], 'ResidentSetSize': [], 'SubmitTimes': [], 'StartTimes': [], 'EndTimes': [], 'TotalUserCpuTimeHistory': [], 'TotalSysCpuTimeHistory': [], 'WallDurations': [], 'JobIds': [], 'State': 'unsubmitted'}, '1254': {'Retries': 0, 'Restarts': 0, 'SiteHistory': [], 'ResidentSetSize': [], 'SubmitTimes': [], 'StartTimes': [], 'EndTimes': [], 'TotalUserCpuTimeHistory': [], 'TotalSysCpuTimeHistory': [], 'WallDurations': [], 'JobIds': [], 'State': 'unsubmitted'}, '1255': {'Retries': 0, 'Restarts': 0, 'SiteHistory': [], 'ResidentSetSize': [], 'SubmitTimes': [], 'StartTimes': [], 'EndTimes': [], 'TotalUserCpuTimeHistory': [], 'TotalSysCpuTimeHistory': [], 'WallDurations': [], 'JobIds': [], 'State': 'unsubmitted'}, '1256': {'Retries': 0, 'Restarts': 0, 'SiteHistory': [], 'ResidentSetSize': [], 'SubmitTimes': [], 'StartTimes': [], 'EndTimes': [], 'TotalUserCpuTimeHistory': [], 'TotalSysCpuTimeHistory': [], 'WallDurations': [], 'JobIds': [], 'State': 'unsubmitted'}, '1257': {'Retries': 0, 'Restarts': 0, 'SiteHistory': [], 'ResidentSetSize': [], 'SubmitTimes': [], 'StartTimes': [], 'EndTimes': [], 'TotalUserCpuTimeHistory': [], 'TotalSysCpuTimeHistory': [], 'WallDurations': [], 'JobIds': [], 'State': 'unsubmitted'}, '1258': {'Retries': 0, 'Restarts': 0, 'SiteHistory': [], 'ResidentSetSize': [], 'SubmitTimes': [], 'StartTimes': [], 'EndTimes': [], 'TotalUserCpuTimeHistory': [], 'TotalSysCpuTimeHistory': [], 'WallDurations': [], 'JobIds': [], 'State': 'unsubmitted'}, '1259': {'Retries': 0, 'Restarts': 0, 'SiteHistory': [], 'ResidentSetSize': [], 'SubmitTimes': [], 'StartTimes': [], 'EndTimes': [], 'TotalUserCpuTimeHistory': [], 'TotalSysCpuTimeHistory': [], 'WallDurations': [], 'JobIds': [], 'State': 'unsubmitted'}, '1260': {'Retries': 0, 'Restarts': 0, 'SiteHistory': [], 'ResidentSetSize': [], 'SubmitTimes': [], 'StartTimes': [], 'EndTimes': [], 'TotalUserCpuTimeHistory': [], 'TotalSysCpuTimeHistory': [], 'WallDurations': [], 'JobIds': [], 'State': 'unsubmitted'}, '1261': {'Retries': 0, 'Restarts': 0, 'SiteHistory': [], 'ResidentSetSize': [], 'SubmitTimes': [], 'StartTimes': [], 'EndTimes': [], 'TotalUserCpuTimeHistory': [], 'TotalSysCpuTimeHistory': [], 'WallDurations': [], 'JobIds': [], 'State': 'unsubmitted'}, '1262': {'Retries': 0, 'Restarts': 0, 'SiteHistory': [], 'ResidentSetSize': [], 'SubmitTimes': [], 'StartTimes': [], 'EndTimes': [], 'TotalUserCpuTimeHistory': [], 'TotalSysCpuTimeHistory': [], 'WallDurations': [], 'JobIds': [], 'State': 'unsubmitted'}, '1263': {'Retries': 0, 'Restarts': 0, 'SiteHistory': [], 'ResidentSetSize': [], 'SubmitTimes': [], 'StartTimes': [], 'EndTimes': [], 'TotalUserCpuTimeHistory': [], 'TotalSysCpuTimeHistory': [], 'WallDurations': [], 'JobIds': [], 'State': 'unsubmitted'}, '1264': {'Retries': 0, 'Restarts': 0, 'SiteHistory': [], 'ResidentSetSize': [], 'SubmitTimes': [], 'StartTimes': [], 'EndTimes': [], 'TotalUserCpuTimeHistory': [], 'TotalSysCpuTimeHistory': [], 'WallDurations': [], 'JobIds': [], 'State': 'unsubmitted'}, '1265': {'Retries': 0, 'Restarts': 0, 'SiteHistory': [], 'ResidentSetSize': [], 'SubmitTimes': [], 'StartTimes': [], 'EndTimes': [], 'TotalUserCpuTimeHistory': [], 'TotalSysCpuTimeHistory': [], 'WallDurations': [], 'JobIds': [], 'State': 'unsubmitted'}, '1266': {'Retries': 0, 'Restarts': 0, 'SiteHistory': [], 'ResidentSetSize': [], 'SubmitTimes': [], 'StartTimes': [], 'EndTimes': [], 'TotalUserCpuTimeHistory': [], 'TotalSysCpuTimeHistory': [], 'WallDurations': [], 'JobIds': [], 'State': 'unsubmitted'}, '1267': {'Retries': 0, 'Restarts': 0, 'SiteHistory': [], 'ResidentSetSize': [], 'SubmitTimes': [], 'StartTimes': [], 'EndTimes': [], 'TotalUserCpuTimeHistory': [], 'TotalSysCpuTimeHistory': [], 'WallDurations': [], 'JobIds': [], 'State': 'unsubmitted'}, '1268': {'Retries': 0, 'Restarts': 0, 'SiteHistory': [], 'ResidentSetSize': [], 'SubmitTimes': [], 'StartTimes': [], 'EndTimes': [], 'TotalUserCpuTimeHistory': [], 'TotalSysCpuTimeHistory': [], 'WallDurations': [], 'JobIds': [], 'State': 'unsubmitted'}, '1269': {'Retries': 0, 'Restarts': 0, 'SiteHistory': [], 'ResidentSetSize': [], 'SubmitTimes': [], 'StartTimes': [], 'EndTimes': [], 'TotalUserCpuTimeHistory': [], 'TotalSysCpuTimeHistory': [], 'WallDurations': [], 'JobIds': [], 'State': 'unsubmitted'}, '1270': {'Retries': 0, 'Restarts': 0, 'SiteHistory': [], 'ResidentSetSize': [], 'SubmitTimes': [], 'StartTimes': [], 'EndTimes': [], 'TotalUserCpuTimeHistory': [], 'TotalSysCpuTimeHistory': [], 'WallDurations': [], 'JobIds': [], 'State': 'unsubmitted'}, '1271': {'Retries': 0, 'Restarts': 0, 'SiteHistory': [], 'ResidentSetSize': [], 'SubmitTimes': [], 'StartTimes': [], 'EndTimes': [], 'TotalUserCpuTimeHistory': [], 'TotalSysCpuTimeHistory': [], 'WallDurations': [], 'JobIds': [], 'State': 'unsubmitted'}, '1272': {'Retries': 0, 'Restarts': 0, 'SiteHistory': [], 'ResidentSetSize': [], 'SubmitTimes': [], 'StartTimes': [], 'EndTimes': [], 'TotalUserCpuTimeHistory': [], 'TotalSysCpuTimeHistory': [], 'WallDurations': [], 'JobIds': [], 'State': 'unsubmitted'}, '1273': {'Retries': 0, 'Restarts': 0, 'SiteHistory': [], 'ResidentSetSize': [], 'SubmitTimes': [], 'StartTimes': [], 'EndTimes': [], 'TotalUserCpuTimeHistory': [], 'TotalSysCpuTimeHistory': [], 'WallDurations': [], 'JobIds': [], 'State': 'unsubmitted'}, '1274': {'Retries': 0, 'Restarts': 0, 'SiteHistory': [], 'ResidentSetSize': [], 'SubmitTimes': [], 'StartTimes': [], 'EndTimes': [], 'TotalUserCpuTimeHistory': [], 'TotalSysCpuTimeHistory': [], 'WallDurations': [], 'JobIds': [], 'State': 'unsubmitted'}, '1275': {'Retries': 0, 'Restarts': 0, 'SiteHistory': [], 'ResidentSetSize': [], 'SubmitTimes': [], 'StartTimes': [], 'EndTimes': [], 'TotalUserCpuTimeHistory': [], 'TotalSysCpuTimeHistory': [], 'WallDurations': [], 'JobIds': [], 'State': 'unsubmitted'}, '1276': {'Retries': 0, 'Restarts': 0, 'SiteHistory': [], 'ResidentSetSize': [], 'SubmitTimes': [], 'StartTimes': [], 'EndTimes': [], 'TotalUserCpuTimeHistory': [], 'TotalSysCpuTimeHistory': [], 'WallDurations': [], 'JobIds': [], 'State': 'unsubmitted'}, '1277': {'Retries': 0, 'Restarts': 0, 'SiteHistory': [], 'ResidentSetSize': [], 'SubmitTimes': [], 'StartTimes': [], 'EndTimes': [], 'TotalUserCpuTimeHistory': [], 'TotalSysCpuTimeHistory': [], 'WallDurations': [], 'JobIds': [], 'State': 'unsubmitted'}, '1278': {'Retries': 0, 'Restarts': 0, 'SiteHistory': [], 'ResidentSetSize': [], 'SubmitTimes': [], 'StartTimes': [], 'EndTimes': [], 'TotalUserCpuTimeHistory': [], 'TotalSysCpuTimeHistory': [], 'WallDurations': [], 'JobIds': [], 'State': 'unsubmitted'}, '1279': {'Retries': 0, 'Restarts': 0, 'SiteHistory': [], 'ResidentSetSize': [], 'SubmitTimes': [], 'StartTimes': [], 'EndTimes': [], 'TotalUserCpuTimeHistory': [], 'TotalSysCpuTimeHistory': [], 'WallDurations': [], 'JobIds': [], 'State': 'unsubmitted'}, '1280': {'Retries': 0, 'Restarts': 0, 'SiteHistory': [], 'ResidentSetSize': [], 'SubmitTimes': [], 'StartTimes': [], 'EndTimes': [], 'TotalUserCpuTimeHistory': [], 'TotalSysCpuTimeHistory': [], 'WallDurations': [], 'JobIds': [], 'State': 'unsubmitted'}, '1281': {'Retries': 0, 'Restarts': 0, 'SiteHistory': [], 'ResidentSetSize': [], 'SubmitTimes': [], 'StartTimes': [], 'EndTimes': [], 'TotalUserCpuTimeHistory': [], 'TotalSysCpuTimeHistory': [], 'WallDurations': [], 'JobIds': [], 'State': 'unsubmitted'}, '1282': {'Retries': 0, 'Restarts': 0, 'SiteHistory': [], 'ResidentSetSize': [], 'SubmitTimes': [], 'StartTimes': [], 'EndTimes': [], 'TotalUserCpuTimeHistory': [], 'TotalSysCpuTimeHistory': [], 'WallDurations': [], 'JobIds': [], 'State': 'unsubmitted'}, '1283': {'Retries': 0, 'Restarts': 0, 'SiteHistory': [], 'ResidentSetSize': [], 'SubmitTimes': [], 'StartTimes': [], 'EndTimes': [], 'TotalUserCpuTimeHistory': [], 'TotalSysCpuTimeHistory': [], 'WallDurations': [], 'JobIds': [], 'State': 'unsubmitted'}, '1284': {'Retries': 0, 'Restarts': 0, 'SiteHistory': [], 'ResidentSetSize': [], 'SubmitTimes': [], 'StartTimes': [], 'EndTimes': [], 'TotalUserCpuTimeHistory': [], 'TotalSysCpuTimeHistory': [], 'WallDurations': [], 'JobIds': [], 'State': 'unsubmitted'}, '1285': {'Retries': 0, 'Restarts': 0, 'SiteHistory': [], 'ResidentSetSize': [], 'SubmitTimes': [], 'StartTimes': [], 'EndTimes': [], 'TotalUserCpuTimeHistory': [], 'TotalSysCpuTimeHistory': [], 'WallDurations': [], 'JobIds': [], 'State': 'unsubmitted'}, '1286': {'Retries': 0, 'Restarts': 0, 'SiteHistory': [], 'ResidentSetSize': [], 'SubmitTimes': [], 'StartTimes': [], 'EndTimes': [], 'TotalUserCpuTimeHistory': [], 'TotalSysCpuTimeHistory': [], 'WallDurations': [], 'JobIds': [], 'State': 'unsubmitted'}, '1287': {'Retries': 0, 'Restarts': 0, 'SiteHistory': [], 'ResidentSetSize': [], 'SubmitTimes': [], 'StartTimes': [], 'EndTimes': [], 'TotalUserCpuTimeHistory': [], 'TotalSysCpuTimeHistory': [], 'WallDurations': [], 'JobIds': [], 'State': 'unsubmitted'}, '1288': {'Retries': 0, 'Restarts': 0, 'SiteHistory': [], 'ResidentSetSize': [], 'SubmitTimes': [], 'StartTimes': [], 'EndTimes': [], 'TotalUserCpuTimeHistory': [], 'TotalSysCpuTimeHistory': [], 'WallDurations': [], 'JobIds': [], 'State': 'unsubmitted'}, '1289': {'Retries': 0, 'Restarts': 0, 'SiteHistory': [], 'ResidentSetSize': [], 'SubmitTimes': [], 'StartTimes': [], 'EndTimes': [], 'TotalUserCpuTimeHistory': [], 'TotalSysCpuTimeHistory': [], 'WallDurations': [], 'JobIds': [], 'State': 'unsubmitted'}, '1290': {'Retries': 0, 'Restarts': 0, 'SiteHistory': [], 'ResidentSetSize': [], 'SubmitTimes': [], 'StartTimes': [], 'EndTimes': [], 'TotalUserCpuTimeHistory': [], 'TotalSysCpuTimeHistory': [], 'WallDurations': [], 'JobIds': [], 'State': 'unsubmitted'}, '1291': {'Retries': 0, 'Restarts': 0, 'SiteHistory': [], 'ResidentSetSize': [], 'SubmitTimes': [], 'StartTimes': [], 'EndTimes': [], 'TotalUserCpuTimeHistory': [], 'TotalSysCpuTimeHistory': [], 'WallDurations': [], 'JobIds': [], 'State': 'unsubmitted'}, '1292': {'Retries': 0, 'Restarts': 0, 'SiteHistory': [], 'ResidentSetSize': [], 'SubmitTimes': [], 'StartTimes': [], 'EndTimes': [], 'TotalUserCpuTimeHistory': [], 'TotalSysCpuTimeHistory': [], 'WallDurations': [], 'JobIds': [], 'State': 'unsubmitted'}, '1293': {'Retries': 0, 'Restarts': 0, 'SiteHistory': [], 'ResidentSetSize': [], 'SubmitTimes': [], 'StartTimes': [], 'EndTimes': [], 'TotalUserCpuTimeHistory': [], 'TotalSysCpuTimeHistory': [], 'WallDurations': [], 'JobIds': [], 'State': 'unsubmitted'}, '1294': {'Retries': 0, 'Restarts': 0, 'SiteHistory': [], 'ResidentSetSize': [], 'SubmitTimes': [], 'StartTimes': [], 'EndTimes': [], 'TotalUserCpuTimeHistory': [], 'TotalSysCpuTimeHistory': [], 'WallDurations': [], 'JobIds': [], 'State': 'unsubmitted'}, '1295': {'Retries': 0, 'Restarts': 0, 'SiteHistory': [], 'ResidentSetSize': [], 'SubmitTimes': [], 'StartTimes': [], 'EndTimes': [], 'TotalUserCpuTimeHistory': [], 'TotalSysCpuTimeHistory': [], 'WallDurations': [], 'JobIds': [], 'State': 'unsubmitted'}, '1296': {'Retries': 0, 'Restarts': 0, 'SiteHistory': [], 'ResidentSetSize': [], 'SubmitTimes': [], 'StartTimes': [], 'EndTimes': [], 'TotalUserCpuTimeHistory': [], 'TotalSysCpuTimeHistory': [], 'WallDurations': [], 'JobIds': [], 'State': 'unsubmitted'}, '1297': {'Retries': 0, 'Restarts': 0, 'SiteHistory': [], 'ResidentSetSize': [], 'SubmitTimes': [], 'StartTimes': [], 'EndTimes': [], 'TotalUserCpuTimeHistory': [], 'TotalSysCpuTimeHistory': [], 'WallDurations': [], 'JobIds': [], 'State': 'unsubmitted'}, '1298': {'Retries': 0, 'Restarts': 0, 'SiteHistory': [], 'ResidentSetSize': [], 'SubmitTimes': [], 'StartTimes': [], 'EndTimes': [], 'TotalUserCpuTimeHistory': [], 'TotalSysCpuTimeHistory': [], 'WallDurations': [], 'JobIds': [], 'State': 'unsubmitted'}, '1299': {'Retries': 0, 'Restarts': 0, 'SiteHistory': [], 'ResidentSetSize': [], 'SubmitTimes': [], 'StartTimes': [], 'EndTimes': [], 'TotalUserCpuTimeHistory': [], 'TotalSysCpuTimeHistory': [], 'WallDurations': [], 'JobIds': [], 'State': 'unsubmitted'}, '1300': {'Retries': 0, 'Restarts': 0, 'SiteHistory': [], 'ResidentSetSize': [], 'SubmitTimes': [], 'StartTimes': [], 'EndTimes': [], 'TotalUserCpuTimeHistory': [], 'TotalSysCpuTimeHistory': [], 'WallDurations': [], 'JobIds': [], 'State': 'unsubmitted'}, '1301': {'Retries': 0, 'Restarts': 0, 'SiteHistory': [], 'ResidentSetSize': [], 'SubmitTimes': [], 'StartTimes': [], 'EndTimes': [], 'TotalUserCpuTimeHistory': [], 'TotalSysCpuTimeHistory': [], 'WallDurations': [], 'JobIds': [], 'State': 'unsubmitted'}, '1302': {'Retries': 0, 'Restarts': 0, 'SiteHistory': [], 'ResidentSetSize': [], 'SubmitTimes': [], 'StartTimes': [], 'EndTimes': [], 'TotalUserCpuTimeHistory': [], 'TotalSysCpuTimeHistory': [], 'WallDurations': [], 'JobIds': [], 'State': 'unsubmitted'}, '1303': {'Retries': 0, 'Restarts': 0, 'SiteHistory': [], 'ResidentSetSize': [], 'SubmitTimes': [], 'StartTimes': [], 'EndTimes': [], 'TotalUserCpuTimeHistory': [], 'TotalSysCpuTimeHistory': [], 'WallDurations': [], 'JobIds': [], 'State': 'unsubmitted'}, '1304': {'Retries': 0, 'Restarts': 0, 'SiteHistory': [], 'ResidentSetSize': [], 'SubmitTimes': [], 'StartTimes': [], 'EndTimes': [], 'TotalUserCpuTimeHistory': [], 'TotalSysCpuTimeHistory': [], 'WallDurations': [], 'JobIds': [], 'State': 'unsubmitted'}, '1305': {'Retries': 0, 'Restarts': 0, 'SiteHistory': [], 'ResidentSetSize': [], 'SubmitTimes': [], 'StartTimes': [], 'EndTimes': [], 'TotalUserCpuTimeHistory': [], 'TotalSysCpuTimeHistory': [], 'WallDurations': [], 'JobIds': [], 'State': 'unsubmitted'}, '1306': {'Retries': 0, 'Restarts': 0, 'SiteHistory': [], 'ResidentSetSize': [], 'SubmitTimes': [], 'StartTimes': [], 'EndTimes': [], 'TotalUserCpuTimeHistory': [], 'TotalSysCpuTimeHistory': [], 'WallDurations': [], 'JobIds': [], 'State': 'unsubmitted'}, '1307': {'Retries': 0, 'Restarts': 0, 'SiteHistory': [], 'ResidentSetSize': [], 'SubmitTimes': [], 'StartTimes': [], 'EndTimes': [], 'TotalUserCpuTimeHistory': [], 'TotalSysCpuTimeHistory': [], 'WallDurations': [], 'JobIds': [], 'State': 'unsubmitted'}, '1308': {'Retries': 0, 'Restarts': 0, 'SiteHistory': [], 'ResidentSetSize': [], 'SubmitTimes': [], 'StartTimes': [], 'EndTimes': [], 'TotalUserCpuTimeHistory': [], 'TotalSysCpuTimeHistory': [], 'WallDurations': [], 'JobIds': [], 'State': 'unsubmitted'}, '1309': {'Retries': 0, 'Restarts': 0, 'SiteHistory': [], 'ResidentSetSize': [], 'SubmitTimes': [], 'StartTimes': [], 'EndTimes': [], 'TotalUserCpuTimeHistory': [], 'TotalSysCpuTimeHistory': [], 'WallDurations': [], 'JobIds': [], 'State': 'unsubmitted'}, '1310': {'Retries': 0, 'Restarts': 0, 'SiteHistory': [], 'ResidentSetSize': [], 'SubmitTimes': [], 'StartTimes': [], 'EndTimes': [], 'TotalUserCpuTimeHistory': [], 'TotalSysCpuTimeHistory': [], 'WallDurations': [], 'JobIds': [], 'State': 'unsubmitted'}, '1311': {'Retries': 0, 'Restarts': 0, 'SiteHistory': [], 'ResidentSetSize': [], 'SubmitTimes': [], 'StartTimes': [], 'EndTimes': [], 'TotalUserCpuTimeHistory': [], 'TotalSysCpuTimeHistory': [], 'WallDurations': [], 'JobIds': [], 'State': 'unsubmitted'}, '1312': {'Retries': 0, 'Restarts': 0, 'SiteHistory': [], 'ResidentSetSize': [], 'SubmitTimes': [], 'StartTimes': [], 'EndTimes': [], 'TotalUserCpuTimeHistory': [], 'TotalSysCpuTimeHistory': [], 'WallDurations': [], 'JobIds': [], 'State': 'unsubmitted'}, '1313': {'Retries': 0, 'Restarts': 0, 'SiteHistory': [], 'ResidentSetSize': [], 'SubmitTimes': [], 'StartTimes': [], 'EndTimes': [], 'TotalUserCpuTimeHistory': [], 'TotalSysCpuTimeHistory': [], 'WallDurations': [], 'JobIds': [], 'State': 'unsubmitted'}, '1314': {'Retries': 0, 'Restarts': 0, 'SiteHistory': [], 'ResidentSetSize': [], 'SubmitTimes': [], 'StartTimes': [], 'EndTimes': [], 'TotalUserCpuTimeHistory': [], 'TotalSysCpuTimeHistory': [], 'WallDurations': [], 'JobIds': [], 'State': 'unsubmitted'}, '1315': {'Retries': 0, 'Restarts': 0, 'SiteHistory': [], 'ResidentSetSize': [], 'SubmitTimes': [], 'StartTimes': [], 'EndTimes': [], 'TotalUserCpuTimeHistory': [], 'TotalSysCpuTimeHistory': [], 'WallDurations': [], 'JobIds': [], 'State': 'unsubmitted'}, '1316': {'Retries': 0, 'Restarts': 0, 'SiteHistory': [], 'ResidentSetSize': [], 'SubmitTimes': [], 'StartTimes': [], 'EndTimes': [], 'TotalUserCpuTimeHistory': [], 'TotalSysCpuTimeHistory': [], 'WallDurations': [], 'JobIds': [], 'State': 'unsubmitted'}, '1317': {'Retries': 0, 'Restarts': 0, 'SiteHistory': [], 'ResidentSetSize': [], 'SubmitTimes': [], 'StartTimes': [], 'EndTimes': [], 'TotalUserCpuTimeHistory': [], 'TotalSysCpuTimeHistory': [], 'WallDurations': [], 'JobIds': [], 'State': 'unsubmitted'}, '1318': {'Retries': 0, 'Restarts': 0, 'SiteHistory': [], 'ResidentSetSize': [], 'SubmitTimes': [], 'StartTimes': [], 'EndTimes': [], 'TotalUserCpuTimeHistory': [], 'TotalSysCpuTimeHistory': [], 'WallDurations': [], 'JobIds': [], 'State': 'unsubmitted'}, '1319': {'Retries': 0, 'Restarts': 0, 'SiteHistory': [], 'ResidentSetSize': [], 'SubmitTimes': [], 'StartTimes': [], 'EndTimes': [], 'TotalUserCpuTimeHistory': [], 'TotalSysCpuTimeHistory': [], 'WallDurations': [], 'JobIds': [], 'State': 'unsubmitted'}, '1320': {'Retries': 0, 'Restarts': 0, 'SiteHistory': [], 'ResidentSetSize': [], 'SubmitTimes': [], 'StartTimes': [], 'EndTimes': [], 'TotalUserCpuTimeHistory': [], 'TotalSysCpuTimeHistory': [], 'WallDurations': [], 'JobIds': [], 'State': 'unsubmitted'}, '1321': {'Retries': 0, 'Restarts': 0, 'SiteHistory': [], 'ResidentSetSize': [], 'SubmitTimes': [], 'StartTimes': [], 'EndTimes': [], 'TotalUserCpuTimeHistory': [], 'TotalSysCpuTimeHistory': [], 'WallDurations': [], 'JobIds': [], 'State': 'unsubmitted'}, '1322': {'Retries': 0, 'Restarts': 0, 'SiteHistory': [], 'ResidentSetSize': [], 'SubmitTimes': [], 'StartTimes': [], 'EndTimes': [], 'TotalUserCpuTimeHistory': [], 'TotalSysCpuTimeHistory': [], 'WallDurations': [], 'JobIds': [], 'State': 'unsubmitted'}, '1323': {'Retries': 0, 'Restarts': 0, 'SiteHistory': [], 'ResidentSetSize': [], 'SubmitTimes': [], 'StartTimes': [], 'EndTimes': [], 'TotalUserCpuTimeHistory': [], 'TotalSysCpuTimeHistory': [], 'WallDurations': [], 'JobIds': [], 'State': 'unsubmitted'}, '1324': {'Retries': 0, 'Restarts': 0, 'SiteHistory': [], 'ResidentSetSize': [], 'SubmitTimes': [], 'StartTimes': [], 'EndTimes': [], 'TotalUserCpuTimeHistory': [], 'TotalSysCpuTimeHistory': [], 'WallDurations': [], 'JobIds': [], 'State': 'unsubmitted'}, '1325': {'Retries': 0, 'Restarts': 0, 'SiteHistory': [], 'ResidentSetSize': [], 'SubmitTimes': [], 'StartTimes': [], 'EndTimes': [], 'TotalUserCpuTimeHistory': [], 'TotalSysCpuTimeHistory': [], 'WallDurations': [], 'JobIds': [], 'State': 'unsubmitted'}, '1326': {'Retries': 0, 'Restarts': 0, 'SiteHistory': [], 'ResidentSetSize': [], 'SubmitTimes': [], 'StartTimes': [], 'EndTimes': [], 'TotalUserCpuTimeHistory': [], 'TotalSysCpuTimeHistory': [], 'WallDurations': [], 'JobIds': [], 'State': 'unsubmitted'}, '1327': {'Retries': 0, 'Restarts': 0, 'SiteHistory': [], 'ResidentSetSize': [], 'SubmitTimes': [], 'StartTimes': [], 'EndTimes': [], 'TotalUserCpuTimeHistory': [], 'TotalSysCpuTimeHistory': [], 'WallDurations': [], 'JobIds': [], 'State': 'unsubmitted'}, '1328': {'Retries': 0, 'Restarts': 0, 'SiteHistory': [], 'ResidentSetSize': [], 'SubmitTimes': [], 'StartTimes': [], 'EndTimes': [], 'TotalUserCpuTimeHistory': [], 'TotalSysCpuTimeHistory': [], 'WallDurations': [], 'JobIds': [], 'State': 'unsubmitted'}, '1329': {'Retries': 0, 'Restarts': 0, 'SiteHistory': [], 'ResidentSetSize': [], 'SubmitTimes': [], 'StartTimes': [], 'EndTimes': [], 'TotalUserCpuTimeHistory': [], 'TotalSysCpuTimeHistory': [], 'WallDurations': [], 'JobIds': [], 'State': 'unsubmitted'}, '1330': {'Retries': 0, 'Restarts': 0, 'SiteHistory': [], 'ResidentSetSize': [], 'SubmitTimes': [], 'StartTimes': [], 'EndTimes': [], 'TotalUserCpuTimeHistory': [], 'TotalSysCpuTimeHistory': [], 'WallDurations': [], 'JobIds': [], 'State': 'unsubmitted'}, '1331': {'Retries': 0, 'Restarts': 0, 'SiteHistory': [], 'ResidentSetSize': [], 'SubmitTimes': [], 'StartTimes': [], 'EndTimes': [], 'TotalUserCpuTimeHistory': [], 'TotalSysCpuTimeHistory': [], 'WallDurations': [], 'JobIds': [], 'State': 'unsubmitted'}, '1332': {'Retries': 0, 'Restarts': 0, 'SiteHistory': [], 'ResidentSetSize': [], 'SubmitTimes': [], 'StartTimes': [], 'EndTimes': [], 'TotalUserCpuTimeHistory': [], 'TotalSysCpuTimeHistory': [], 'WallDurations': [], 'JobIds': [], 'State': 'unsubmitted'}, '1333': {'Retries': 0, 'Restarts': 0, 'SiteHistory': [], 'ResidentSetSize': [], 'SubmitTimes': [], 'StartTimes': [], 'EndTimes': [], 'TotalUserCpuTimeHistory': [], 'TotalSysCpuTimeHistory': [], 'WallDurations': [], 'JobIds': [], 'State': 'unsubmitted'}, '1334': {'Retries': 0, 'Restarts': 0, 'SiteHistory': [], 'ResidentSetSize': [], 'SubmitTimes': [], 'StartTimes': [], 'EndTimes': [], 'TotalUserCpuTimeHistory': [], 'TotalSysCpuTimeHistory': [], 'WallDurations': [], 'JobIds': [], 'State': 'unsubmitted'}, '1335': {'Retries': 0, 'Restarts': 0, 'SiteHistory': [], 'ResidentSetSize': [], 'SubmitTimes': [], 'StartTimes': [], 'EndTimes': [], 'TotalUserCpuTimeHistory': [], 'TotalSysCpuTimeHistory': [], 'WallDurations': [], 'JobIds': [], 'State': 'unsubmitted'}, '1336': {'Retries': 0, 'Restarts': 0, 'SiteHistory': [], 'ResidentSetSize': [], 'SubmitTimes': [], 'StartTimes': [], 'EndTimes': [], 'TotalUserCpuTimeHistory': [], 'TotalSysCpuTimeHistory': [], 'WallDurations': [], 'JobIds': [], 'State': 'unsubmitted'}, '1337': {'Retries': 0, 'Restarts': 0, 'SiteHistory': [], 'ResidentSetSize': [], 'SubmitTimes': [], 'StartTimes': [], 'EndTimes': [], 'TotalUserCpuTimeHistory': [], 'TotalSysCpuTimeHistory': [], 'WallDurations': [], 'JobIds': [], 'State': 'unsubmitted'}, '1338': {'Retries': 0, 'Restarts': 0, 'SiteHistory': [], 'ResidentSetSize': [], 'SubmitTimes': [], 'StartTimes': [], 'EndTimes': [], 'TotalUserCpuTimeHistory': [], 'TotalSysCpuTimeHistory': [], 'WallDurations': [], 'JobIds': [], 'State': 'unsubmitted'}, '1339': {'Retries': 0, 'Restarts': 0, 'SiteHistory': [], 'ResidentSetSize': [], 'SubmitTimes': [], 'StartTimes': [], 'EndTimes': [], 'TotalUserCpuTimeHistory': [], 'TotalSysCpuTimeHistory': [], 'WallDurations': [], 'JobIds': [], 'State': 'unsubmitted'}, '1340': {'Retries': 0, 'Restarts': 0, 'SiteHistory': [], 'ResidentSetSize': [], 'SubmitTimes': [], 'StartTimes': [], 'EndTimes': [], 'TotalUserCpuTimeHistory': [], 'TotalSysCpuTimeHistory': [], 'WallDurations': [], 'JobIds': [], 'State': 'unsubmitted'}, '1341': {'Retries': 0, 'Restarts': 0, 'SiteHistory': [], 'ResidentSetSize': [], 'SubmitTimes': [], 'StartTimes': [], 'EndTimes': [], 'TotalUserCpuTimeHistory': [], 'TotalSysCpuTimeHistory': [], 'WallDurations': [], 'JobIds': [], 'State': 'unsubmitted'}, '1342': {'Retries': 0, 'Restarts': 0, 'SiteHistory': [], 'ResidentSetSize': [], 'SubmitTimes': [], 'StartTimes': [], 'EndTimes': [], 'TotalUserCpuTimeHistory': [], 'TotalSysCpuTimeHistory': [], 'WallDurations': [], 'JobIds': [], 'State': 'unsubmitted'}, '1343': {'Retries': 0, 'Restarts': 0, 'SiteHistory': [], 'ResidentSetSize': [], 'SubmitTimes': [], 'StartTimes': [], 'EndTimes': [], 'TotalUserCpuTimeHistory': [], 'TotalSysCpuTimeHistory': [], 'WallDurations': [], 'JobIds': [], 'State': 'unsubmitted'}, '1344': {'Retries': 0, 'Restarts': 0, 'SiteHistory': [], 'ResidentSetSize': [], 'SubmitTimes': [], 'StartTimes': [], 'EndTimes': [], 'TotalUserCpuTimeHistory': [], 'TotalSysCpuTimeHistory': [], 'WallDurations': [], 'JobIds': [], 'State': 'unsubmitted'}, '1345': {'Retries': 0, 'Restarts': 0, 'SiteHistory': [], 'ResidentSetSize': [], 'SubmitTimes': [], 'StartTimes': [], 'EndTimes': [], 'TotalUserCpuTimeHistory': [], 'TotalSysCpuTimeHistory': [], 'WallDurations': [], 'JobIds': [], 'State': 'unsubmitted'}, '1346': {'Retries': 0, 'Restarts': 0, 'SiteHistory': [], 'ResidentSetSize': [], 'SubmitTimes': [], 'StartTimes': [], 'EndTimes': [], 'TotalUserCpuTimeHistory': [], 'TotalSysCpuTimeHistory': [], 'WallDurations': [], 'JobIds': [], 'State': 'unsubmitted'}, '1347': {'Retries': 0, 'Restarts': 0, 'SiteHistory': [], 'ResidentSetSize': [], 'SubmitTimes': [], 'StartTimes': [], 'EndTimes': [], 'TotalUserCpuTimeHistory': [], 'TotalSysCpuTimeHistory': [], 'WallDurations': [], 'JobIds': [], 'State': 'unsubmitted'}, '1348': {'Retries': 0, 'Restarts': 0, 'SiteHistory': [], 'ResidentSetSize': [], 'SubmitTimes': [], 'StartTimes': [], 'EndTimes': [], 'TotalUserCpuTimeHistory': [], 'TotalSysCpuTimeHistory': [], 'WallDurations': [], 'JobIds': [], 'State': 'unsubmitted'}, '1349': {'Retries': 0, 'Restarts': 0, 'SiteHistory': [], 'ResidentSetSize': [], 'SubmitTimes': [], 'StartTimes': [], 'EndTimes': [], 'TotalUserCpuTimeHistory': [], 'TotalSysCpuTimeHistory': [], 'WallDurations': [], 'JobIds': [], 'State': 'unsubmitted'}, '1350': {'Retries': 0, 'Restarts': 0, 'SiteHistory': [], 'ResidentSetSize': [], 'SubmitTimes': [], 'StartTimes': [], 'EndTimes': [], 'TotalUserCpuTimeHistory': [], 'TotalSysCpuTimeHistory': [], 'WallDurations': [], 'JobIds': [], 'State': 'unsubmitted'}, '1351': {'Retries': 0, 'Restarts': 0, 'SiteHistory': [], 'ResidentSetSize': [], 'SubmitTimes': [], 'StartTimes': [], 'EndTimes': [], 'TotalUserCpuTimeHistory': [], 'TotalSysCpuTimeHistory': [], 'WallDurations': [], 'JobIds': [], 'State': 'unsubmitted'}, '1352': {'Retries': 0, 'Restarts': 0, 'SiteHistory': [], 'ResidentSetSize': [], 'SubmitTimes': [], 'StartTimes': [], 'EndTimes': [], 'TotalUserCpuTimeHistory': [], 'TotalSysCpuTimeHistory': [], 'WallDurations': [], 'JobIds': [], 'State': 'unsubmitted'}, '1353': {'Retries': 0, 'Restarts': 0, 'SiteHistory': [], 'ResidentSetSize': [], 'SubmitTimes': [], 'StartTimes': [], 'EndTimes': [], 'TotalUserCpuTimeHistory': [], 'TotalSysCpuTimeHistory': [], 'WallDurations': [], 'JobIds': [], 'State': 'unsubmitted'}, '1354': {'Retries': 0, 'Restarts': 0, 'SiteHistory': [], 'ResidentSetSize': [], 'SubmitTimes': [], 'StartTimes': [], 'EndTimes': [], 'TotalUserCpuTimeHistory': [], 'TotalSysCpuTimeHistory': [], 'WallDurations': [], 'JobIds': [], 'State': 'unsubmitted'}, '1355': {'Retries': 0, 'Restarts': 0, 'SiteHistory': [], 'ResidentSetSize': [], 'SubmitTimes': [], 'StartTimes': [], 'EndTimes': [], 'TotalUserCpuTimeHistory': [], 'TotalSysCpuTimeHistory': [], 'WallDurations': [], 'JobIds': [], 'State': 'unsubmitted'}, '1356': {'Retries': 0, 'Restarts': 0, 'SiteHistory': [], 'ResidentSetSize': [], 'SubmitTimes': [], 'StartTimes': [], 'EndTimes': [], 'TotalUserCpuTimeHistory': [], 'TotalSysCpuTimeHistory': [], 'WallDurations': [], 'JobIds': [], 'State': 'unsubmitted'}, '1357': {'Retries': 0, 'Restarts': 0, 'SiteHistory': [], 'ResidentSetSize': [], 'SubmitTimes': [], 'StartTimes': [], 'EndTimes': [], 'TotalUserCpuTimeHistory': [], 'TotalSysCpuTimeHistory': [], 'WallDurations': [], 'JobIds': [], 'State': 'unsubmitted'}, '1358': {'Retries': 0, 'Restarts': 0, 'SiteHistory': [], 'ResidentSetSize': [], 'SubmitTimes': [], 'StartTimes': [], 'EndTimes': [], 'TotalUserCpuTimeHistory': [], 'TotalSysCpuTimeHistory': [], 'WallDurations': [], 'JobIds': [], 'State': 'unsubmitted'}, '1359': {'Retries': 0, 'Restarts': 0, 'SiteHistory': [], 'ResidentSetSize': [], 'SubmitTimes': [], 'StartTimes': [], 'EndTimes': [], 'TotalUserCpuTimeHistory': [], 'TotalSysCpuTimeHistory': [], 'WallDurations': [], 'JobIds': [], 'State': 'unsubmitted'}, '1360': {'Retries': 0, 'Restarts': 0, 'SiteHistory': [], 'ResidentSetSize': [], 'SubmitTimes': [], 'StartTimes': [], 'EndTimes': [], 'TotalUserCpuTimeHistory': [], 'TotalSysCpuTimeHistory': [], 'WallDurations': [], 'JobIds': [], 'State': 'unsubmitted'}, '1361': {'Retries': 0, 'Restarts': 0, 'SiteHistory': [], 'ResidentSetSize': [], 'SubmitTimes': [], 'StartTimes': [], 'EndTimes': [], 'TotalUserCpuTimeHistory': [], 'TotalSysCpuTimeHistory': [], 'WallDurations': [], 'JobIds': [], 'State': 'unsubmitted'}, '1362': {'Retries': 0, 'Restarts': 0, 'SiteHistory': [], 'ResidentSetSize': [], 'SubmitTimes': [], 'StartTimes': [], 'EndTimes': [], 'TotalUserCpuTimeHistory': [], 'TotalSysCpuTimeHistory': [], 'WallDurations': [], 'JobIds': [], 'State': 'unsubmitted'}, '1363': {'Retries': 0, 'Restarts': 0, 'SiteHistory': [], 'ResidentSetSize': [], 'SubmitTimes': [], 'StartTimes': [], 'EndTimes': [], 'TotalUserCpuTimeHistory': [], 'TotalSysCpuTimeHistory': [], 'WallDurations': [], 'JobIds': [], 'State': 'unsubmitted'}, '1364': {'Retries': 0, 'Restarts': 0, 'SiteHistory': [], 'ResidentSetSize': [], 'SubmitTimes': [], 'StartTimes': [], 'EndTimes': [], 'TotalUserCpuTimeHistory': [], 'TotalSysCpuTimeHistory': [], 'WallDurations': [], 'JobIds': [], 'State': 'unsubmitted'}, '1365': {'Retries': 0, 'Restarts': 0, 'SiteHistory': [], 'ResidentSetSize': [], 'SubmitTimes': [], 'StartTimes': [], 'EndTimes': [], 'TotalUserCpuTimeHistory': [], 'TotalSysCpuTimeHistory': [], 'WallDurations': [], 'JobIds': [], 'State': 'unsubmitted'}, '1366': {'Retries': 0, 'Restarts': 0, 'SiteHistory': [], 'ResidentSetSize': [], 'SubmitTimes': [], 'StartTimes': [], 'EndTimes': [], 'TotalUserCpuTimeHistory': [], 'TotalSysCpuTimeHistory': [], 'WallDurations': [], 'JobIds': [], 'State': 'unsubmitted'}, '1367': {'Retries': 0, 'Restarts': 0, 'SiteHistory': [], 'ResidentSetSize': [], 'SubmitTimes': [], 'StartTimes': [], 'EndTimes': [], 'TotalUserCpuTimeHistory': [], 'TotalSysCpuTimeHistory': [], 'WallDurations': [], 'JobIds': [], 'State': 'unsubmitted'}, '1368': {'Retries': 0, 'Restarts': 0, 'SiteHistory': [], 'ResidentSetSize': [], 'SubmitTimes': [], 'StartTimes': [], 'EndTimes': [], 'TotalUserCpuTimeHistory': [], 'TotalSysCpuTimeHistory': [], 'WallDurations': [], 'JobIds': [], 'State': 'unsubmitted'}, '1369': {'Retries': 0, 'Restarts': 0, 'SiteHistory': [], 'ResidentSetSize': [], 'SubmitTimes': [], 'StartTimes': [], 'EndTimes': [], 'TotalUserCpuTimeHistory': [], 'TotalSysCpuTimeHistory': [], 'WallDurations': [], 'JobIds': [], 'State': 'unsubmitted'}, '1370': {'Retries': 0, 'Restarts': 0, 'SiteHistory': [], 'ResidentSetSize': [], 'SubmitTimes': [], 'StartTimes': [], 'EndTimes': [], 'TotalUserCpuTimeHistory': [], 'TotalSysCpuTimeHistory': [], 'WallDurations': [], 'JobIds': [], 'State': 'unsubmitted'}, '1371': {'Retries': 0, 'Restarts': 0, 'SiteHistory': [], 'ResidentSetSize': [], 'SubmitTimes': [], 'StartTimes': [], 'EndTimes': [], 'TotalUserCpuTimeHistory': [], 'TotalSysCpuTimeHistory': [], 'WallDurations': [], 'JobIds': [], 'State': 'unsubmitted'}, '1372': {'Retries': 0, 'Restarts': 0, 'SiteHistory': [], 'ResidentSetSize': [], 'SubmitTimes': [], 'StartTimes': [], 'EndTimes': [], 'TotalUserCpuTimeHistory': [], 'TotalSysCpuTimeHistory': [], 'WallDurations': [], 'JobIds': [], 'State': 'unsubmitted'}, '1373': {'Retries': 0, 'Restarts': 0, 'SiteHistory': [], 'ResidentSetSize': [], 'SubmitTimes': [], 'StartTimes': [], 'EndTimes': [], 'TotalUserCpuTimeHistory': [], 'TotalSysCpuTimeHistory': [], 'WallDurations': [], 'JobIds': [], 'State': 'unsubmitted'}, '1374': {'Retries': 0, 'Restarts': 0, 'SiteHistory': [], 'ResidentSetSize': [], 'SubmitTimes': [], 'StartTimes': [], 'EndTimes': [], 'TotalUserCpuTimeHistory': [], 'TotalSysCpuTimeHistory': [], 'WallDurations': [], 'JobIds': [], 'State': 'unsubmitted'}, '1375': {'Retries': 0, 'Restarts': 0, 'SiteHistory': [], 'ResidentSetSize': [], 'SubmitTimes': [], 'StartTimes': [], 'EndTimes': [], 'TotalUserCpuTimeHistory': [], 'TotalSysCpuTimeHistory': [], 'WallDurations': [], 'JobIds': [], 'State': 'unsubmitted'}, '1376': {'Retries': 0, 'Restarts': 0, 'SiteHistory': [], 'ResidentSetSize': [], 'SubmitTimes': [], 'StartTimes': [], 'EndTimes': [], 'TotalUserCpuTimeHistory': [], 'TotalSysCpuTimeHistory': [], 'WallDurations': [], 'JobIds': [], 'State': 'unsubmitted'}, '1377': {'Retries': 0, 'Restarts': 0, 'SiteHistory': [], 'ResidentSetSize': [], 'SubmitTimes': [], 'StartTimes': [], 'EndTimes': [], 'TotalUserCpuTimeHistory': [], 'TotalSysCpuTimeHistory': [], 'WallDurations': [], 'JobIds': [], 'State': 'unsubmitted'}, '1378': {'Retries': 0, 'Restarts': 0, 'SiteHistory': [], 'ResidentSetSize': [], 'SubmitTimes': [], 'StartTimes': [], 'EndTimes': [], 'TotalUserCpuTimeHistory': [], 'TotalSysCpuTimeHistory': [], 'WallDurations': [], 'JobIds': [], 'State': 'unsubmitted'}, '1379': {'Retries': 0, 'Restarts': 0, 'SiteHistory': [], 'ResidentSetSize': [], 'SubmitTimes': [], 'StartTimes': [], 'EndTimes': [], 'TotalUserCpuTimeHistory': [], 'TotalSysCpuTimeHistory': [], 'WallDurations': [], 'JobIds': [], 'State': 'unsubmitted'}, '1380': {'Retries': 0, 'Restarts': 0, 'SiteHistory': [], 'ResidentSetSize': [], 'SubmitTimes': [], 'StartTimes': [], 'EndTimes': [], 'TotalUserCpuTimeHistory': [], 'TotalSysCpuTimeHistory': [], 'WallDurations': [], 'JobIds': [], 'State': 'unsubmitted'}, '1381': {'Retries': 0, 'Restarts': 0, 'SiteHistory': [], 'ResidentSetSize': [], 'SubmitTimes': [], 'StartTimes': [], 'EndTimes': [], 'TotalUserCpuTimeHistory': [], 'TotalSysCpuTimeHistory': [], 'WallDurations': [], 'JobIds': [], 'State': 'unsubmitted'}, '1382': {'Retries': 0, 'Restarts': 0, 'SiteHistory': [], 'ResidentSetSize': [], 'SubmitTimes': [], 'StartTimes': [], 'EndTimes': [], 'TotalUserCpuTimeHistory': [], 'TotalSysCpuTimeHistory': [], 'WallDurations': [], 'JobIds': [], 'State': 'unsubmitted'}, '1383': {'Retries': 0, 'Restarts': 0, 'SiteHistory': [], 'ResidentSetSize': [], 'SubmitTimes': [], 'StartTimes': [], 'EndTimes': [], 'TotalUserCpuTimeHistory': [], 'TotalSysCpuTimeHistory': [], 'WallDurations': [], 'JobIds': [], 'State': 'unsubmitted'}, '1384': {'Retries': 0, 'Restarts': 0, 'SiteHistory': [], 'ResidentSetSize': [], 'SubmitTimes': [], 'StartTimes': [], 'EndTimes': [], 'TotalUserCpuTimeHistory': [], 'TotalSysCpuTimeHistory': [], 'WallDurations': [], 'JobIds': [], 'State': 'unsubmitted'}, '1385': {'Retries': 0, 'Restarts': 0, 'SiteHistory': [], 'ResidentSetSize': [], 'SubmitTimes': [], 'StartTimes': [], 'EndTimes': [], 'TotalUserCpuTimeHistory': [], 'TotalSysCpuTimeHistory': [], 'WallDurations': [], 'JobIds': [], 'State': 'unsubmitted'}, '1386': {'Retries': 0, 'Restarts': 0, 'SiteHistory': [], 'ResidentSetSize': [], 'SubmitTimes': [], 'StartTimes': [], 'EndTimes': [], 'TotalUserCpuTimeHistory': [], 'TotalSysCpuTimeHistory': [], 'WallDurations': [], 'JobIds': [], 'State': 'unsubmitted'}, '1387': {'Retries': 0, 'Restarts': 0, 'SiteHistory': [], 'ResidentSetSize': [], 'SubmitTimes': [], 'StartTimes': [], 'EndTimes': [], 'TotalUserCpuTimeHistory': [], 'TotalSysCpuTimeHistory': [], 'WallDurations': [], 'JobIds': [], 'State': 'unsubmitted'}, '1388': {'Retries': 0, 'Restarts': 0, 'SiteHistory': [], 'ResidentSetSize': [], 'SubmitTimes': [], 'StartTimes': [], 'EndTimes': [], 'TotalUserCpuTimeHistory': [], 'TotalSysCpuTimeHistory': [], 'WallDurations': [], 'JobIds': [], 'State': 'unsubmitted'}, '1389': {'Retries': 0, 'Restarts': 0, 'SiteHistory': [], 'ResidentSetSize': [], 'SubmitTimes': [], 'StartTimes': [], 'EndTimes': [], 'TotalUserCpuTimeHistory': [], 'TotalSysCpuTimeHistory': [], 'WallDurations': [], 'JobIds': [], 'State': 'unsubmitted'}, '1390': {'Retries': 0, 'Restarts': 0, 'SiteHistory': [], 'ResidentSetSize': [], 'SubmitTimes': [], 'StartTimes': [], 'EndTimes': [], 'TotalUserCpuTimeHistory': [], 'TotalSysCpuTimeHistory': [], 'WallDurations': [], 'JobIds': [], 'State': 'unsubmitted'}, '1391': {'Retries': 0, 'Restarts': 0, 'SiteHistory': [], 'ResidentSetSize': [], 'SubmitTimes': [], 'StartTimes': [], 'EndTimes': [], 'TotalUserCpuTimeHistory': [], 'TotalSysCpuTimeHistory': [], 'WallDurations': [], 'JobIds': [], 'State': 'unsubmitted'}, '1392': {'Retries': 0, 'Restarts': 0, 'SiteHistory': [], 'ResidentSetSize': [], 'SubmitTimes': [], 'StartTimes': [], 'EndTimes': [], 'TotalUserCpuTimeHistory': [], 'TotalSysCpuTimeHistory': [], 'WallDurations': [], 'JobIds': [], 'State': 'unsubmitted'}, '1393': {'Retries': 0, 'Restarts': 0, 'SiteHistory': [], 'ResidentSetSize': [], 'SubmitTimes': [], 'StartTimes': [], 'EndTimes': [], 'TotalUserCpuTimeHistory': [], 'TotalSysCpuTimeHistory': [], 'WallDurations': [], 'JobIds': [], 'State': 'unsubmitted'}, '1394': {'Retries': 0, 'Restarts': 0, 'SiteHistory': [], 'ResidentSetSize': [], 'SubmitTimes': [], 'StartTimes': [], 'EndTimes': [], 'TotalUserCpuTimeHistory': [], 'TotalSysCpuTimeHistory': [], 'WallDurations': [], 'JobIds': [], 'State': 'unsubmitted'}, '1395': {'Retries': 0, 'Restarts': 0, 'SiteHistory': [], 'ResidentSetSize': [], 'SubmitTimes': [], 'StartTimes': [], 'EndTimes': [], 'TotalUserCpuTimeHistory': [], 'TotalSysCpuTimeHistory': [], 'WallDurations': [], 'JobIds': [], 'State': 'unsubmitted'}, '1396': {'Retries': 0, 'Restarts': 0, 'SiteHistory': [], 'ResidentSetSize': [], 'SubmitTimes': [], 'StartTimes': [], 'EndTimes': [], 'TotalUserCpuTimeHistory': [], 'TotalSysCpuTimeHistory': [], 'WallDurations': [], 'JobIds': [], 'State': 'unsubmitted'}, '1397': {'Retries': 0, 'Restarts': 0, 'SiteHistory': [], 'ResidentSetSize': [], 'SubmitTimes': [], 'StartTimes': [], 'EndTimes': [], 'TotalUserCpuTimeHistory': [], 'TotalSysCpuTimeHistory': [], 'WallDurations': [], 'JobIds': [], 'State': 'unsubmitted'}, '1398': {'Retries': 0, 'Restarts': 0, 'SiteHistory': [], 'ResidentSetSize': [], 'SubmitTimes': [], 'StartTimes': [], 'EndTimes': [], 'TotalUserCpuTimeHistory': [], 'TotalSysCpuTimeHistory': [], 'WallDurations': [], 'JobIds': [], 'State': 'unsubmitted'}, '1399': {'Retries': 0, 'Restarts': 0, 'SiteHistory': [], 'ResidentSetSize': [], 'SubmitTimes': [], 'StartTimes': [], 'EndTimes': [], 'TotalUserCpuTimeHistory': [], 'TotalSysCpuTimeHistory': [], 'WallDurations': [], 'JobIds': [], 'State': 'unsubmitted'}, '1400': {'Retries': 0, 'Restarts': 0, 'SiteHistory': [], 'ResidentSetSize': [], 'SubmitTimes': [], 'StartTimes': [], 'EndTimes': [], 'TotalUserCpuTimeHistory': [], 'TotalSysCpuTimeHistory': [], 'WallDurations': [], 'JobIds': [], 'State': 'unsubmitted'}, '1401': {'Retries': 0, 'Restarts': 0, 'SiteHistory': [], 'ResidentSetSize': [], 'SubmitTimes': [], 'StartTimes': [], 'EndTimes': [], 'TotalUserCpuTimeHistory': [], 'TotalSysCpuTimeHistory': [], 'WallDurations': [], 'JobIds': [], 'State': 'unsubmitted'}, '1402': {'Retries': 0, 'Restarts': 0, 'SiteHistory': [], 'ResidentSetSize': [], 'SubmitTimes': [], 'StartTimes': [], 'EndTimes': [], 'TotalUserCpuTimeHistory': [], 'TotalSysCpuTimeHistory': [], 'WallDurations': [], 'JobIds': [], 'State': 'unsubmitted'}, '1403': {'Retries': 0, 'Restarts': 0, 'SiteHistory': [], 'ResidentSetSize': [], 'SubmitTimes': [], 'StartTimes': [], 'EndTimes': [], 'TotalUserCpuTimeHistory': [], 'TotalSysCpuTimeHistory': [], 'WallDurations': [], 'JobIds': [], 'State': 'unsubmitted'}, '1404': {'Retries': 0, 'Restarts': 0, 'SiteHistory': [], 'ResidentSetSize': [], 'SubmitTimes': [], 'StartTimes': [], 'EndTimes': [], 'TotalUserCpuTimeHistory': [], 'TotalSysCpuTimeHistory': [], 'WallDurations': [], 'JobIds': [], 'State': 'unsubmitted'}, '1405': {'Retries': 0, 'Restarts': 0, 'SiteHistory': [], 'ResidentSetSize': [], 'SubmitTimes': [], 'StartTimes': [], 'EndTimes': [], 'TotalUserCpuTimeHistory': [], 'TotalSysCpuTimeHistory': [], 'WallDurations': [], 'JobIds': [], 'State': 'unsubmitted'}, '1406': {'Retries': 0, 'Restarts': 0, 'SiteHistory': [], 'ResidentSetSize': [], 'SubmitTimes': [], 'StartTimes': [], 'EndTimes': [], 'TotalUserCpuTimeHistory': [], 'TotalSysCpuTimeHistory': [], 'WallDurations': [], 'JobIds': [], 'State': 'unsubmitted'}, '1407': {'Retries': 0, 'Restarts': 0, 'SiteHistory': [], 'ResidentSetSize': [], 'SubmitTimes': [], 'StartTimes': [], 'EndTimes': [], 'TotalUserCpuTimeHistory': [], 'TotalSysCpuTimeHistory': [], 'WallDurations': [], 'JobIds': [], 'State': 'unsubmitted'}, '1408': {'Retries': 0, 'Restarts': 0, 'SiteHistory': [], 'ResidentSetSize': [], 'SubmitTimes': [], 'StartTimes': [], 'EndTimes': [], 'TotalUserCpuTimeHistory': [], 'TotalSysCpuTimeHistory': [], 'WallDurations': [], 'JobIds': [], 'State': 'unsubmitted'}, '1409': {'Retries': 0, 'Restarts': 0, 'SiteHistory': [], 'ResidentSetSize': [], 'SubmitTimes': [], 'StartTimes': [], 'EndTimes': [], 'TotalUserCpuTimeHistory': [], 'TotalSysCpuTimeHistory': [], 'WallDurations': [], 'JobIds': [], 'State': 'unsubmitted'}, '1410': {'Retries': 0, 'Restarts': 0, 'SiteHistory': [], 'ResidentSetSize': [], 'SubmitTimes': [], 'StartTimes': [], 'EndTimes': [], 'TotalUserCpuTimeHistory': [], 'TotalSysCpuTimeHistory': [], 'WallDurations': [], 'JobIds': [], 'State': 'unsubmitted'}, '1411': {'Retries': 0, 'Restarts': 0, 'SiteHistory': [], 'ResidentSetSize': [], 'SubmitTimes': [], 'StartTimes': [], 'EndTimes': [], 'TotalUserCpuTimeHistory': [], 'TotalSysCpuTimeHistory': [], 'WallDurations': [], 'JobIds': [], 'State': 'unsubmitted'}, '1412': {'Retries': 0, 'Restarts': 0, 'SiteHistory': [], 'ResidentSetSize': [], 'SubmitTimes': [], 'StartTimes': [], 'EndTimes': [], 'TotalUserCpuTimeHistory': [], 'TotalSysCpuTimeHistory': [], 'WallDurations': [], 'JobIds': [], 'State': 'unsubmitted'}, '1413': {'Retries': 0, 'Restarts': 0, 'SiteHistory': [], 'ResidentSetSize': [], 'SubmitTimes': [], 'StartTimes': [], 'EndTimes': [], 'TotalUserCpuTimeHistory': [], 'TotalSysCpuTimeHistory': [], 'WallDurations': [], 'JobIds': [], 'State': 'unsubmitted'}, '1414': {'Retries': 0, 'Restarts': 0, 'SiteHistory': [], 'ResidentSetSize': [], 'SubmitTimes': [], 'StartTimes': [], 'EndTimes': [], 'TotalUserCpuTimeHistory': [], 'TotalSysCpuTimeHistory': [], 'WallDurations': [], 'JobIds': [], 'State': 'unsubmitted'}, '1415': {'Retries': 0, 'Restarts': 0, 'SiteHistory': [], 'ResidentSetSize': [], 'SubmitTimes': [], 'StartTimes': [], 'EndTimes': [], 'TotalUserCpuTimeHistory': [], 'TotalSysCpuTimeHistory': [], 'WallDurations': [], 'JobIds': [], 'State': 'unsubmitted'}, '1416': {'Retries': 0, 'Restarts': 0, 'SiteHistory': [], 'ResidentSetSize': [], 'SubmitTimes': [], 'StartTimes': [], 'EndTimes': [], 'TotalUserCpuTimeHistory': [], 'TotalSysCpuTimeHistory': [], 'WallDurations': [], 'JobIds': [], 'State': 'unsubmitted'}, '1417': {'Retries': 0, 'Restarts': 0, 'SiteHistory': [], 'ResidentSetSize': [], 'SubmitTimes': [], 'StartTimes': [], 'EndTimes': [], 'TotalUserCpuTimeHistory': [], 'TotalSysCpuTimeHistory': [], 'WallDurations': [], 'JobIds': [], 'State': 'unsubmitted'}, '1418': {'Retries': 0, 'Restarts': 0, 'SiteHistory': [], 'ResidentSetSize': [], 'SubmitTimes': [], 'StartTimes': [], 'EndTimes': [], 'TotalUserCpuTimeHistory': [], 'TotalSysCpuTimeHistory': [], 'WallDurations': [], 'JobIds': [], 'State': 'unsubmitted'}, '1419': {'Retries': 0, 'Restarts': 0, 'SiteHistory': [], 'ResidentSetSize': [], 'SubmitTimes': [], 'StartTimes': [], 'EndTimes': [], 'TotalUserCpuTimeHistory': [], 'TotalSysCpuTimeHistory': [], 'WallDurations': [], 'JobIds': [], 'State': 'unsubmitted'}, '1420': {'Retries': 0, 'Restarts': 0, 'SiteHistory': [], 'ResidentSetSize': [], 'SubmitTimes': [], 'StartTimes': [], 'EndTimes': [], 'TotalUserCpuTimeHistory': [], 'TotalSysCpuTimeHistory': [], 'WallDurations': [], 'JobIds': [], 'State': 'unsubmitted'}, '1421': {'Retries': 0, 'Restarts': 0, 'SiteHistory': [], 'ResidentSetSize': [], 'SubmitTimes': [], 'StartTimes': [], 'EndTimes': [], 'TotalUserCpuTimeHistory': [], 'TotalSysCpuTimeHistory': [], 'WallDurations': [], 'JobIds': [], 'State': 'unsubmitted'}, '1422': {'Retries': 0, 'Restarts': 0, 'SiteHistory': [], 'ResidentSetSize': [], 'SubmitTimes': [], 'StartTimes': [], 'EndTimes': [], 'TotalUserCpuTimeHistory': [], 'TotalSysCpuTimeHistory': [], 'WallDurations': [], 'JobIds': [], 'State': 'unsubmitted'}, '1423': {'Retries': 0, 'Restarts': 0, 'SiteHistory': [], 'ResidentSetSize': [], 'SubmitTimes': [], 'StartTimes': [], 'EndTimes': [], 'TotalUserCpuTimeHistory': [], 'TotalSysCpuTimeHistory': [], 'WallDurations': [], 'JobIds': [], 'State': 'unsubmitted'}, '1424': {'Retries': 0, 'Restarts': 0, 'SiteHistory': [], 'ResidentSetSize': [], 'SubmitTimes': [], 'StartTimes': [], 'EndTimes': [], 'TotalUserCpuTimeHistory': [], 'TotalSysCpuTimeHistory': [], 'WallDurations': [], 'JobIds': [], 'State': 'unsubmitted'}, '1425': {'Retries': 0, 'Restarts': 0, 'SiteHistory': [], 'ResidentSetSize': [], 'SubmitTimes': [], 'StartTimes': [], 'EndTimes': [], 'TotalUserCpuTimeHistory': [], 'TotalSysCpuTimeHistory': [], 'WallDurations': [], 'JobIds': [], 'State': 'unsubmitted'}, '1426': {'Retries': 0, 'Restarts': 0, 'SiteHistory': [], 'ResidentSetSize': [], 'SubmitTimes': [], 'StartTimes': [], 'EndTimes': [], 'TotalUserCpuTimeHistory': [], 'TotalSysCpuTimeHistory': [], 'WallDurations': [], 'JobIds': [], 'State': 'unsubmitted'}, '1427': {'Retries': 0, 'Restarts': 0, 'SiteHistory': [], 'ResidentSetSize': [], 'SubmitTimes': [], 'StartTimes': [], 'EndTimes': [], 'TotalUserCpuTimeHistory': [], 'TotalSysCpuTimeHistory': [], 'WallDurations': [], 'JobIds': [], 'State': 'unsubmitted'}, '1428': {'Retries': 0, 'Restarts': 0, 'SiteHistory': [], 'ResidentSetSize': [], 'SubmitTimes': [], 'StartTimes': [], 'EndTimes': [], 'TotalUserCpuTimeHistory': [], 'TotalSysCpuTimeHistory': [], 'WallDurations': [], 'JobIds': [], 'State': 'unsubmitted'}, '1429': {'Retries': 0, 'Restarts': 0, 'SiteHistory': [], 'ResidentSetSize': [], 'SubmitTimes': [], 'StartTimes': [], 'EndTimes': [], 'TotalUserCpuTimeHistory': [], 'TotalSysCpuTimeHistory': [], 'WallDurations': [], 'JobIds': [], 'State': 'unsubmitted'}, '1430': {'Retries': 0, 'Restarts': 0, 'SiteHistory': [], 'ResidentSetSize': [], 'SubmitTimes': [], 'StartTimes': [], 'EndTimes': [], 'TotalUserCpuTimeHistory': [], 'TotalSysCpuTimeHistory': [], 'WallDurations': [], 'JobIds': [], 'State': 'unsubmitted'}, '1431': {'Retries': 0, 'Restarts': 0, 'SiteHistory': [], 'ResidentSetSize': [], 'SubmitTimes': [], 'StartTimes': [], 'EndTimes': [], 'TotalUserCpuTimeHistory': [], 'TotalSysCpuTimeHistory': [], 'WallDurations': [], 'JobIds': [], 'State': 'unsubmitted'}, '1432': {'Retries': 0, 'Restarts': 0, 'SiteHistory': [], 'ResidentSetSize': [], 'SubmitTimes': [], 'StartTimes': [], 'EndTimes': [], 'TotalUserCpuTimeHistory': [], 'TotalSysCpuTimeHistory': [], 'WallDurations': [], 'JobIds': [], 'State': 'unsubmitted'}, '1433': {'Retries': 0, 'Restarts': 0, 'SiteHistory': [], 'ResidentSetSize': [], 'SubmitTimes': [], 'StartTimes': [], 'EndTimes': [], 'TotalUserCpuTimeHistory': [], 'TotalSysCpuTimeHistory': [], 'WallDurations': [], 'JobIds': [], 'State': 'unsubmitted'}, '1434': {'Retries': 0, 'Restarts': 0, 'SiteHistory': [], 'ResidentSetSize': [], 'SubmitTimes': [], 'StartTimes': [], 'EndTimes': [], 'TotalUserCpuTimeHistory': [], 'TotalSysCpuTimeHistory': [], 'WallDurations': [], 'JobIds': [], 'State': 'unsubmitted'}, '1435': {'Retries': 0, 'Restarts': 0, 'SiteHistory': [], 'ResidentSetSize': [], 'SubmitTimes': [], 'StartTimes': [], 'EndTimes': [], 'TotalUserCpuTimeHistory': [], 'TotalSysCpuTimeHistory': [], 'WallDurations': [], 'JobIds': [], 'State': 'unsubmitted'}, '1436': {'Retries': 0, 'Restarts': 0, 'SiteHistory': [], 'ResidentSetSize': [], 'SubmitTimes': [], 'StartTimes': [], 'EndTimes': [], 'TotalUserCpuTimeHistory': [], 'TotalSysCpuTimeHistory': [], 'WallDurations': [], 'JobIds': [], 'State': 'unsubmitted'}, '1437': {'Retries': 0, 'Restarts': 0, 'SiteHistory': [], 'ResidentSetSize': [], 'SubmitTimes': [], 'StartTimes': [], 'EndTimes': [], 'TotalUserCpuTimeHistory': [], 'TotalSysCpuTimeHistory': [], 'WallDurations': [], 'JobIds': [], 'State': 'unsubmitted'}, '1438': {'Retries': 0, 'Restarts': 0, 'SiteHistory': [], 'ResidentSetSize': [], 'SubmitTimes': [], 'StartTimes': [], 'EndTimes': [], 'TotalUserCpuTimeHistory': [], 'TotalSysCpuTimeHistory': [], 'WallDurations': [], 'JobIds': [], 'State': 'unsubmitted'}, '1439': {'Retries': 0, 'Restarts': 0, 'SiteHistory': [], 'ResidentSetSize': [], 'SubmitTimes': [], 'StartTimes': [], 'EndTimes': [], 'TotalUserCpuTimeHistory': [], 'TotalSysCpuTimeHistory': [], 'WallDurations': [], 'JobIds': [], 'State': 'unsubmitted'}, '1440': {'Retries': 0, 'Restarts': 0, 'SiteHistory': [], 'ResidentSetSize': [], 'SubmitTimes': [], 'StartTimes': [], 'EndTimes': [], 'TotalUserCpuTimeHistory': [], 'TotalSysCpuTimeHistory': [], 'WallDurations': [], 'JobIds': [], 'State': 'unsubmitted'}, '1441': {'Retries': 0, 'Restarts': 0, 'SiteHistory': [], 'ResidentSetSize': [], 'SubmitTimes': [], 'StartTimes': [], 'EndTimes': [], 'TotalUserCpuTimeHistory': [], 'TotalSysCpuTimeHistory': [], 'WallDurations': [], 'JobIds': [], 'State': 'unsubmitted'}, '1442': {'Retries': 0, 'Restarts': 0, 'SiteHistory': [], 'ResidentSetSize': [], 'SubmitTimes': [], 'StartTimes': [], 'EndTimes': [], 'TotalUserCpuTimeHistory': [], 'TotalSysCpuTimeHistory': [], 'WallDurations': [], 'JobIds': [], 'State': 'unsubmitted'}, '1443': {'Retries': 0, 'Restarts': 0, 'SiteHistory': [], 'ResidentSetSize': [], 'SubmitTimes': [], 'StartTimes': [], 'EndTimes': [], 'TotalUserCpuTimeHistory': [], 'TotalSysCpuTimeHistory': [], 'WallDurations': [], 'JobIds': [], 'State': 'unsubmitted'}, '1444': {'Retries': 0, 'Restarts': 0, 'SiteHistory': [], 'ResidentSetSize': [], 'SubmitTimes': [], 'StartTimes': [], 'EndTimes': [], 'TotalUserCpuTimeHistory': [], 'TotalSysCpuTimeHistory': [], 'WallDurations': [], 'JobIds': [], 'State': 'unsubmitted'}, '1445': {'Retries': 0, 'Restarts': 0, 'SiteHistory': [], 'ResidentSetSize': [], 'SubmitTimes': [], 'StartTimes': [], 'EndTimes': [], 'TotalUserCpuTimeHistory': [], 'TotalSysCpuTimeHistory': [], 'WallDurations': [], 'JobIds': [], 'State': 'unsubmitted'}, '1446': {'Retries': 0, 'Restarts': 0, 'SiteHistory': [], 'ResidentSetSize': [], 'SubmitTimes': [], 'StartTimes': [], 'EndTimes': [], 'TotalUserCpuTimeHistory': [], 'TotalSysCpuTimeHistory': [], 'WallDurations': [], 'JobIds': [], 'State': 'unsubmitted'}, '1447': {'Retries': 0, 'Restarts': 0, 'SiteHistory': [], 'ResidentSetSize': [], 'SubmitTimes': [], 'StartTimes': [], 'EndTimes': [], 'TotalUserCpuTimeHistory': [], 'TotalSysCpuTimeHistory': [], 'WallDurations': [], 'JobIds': [], 'State': 'unsubmitted'}, '1448': {'Retries': 0, 'Restarts': 0, 'SiteHistory': [], 'ResidentSetSize': [], 'SubmitTimes': [], 'StartTimes': [], 'EndTimes': [], 'TotalUserCpuTimeHistory': [], 'TotalSysCpuTimeHistory': [], 'WallDurations': [], 'JobIds': [], 'State': 'unsubmitted'}, '1449': {'Retries': 0, 'Restarts': 0, 'SiteHistory': [], 'ResidentSetSize': [], 'SubmitTimes': [], 'StartTimes': [], 'EndTimes': [], 'TotalUserCpuTimeHistory': [], 'TotalSysCpuTimeHistory': [], 'WallDurations': [], 'JobIds': [], 'State': 'unsubmitted'}, '1450': {'Retries': 0, 'Restarts': 0, 'SiteHistory': [], 'ResidentSetSize': [], 'SubmitTimes': [], 'StartTimes': [], 'EndTimes': [], 'TotalUserCpuTimeHistory': [], 'TotalSysCpuTimeHistory': [], 'WallDurations': [], 'JobIds': [], 'State': 'unsubmitted'}, '1451': {'Retries': 0, 'Restarts': 0, 'SiteHistory': [], 'ResidentSetSize': [], 'SubmitTimes': [], 'StartTimes': [], 'EndTimes': [], 'TotalUserCpuTimeHistory': [], 'TotalSysCpuTimeHistory': [], 'WallDurations': [], 'JobIds': [], 'State': 'unsubmitted'}, '1452': {'Retries': 0, 'Restarts': 0, 'SiteHistory': [], 'ResidentSetSize': [], 'SubmitTimes': [], 'StartTimes': [], 'EndTimes': [], 'TotalUserCpuTimeHistory': [], 'TotalSysCpuTimeHistory': [], 'WallDurations': [], 'JobIds': [], 'State': 'unsubmitted'}, '1453': {'Retries': 0, 'Restarts': 0, 'SiteHistory': [], 'ResidentSetSize': [], 'SubmitTimes': [], 'StartTimes': [], 'EndTimes': [], 'TotalUserCpuTimeHistory': [], 'TotalSysCpuTimeHistory': [], 'WallDurations': [], 'JobIds': [], 'State': 'unsubmitted'}, '1454': {'Retries': 0, 'Restarts': 0, 'SiteHistory': [], 'ResidentSetSize': [], 'SubmitTimes': [], 'StartTimes': [], 'EndTimes': [], 'TotalUserCpuTimeHistory': [], 'TotalSysCpuTimeHistory': [], 'WallDurations': [], 'JobIds': [], 'State': 'unsubmitted'}, '1455': {'Retries': 0, 'Restarts': 0, 'SiteHistory': [], 'ResidentSetSize': [], 'SubmitTimes': [], 'StartTimes': [], 'EndTimes': [], 'TotalUserCpuTimeHistory': [], 'TotalSysCpuTimeHistory': [], 'WallDurations': [], 'JobIds': [], 'State': 'unsubmitted'}, '1456': {'Retries': 0, 'Restarts': 0, 'SiteHistory': [], 'ResidentSetSize': [], 'SubmitTimes': [], 'StartTimes': [], 'EndTimes': [], 'TotalUserCpuTimeHistory': [], 'TotalSysCpuTimeHistory': [], 'WallDurations': [], 'JobIds': [], 'State': 'unsubmitted'}, '1457': {'Retries': 0, 'Restarts': 0, 'SiteHistory': [], 'ResidentSetSize': [], 'SubmitTimes': [], 'StartTimes': [], 'EndTimes': [], 'TotalUserCpuTimeHistory': [], 'TotalSysCpuTimeHistory': [], 'WallDurations': [], 'JobIds': [], 'State': 'unsubmitted'}, '1458': {'Retries': 0, 'Restarts': 0, 'SiteHistory': [], 'ResidentSetSize': [], 'SubmitTimes': [], 'StartTimes': [], 'EndTimes': [], 'TotalUserCpuTimeHistory': [], 'TotalSysCpuTimeHistory': [], 'WallDurations': [], 'JobIds': [], 'State': 'unsubmitted'}, '1459': {'Retries': 0, 'Restarts': 0, 'SiteHistory': [], 'ResidentSetSize': [], 'SubmitTimes': [], 'StartTimes': [], 'EndTimes': [], 'TotalUserCpuTimeHistory': [], 'TotalSysCpuTimeHistory': [], 'WallDurations': [], 'JobIds': [], 'State': 'unsubmitted'}, '1460': {'Retries': 0, 'Restarts': 0, 'SiteHistory': [], 'ResidentSetSize': [], 'SubmitTimes': [], 'StartTimes': [], 'EndTimes': [], 'TotalUserCpuTimeHistory': [], 'TotalSysCpuTimeHistory': [], 'WallDurations': [], 'JobIds': [], 'State': 'unsubmitted'}, '1461': {'Retries': 0, 'Restarts': 0, 'SiteHistory': [], 'ResidentSetSize': [], 'SubmitTimes': [], 'StartTimes': [], 'EndTimes': [], 'TotalUserCpuTimeHistory': [], 'TotalSysCpuTimeHistory': [], 'WallDurations': [], 'JobIds': [], 'State': 'unsubmitted'}, '1462': {'Retries': 0, 'Restarts': 0, 'SiteHistory': [], 'ResidentSetSize': [], 'SubmitTimes': [], 'StartTimes': [], 'EndTimes': [], 'TotalUserCpuTimeHistory': [], 'TotalSysCpuTimeHistory': [], 'WallDurations': [], 'JobIds': [], 'State': 'unsubmitted'}, '1463': {'Retries': 0, 'Restarts': 0, 'SiteHistory': [], 'ResidentSetSize': [], 'SubmitTimes': [], 'StartTimes': [], 'EndTimes': [], 'TotalUserCpuTimeHistory': [], 'TotalSysCpuTimeHistory': [], 'WallDurations': [], 'JobIds': [], 'State': 'unsubmitted'}, '1464': {'Retries': 0, 'Restarts': 0, 'SiteHistory': [], 'ResidentSetSize': [], 'SubmitTimes': [], 'StartTimes': [], 'EndTimes': [], 'TotalUserCpuTimeHistory': [], 'TotalSysCpuTimeHistory': [], 'WallDurations': [], 'JobIds': [], 'State': 'unsubmitted'}, '1465': {'Retries': 0, 'Restarts': 0, 'SiteHistory': [], 'ResidentSetSize': [], 'SubmitTimes': [], 'StartTimes': [], 'EndTimes': [], 'TotalUserCpuTimeHistory': [], 'TotalSysCpuTimeHistory': [], 'WallDurations': [], 'JobIds': [], 'State': 'unsubmitted'}, '1466': {'Retries': 0, 'Restarts': 0, 'SiteHistory': [], 'ResidentSetSize': [], 'SubmitTimes': [], 'StartTimes': [], 'EndTimes': [], 'TotalUserCpuTimeHistory': [], 'TotalSysCpuTimeHistory': [], 'WallDurations': [], 'JobIds': [], 'State': 'unsubmitted'}, '1467': {'Retries': 0, 'Restarts': 0, 'SiteHistory': [], 'ResidentSetSize': [], 'SubmitTimes': [], 'StartTimes': [], 'EndTimes': [], 'TotalUserCpuTimeHistory': [], 'TotalSysCpuTimeHistory': [], 'WallDurations': [], 'JobIds': [], 'State': 'unsubmitted'}, '1468': {'Retries': 0, 'Restarts': 0, 'SiteHistory': [], 'ResidentSetSize': [], 'SubmitTimes': [], 'StartTimes': [], 'EndTimes': [], 'TotalUserCpuTimeHistory': [], 'TotalSysCpuTimeHistory': [], 'WallDurations': [], 'JobIds': [], 'State': 'unsubmitted'}, '1469': {'Retries': 0, 'Restarts': 0, 'SiteHistory': [], 'ResidentSetSize': [], 'SubmitTimes': [], 'StartTimes': [], 'EndTimes': [], 'TotalUserCpuTimeHistory': [], 'TotalSysCpuTimeHistory': [], 'WallDurations': [], 'JobIds': [], 'State': 'unsubmitted'}, '1470': {'Retries': 0, 'Restarts': 0, 'SiteHistory': [], 'ResidentSetSize': [], 'SubmitTimes': [], 'StartTimes': [], 'EndTimes': [], 'TotalUserCpuTimeHistory': [], 'TotalSysCpuTimeHistory': [], 'WallDurations': [], 'JobIds': [], 'State': 'unsubmitted'}, '1471': {'Retries': 0, 'Restarts': 0, 'SiteHistory': [], 'ResidentSetSize': [], 'SubmitTimes': [], 'StartTimes': [], 'EndTimes': [], 'TotalUserCpuTimeHistory': [], 'TotalSysCpuTimeHistory': [], 'WallDurations': [], 'JobIds': [], 'State': 'unsubmitted'}, '1472': {'Retries': 0, 'Restarts': 0, 'SiteHistory': [], 'ResidentSetSize': [], 'SubmitTimes': [], 'StartTimes': [], 'EndTimes': [], 'TotalUserCpuTimeHistory': [], 'TotalSysCpuTimeHistory': [], 'WallDurations': [], 'JobIds': [], 'State': 'unsubmitted'}, '1473': {'Retries': 0, 'Restarts': 0, 'SiteHistory': [], 'ResidentSetSize': [], 'SubmitTimes': [], 'StartTimes': [], 'EndTimes': [], 'TotalUserCpuTimeHistory': [], 'TotalSysCpuTimeHistory': [], 'WallDurations': [], 'JobIds': [], 'State': 'unsubmitted'}, '1474': {'Retries': 0, 'Restarts': 0, 'SiteHistory': [], 'ResidentSetSize': [], 'SubmitTimes': [], 'StartTimes': [], 'EndTimes': [], 'TotalUserCpuTimeHistory': [], 'TotalSysCpuTimeHistory': [], 'WallDurations': [], 'JobIds': [], 'State': 'unsubmitted'}, '1475': {'Retries': 0, 'Restarts': 0, 'SiteHistory': [], 'ResidentSetSize': [], 'SubmitTimes': [], 'StartTimes': [], 'EndTimes': [], 'TotalUserCpuTimeHistory': [], 'TotalSysCpuTimeHistory': [], 'WallDurations': [], 'JobIds': [], 'State': 'unsubmitted'}, '1476': {'Retries': 0, 'Restarts': 0, 'SiteHistory': [], 'ResidentSetSize': [], 'SubmitTimes': [], 'StartTimes': [], 'EndTimes': [], 'TotalUserCpuTimeHistory': [], 'TotalSysCpuTimeHistory': [], 'WallDurations': [], 'JobIds': [], 'State': 'unsubmitted'}, '1477': {'Retries': 0, 'Restarts': 0, 'SiteHistory': [], 'ResidentSetSize': [], 'SubmitTimes': [], 'StartTimes': [], 'EndTimes': [], 'TotalUserCpuTimeHistory': [], 'TotalSysCpuTimeHistory': [], 'WallDurations': [], 'JobIds': [], 'State': 'unsubmitted'}, '1478': {'Retries': 0, 'Restarts': 0, 'SiteHistory': [], 'ResidentSetSize': [], 'SubmitTimes': [], 'StartTimes': [], 'EndTimes': [], 'TotalUserCpuTimeHistory': [], 'TotalSysCpuTimeHistory': [], 'WallDurations': [], 'JobIds': [], 'State': 'unsubmitted'}, '1479': {'Retries': 0, 'Restarts': 0, 'SiteHistory': [], 'ResidentSetSize': [], 'SubmitTimes': [], 'StartTimes': [], 'EndTimes': [], 'TotalUserCpuTimeHistory': [], 'TotalSysCpuTimeHistory': [], 'WallDurations': [], 'JobIds': [], 'State': 'unsubmitted'}, '1480': {'Retries': 0, 'Restarts': 0, 'SiteHistory': [], 'ResidentSetSize': [], 'SubmitTimes': [], 'StartTimes': [], 'EndTimes': [], 'TotalUserCpuTimeHistory': [], 'TotalSysCpuTimeHistory': [], 'WallDurations': [], 'JobIds': [], 'State': 'unsubmitted'}, '1481': {'Retries': 0, 'Restarts': 0, 'SiteHistory': [], 'ResidentSetSize': [], 'SubmitTimes': [], 'StartTimes': [], 'EndTimes': [], 'TotalUserCpuTimeHistory': [], 'TotalSysCpuTimeHistory': [], 'WallDurations': [], 'JobIds': [], 'State': 'unsubmitted'}, '1482': {'Retries': 0, 'Restarts': 0, 'SiteHistory': [], 'ResidentSetSize': [], 'SubmitTimes': [], 'StartTimes': [], 'EndTimes': [], 'TotalUserCpuTimeHistory': [], 'TotalSysCpuTimeHistory': [], 'WallDurations': [], 'JobIds': [], 'State': 'unsubmitted'}, '1483': {'Retries': 0, 'Restarts': 0, 'SiteHistory': [], 'ResidentSetSize': [], 'SubmitTimes': [], 'StartTimes': [], 'EndTimes': [], 'TotalUserCpuTimeHistory': [], 'TotalSysCpuTimeHistory': [], 'WallDurations': [], 'JobIds': [], 'State': 'unsubmitted'}, '1484': {'Retries': 0, 'Restarts': 0, 'SiteHistory': [], 'ResidentSetSize': [], 'SubmitTimes': [], 'StartTimes': [], 'EndTimes': [], 'TotalUserCpuTimeHistory': [], 'TotalSysCpuTimeHistory': [], 'WallDurations': [], 'JobIds': [], 'State': 'unsubmitted'}, '1485': {'Retries': 0, 'Restarts': 0, 'SiteHistory': [], 'ResidentSetSize': [], 'SubmitTimes': [], 'StartTimes': [], 'EndTimes': [], 'TotalUserCpuTimeHistory': [], 'TotalSysCpuTimeHistory': [], 'WallDurations': [], 'JobIds': [], 'State': 'unsubmitted'}, '1486': {'Retries': 0, 'Restarts': 0, 'SiteHistory': [], 'ResidentSetSize': [], 'SubmitTimes': [], 'StartTimes': [], 'EndTimes': [], 'TotalUserCpuTimeHistory': [], 'TotalSysCpuTimeHistory': [], 'WallDurations': [], 'JobIds': [], 'State': 'unsubmitted'}, '1487': {'Retries': 0, 'Restarts': 0, 'SiteHistory': [], 'ResidentSetSize': [], 'SubmitTimes': [], 'StartTimes': [], 'EndTimes': [], 'TotalUserCpuTimeHistory': [], 'TotalSysCpuTimeHistory': [], 'WallDurations': [], 'JobIds': [], 'State': 'unsubmitted'}, '1488': {'Retries': 0, 'Restarts': 0, 'SiteHistory': [], 'ResidentSetSize': [], 'SubmitTimes': [], 'StartTimes': [], 'EndTimes': [], 'TotalUserCpuTimeHistory': [], 'TotalSysCpuTimeHistory': [], 'WallDurations': [], 'JobIds': [], 'State': 'unsubmitted'}, '1489': {'Retries': 0, 'Restarts': 0, 'SiteHistory': [], 'ResidentSetSize': [], 'SubmitTimes': [], 'StartTimes': [], 'EndTimes': [], 'TotalUserCpuTimeHistory': [], 'TotalSysCpuTimeHistory': [], 'WallDurations': [], 'JobIds': [], 'State': 'unsubmitted'}, '1490': {'Retries': 0, 'Restarts': 0, 'SiteHistory': [], 'ResidentSetSize': [], 'SubmitTimes': [], 'StartTimes': [], 'EndTimes': [], 'TotalUserCpuTimeHistory': [], 'TotalSysCpuTimeHistory': [], 'WallDurations': [], 'JobIds': [], 'State': 'unsubmitted'}, '1491': {'Retries': 0, 'Restarts': 0, 'SiteHistory': [], 'ResidentSetSize': [], 'SubmitTimes': [], 'StartTimes': [], 'EndTimes': [], 'TotalUserCpuTimeHistory': [], 'TotalSysCpuTimeHistory': [], 'WallDurations': [], 'JobIds': [], 'State': 'unsubmitted'}, '1492': {'Retries': 0, 'Restarts': 0, 'SiteHistory': [], 'ResidentSetSize': [], 'SubmitTimes': [], 'StartTimes': [], 'EndTimes': [], 'TotalUserCpuTimeHistory': [], 'TotalSysCpuTimeHistory': [], 'WallDurations': [], 'JobIds': [], 'State': 'unsubmitted'}, '1493': {'Retries': 0, 'Restarts': 0, 'SiteHistory': [], 'ResidentSetSize': [], 'SubmitTimes': [], 'StartTimes': [], 'EndTimes': [], 'TotalUserCpuTimeHistory': [], 'TotalSysCpuTimeHistory': [], 'WallDurations': [], 'JobIds': [], 'State': 'unsubmitted'}, '1494': {'Retries': 0, 'Restarts': 0, 'SiteHistory': [], 'ResidentSetSize': [], 'SubmitTimes': [], 'StartTimes': [], 'EndTimes': [], 'TotalUserCpuTimeHistory': [], 'TotalSysCpuTimeHistory': [], 'WallDurations': [], 'JobIds': [], 'State': 'unsubmitted'}, '1495': {'Retries': 0, 'Restarts': 0, 'SiteHistory': [], 'ResidentSetSize': [], 'SubmitTimes': [], 'StartTimes': [], 'EndTimes': [], 'TotalUserCpuTimeHistory': [], 'TotalSysCpuTimeHistory': [], 'WallDurations': [], 'JobIds': [], 'State': 'unsubmitted'}, '1496': {'Retries': 0, 'Restarts': 0, 'SiteHistory': [], 'ResidentSetSize': [], 'SubmitTimes': [], 'StartTimes': [], 'EndTimes': [], 'TotalUserCpuTimeHistory': [], 'TotalSysCpuTimeHistory': [], 'WallDurations': [], 'JobIds': [], 'State': 'unsubmitted'}, '1497': {'Retries': 0, 'Restarts': 0, 'SiteHistory': [], 'ResidentSetSize': [], 'SubmitTimes': [], 'StartTimes': [], 'EndTimes': [], 'TotalUserCpuTimeHistory': [], 'TotalSysCpuTimeHistory': [], 'WallDurations': [], 'JobIds': [], 'State': 'unsubmitted'}, '1498': {'Retries': 0, 'Restarts': 0, 'SiteHistory': [], 'ResidentSetSize': [], 'SubmitTimes': [], 'StartTimes': [], 'EndTimes': [], 'TotalUserCpuTimeHistory': [], 'TotalSysCpuTimeHistory': [], 'WallDurations': [], 'JobIds': [], 'State': 'unsubmitted'}, '1499': {'Retries': 0, 'Restarts': 0, 'SiteHistory': [], 'ResidentSetSize': [], 'SubmitTimes': [], 'StartTimes': [], 'EndTimes': [], 'TotalUserCpuTimeHistory': [], 'TotalSysCpuTimeHistory': [], 'WallDurations': [], 'JobIds': [], 'State': 'unsubmitted'}, '1500': {'Retries': 0, 'Restarts': 0, 'SiteHistory': [], 'ResidentSetSize': [], 'SubmitTimes': [], 'StartTimes': [], 'EndTimes': [], 'TotalUserCpuTimeHistory': [], 'TotalSysCpuTimeHistory': [], 'WallDurations': [], 'JobIds': [], 'State': 'unsubmitted'}, '1501': {'Retries': 0, 'Restarts': 0, 'SiteHistory': [], 'ResidentSetSize': [], 'SubmitTimes': [], 'StartTimes': [], 'EndTimes': [], 'TotalUserCpuTimeHistory': [], 'TotalSysCpuTimeHistory': [], 'WallDurations': [], 'JobIds': [], 'State': 'unsubmitted'}, '1502': {'Retries': 0, 'Restarts': 0, 'SiteHistory': [], 'ResidentSetSize': [], 'SubmitTimes': [], 'StartTimes': [], 'EndTimes': [], 'TotalUserCpuTimeHistory': [], 'TotalSysCpuTimeHistory': [], 'WallDurations': [], 'JobIds': [], 'State': 'unsubmitted'}, '1503': {'Retries': 0, 'Restarts': 0, 'SiteHistory': [], 'ResidentSetSize': [], 'SubmitTimes': [], 'StartTimes': [], 'EndTimes': [], 'TotalUserCpuTimeHistory': [], 'TotalSysCpuTimeHistory': [], 'WallDurations': [], 'JobIds': [], 'State': 'unsubmitted'}, '1504': {'Retries': 0, 'Restarts': 0, 'SiteHistory': [], 'ResidentSetSize': [], 'SubmitTimes': [], 'StartTimes': [], 'EndTimes': [], 'TotalUserCpuTimeHistory': [], 'TotalSysCpuTimeHistory': [], 'WallDurations': [], 'JobIds': [], 'State': 'unsubmitted'}, '1505': {'Retries': 0, 'Restarts': 0, 'SiteHistory': [], 'ResidentSetSize': [], 'SubmitTimes': [], 'StartTimes': [], 'EndTimes': [], 'TotalUserCpuTimeHistory': [], 'TotalSysCpuTimeHistory': [], 'WallDurations': [], 'JobIds': [], 'State': 'unsubmitted'}, '1506': {'Retries': 0, 'Restarts': 0, 'SiteHistory': [], 'ResidentSetSize': [], 'SubmitTimes': [], 'StartTimes': [], 'EndTimes': [], 'TotalUserCpuTimeHistory': [], 'TotalSysCpuTimeHistory': [], 'WallDurations': [], 'JobIds': [], 'State': 'unsubmitted'}, '1507': {'Retries': 0, 'Restarts': 0, 'SiteHistory': [], 'ResidentSetSize': [], 'SubmitTimes': [], 'StartTimes': [], 'EndTimes': [], 'TotalUserCpuTimeHistory': [], 'TotalSysCpuTimeHistory': [], 'WallDurations': [], 'JobIds': [], 'State': 'unsubmitted'}, '1508': {'Retries': 0, 'Restarts': 0, 'SiteHistory': [], 'ResidentSetSize': [], 'SubmitTimes': [], 'StartTimes': [], 'EndTimes': [], 'TotalUserCpuTimeHistory': [], 'TotalSysCpuTimeHistory': [], 'WallDurations': [], 'JobIds': [], 'State': 'unsubmitted'}, '1509': {'Retries': 0, 'Restarts': 0, 'SiteHistory': [], 'ResidentSetSize': [], 'SubmitTimes': [], 'StartTimes': [], 'EndTimes': [], 'TotalUserCpuTimeHistory': [], 'TotalSysCpuTimeHistory': [], 'WallDurations': [], 'JobIds': [], 'State': 'unsubmitted'}, '1510': {'Retries': 0, 'Restarts': 0, 'SiteHistory': [], 'ResidentSetSize': [], 'SubmitTimes': [], 'StartTimes': [], 'EndTimes': [], 'TotalUserCpuTimeHistory': [], 'TotalSysCpuTimeHistory': [], 'WallDurations': [], 'JobIds': [], 'State': 'unsubmitted'}, '1511': {'Retries': 0, 'Restarts': 0, 'SiteHistory': [], 'ResidentSetSize': [], 'SubmitTimes': [], 'StartTimes': [], 'EndTimes': [], 'TotalUserCpuTimeHistory': [], 'TotalSysCpuTimeHistory': [], 'WallDurations': [], 'JobIds': [], 'State': 'unsubmitted'}, '1512': {'Retries': 0, 'Restarts': 0, 'SiteHistory': [], 'ResidentSetSize': [], 'SubmitTimes': [], 'StartTimes': [], 'EndTimes': [], 'TotalUserCpuTimeHistory': [], 'TotalSysCpuTimeHistory': [], 'WallDurations': [], 'JobIds': [], 'State': 'unsubmitted'}, '1513': {'Retries': 0, 'Restarts': 0, 'SiteHistory': [], 'ResidentSetSize': [], 'SubmitTimes': [], 'StartTimes': [], 'EndTimes': [], 'TotalUserCpuTimeHistory': [], 'TotalSysCpuTimeHistory': [], 'WallDurations': [], 'JobIds': [], 'State': 'unsubmitted'}, '1514': {'Retries': 0, 'Restarts': 0, 'SiteHistory': [], 'ResidentSetSize': [], 'SubmitTimes': [], 'StartTimes': [], 'EndTimes': [], 'TotalUserCpuTimeHistory': [], 'TotalSysCpuTimeHistory': [], 'WallDurations': [], 'JobIds': [], 'State': 'unsubmitted'}, '1515': {'Retries': 0, 'Restarts': 0, 'SiteHistory': [], 'ResidentSetSize': [], 'SubmitTimes': [], 'StartTimes': [], 'EndTimes': [], 'TotalUserCpuTimeHistory': [], 'TotalSysCpuTimeHistory': [], 'WallDurations': [], 'JobIds': [], 'State': 'unsubmitted'}, '1516': {'Retries': 0, 'Restarts': 0, 'SiteHistory': [], 'ResidentSetSize': [], 'SubmitTimes': [], 'StartTimes': [], 'EndTimes': [], 'TotalUserCpuTimeHistory': [], 'TotalSysCpuTimeHistory': [], 'WallDurations': [], 'JobIds': [], 'State': 'unsubmitted'}, '1517': {'Retries': 0, 'Restarts': 0, 'SiteHistory': [], 'ResidentSetSize': [], 'SubmitTimes': [], 'StartTimes': [], 'EndTimes': [], 'TotalUserCpuTimeHistory': [], 'TotalSysCpuTimeHistory': [], 'WallDurations': [], 'JobIds': [], 'State': 'unsubmitted'}, '1518': {'Retries': 0, 'Restarts': 0, 'SiteHistory': [], 'ResidentSetSize': [], 'SubmitTimes': [], 'StartTimes': [], 'EndTimes': [], 'TotalUserCpuTimeHistory': [], 'TotalSysCpuTimeHistory': [], 'WallDurations': [], 'JobIds': [], 'State': 'unsubmitted'}, '1519': {'Retries': 0, 'Restarts': 0, 'SiteHistory': [], 'ResidentSetSize': [], 'SubmitTimes': [], 'StartTimes': [], 'EndTimes': [], 'TotalUserCpuTimeHistory': [], 'TotalSysCpuTimeHistory': [], 'WallDurations': [], 'JobIds': [], 'State': 'unsubmitted'}, '1520': {'Retries': 0, 'Restarts': 0, 'SiteHistory': [], 'ResidentSetSize': [], 'SubmitTimes': [], 'StartTimes': [], 'EndTimes': [], 'TotalUserCpuTimeHistory': [], 'TotalSysCpuTimeHistory': [], 'WallDurations': [], 'JobIds': [], 'State': 'unsubmitted'}, '1521': {'Retries': 0, 'Restarts': 0, 'SiteHistory': [], 'ResidentSetSize': [], 'SubmitTimes': [], 'StartTimes': [], 'EndTimes': [], 'TotalUserCpuTimeHistory': [], 'TotalSysCpuTimeHistory': [], 'WallDurations': [], 'JobIds': [], 'State': 'unsubmitted'}, '1522': {'Retries': 0, 'Restarts': 0, 'SiteHistory': [], 'ResidentSetSize': [], 'SubmitTimes': [], 'StartTimes': [], 'EndTimes': [], 'TotalUserCpuTimeHistory': [], 'TotalSysCpuTimeHistory': [], 'WallDurations': [], 'JobIds': [], 'State': 'unsubmitted'}, '1523': {'Retries': 0, 'Restarts': 0, 'SiteHistory': [], 'ResidentSetSize': [], 'SubmitTimes': [], 'StartTimes': [], 'EndTimes': [], 'TotalUserCpuTimeHistory': [], 'TotalSysCpuTimeHistory': [], 'WallDurations': [], 'JobIds': [], 'State': 'unsubmitted'}, '1524': {'Retries': 0, 'Restarts': 0, 'SiteHistory': [], 'ResidentSetSize': [], 'SubmitTimes': [], 'StartTimes': [], 'EndTimes': [], 'TotalUserCpuTimeHistory': [], 'TotalSysCpuTimeHistory': [], 'WallDurations': [], 'JobIds': [], 'State': 'unsubmitted'}, '1525': {'Retries': 0, 'Restarts': 0, 'SiteHistory': [], 'ResidentSetSize': [], 'SubmitTimes': [], 'StartTimes': [], 'EndTimes': [], 'TotalUserCpuTimeHistory': [], 'TotalSysCpuTimeHistory': [], 'WallDurations': [], 'JobIds': [], 'State': 'unsubmitted'}, '1526': {'Retries': 0, 'Restarts': 0, 'SiteHistory': [], 'ResidentSetSize': [], 'SubmitTimes': [], 'StartTimes': [], 'EndTimes': [], 'TotalUserCpuTimeHistory': [], 'TotalSysCpuTimeHistory': [], 'WallDurations': [], 'JobIds': [], 'State': 'unsubmitted'}, '1527': {'Retries': 0, 'Restarts': 0, 'SiteHistory': [], 'ResidentSetSize': [], 'SubmitTimes': [], 'StartTimes': [], 'EndTimes': [], 'TotalUserCpuTimeHistory': [], 'TotalSysCpuTimeHistory': [], 'WallDurations': [], 'JobIds': [], 'State': 'unsubmitted'}, '1528': {'Retries': 0, 'Restarts': 0, 'SiteHistory': [], 'ResidentSetSize': [], 'SubmitTimes': [], 'StartTimes': [], 'EndTimes': [], 'TotalUserCpuTimeHistory': [], 'TotalSysCpuTimeHistory': [], 'WallDurations': [], 'JobIds': [], 'State': 'unsubmitted'}, '1529': {'Retries': 0, 'Restarts': 0, 'SiteHistory': [], 'ResidentSetSize': [], 'SubmitTimes': [], 'StartTimes': [], 'EndTimes': [], 'TotalUserCpuTimeHistory': [], 'TotalSysCpuTimeHistory': [], 'WallDurations': [], 'JobIds': [], 'State': 'unsubmitted'}, '1530': {'Retries': 0, 'Restarts': 0, 'SiteHistory': [], 'ResidentSetSize': [], 'SubmitTimes': [], 'StartTimes': [], 'EndTimes': [], 'TotalUserCpuTimeHistory': [], 'TotalSysCpuTimeHistory': [], 'WallDurations': [], 'JobIds': [], 'State': 'unsubmitted'}, '1531': {'Retries': 0, 'Restarts': 0, 'SiteHistory': [], 'ResidentSetSize': [], 'SubmitTimes': [], 'StartTimes': [], 'EndTimes': [], 'TotalUserCpuTimeHistory': [], 'TotalSysCpuTimeHistory': [], 'WallDurations': [], 'JobIds': [], 'State': 'unsubmitted'}, '1532': {'Retries': 0, 'Restarts': 0, 'SiteHistory': [], 'ResidentSetSize': [], 'SubmitTimes': [], 'StartTimes': [], 'EndTimes': [], 'TotalUserCpuTimeHistory': [], 'TotalSysCpuTimeHistory': [], 'WallDurations': [], 'JobIds': [], 'State': 'unsubmitted'}, '1533': {'Retries': 0, 'Restarts': 0, 'SiteHistory': [], 'ResidentSetSize': [], 'SubmitTimes': [], 'StartTimes': [], 'EndTimes': [], 'TotalUserCpuTimeHistory': [], 'TotalSysCpuTimeHistory': [], 'WallDurations': [], 'JobIds': [], 'State': 'unsubmitted'}, '1534': {'Retries': 0, 'Restarts': 0, 'SiteHistory': [], 'ResidentSetSize': [], 'SubmitTimes': [], 'StartTimes': [], 'EndTimes': [], 'TotalUserCpuTimeHistory': [], 'TotalSysCpuTimeHistory': [], 'WallDurations': [], 'JobIds': [], 'State': 'unsubmitted'}, '1535': {'Retries': 0, 'Restarts': 0, 'SiteHistory': [], 'ResidentSetSize': [], 'SubmitTimes': [], 'StartTimes': [], 'EndTimes': [], 'TotalUserCpuTimeHistory': [], 'TotalSysCpuTimeHistory': [], 'WallDurations': [], 'JobIds': [], 'State': 'unsubmitted'}, '1536': {'Retries': 0, 'Restarts': 0, 'SiteHistory': [], 'ResidentSetSize': [], 'SubmitTimes': [], 'StartTimes': [], 'EndTimes': [], 'TotalUserCpuTimeHistory': [], 'TotalSysCpuTimeHistory': [], 'WallDurations': [], 'JobIds': [], 'State': 'unsubmitted'}, '1537': {'Retries': 0, 'Restarts': 0, 'SiteHistory': [], 'ResidentSetSize': [], 'SubmitTimes': [], 'StartTimes': [], 'EndTimes': [], 'TotalUserCpuTimeHistory': [], 'TotalSysCpuTimeHistory': [], 'WallDurations': [], 'JobIds': [], 'State': 'unsubmitted'}, '1538': {'Retries': 0, 'Restarts': 0, 'SiteHistory': [], 'ResidentSetSize': [], 'SubmitTimes': [], 'StartTimes': [], 'EndTimes': [], 'TotalUserCpuTimeHistory': [], 'TotalSysCpuTimeHistory': [], 'WallDurations': [], 'JobIds': [], 'State': 'unsubmitted'}, '1539': {'Retries': 0, 'Restarts': 0, 'SiteHistory': [], 'ResidentSetSize': [], 'SubmitTimes': [], 'StartTimes': [], 'EndTimes': [], 'TotalUserCpuTimeHistory': [], 'TotalSysCpuTimeHistory': [], 'WallDurations': [], 'JobIds': [], 'State': 'unsubmitted'}, '1540': {'Retries': 0, 'Restarts': 0, 'SiteHistory': [], 'ResidentSetSize': [], 'SubmitTimes': [], 'StartTimes': [], 'EndTimes': [], 'TotalUserCpuTimeHistory': [], 'TotalSysCpuTimeHistory': [], 'WallDurations': [], 'JobIds': [], 'State': 'unsubmitted'}, '1541': {'Retries': 0, 'Restarts': 0, 'SiteHistory': [], 'ResidentSetSize': [], 'SubmitTimes': [], 'StartTimes': [], 'EndTimes': [], 'TotalUserCpuTimeHistory': [], 'TotalSysCpuTimeHistory': [], 'WallDurations': [], 'JobIds': [], 'State': 'unsubmitted'}, '1542': {'Retries': 0, 'Restarts': 0, 'SiteHistory': [], 'ResidentSetSize': [], 'SubmitTimes': [], 'StartTimes': [], 'EndTimes': [], 'TotalUserCpuTimeHistory': [], 'TotalSysCpuTimeHistory': [], 'WallDurations': [], 'JobIds': [], 'State': 'unsubmitted'}, '1543': {'Retries': 0, 'Restarts': 0, 'SiteHistory': [], 'ResidentSetSize': [], 'SubmitTimes': [], 'StartTimes': [], 'EndTimes': [], 'TotalUserCpuTimeHistory': [], 'TotalSysCpuTimeHistory': [], 'WallDurations': [], 'JobIds': [], 'State': 'unsubmitted'}, '1544': {'Retries': 0, 'Restarts': 0, 'SiteHistory': [], 'ResidentSetSize': [], 'SubmitTimes': [], 'StartTimes': [], 'EndTimes': [], 'TotalUserCpuTimeHistory': [], 'TotalSysCpuTimeHistory': [], 'WallDurations': [], 'JobIds': [], 'State': 'unsubmitted'}, '1545': {'Retries': 0, 'Restarts': 0, 'SiteHistory': [], 'ResidentSetSize': [], 'SubmitTimes': [], 'StartTimes': [], 'EndTimes': [], 'TotalUserCpuTimeHistory': [], 'TotalSysCpuTimeHistory': [], 'WallDurations': [], 'JobIds': [], 'State': 'unsubmitted'}, '1546': {'Retries': 0, 'Restarts': 0, 'SiteHistory': [], 'ResidentSetSize': [], 'SubmitTimes': [], 'StartTimes': [], 'EndTimes': [], 'TotalUserCpuTimeHistory': [], 'TotalSysCpuTimeHistory': [], 'WallDurations': [], 'JobIds': [], 'State': 'unsubmitted'}, '1547': {'Retries': 0, 'Restarts': 0, 'SiteHistory': [], 'ResidentSetSize': [], 'SubmitTimes': [], 'StartTimes': [], 'EndTimes': [], 'TotalUserCpuTimeHistory': [], 'TotalSysCpuTimeHistory': [], 'WallDurations': [], 'JobIds': [], 'State': 'unsubmitted'}, '1548': {'Retries': 0, 'Restarts': 0, 'SiteHistory': [], 'ResidentSetSize': [], 'SubmitTimes': [], 'StartTimes': [], 'EndTimes': [], 'TotalUserCpuTimeHistory': [], 'TotalSysCpuTimeHistory': [], 'WallDurations': [], 'JobIds': [], 'State': 'unsubmitted'}, '1549': {'Retries': 0, 'Restarts': 0, 'SiteHistory': [], 'ResidentSetSize': [], 'SubmitTimes': [], 'StartTimes': [], 'EndTimes': [], 'TotalUserCpuTimeHistory': [], 'TotalSysCpuTimeHistory': [], 'WallDurations': [], 'JobIds': [], 'State': 'unsubmitted'}, '1550': {'Retries': 0, 'Restarts': 0, 'SiteHistory': [], 'ResidentSetSize': [], 'SubmitTimes': [], 'StartTimes': [], 'EndTimes': [], 'TotalUserCpuTimeHistory': [], 'TotalSysCpuTimeHistory': [], 'WallDurations': [], 'JobIds': [], 'State': 'unsubmitted'}, '1551': {'Retries': 0, 'Restarts': 0, 'SiteHistory': [], 'ResidentSetSize': [], 'SubmitTimes': [], 'StartTimes': [], 'EndTimes': [], 'TotalUserCpuTimeHistory': [], 'TotalSysCpuTimeHistory': [], 'WallDurations': [], 'JobIds': [], 'State': 'unsubmitted'}, '1552': {'Retries': 0, 'Restarts': 0, 'SiteHistory': [], 'ResidentSetSize': [], 'SubmitTimes': [], 'StartTimes': [], 'EndTimes': [], 'TotalUserCpuTimeHistory': [], 'TotalSysCpuTimeHistory': [], 'WallDurations': [], 'JobIds': [], 'State': 'unsubmitted'}, '1553': {'Retries': 0, 'Restarts': 0, 'SiteHistory': [], 'ResidentSetSize': [], 'SubmitTimes': [], 'StartTimes': [], 'EndTimes': [], 'TotalUserCpuTimeHistory': [], 'TotalSysCpuTimeHistory': [], 'WallDurations': [], 'JobIds': [], 'State': 'unsubmitted'}, '1554': {'Retries': 0, 'Restarts': 0, 'SiteHistory': [], 'ResidentSetSize': [], 'SubmitTimes': [], 'StartTimes': [], 'EndTimes': [], 'TotalUserCpuTimeHistory': [], 'TotalSysCpuTimeHistory': [], 'WallDurations': [], 'JobIds': [], 'State': 'unsubmitted'}, '1555': {'Retries': 0, 'Restarts': 0, 'SiteHistory': [], 'ResidentSetSize': [], 'SubmitTimes': [], 'StartTimes': [], 'EndTimes': [], 'TotalUserCpuTimeHistory': [], 'TotalSysCpuTimeHistory': [], 'WallDurations': [], 'JobIds': [], 'State': 'unsubmitted'}, '1556': {'Retries': 0, 'Restarts': 0, 'SiteHistory': [], 'ResidentSetSize': [], 'SubmitTimes': [], 'StartTimes': [], 'EndTimes': [], 'TotalUserCpuTimeHistory': [], 'TotalSysCpuTimeHistory': [], 'WallDurations': [], 'JobIds': [], 'State': 'unsubmitted'}, '1557': {'Retries': 0, 'Restarts': 0, 'SiteHistory': [], 'ResidentSetSize': [], 'SubmitTimes': [], 'StartTimes': [], 'EndTimes': [], 'TotalUserCpuTimeHistory': [], 'TotalSysCpuTimeHistory': [], 'WallDurations': [], 'JobIds': [], 'State': 'unsubmitted'}, '1558': {'Retries': 0, 'Restarts': 0, 'SiteHistory': [], 'ResidentSetSize': [], 'SubmitTimes': [], 'StartTimes': [], 'EndTimes': [], 'TotalUserCpuTimeHistory': [], 'TotalSysCpuTimeHistory': [], 'WallDurations': [], 'JobIds': [], 'State': 'unsubmitted'}, '1559': {'Retries': 0, 'Restarts': 0, 'SiteHistory': [], 'ResidentSetSize': [], 'SubmitTimes': [], 'StartTimes': [], 'EndTimes': [], 'TotalUserCpuTimeHistory': [], 'TotalSysCpuTimeHistory': [], 'WallDurations': [], 'JobIds': [], 'State': 'unsubmitted'}, '1560': {'Retries': 0, 'Restarts': 0, 'SiteHistory': [], 'ResidentSetSize': [], 'SubmitTimes': [], 'StartTimes': [], 'EndTimes': [], 'TotalUserCpuTimeHistory': [], 'TotalSysCpuTimeHistory': [], 'WallDurations': [], 'JobIds': [], 'State': 'unsubmitted'}, '1561': {'Retries': 0, 'Restarts': 0, 'SiteHistory': [], 'ResidentSetSize': [], 'SubmitTimes': [], 'StartTimes': [], 'EndTimes': [], 'TotalUserCpuTimeHistory': [], 'TotalSysCpuTimeHistory': [], 'WallDurations': [], 'JobIds': [], 'State': 'unsubmitted'}, '1562': {'Retries': 0, 'Restarts': 0, 'SiteHistory': [], 'ResidentSetSize': [], 'SubmitTimes': [], 'StartTimes': [], 'EndTimes': [], 'TotalUserCpuTimeHistory': [], 'TotalSysCpuTimeHistory': [], 'WallDurations': [], 'JobIds': [], 'State': 'unsubmitted'}, '1563': {'Retries': 0, 'Restarts': 0, 'SiteHistory': [], 'ResidentSetSize': [], 'SubmitTimes': [], 'StartTimes': [], 'EndTimes': [], 'TotalUserCpuTimeHistory': [], 'TotalSysCpuTimeHistory': [], 'WallDurations': [], 'JobIds': [], 'State': 'unsubmitted'}, '1564': {'Retries': 0, 'Restarts': 0, 'SiteHistory': [], 'ResidentSetSize': [], 'SubmitTimes': [], 'StartTimes': [], 'EndTimes': [], 'TotalUserCpuTimeHistory': [], 'TotalSysCpuTimeHistory': [], 'WallDurations': [], 'JobIds': [], 'State': 'unsubmitted'}, '1565': {'Retries': 0, 'Restarts': 0, 'SiteHistory': [], 'ResidentSetSize': [], 'SubmitTimes': [], 'StartTimes': [], 'EndTimes': [], 'TotalUserCpuTimeHistory': [], 'TotalSysCpuTimeHistory': [], 'WallDurations': [], 'JobIds': [], 'State': 'unsubmitted'}, '1566': {'Retries': 0, 'Restarts': 0, 'SiteHistory': [], 'ResidentSetSize': [], 'SubmitTimes': [], 'StartTimes': [], 'EndTimes': [], 'TotalUserCpuTimeHistory': [], 'TotalSysCpuTimeHistory': [], 'WallDurations': [], 'JobIds': [], 'State': 'unsubmitted'}, '1567': {'Retries': 0, 'Restarts': 0, 'SiteHistory': [], 'ResidentSetSize': [], 'SubmitTimes': [], 'StartTimes': [], 'EndTimes': [], 'TotalUserCpuTimeHistory': [], 'TotalSysCpuTimeHistory': [], 'WallDurations': [], 'JobIds': [], 'State': 'unsubmitted'}, '1568': {'Retries': 0, 'Restarts': 0, 'SiteHistory': [], 'ResidentSetSize': [], 'SubmitTimes': [], 'StartTimes': [], 'EndTimes': [], 'TotalUserCpuTimeHistory': [], 'TotalSysCpuTimeHistory': [], 'WallDurations': [], 'JobIds': [], 'State': 'unsubmitted'}, '1569': {'Retries': 0, 'Restarts': 0, 'SiteHistory': [], 'ResidentSetSize': [], 'SubmitTimes': [], 'StartTimes': [], 'EndTimes': [], 'TotalUserCpuTimeHistory': [], 'TotalSysCpuTimeHistory': [], 'WallDurations': [], 'JobIds': [], 'State': 'unsubmitted'}, '1570': {'Retries': 0, 'Restarts': 0, 'SiteHistory': [], 'ResidentSetSize': [], 'SubmitTimes': [], 'StartTimes': [], 'EndTimes': [], 'TotalUserCpuTimeHistory': [], 'TotalSysCpuTimeHistory': [], 'WallDurations': [], 'JobIds': [], 'State': 'unsubmitted'}, '1571': {'Retries': 0, 'Restarts': 0, 'SiteHistory': [], 'ResidentSetSize': [], 'SubmitTimes': [], 'StartTimes': [], 'EndTimes': [], 'TotalUserCpuTimeHistory': [], 'TotalSysCpuTimeHistory': [], 'WallDurations': [], 'JobIds': [], 'State': 'unsubmitted'}, '1572': {'Retries': 0, 'Restarts': 0, 'SiteHistory': [], 'ResidentSetSize': [], 'SubmitTimes': [], 'StartTimes': [], 'EndTimes': [], 'TotalUserCpuTimeHistory': [], 'TotalSysCpuTimeHistory': [], 'WallDurations': [], 'JobIds': [], 'State': 'unsubmitted'}, '1573': {'Retries': 0, 'Restarts': 0, 'SiteHistory': [], 'ResidentSetSize': [], 'SubmitTimes': [], 'StartTimes': [], 'EndTimes': [], 'TotalUserCpuTimeHistory': [], 'TotalSysCpuTimeHistory': [], 'WallDurations': [], 'JobIds': [], 'State': 'unsubmitted'}, '1574': {'Retries': 0, 'Restarts': 0, 'SiteHistory': [], 'ResidentSetSize': [], 'SubmitTimes': [], 'StartTimes': [], 'EndTimes': [], 'TotalUserCpuTimeHistory': [], 'TotalSysCpuTimeHistory': [], 'WallDurations': [], 'JobIds': [], 'State': 'unsubmitted'}, '1575': {'Retries': 0, 'Restarts': 0, 'SiteHistory': [], 'ResidentSetSize': [], 'SubmitTimes': [], 'StartTimes': [], 'EndTimes': [], 'TotalUserCpuTimeHistory': [], 'TotalSysCpuTimeHistory': [], 'WallDurations': [], 'JobIds': [], 'State': 'unsubmitted'}, '1576': {'Retries': 0, 'Restarts': 0, 'SiteHistory': [], 'ResidentSetSize': [], 'SubmitTimes': [], 'StartTimes': [], 'EndTimes': [], 'TotalUserCpuTimeHistory': [], 'TotalSysCpuTimeHistory': [], 'WallDurations': [], 'JobIds': [], 'State': 'unsubmitted'}, '1577': {'Retries': 0, 'Restarts': 0, 'SiteHistory': [], 'ResidentSetSize': [], 'SubmitTimes': [], 'StartTimes': [], 'EndTimes': [], 'TotalUserCpuTimeHistory': [], 'TotalSysCpuTimeHistory': [], 'WallDurations': [], 'JobIds': [], 'State': 'unsubmitted'}, '1578': {'Retries': 0, 'Restarts': 0, 'SiteHistory': [], 'ResidentSetSize': [], 'SubmitTimes': [], 'StartTimes': [], 'EndTimes': [], 'TotalUserCpuTimeHistory': [], 'TotalSysCpuTimeHistory': [], 'WallDurations': [], 'JobIds': [], 'State': 'unsubmitted'}, '1579': {'Retries': 0, 'Restarts': 0, 'SiteHistory': [], 'ResidentSetSize': [], 'SubmitTimes': [], 'StartTimes': [], 'EndTimes': [], 'TotalUserCpuTimeHistory': [], 'TotalSysCpuTimeHistory': [], 'WallDurations': [], 'JobIds': [], 'State': 'unsubmitted'}, '1580': {'Retries': 0, 'Restarts': 0, 'SiteHistory': [], 'ResidentSetSize': [], 'SubmitTimes': [], 'StartTimes': [], 'EndTimes': [], 'TotalUserCpuTimeHistory': [], 'TotalSysCpuTimeHistory': [], 'WallDurations': [], 'JobIds': [], 'State': 'unsubmitted'}, '1581': {'Retries': 0, 'Restarts': 0, 'SiteHistory': [], 'ResidentSetSize': [], 'SubmitTimes': [], 'StartTimes': [], 'EndTimes': [], 'TotalUserCpuTimeHistory': [], 'TotalSysCpuTimeHistory': [], 'WallDurations': [], 'JobIds': [], 'State': 'unsubmitted'}, '1582': {'Retries': 0, 'Restarts': 0, 'SiteHistory': [], 'ResidentSetSize': [], 'SubmitTimes': [], 'StartTimes': [], 'EndTimes': [], 'TotalUserCpuTimeHistory': [], 'TotalSysCpuTimeHistory': [], 'WallDurations': [], 'JobIds': [], 'State': 'unsubmitted'}, '1583': {'Retries': 0, 'Restarts': 0, 'SiteHistory': [], 'ResidentSetSize': [], 'SubmitTimes': [], 'StartTimes': [], 'EndTimes': [], 'TotalUserCpuTimeHistory': [], 'TotalSysCpuTimeHistory': [], 'WallDurations': [], 'JobIds': [], 'State': 'unsubmitted'}, '1584': {'Retries': 0, 'Restarts': 0, 'SiteHistory': [], 'ResidentSetSize': [], 'SubmitTimes': [], 'StartTimes': [], 'EndTimes': [], 'TotalUserCpuTimeHistory': [], 'TotalSysCpuTimeHistory': [], 'WallDurations': [], 'JobIds': [], 'State': 'unsubmitted'}, '1585': {'Retries': 0, 'Restarts': 0, 'SiteHistory': [], 'ResidentSetSize': [], 'SubmitTimes': [], 'StartTimes': [], 'EndTimes': [], 'TotalUserCpuTimeHistory': [], 'TotalSysCpuTimeHistory': [], 'WallDurations': [], 'JobIds': [], 'State': 'unsubmitted'}, '1586': {'Retries': 0, 'Restarts': 0, 'SiteHistory': [], 'ResidentSetSize': [], 'SubmitTimes': [], 'StartTimes': [], 'EndTimes': [], 'TotalUserCpuTimeHistory': [], 'TotalSysCpuTimeHistory': [], 'WallDurations': [], 'JobIds': [], 'State': 'unsubmitted'}, '1587': {'Retries': 0, 'Restarts': 0, 'SiteHistory': [], 'ResidentSetSize': [], 'SubmitTimes': [], 'StartTimes': [], 'EndTimes': [], 'TotalUserCpuTimeHistory': [], 'TotalSysCpuTimeHistory': [], 'WallDurations': [], 'JobIds': [], 'State': 'unsubmitted'}, '1588': {'Retries': 0, 'Restarts': 0, 'SiteHistory': [], 'ResidentSetSize': [], 'SubmitTimes': [], 'StartTimes': [], 'EndTimes': [], 'TotalUserCpuTimeHistory': [], 'TotalSysCpuTimeHistory': [], 'WallDurations': [], 'JobIds': [], 'State': 'unsubmitted'}, '1589': {'Retries': 0, 'Restarts': 0, 'SiteHistory': [], 'ResidentSetSize': [], 'SubmitTimes': [], 'StartTimes': [], 'EndTimes': [], 'TotalUserCpuTimeHistory': [], 'TotalSysCpuTimeHistory': [], 'WallDurations': [], 'JobIds': [], 'State': 'unsubmitted'}, '1590': {'Retries': 0, 'Restarts': 0, 'SiteHistory': [], 'ResidentSetSize': [], 'SubmitTimes': [], 'StartTimes': [], 'EndTimes': [], 'TotalUserCpuTimeHistory': [], 'TotalSysCpuTimeHistory': [], 'WallDurations': [], 'JobIds': [], 'State': 'unsubmitted'}, '1591': {'Retries': 0, 'Restarts': 0, 'SiteHistory': [], 'ResidentSetSize': [], 'SubmitTimes': [], 'StartTimes': [], 'EndTimes': [], 'TotalUserCpuTimeHistory': [], 'TotalSysCpuTimeHistory': [], 'WallDurations': [], 'JobIds': [], 'State': 'unsubmitted'}, '1592': {'Retries': 0, 'Restarts': 0, 'SiteHistory': [], 'ResidentSetSize': [], 'SubmitTimes': [], 'StartTimes': [], 'EndTimes': [], 'TotalUserCpuTimeHistory': [], 'TotalSysCpuTimeHistory': [], 'WallDurations': [], 'JobIds': [], 'State': 'unsubmitted'}, '1593': {'Retries': 0, 'Restarts': 0, 'SiteHistory': [], 'ResidentSetSize': [], 'SubmitTimes': [], 'StartTimes': [], 'EndTimes': [], 'TotalUserCpuTimeHistory': [], 'TotalSysCpuTimeHistory': [], 'WallDurations': [], 'JobIds': [], 'State': 'unsubmitted'}, '1594': {'Retries': 0, 'Restarts': 0, 'SiteHistory': [], 'ResidentSetSize': [], 'SubmitTimes': [], 'StartTimes': [], 'EndTimes': [], 'TotalUserCpuTimeHistory': [], 'TotalSysCpuTimeHistory': [], 'WallDurations': [], 'JobIds': [], 'State': 'unsubmitted'}, '1595': {'Retries': 0, 'Restarts': 0, 'SiteHistory': [], 'ResidentSetSize': [], 'SubmitTimes': [], 'StartTimes': [], 'EndTimes': [], 'TotalUserCpuTimeHistory': [], 'TotalSysCpuTimeHistory': [], 'WallDurations': [], 'JobIds': [], 'State': 'unsubmitted'}, '1596': {'Retries': 0, 'Restarts': 0, 'SiteHistory': [], 'ResidentSetSize': [], 'SubmitTimes': [], 'StartTimes': [], 'EndTimes': [], 'TotalUserCpuTimeHistory': [], 'TotalSysCpuTimeHistory': [], 'WallDurations': [], 'JobIds': [], 'State': 'unsubmitted'}, '1597': {'Retries': 0, 'Restarts': 0, 'SiteHistory': [], 'ResidentSetSize': [], 'SubmitTimes': [], 'StartTimes': [], 'EndTimes': [], 'TotalUserCpuTimeHistory': [], 'TotalSysCpuTimeHistory': [], 'WallDurations': [], 'JobIds': [], 'State': 'unsubmitted'}, '1598': {'Retries': 0, 'Restarts': 0, 'SiteHistory': [], 'ResidentSetSize': [], 'SubmitTimes': [], 'StartTimes': [], 'EndTimes': [], 'TotalUserCpuTimeHistory': [], 'TotalSysCpuTimeHistory': [], 'WallDurations': [], 'JobIds': [], 'State': 'unsubmitted'}, '1599': {'Retries': 0, 'Restarts': 0, 'SiteHistory': [], 'ResidentSetSize': [], 'SubmitTimes': [], 'StartTimes': [], 'EndTimes': [], 'TotalUserCpuTimeHistory': [], 'TotalSysCpuTimeHistory': [], 'WallDurations': [], 'JobIds': [], 'State': 'unsubmitted'}, '1600': {'Retries': 0, 'Restarts': 0, 'SiteHistory': [], 'ResidentSetSize': [], 'SubmitTimes': [], 'StartTimes': [], 'EndTimes': [], 'TotalUserCpuTimeHistory': [], 'TotalSysCpuTimeHistory': [], 'WallDurations': [], 'JobIds': [], 'State': 'unsubmitted'}, '1601': {'Retries': 0, 'Restarts': 0, 'SiteHistory': [], 'ResidentSetSize': [], 'SubmitTimes': [], 'StartTimes': [], 'EndTimes': [], 'TotalUserCpuTimeHistory': [], 'TotalSysCpuTimeHistory': [], 'WallDurations': [], 'JobIds': [], 'State': 'unsubmitted'}, '1602': {'Retries': 0, 'Restarts': 0, 'SiteHistory': [], 'ResidentSetSize': [], 'SubmitTimes': [], 'StartTimes': [], 'EndTimes': [], 'TotalUserCpuTimeHistory': [], 'TotalSysCpuTimeHistory': [], 'WallDurations': [], 'JobIds': [], 'State': 'unsubmitted'}, '1603': {'Retries': 0, 'Restarts': 0, 'SiteHistory': [], 'ResidentSetSize': [], 'SubmitTimes': [], 'StartTimes': [], 'EndTimes': [], 'TotalUserCpuTimeHistory': [], 'TotalSysCpuTimeHistory': [], 'WallDurations': [], 'JobIds': [], 'State': 'unsubmitted'}, '1604': {'Retries': 0, 'Restarts': 0, 'SiteHistory': [], 'ResidentSetSize': [], 'SubmitTimes': [], 'StartTimes': [], 'EndTimes': [], 'TotalUserCpuTimeHistory': [], 'TotalSysCpuTimeHistory': [], 'WallDurations': [], 'JobIds': [], 'State': 'unsubmitted'}, '1605': {'Retries': 0, 'Restarts': 0, 'SiteHistory': [], 'ResidentSetSize': [], 'SubmitTimes': [], 'StartTimes': [], 'EndTimes': [], 'TotalUserCpuTimeHistory': [], 'TotalSysCpuTimeHistory': [], 'WallDurations': [], 'JobIds': [], 'State': 'unsubmitted'}, '1606': {'Retries': 0, 'Restarts': 0, 'SiteHistory': [], 'ResidentSetSize': [], 'SubmitTimes': [], 'StartTimes': [], 'EndTimes': [], 'TotalUserCpuTimeHistory': [], 'TotalSysCpuTimeHistory': [], 'WallDurations': [], 'JobIds': [], 'State': 'unsubmitted'}, '1607': {'Retries': 0, 'Restarts': 0, 'SiteHistory': [], 'ResidentSetSize': [], 'SubmitTimes': [], 'StartTimes': [], 'EndTimes': [], 'TotalUserCpuTimeHistory': [], 'TotalSysCpuTimeHistory': [], 'WallDurations': [], 'JobIds': [], 'State': 'unsubmitted'}, '1608': {'Retries': 0, 'Restarts': 0, 'SiteHistory': [], 'ResidentSetSize': [], 'SubmitTimes': [], 'StartTimes': [], 'EndTimes': [], 'TotalUserCpuTimeHistory': [], 'TotalSysCpuTimeHistory': [], 'WallDurations': [], 'JobIds': [], 'State': 'unsubmitted'}, '1609': {'Retries': 0, 'Restarts': 0, 'SiteHistory': [], 'ResidentSetSize': [], 'SubmitTimes': [], 'StartTimes': [], 'EndTimes': [], 'TotalUserCpuTimeHistory': [], 'TotalSysCpuTimeHistory': [], 'WallDurations': [], 'JobIds': [], 'State': 'unsubmitted'}, '1610': {'Retries': 0, 'Restarts': 0, 'SiteHistory': [], 'ResidentSetSize': [], 'SubmitTimes': [], 'StartTimes': [], 'EndTimes': [], 'TotalUserCpuTimeHistory': [], 'TotalSysCpuTimeHistory': [], 'WallDurations': [], 'JobIds': [], 'State': 'unsubmitted'}, '1611': {'Retries': 0, 'Restarts': 0, 'SiteHistory': [], 'ResidentSetSize': [], 'SubmitTimes': [], 'StartTimes': [], 'EndTimes': [], 'TotalUserCpuTimeHistory': [], 'TotalSysCpuTimeHistory': [], 'WallDurations': [], 'JobIds': [], 'State': 'unsubmitted'}, '1612': {'Retries': 0, 'Restarts': 0, 'SiteHistory': [], 'ResidentSetSize': [], 'SubmitTimes': [], 'StartTimes': [], 'EndTimes': [], 'TotalUserCpuTimeHistory': [], 'TotalSysCpuTimeHistory': [], 'WallDurations': [], 'JobIds': [], 'State': 'unsubmitted'}, '1613': {'Retries': 0, 'Restarts': 0, 'SiteHistory': [], 'ResidentSetSize': [], 'SubmitTimes': [], 'StartTimes': [], 'EndTimes': [], 'TotalUserCpuTimeHistory': [], 'TotalSysCpuTimeHistory': [], 'WallDurations': [], 'JobIds': [], 'State': 'unsubmitted'}, '1614': {'Retries': 0, 'Restarts': 0, 'SiteHistory': [], 'ResidentSetSize': [], 'SubmitTimes': [], 'StartTimes': [], 'EndTimes': [], 'TotalUserCpuTimeHistory': [], 'TotalSysCpuTimeHistory': [], 'WallDurations': [], 'JobIds': [], 'State': 'unsubmitted'}, '1615': {'Retries': 0, 'Restarts': 0, 'SiteHistory': [], 'ResidentSetSize': [], 'SubmitTimes': [], 'StartTimes': [], 'EndTimes': [], 'TotalUserCpuTimeHistory': [], 'TotalSysCpuTimeHistory': [], 'WallDurations': [], 'JobIds': [], 'State': 'unsubmitted'}, '1616': {'Retries': 0, 'Restarts': 0, 'SiteHistory': [], 'ResidentSetSize': [], 'SubmitTimes': [], 'StartTimes': [], 'EndTimes': [], 'TotalUserCpuTimeHistory': [], 'TotalSysCpuTimeHistory': [], 'WallDurations': [], 'JobIds': [], 'State': 'unsubmitted'}, '1617': {'Retries': 0, 'Restarts': 0, 'SiteHistory': [], 'ResidentSetSize': [], 'SubmitTimes': [], 'StartTimes': [], 'EndTimes': [], 'TotalUserCpuTimeHistory': [], 'TotalSysCpuTimeHistory': [], 'WallDurations': [], 'JobIds': [], 'State': 'unsubmitted'}, '1618': {'Retries': 0, 'Restarts': 0, 'SiteHistory': [], 'ResidentSetSize': [], 'SubmitTimes': [], 'StartTimes': [], 'EndTimes': [], 'TotalUserCpuTimeHistory': [], 'TotalSysCpuTimeHistory': [], 'WallDurations': [], 'JobIds': [], 'State': 'unsubmitted'}, '1619': {'Retries': 0, 'Restarts': 0, 'SiteHistory': [], 'ResidentSetSize': [], 'SubmitTimes': [], 'StartTimes': [], 'EndTimes': [], 'TotalUserCpuTimeHistory': [], 'TotalSysCpuTimeHistory': [], 'WallDurations': [], 'JobIds': [], 'State': 'unsubmitted'}, '1620': {'Retries': 0, 'Restarts': 0, 'SiteHistory': [], 'ResidentSetSize': [], 'SubmitTimes': [], 'StartTimes': [], 'EndTimes': [], 'TotalUserCpuTimeHistory': [], 'TotalSysCpuTimeHistory': [], 'WallDurations': [], 'JobIds': [], 'State': 'unsubmitted'}, '1621': {'Retries': 0, 'Restarts': 0, 'SiteHistory': [], 'ResidentSetSize': [], 'SubmitTimes': [], 'StartTimes': [], 'EndTimes': [], 'TotalUserCpuTimeHistory': [], 'TotalSysCpuTimeHistory': [], 'WallDurations': [], 'JobIds': [], 'State': 'unsubmitted'}, '1622': {'Retries': 0, 'Restarts': 0, 'SiteHistory': [], 'ResidentSetSize': [], 'SubmitTimes': [], 'StartTimes': [], 'EndTimes': [], 'TotalUserCpuTimeHistory': [], 'TotalSysCpuTimeHistory': [], 'WallDurations': [], 'JobIds': [], 'State': 'unsubmitted'}, '1623': {'Retries': 0, 'Restarts': 0, 'SiteHistory': [], 'ResidentSetSize': [], 'SubmitTimes': [], 'StartTimes': [], 'EndTimes': [], 'TotalUserCpuTimeHistory': [], 'TotalSysCpuTimeHistory': [], 'WallDurations': [], 'JobIds': [], 'State': 'unsubmitted'}, '1624': {'Retries': 0, 'Restarts': 0, 'SiteHistory': [], 'ResidentSetSize': [], 'SubmitTimes': [], 'StartTimes': [], 'EndTimes': [], 'TotalUserCpuTimeHistory': [], 'TotalSysCpuTimeHistory': [], 'WallDurations': [], 'JobIds': [], 'State': 'unsubmitted'}, '1625': {'Retries': 0, 'Restarts': 0, 'SiteHistory': [], 'ResidentSetSize': [], 'SubmitTimes': [], 'StartTimes': [], 'EndTimes': [], 'TotalUserCpuTimeHistory': [], 'TotalSysCpuTimeHistory': [], 'WallDurations': [], 'JobIds': [], 'State': 'unsubmitted'}, '1626': {'Retries': 0, 'Restarts': 0, 'SiteHistory': [], 'ResidentSetSize': [], 'SubmitTimes': [], 'StartTimes': [], 'EndTimes': [], 'TotalUserCpuTimeHistory': [], 'TotalSysCpuTimeHistory': [], 'WallDurations': [], 'JobIds': [], 'State': 'unsubmitted'}, '1627': {'Retries': 0, 'Restarts': 0, 'SiteHistory': [], 'ResidentSetSize': [], 'SubmitTimes': [], 'StartTimes': [], 'EndTimes': [], 'TotalUserCpuTimeHistory': [], 'TotalSysCpuTimeHistory': [], 'WallDurations': [], 'JobIds': [], 'State': 'unsubmitted'}, '1628': {'Retries': 0, 'Restarts': 0, 'SiteHistory': [], 'ResidentSetSize': [], 'SubmitTimes': [], 'StartTimes': [], 'EndTimes': [], 'TotalUserCpuTimeHistory': [], 'TotalSysCpuTimeHistory': [], 'WallDurations': [], 'JobIds': [], 'State': 'unsubmitted'}, '1629': {'Retries': 0, 'Restarts': 0, 'SiteHistory': [], 'ResidentSetSize': [], 'SubmitTimes': [], 'StartTimes': [], 'EndTimes': [], 'TotalUserCpuTimeHistory': [], 'TotalSysCpuTimeHistory': [], 'WallDurations': [], 'JobIds': [], 'State': 'unsubmitted'}, '1630': {'Retries': 0, 'Restarts': 0, 'SiteHistory': [], 'ResidentSetSize': [], 'SubmitTimes': [], 'StartTimes': [], 'EndTimes': [], 'TotalUserCpuTimeHistory': [], 'TotalSysCpuTimeHistory': [], 'WallDurations': [], 'JobIds': [], 'State': 'unsubmitted'}, '1631': {'Retries': 0, 'Restarts': 0, 'SiteHistory': [], 'ResidentSetSize': [], 'SubmitTimes': [], 'StartTimes': [], 'EndTimes': [], 'TotalUserCpuTimeHistory': [], 'TotalSysCpuTimeHistory': [], 'WallDurations': [], 'JobIds': [], 'State': 'unsubmitted'}, '1632': {'Retries': 0, 'Restarts': 0, 'SiteHistory': [], 'ResidentSetSize': [], 'SubmitTimes': [], 'StartTimes': [], 'EndTimes': [], 'TotalUserCpuTimeHistory': [], 'TotalSysCpuTimeHistory': [], 'WallDurations': [], 'JobIds': [], 'State': 'unsubmitted'}, '1633': {'Retries': 0, 'Restarts': 0, 'SiteHistory': [], 'ResidentSetSize': [], 'SubmitTimes': [], 'StartTimes': [], 'EndTimes': [], 'TotalUserCpuTimeHistory': [], 'TotalSysCpuTimeHistory': [], 'WallDurations': [], 'JobIds': [], 'State': 'unsubmitted'}, '1634': {'Retries': 0, 'Restarts': 0, 'SiteHistory': [], 'ResidentSetSize': [], 'SubmitTimes': [], 'StartTimes': [], 'EndTimes': [], 'TotalUserCpuTimeHistory': [], 'TotalSysCpuTimeHistory': [], 'WallDurations': [], 'JobIds': [], 'State': 'unsubmitted'}, '1635': {'Retries': 0, 'Restarts': 0, 'SiteHistory': [], 'ResidentSetSize': [], 'SubmitTimes': [], 'StartTimes': [], 'EndTimes': [], 'TotalUserCpuTimeHistory': [], 'TotalSysCpuTimeHistory': [], 'WallDurations': [], 'JobIds': [], 'State': 'unsubmitted'}, '1636': {'Retries': 0, 'Restarts': 0, 'SiteHistory': [], 'ResidentSetSize': [], 'SubmitTimes': [], 'StartTimes': [], 'EndTimes': [], 'TotalUserCpuTimeHistory': [], 'TotalSysCpuTimeHistory': [], 'WallDurations': [], 'JobIds': [], 'State': 'unsubmitted'}, '1637': {'Retries': 0, 'Restarts': 0, 'SiteHistory': [], 'ResidentSetSize': [], 'SubmitTimes': [], 'StartTimes': [], 'EndTimes': [], 'TotalUserCpuTimeHistory': [], 'TotalSysCpuTimeHistory': [], 'WallDurations': [], 'JobIds': [], 'State': 'unsubmitted'}, '1638': {'Retries': 0, 'Restarts': 0, 'SiteHistory': [], 'ResidentSetSize': [], 'SubmitTimes': [], 'StartTimes': [], 'EndTimes': [], 'TotalUserCpuTimeHistory': [], 'TotalSysCpuTimeHistory': [], 'WallDurations': [], 'JobIds': [], 'State': 'unsubmitted'}, '1639': {'Retries': 0, 'Restarts': 0, 'SiteHistory': [], 'ResidentSetSize': [], 'SubmitTimes': [], 'StartTimes': [], 'EndTimes': [], 'TotalUserCpuTimeHistory': [], 'TotalSysCpuTimeHistory': [], 'WallDurations': [], 'JobIds': [], 'State': 'unsubmitted'}, '1640': {'Retries': 0, 'Restarts': 0, 'SiteHistory': [], 'ResidentSetSize': [], 'SubmitTimes': [], 'StartTimes': [], 'EndTimes': [], 'TotalUserCpuTimeHistory': [], 'TotalSysCpuTimeHistory': [], 'WallDurations': [], 'JobIds': [], 'State': 'unsubmitted'}, '1641': {'Retries': 0, 'Restarts': 0, 'SiteHistory': [], 'ResidentSetSize': [], 'SubmitTimes': [], 'StartTimes': [], 'EndTimes': [], 'TotalUserCpuTimeHistory': [], 'TotalSysCpuTimeHistory': [], 'WallDurations': [], 'JobIds': [], 'State': 'unsubmitted'}, '1642': {'Retries': 0, 'Restarts': 0, 'SiteHistory': [], 'ResidentSetSize': [], 'SubmitTimes': [], 'StartTimes': [], 'EndTimes': [], 'TotalUserCpuTimeHistory': [], 'TotalSysCpuTimeHistory': [], 'WallDurations': [], 'JobIds': [], 'State': 'unsubmitted'}, '1643': {'Retries': 0, 'Restarts': 0, 'SiteHistory': [], 'ResidentSetSize': [], 'SubmitTimes': [], 'StartTimes': [], 'EndTimes': [], 'TotalUserCpuTimeHistory': [], 'TotalSysCpuTimeHistory': [], 'WallDurations': [], 'JobIds': [], 'State': 'unsubmitted'}, '1644': {'Retries': 0, 'Restarts': 0, 'SiteHistory': [], 'ResidentSetSize': [], 'SubmitTimes': [], 'StartTimes': [], 'EndTimes': [], 'TotalUserCpuTimeHistory': [], 'TotalSysCpuTimeHistory': [], 'WallDurations': [], 'JobIds': [], 'State': 'unsubmitted'}, '1645': {'Retries': 0, 'Restarts': 0, 'SiteHistory': [], 'ResidentSetSize': [], 'SubmitTimes': [], 'StartTimes': [], 'EndTimes': [], 'TotalUserCpuTimeHistory': [], 'TotalSysCpuTimeHistory': [], 'WallDurations': [], 'JobIds': [], 'State': 'unsubmitted'}, '1646': {'Retries': 0, 'Restarts': 0, 'SiteHistory': [], 'ResidentSetSize': [], 'SubmitTimes': [], 'StartTimes': [], 'EndTimes': [], 'TotalUserCpuTimeHistory': [], 'TotalSysCpuTimeHistory': [], 'WallDurations': [], 'JobIds': [], 'State': 'unsubmitted'}, '1647': {'Retries': 0, 'Restarts': 0, 'SiteHistory': [], 'ResidentSetSize': [], 'SubmitTimes': [], 'StartTimes': [], 'EndTimes': [], 'TotalUserCpuTimeHistory': [], 'TotalSysCpuTimeHistory': [], 'WallDurations': [], 'JobIds': [], 'State': 'unsubmitted'}, '1648': {'Retries': 0, 'Restarts': 0, 'SiteHistory': [], 'ResidentSetSize': [], 'SubmitTimes': [], 'StartTimes': [], 'EndTimes': [], 'TotalUserCpuTimeHistory': [], 'TotalSysCpuTimeHistory': [], 'WallDurations': [], 'JobIds': [], 'State': 'unsubmitted'}, '1649': {'Retries': 0, 'Restarts': 0, 'SiteHistory': [], 'ResidentSetSize': [], 'SubmitTimes': [], 'StartTimes': [], 'EndTimes': [], 'TotalUserCpuTimeHistory': [], 'TotalSysCpuTimeHistory': [], 'WallDurations': [], 'JobIds': [], 'State': 'unsubmitted'}, '1650': {'Retries': 0, 'Restarts': 0, 'SiteHistory': [], 'ResidentSetSize': [], 'SubmitTimes': [], 'StartTimes': [], 'EndTimes': [], 'TotalUserCpuTimeHistory': [], 'TotalSysCpuTimeHistory': [], 'WallDurations': [], 'JobIds': [], 'State': 'unsubmitted'}, '1651': {'Retries': 0, 'Restarts': 0, 'SiteHistory': [], 'ResidentSetSize': [], 'SubmitTimes': [], 'StartTimes': [], 'EndTimes': [], 'TotalUserCpuTimeHistory': [], 'TotalSysCpuTimeHistory': [], 'WallDurations': [], 'JobIds': [], 'State': 'unsubmitted'}, '1652': {'Retries': 0, 'Restarts': 0, 'SiteHistory': [], 'ResidentSetSize': [], 'SubmitTimes': [], 'StartTimes': [], 'EndTimes': [], 'TotalUserCpuTimeHistory': [], 'TotalSysCpuTimeHistory': [], 'WallDurations': [], 'JobIds': [], 'State': 'unsubmitted'}, '1653': {'Retries': 0, 'Restarts': 0, 'SiteHistory': [], 'ResidentSetSize': [], 'SubmitTimes': [], 'StartTimes': [], 'EndTimes': [], 'TotalUserCpuTimeHistory': [], 'TotalSysCpuTimeHistory': [], 'WallDurations': [], 'JobIds': [], 'State': 'unsubmitted'}, '1654': {'Retries': 0, 'Restarts': 0, 'SiteHistory': [], 'ResidentSetSize': [], 'SubmitTimes': [], 'StartTimes': [], 'EndTimes': [], 'TotalUserCpuTimeHistory': [], 'TotalSysCpuTimeHistory': [], 'WallDurations': [], 'JobIds': [], 'State': 'unsubmitted'}, '1655': {'Retries': 0, 'Restarts': 0, 'SiteHistory': [], 'ResidentSetSize': [], 'SubmitTimes': [], 'StartTimes': [], 'EndTimes': [], 'TotalUserCpuTimeHistory': [], 'TotalSysCpuTimeHistory': [], 'WallDurations': [], 'JobIds': [], 'State': 'unsubmitted'}, '1656': {'Retries': 0, 'Restarts': 0, 'SiteHistory': [], 'ResidentSetSize': [], 'SubmitTimes': [], 'StartTimes': [], 'EndTimes': [], 'TotalUserCpuTimeHistory': [], 'TotalSysCpuTimeHistory': [], 'WallDurations': [], 'JobIds': [], 'State': 'unsubmitted'}, '1657': {'Retries': 0, 'Restarts': 0, 'SiteHistory': [], 'ResidentSetSize': [], 'SubmitTimes': [], 'StartTimes': [], 'EndTimes': [], 'TotalUserCpuTimeHistory': [], 'TotalSysCpuTimeHistory': [], 'WallDurations': [], 'JobIds': [], 'State': 'unsubmitted'}, '1658': {'Retries': 0, 'Restarts': 0, 'SiteHistory': [], 'ResidentSetSize': [], 'SubmitTimes': [], 'StartTimes': [], 'EndTimes': [], 'TotalUserCpuTimeHistory': [], 'TotalSysCpuTimeHistory': [], 'WallDurations': [], 'JobIds': [], 'State': 'unsubmitted'}, '1659': {'Retries': 0, 'Restarts': 0, 'SiteHistory': [], 'ResidentSetSize': [], 'SubmitTimes': [], 'StartTimes': [], 'EndTimes': [], 'TotalUserCpuTimeHistory': [], 'TotalSysCpuTimeHistory': [], 'WallDurations': [], 'JobIds': [], 'State': 'unsubmitted'}, '1660': {'Retries': 0, 'Restarts': 0, 'SiteHistory': [], 'ResidentSetSize': [], 'SubmitTimes': [], 'StartTimes': [], 'EndTimes': [], 'TotalUserCpuTimeHistory': [], 'TotalSysCpuTimeHistory': [], 'WallDurations': [], 'JobIds': [], 'State': 'unsubmitted'}, '1661': {'Retries': 0, 'Restarts': 0, 'SiteHistory': [], 'ResidentSetSize': [], 'SubmitTimes': [], 'StartTimes': [], 'EndTimes': [], 'TotalUserCpuTimeHistory': [], 'TotalSysCpuTimeHistory': [], 'WallDurations': [], 'JobIds': [], 'State': 'unsubmitted'}, '1662': {'Retries': 0, 'Restarts': 0, 'SiteHistory': [], 'ResidentSetSize': [], 'SubmitTimes': [], 'StartTimes': [], 'EndTimes': [], 'TotalUserCpuTimeHistory': [], 'TotalSysCpuTimeHistory': [], 'WallDurations': [], 'JobIds': [], 'State': 'unsubmitted'}, '1663': {'Retries': 0, 'Restarts': 0, 'SiteHistory': [], 'ResidentSetSize': [], 'SubmitTimes': [], 'StartTimes': [], 'EndTimes': [], 'TotalUserCpuTimeHistory': [], 'TotalSysCpuTimeHistory': [], 'WallDurations': [], 'JobIds': [], 'State': 'unsubmitted'}, '1664': {'Retries': 0, 'Restarts': 0, 'SiteHistory': [], 'ResidentSetSize': [], 'SubmitTimes': [], 'StartTimes': [], 'EndTimes': [], 'TotalUserCpuTimeHistory': [], 'TotalSysCpuTimeHistory': [], 'WallDurations': [], 'JobIds': [], 'State': 'unsubmitted'}, '1665': {'Retries': 0, 'Restarts': 0, 'SiteHistory': [], 'ResidentSetSize': [], 'SubmitTimes': [], 'StartTimes': [], 'EndTimes': [], 'TotalUserCpuTimeHistory': [], 'TotalSysCpuTimeHistory': [], 'WallDurations': [], 'JobIds': [], 'State': 'unsubmitted'}, '1666': {'Retries': 0, 'Restarts': 0, 'SiteHistory': [], 'ResidentSetSize': [], 'SubmitTimes': [], 'StartTimes': [], 'EndTimes': [], 'TotalUserCpuTimeHistory': [], 'TotalSysCpuTimeHistory': [], 'WallDurations': [], 'JobIds': [], 'State': 'unsubmitted'}, '1667': {'Retries': 0, 'Restarts': 0, 'SiteHistory': [], 'ResidentSetSize': [], 'SubmitTimes': [], 'StartTimes': [], 'EndTimes': [], 'TotalUserCpuTimeHistory': [], 'TotalSysCpuTimeHistory': [], 'WallDurations': [], 'JobIds': [], 'State': 'unsubmitted'}, '1668': {'Retries': 0, 'Restarts': 0, 'SiteHistory': [], 'ResidentSetSize': [], 'SubmitTimes': [], 'StartTimes': [], 'EndTimes': [], 'TotalUserCpuTimeHistory': [], 'TotalSysCpuTimeHistory': [], 'WallDurations': [], 'JobIds': [], 'State': 'unsubmitted'}, '1669': {'Retries': 0, 'Restarts': 0, 'SiteHistory': [], 'ResidentSetSize': [], 'SubmitTimes': [], 'StartTimes': [], 'EndTimes': [], 'TotalUserCpuTimeHistory': [], 'TotalSysCpuTimeHistory': [], 'WallDurations': [], 'JobIds': [], 'State': 'unsubmitted'}, '1670': {'Retries': 0, 'Restarts': 0, 'SiteHistory': [], 'ResidentSetSize': [], 'SubmitTimes': [], 'StartTimes': [], 'EndTimes': [], 'TotalUserCpuTimeHistory': [], 'TotalSysCpuTimeHistory': [], 'WallDurations': [], 'JobIds': [], 'State': 'unsubmitted'}, '1671': {'Retries': 0, 'Restarts': 0, 'SiteHistory': [], 'ResidentSetSize': [], 'SubmitTimes': [], 'StartTimes': [], 'EndTimes': [], 'TotalUserCpuTimeHistory': [], 'TotalSysCpuTimeHistory': [], 'WallDurations': [], 'JobIds': [], 'State': 'unsubmitted'}, '1672': {'Retries': 0, 'Restarts': 0, 'SiteHistory': [], 'ResidentSetSize': [], 'SubmitTimes': [], 'StartTimes': [], 'EndTimes': [], 'TotalUserCpuTimeHistory': [], 'TotalSysCpuTimeHistory': [], 'WallDurations': [], 'JobIds': [], 'State': 'unsubmitted'}, '1673': {'Retries': 0, 'Restarts': 0, 'SiteHistory': [], 'ResidentSetSize': [], 'SubmitTimes': [], 'StartTimes': [], 'EndTimes': [], 'TotalUserCpuTimeHistory': [], 'TotalSysCpuTimeHistory': [], 'WallDurations': [], 'JobIds': [], 'State': 'unsubmitted'}, '1674': {'Retries': 0, 'Restarts': 0, 'SiteHistory': [], 'ResidentSetSize': [], 'SubmitTimes': [], 'StartTimes': [], 'EndTimes': [], 'TotalUserCpuTimeHistory': [], 'TotalSysCpuTimeHistory': [], 'WallDurations': [], 'JobIds': [], 'State': 'unsubmitted'}, '1675': {'Retries': 0, 'Restarts': 0, 'SiteHistory': [], 'ResidentSetSize': [], 'SubmitTimes': [], 'StartTimes': [], 'EndTimes': [], 'TotalUserCpuTimeHistory': [], 'TotalSysCpuTimeHistory': [], 'WallDurations': [], 'JobIds': [], 'State': 'unsubmitted'}, '1676': {'Retries': 0, 'Restarts': 0, 'SiteHistory': [], 'ResidentSetSize': [], 'SubmitTimes': [], 'StartTimes': [], 'EndTimes': [], 'TotalUserCpuTimeHistory': [], 'TotalSysCpuTimeHistory': [], 'WallDurations': [], 'JobIds': [], 'State': 'unsubmitted'}, '1677': {'Retries': 0, 'Restarts': 0, 'SiteHistory': [], 'ResidentSetSize': [], 'SubmitTimes': [], 'StartTimes': [], 'EndTimes': [], 'TotalUserCpuTimeHistory': [], 'TotalSysCpuTimeHistory': [], 'WallDurations': [], 'JobIds': [], 'State': 'unsubmitted'}, '1678': {'Retries': 0, 'Restarts': 0, 'SiteHistory': [], 'ResidentSetSize': [], 'SubmitTimes': [], 'StartTimes': [], 'EndTimes': [], 'TotalUserCpuTimeHistory': [], 'TotalSysCpuTimeHistory': [], 'WallDurations': [], 'JobIds': [], 'State': 'unsubmitted'}, '1679': {'Retries': 0, 'Restarts': 0, 'SiteHistory': [], 'ResidentSetSize': [], 'SubmitTimes': [], 'StartTimes': [], 'EndTimes': [], 'TotalUserCpuTimeHistory': [], 'TotalSysCpuTimeHistory': [], 'WallDurations': [], 'JobIds': [], 'State': 'unsubmitted'}, '1680': {'Retries': 0, 'Restarts': 0, 'SiteHistory': [], 'ResidentSetSize': [], 'SubmitTimes': [], 'StartTimes': [], 'EndTimes': [], 'TotalUserCpuTimeHistory': [], 'TotalSysCpuTimeHistory': [], 'WallDurations': [], 'JobIds': [], 'State': 'unsubmitted'}, '1681': {'Retries': 0, 'Restarts': 0, 'SiteHistory': [], 'ResidentSetSize': [], 'SubmitTimes': [], 'StartTimes': [], 'EndTimes': [], 'TotalUserCpuTimeHistory': [], 'TotalSysCpuTimeHistory': [], 'WallDurations': [], 'JobIds': [], 'State': 'unsubmitted'}, '1682': {'Retries': 0, 'Restarts': 0, 'SiteHistory': [], 'ResidentSetSize': [], 'SubmitTimes': [], 'StartTimes': [], 'EndTimes': [], 'TotalUserCpuTimeHistory': [], 'TotalSysCpuTimeHistory': [], 'WallDurations': [], 'JobIds': [], 'State': 'unsubmitted'}, '1683': {'Retries': 0, 'Restarts': 0, 'SiteHistory': [], 'ResidentSetSize': [], 'SubmitTimes': [], 'StartTimes': [], 'EndTimes': [], 'TotalUserCpuTimeHistory': [], 'TotalSysCpuTimeHistory': [], 'WallDurations': [], 'JobIds': [], 'State': 'unsubmitted'}, '1684': {'Retries': 0, 'Restarts': 0, 'SiteHistory': [], 'ResidentSetSize': [], 'SubmitTimes': [], 'StartTimes': [], 'EndTimes': [], 'TotalUserCpuTimeHistory': [], 'TotalSysCpuTimeHistory': [], 'WallDurations': [], 'JobIds': [], 'State': 'unsubmitted'}, '1685': {'Retries': 0, 'Restarts': 0, 'SiteHistory': [], 'ResidentSetSize': [], 'SubmitTimes': [], 'StartTimes': [], 'EndTimes': [], 'TotalUserCpuTimeHistory': [], 'TotalSysCpuTimeHistory': [], 'WallDurations': [], 'JobIds': [], 'State': 'unsubmitted'}, '1686': {'Retries': 0, 'Restarts': 0, 'SiteHistory': [], 'ResidentSetSize': [], 'SubmitTimes': [], 'StartTimes': [], 'EndTimes': [], 'TotalUserCpuTimeHistory': [], 'TotalSysCpuTimeHistory': [], 'WallDurations': [], 'JobIds': [], 'State': 'unsubmitted'}, '1687': {'Retries': 0, 'Restarts': 0, 'SiteHistory': [], 'ResidentSetSize': [], 'SubmitTimes': [], 'StartTimes': [], 'EndTimes': [], 'TotalUserCpuTimeHistory': [], 'TotalSysCpuTimeHistory': [], 'WallDurations': [], 'JobIds': [], 'State': 'unsubmitted'}, '1688': {'Retries': 0, 'Restarts': 0, 'SiteHistory': [], 'ResidentSetSize': [], 'SubmitTimes': [], 'StartTimes': [], 'EndTimes': [], 'TotalUserCpuTimeHistory': [], 'TotalSysCpuTimeHistory': [], 'WallDurations': [], 'JobIds': [], 'State': 'unsubmitted'}, '1689': {'Retries': 0, 'Restarts': 0, 'SiteHistory': [], 'ResidentSetSize': [], 'SubmitTimes': [], 'StartTimes': [], 'EndTimes': [], 'TotalUserCpuTimeHistory': [], 'TotalSysCpuTimeHistory': [], 'WallDurations': [], 'JobIds': [], 'State': 'unsubmitted'}, '1690': {'Retries': 0, 'Restarts': 0, 'SiteHistory': [], 'ResidentSetSize': [], 'SubmitTimes': [], 'StartTimes': [], 'EndTimes': [], 'TotalUserCpuTimeHistory': [], 'TotalSysCpuTimeHistory': [], 'WallDurations': [], 'JobIds': [], 'State': 'unsubmitted'}, '1691': {'Retries': 0, 'Restarts': 0, 'SiteHistory': [], 'ResidentSetSize': [], 'SubmitTimes': [], 'StartTimes': [], 'EndTimes': [], 'TotalUserCpuTimeHistory': [], 'TotalSysCpuTimeHistory': [], 'WallDurations': [], 'JobIds': [], 'State': 'unsubmitted'}, '1692': {'Retries': 0, 'Restarts': 0, 'SiteHistory': [], 'ResidentSetSize': [], 'SubmitTimes': [], 'StartTimes': [], 'EndTimes': [], 'TotalUserCpuTimeHistory': [], 'TotalSysCpuTimeHistory': [], 'WallDurations': [], 'JobIds': [], 'State': 'unsubmitted'}, '1693': {'Retries': 0, 'Restarts': 0, 'SiteHistory': [], 'ResidentSetSize': [], 'SubmitTimes': [], 'StartTimes': [], 'EndTimes': [], 'TotalUserCpuTimeHistory': [], 'TotalSysCpuTimeHistory': [], 'WallDurations': [], 'JobIds': [], 'State': 'unsubmitted'}, '1694': {'Retries': 0, 'Restarts': 0, 'SiteHistory': [], 'ResidentSetSize': [], 'SubmitTimes': [], 'StartTimes': [], 'EndTimes': [], 'TotalUserCpuTimeHistory': [], 'TotalSysCpuTimeHistory': [], 'WallDurations': [], 'JobIds': [], 'State': 'unsubmitted'}, '1695': {'Retries': 0, 'Restarts': 0, 'SiteHistory': [], 'ResidentSetSize': [], 'SubmitTimes': [], 'StartTimes': [], 'EndTimes': [], 'TotalUserCpuTimeHistory': [], 'TotalSysCpuTimeHistory': [], 'WallDurations': [], 'JobIds': [], 'State': 'unsubmitted'}, '1696': {'Retries': 0, 'Restarts': 0, 'SiteHistory': [], 'ResidentSetSize': [], 'SubmitTimes': [], 'StartTimes': [], 'EndTimes': [], 'TotalUserCpuTimeHistory': [], 'TotalSysCpuTimeHistory': [], 'WallDurations': [], 'JobIds': [], 'State': 'unsubmitted'}, '1697': {'Retries': 0, 'Restarts': 0, 'SiteHistory': [], 'ResidentSetSize': [], 'SubmitTimes': [], 'StartTimes': [], 'EndTimes': [], 'TotalUserCpuTimeHistory': [], 'TotalSysCpuTimeHistory': [], 'WallDurations': [], 'JobIds': [], 'State': 'unsubmitted'}, '1698': {'Retries': 0, 'Restarts': 0, 'SiteHistory': [], 'ResidentSetSize': [], 'SubmitTimes': [], 'StartTimes': [], 'EndTimes': [], 'TotalUserCpuTimeHistory': [], 'TotalSysCpuTimeHistory': [], 'WallDurations': [], 'JobIds': [], 'State': 'unsubmitted'}, '1699': {'Retries': 0, 'Restarts': 0, 'SiteHistory': [], 'ResidentSetSize': [], 'SubmitTimes': [], 'StartTimes': [], 'EndTimes': [], 'TotalUserCpuTimeHistory': [], 'TotalSysCpuTimeHistory': [], 'WallDurations': [], 'JobIds': [], 'State': 'unsubmitted'}, '1700': {'Retries': 0, 'Restarts': 0, 'SiteHistory': [], 'ResidentSetSize': [], 'SubmitTimes': [], 'StartTimes': [], 'EndTimes': [], 'TotalUserCpuTimeHistory': [], 'TotalSysCpuTimeHistory': [], 'WallDurations': [], 'JobIds': [], 'State': 'unsubmitted'}, '1701': {'Retries': 0, 'Restarts': 0, 'SiteHistory': [], 'ResidentSetSize': [], 'SubmitTimes': [], 'StartTimes': [], 'EndTimes': [], 'TotalUserCpuTimeHistory': [], 'TotalSysCpuTimeHistory': [], 'WallDurations': [], 'JobIds': [], 'State': 'unsubmitted'}, '1702': {'Retries': 0, 'Restarts': 0, 'SiteHistory': [], 'ResidentSetSize': [], 'SubmitTimes': [], 'StartTimes': [], 'EndTimes': [], 'TotalUserCpuTimeHistory': [], 'TotalSysCpuTimeHistory': [], 'WallDurations': [], 'JobIds': [], 'State': 'unsubmitted'}, '1703': {'Retries': 0, 'Restarts': 0, 'SiteHistory': [], 'ResidentSetSize': [], 'SubmitTimes': [], 'StartTimes': [], 'EndTimes': [], 'TotalUserCpuTimeHistory': [], 'TotalSysCpuTimeHistory': [], 'WallDurations': [], 'JobIds': [], 'State': 'unsubmitted'}, '1704': {'Retries': 0, 'Restarts': 0, 'SiteHistory': [], 'ResidentSetSize': [], 'SubmitTimes': [], 'StartTimes': [], 'EndTimes': [], 'TotalUserCpuTimeHistory': [], 'TotalSysCpuTimeHistory': [], 'WallDurations': [], 'JobIds': [], 'State': 'unsubmitted'}, '1705': {'Retries': 0, 'Restarts': 0, 'SiteHistory': [], 'ResidentSetSize': [], 'SubmitTimes': [], 'StartTimes': [], 'EndTimes': [], 'TotalUserCpuTimeHistory': [], 'TotalSysCpuTimeHistory': [], 'WallDurations': [], 'JobIds': [], 'State': 'unsubmitted'}, '1706': {'Retries': 0, 'Restarts': 0, 'SiteHistory': [], 'ResidentSetSize': [], 'SubmitTimes': [], 'StartTimes': [], 'EndTimes': [], 'TotalUserCpuTimeHistory': [], 'TotalSysCpuTimeHistory': [], 'WallDurations': [], 'JobIds': [], 'State': 'unsubmitted'}, '1707': {'Retries': 0, 'Restarts': 0, 'SiteHistory': [], 'ResidentSetSize': [], 'SubmitTimes': [], 'StartTimes': [], 'EndTimes': [], 'TotalUserCpuTimeHistory': [], 'TotalSysCpuTimeHistory': [], 'WallDurations': [], 'JobIds': [], 'State': 'unsubmitted'}, '1708': {'Retries': 0, 'Restarts': 0, 'SiteHistory': [], 'ResidentSetSize': [], 'SubmitTimes': [], 'StartTimes': [], 'EndTimes': [], 'TotalUserCpuTimeHistory': [], 'TotalSysCpuTimeHistory': [], 'WallDurations': [], 'JobIds': [], 'State': 'unsubmitted'}, '1709': {'Retries': 0, 'Restarts': 0, 'SiteHistory': [], 'ResidentSetSize': [], 'SubmitTimes': [], 'StartTimes': [], 'EndTimes': [], 'TotalUserCpuTimeHistory': [], 'TotalSysCpuTimeHistory': [], 'WallDurations': [], 'JobIds': [], 'State': 'unsubmitted'}, '1710': {'Retries': 0, 'Restarts': 0, 'SiteHistory': [], 'ResidentSetSize': [], 'SubmitTimes': [], 'StartTimes': [], 'EndTimes': [], 'TotalUserCpuTimeHistory': [], 'TotalSysCpuTimeHistory': [], 'WallDurations': [], 'JobIds': [], 'State': 'unsubmitted'}, '1711': {'Retries': 0, 'Restarts': 0, 'SiteHistory': [], 'ResidentSetSize': [], 'SubmitTimes': [], 'StartTimes': [], 'EndTimes': [], 'TotalUserCpuTimeHistory': [], 'TotalSysCpuTimeHistory': [], 'WallDurations': [], 'JobIds': [], 'State': 'unsubmitted'}, '1712': {'Retries': 0, 'Restarts': 0, 'SiteHistory': [], 'ResidentSetSize': [], 'SubmitTimes': [], 'StartTimes': [], 'EndTimes': [], 'TotalUserCpuTimeHistory': [], 'TotalSysCpuTimeHistory': [], 'WallDurations': [], 'JobIds': [], 'State': 'unsubmitted'}, '1713': {'Retries': 0, 'Restarts': 0, 'SiteHistory': [], 'ResidentSetSize': [], 'SubmitTimes': [], 'StartTimes': [], 'EndTimes': [], 'TotalUserCpuTimeHistory': [], 'TotalSysCpuTimeHistory': [], 'WallDurations': [], 'JobIds': [], 'State': 'unsubmitted'}, '1714': {'Retries': 0, 'Restarts': 0, 'SiteHistory': [], 'ResidentSetSize': [], 'SubmitTimes': [], 'StartTimes': [], 'EndTimes': [], 'TotalUserCpuTimeHistory': [], 'TotalSysCpuTimeHistory': [], 'WallDurations': [], 'JobIds': [], 'State': 'unsubmitted'}, '1715': {'Retries': 0, 'Restarts': 0, 'SiteHistory': [], 'ResidentSetSize': [], 'SubmitTimes': [], 'StartTimes': [], 'EndTimes': [], 'TotalUserCpuTimeHistory': [], 'TotalSysCpuTimeHistory': [], 'WallDurations': [], 'JobIds': [], 'State': 'unsubmitted'}, '1716': {'Retries': 0, 'Restarts': 0, 'SiteHistory': [], 'ResidentSetSize': [], 'SubmitTimes': [], 'StartTimes': [], 'EndTimes': [], 'TotalUserCpuTimeHistory': [], 'TotalSysCpuTimeHistory': [], 'WallDurations': [], 'JobIds': [], 'State': 'unsubmitted'}, '1717': {'Retries': 0, 'Restarts': 0, 'SiteHistory': [], 'ResidentSetSize': [], 'SubmitTimes': [], 'StartTimes': [], 'EndTimes': [], 'TotalUserCpuTimeHistory': [], 'TotalSysCpuTimeHistory': [], 'WallDurations': [], 'JobIds': [], 'State': 'unsubmitted'}, '1718': {'Retries': 0, 'Restarts': 0, 'SiteHistory': [], 'ResidentSetSize': [], 'SubmitTimes': [], 'StartTimes': [], 'EndTimes': [], 'TotalUserCpuTimeHistory': [], 'TotalSysCpuTimeHistory': [], 'WallDurations': [], 'JobIds': [], 'State': 'unsubmitted'}, '1719': {'Retries': 0, 'Restarts': 0, 'SiteHistory': [], 'ResidentSetSize': [], 'SubmitTimes': [], 'StartTimes': [], 'EndTimes': [], 'TotalUserCpuTimeHistory': [], 'TotalSysCpuTimeHistory': [], 'WallDurations': [], 'JobIds': [], 'State': 'unsubmitted'}, '1720': {'Retries': 0, 'Restarts': 0, 'SiteHistory': [], 'ResidentSetSize': [], 'SubmitTimes': [], 'StartTimes': [], 'EndTimes': [], 'TotalUserCpuTimeHistory': [], 'TotalSysCpuTimeHistory': [], 'WallDurations': [], 'JobIds': [], 'State': 'unsubmitted'}, '1721': {'Retries': 0, 'Restarts': 0, 'SiteHistory': [], 'ResidentSetSize': [], 'SubmitTimes': [], 'StartTimes': [], 'EndTimes': [], 'TotalUserCpuTimeHistory': [], 'TotalSysCpuTimeHistory': [], 'WallDurations': [], 'JobIds': [], 'State': 'unsubmitted'}, '1722': {'Retries': 0, 'Restarts': 0, 'SiteHistory': [], 'ResidentSetSize': [], 'SubmitTimes': [], 'StartTimes': [], 'EndTimes': [], 'TotalUserCpuTimeHistory': [], 'TotalSysCpuTimeHistory': [], 'WallDurations': [], 'JobIds': [], 'State': 'unsubmitted'}, '1723': {'Retries': 0, 'Restarts': 0, 'SiteHistory': [], 'ResidentSetSize': [], 'SubmitTimes': [], 'StartTimes': [], 'EndTimes': [], 'TotalUserCpuTimeHistory': [], 'TotalSysCpuTimeHistory': [], 'WallDurations': [], 'JobIds': [], 'State': 'unsubmitted'}, '1724': {'Retries': 0, 'Restarts': 0, 'SiteHistory': [], 'ResidentSetSize': [], 'SubmitTimes': [], 'StartTimes': [], 'EndTimes': [], 'TotalUserCpuTimeHistory': [], 'TotalSysCpuTimeHistory': [], 'WallDurations': [], 'JobIds': [], 'State': 'unsubmitted'}, '1725': {'Retries': 0, 'Restarts': 0, 'SiteHistory': [], 'ResidentSetSize': [], 'SubmitTimes': [], 'StartTimes': [], 'EndTimes': [], 'TotalUserCpuTimeHistory': [], 'TotalSysCpuTimeHistory': [], 'WallDurations': [], 'JobIds': [], 'State': 'unsubmitted'}, '1726': {'Retries': 0, 'Restarts': 0, 'SiteHistory': [], 'ResidentSetSize': [], 'SubmitTimes': [], 'StartTimes': [], 'EndTimes': [], 'TotalUserCpuTimeHistory': [], 'TotalSysCpuTimeHistory': [], 'WallDurations': [], 'JobIds': [], 'State': 'unsubmitted'}, '1727': {'Retries': 0, 'Restarts': 0, 'SiteHistory': [], 'ResidentSetSize': [], 'SubmitTimes': [], 'StartTimes': [], 'EndTimes': [], 'TotalUserCpuTimeHistory': [], 'TotalSysCpuTimeHistory': [], 'WallDurations': [], 'JobIds': [], 'State': 'unsubmitted'}, '1728': {'Retries': 0, 'Restarts': 0, 'SiteHistory': [], 'ResidentSetSize': [], 'SubmitTimes': [], 'StartTimes': [], 'EndTimes': [], 'TotalUserCpuTimeHistory': [], 'TotalSysCpuTimeHistory': [], 'WallDurations': [], 'JobIds': [], 'State': 'unsubmitted'}, '1729': {'Retries': 0, 'Restarts': 0, 'SiteHistory': [], 'ResidentSetSize': [], 'SubmitTimes': [], 'StartTimes': [], 'EndTimes': [], 'TotalUserCpuTimeHistory': [], 'TotalSysCpuTimeHistory': [], 'WallDurations': [], 'JobIds': [], 'State': 'unsubmitted'}, '1730': {'Retries': 0, 'Restarts': 0, 'SiteHistory': [], 'ResidentSetSize': [], 'SubmitTimes': [], 'StartTimes': [], 'EndTimes': [], 'TotalUserCpuTimeHistory': [], 'TotalSysCpuTimeHistory': [], 'WallDurations': [], 'JobIds': [], 'State': 'unsubmitted'}, '1731': {'Retries': 0, 'Restarts': 0, 'SiteHistory': [], 'ResidentSetSize': [], 'SubmitTimes': [], 'StartTimes': [], 'EndTimes': [], 'TotalUserCpuTimeHistory': [], 'TotalSysCpuTimeHistory': [], 'WallDurations': [], 'JobIds': [], 'State': 'unsubmitted'}, '1732': {'Retries': 0, 'Restarts': 0, 'SiteHistory': [], 'ResidentSetSize': [], 'SubmitTimes': [], 'StartTimes': [], 'EndTimes': [], 'TotalUserCpuTimeHistory': [], 'TotalSysCpuTimeHistory': [], 'WallDurations': [], 'JobIds': [], 'State': 'unsubmitted'}, '1733': {'Retries': 0, 'Restarts': 0, 'SiteHistory': [], 'ResidentSetSize': [], 'SubmitTimes': [], 'StartTimes': [], 'EndTimes': [], 'TotalUserCpuTimeHistory': [], 'TotalSysCpuTimeHistory': [], 'WallDurations': [], 'JobIds': [], 'State': 'unsubmitted'}, '1734': {'Retries': 0, 'Restarts': 0, 'SiteHistory': [], 'ResidentSetSize': [], 'SubmitTimes': [], 'StartTimes': [], 'EndTimes': [], 'TotalUserCpuTimeHistory': [], 'TotalSysCpuTimeHistory': [], 'WallDurations': [], 'JobIds': [], 'State': 'unsubmitted'}, '1735': {'Retries': 0, 'Restarts': 0, 'SiteHistory': [], 'ResidentSetSize': [], 'SubmitTimes': [], 'StartTimes': [], 'EndTimes': [], 'TotalUserCpuTimeHistory': [], 'TotalSysCpuTimeHistory': [], 'WallDurations': [], 'JobIds': [], 'State': 'unsubmitted'}, '1736': {'Retries': 0, 'Restarts': 0, 'SiteHistory': [], 'ResidentSetSize': [], 'SubmitTimes': [], 'StartTimes': [], 'EndTimes': [], 'TotalUserCpuTimeHistory': [], 'TotalSysCpuTimeHistory': [], 'WallDurations': [], 'JobIds': [], 'State': 'unsubmitted'}, '1737': {'Retries': 0, 'Restarts': 0, 'SiteHistory': [], 'ResidentSetSize': [], 'SubmitTimes': [], 'StartTimes': [], 'EndTimes': [], 'TotalUserCpuTimeHistory': [], 'TotalSysCpuTimeHistory': [], 'WallDurations': [], 'JobIds': [], 'State': 'unsubmitted'}, '1738': {'Retries': 0, 'Restarts': 0, 'SiteHistory': [], 'ResidentSetSize': [], 'SubmitTimes': [], 'StartTimes': [], 'EndTimes': [], 'TotalUserCpuTimeHistory': [], 'TotalSysCpuTimeHistory': [], 'WallDurations': [], 'JobIds': [], 'State': 'unsubmitted'}, '1739': {'Retries': 0, 'Restarts': 0, 'SiteHistory': [], 'ResidentSetSize': [], 'SubmitTimes': [], 'StartTimes': [], 'EndTimes': [], 'TotalUserCpuTimeHistory': [], 'TotalSysCpuTimeHistory': [], 'WallDurations': [], 'JobIds': [], 'State': 'unsubmitted'}, '1740': {'Retries': 0, 'Restarts': 0, 'SiteHistory': [], 'ResidentSetSize': [], 'SubmitTimes': [], 'StartTimes': [], 'EndTimes': [], 'TotalUserCpuTimeHistory': [], 'TotalSysCpuTimeHistory': [], 'WallDurations': [], 'JobIds': [], 'State': 'unsubmitted'}, '1741': {'Retries': 0, 'Restarts': 0, 'SiteHistory': [], 'ResidentSetSize': [], 'SubmitTimes': [], 'StartTimes': [], 'EndTimes': [], 'TotalUserCpuTimeHistory': [], 'TotalSysCpuTimeHistory': [], 'WallDurations': [], 'JobIds': [], 'State': 'unsubmitted'}, '1742': {'Retries': 0, 'Restarts': 0, 'SiteHistory': [], 'ResidentSetSize': [], 'SubmitTimes': [], 'StartTimes': [], 'EndTimes': [], 'TotalUserCpuTimeHistory': [], 'TotalSysCpuTimeHistory': [], 'WallDurations': [], 'JobIds': [], 'State': 'unsubmitted'}, '1743': {'Retries': 0, 'Restarts': 0, 'SiteHistory': [], 'ResidentSetSize': [], 'SubmitTimes': [], 'StartTimes': [], 'EndTimes': [], 'TotalUserCpuTimeHistory': [], 'TotalSysCpuTimeHistory': [], 'WallDurations': [], 'JobIds': [], 'State': 'unsubmitted'}, '1744': {'Retries': 0, 'Restarts': 0, 'SiteHistory': [], 'ResidentSetSize': [], 'SubmitTimes': [], 'StartTimes': [], 'EndTimes': [], 'TotalUserCpuTimeHistory': [], 'TotalSysCpuTimeHistory': [], 'WallDurations': [], 'JobIds': [], 'State': 'unsubmitted'}, '1745': {'Retries': 0, 'Restarts': 0, 'SiteHistory': [], 'ResidentSetSize': [], 'SubmitTimes': [], 'StartTimes': [], 'EndTimes': [], 'TotalUserCpuTimeHistory': [], 'TotalSysCpuTimeHistory': [], 'WallDurations': [], 'JobIds': [], 'State': 'unsubmitted'}, '1746': {'Retries': 0, 'Restarts': 0, 'SiteHistory': [], 'ResidentSetSize': [], 'SubmitTimes': [], 'StartTimes': [], 'EndTimes': [], 'TotalUserCpuTimeHistory': [], 'TotalSysCpuTimeHistory': [], 'WallDurations': [], 'JobIds': [], 'State': 'unsubmitted'}, '1747': {'Retries': 0, 'Restarts': 0, 'SiteHistory': [], 'ResidentSetSize': [], 'SubmitTimes': [], 'StartTimes': [], 'EndTimes': [], 'TotalUserCpuTimeHistory': [], 'TotalSysCpuTimeHistory': [], 'WallDurations': [], 'JobIds': [], 'State': 'unsubmitted'}, '1748': {'Retries': 0, 'Restarts': 0, 'SiteHistory': [], 'ResidentSetSize': [], 'SubmitTimes': [], 'StartTimes': [], 'EndTimes': [], 'TotalUserCpuTimeHistory': [], 'TotalSysCpuTimeHistory': [], 'WallDurations': [], 'JobIds': [], 'State': 'unsubmitted'}, '1749': {'Retries': 0, 'Restarts': 0, 'SiteHistory': [], 'ResidentSetSize': [], 'SubmitTimes': [], 'StartTimes': [], 'EndTimes': [], 'TotalUserCpuTimeHistory': [], 'TotalSysCpuTimeHistory': [], 'WallDurations': [], 'JobIds': [], 'State': 'unsubmitted'}, '1750': {'Retries': 0, 'Restarts': 0, 'SiteHistory': [], 'ResidentSetSize': [], 'SubmitTimes': [], 'StartTimes': [], 'EndTimes': [], 'TotalUserCpuTimeHistory': [], 'TotalSysCpuTimeHistory': [], 'WallDurations': [], 'JobIds': [], 'State': 'unsubmitted'}, '1751': {'Retries': 0, 'Restarts': 0, 'SiteHistory': [], 'ResidentSetSize': [], 'SubmitTimes': [], 'StartTimes': [], 'EndTimes': [], 'TotalUserCpuTimeHistory': [], 'TotalSysCpuTimeHistory': [], 'WallDurations': [], 'JobIds': [], 'State': 'unsubmitted'}, '1752': {'Retries': 0, 'Restarts': 0, 'SiteHistory': [], 'ResidentSetSize': [], 'SubmitTimes': [], 'StartTimes': [], 'EndTimes': [], 'TotalUserCpuTimeHistory': [], 'TotalSysCpuTimeHistory': [], 'WallDurations': [], 'JobIds': [], 'State': 'unsubmitted'}, '1753': {'Retries': 0, 'Restarts': 0, 'SiteHistory': [], 'ResidentSetSize': [], 'SubmitTimes': [], 'StartTimes': [], 'EndTimes': [], 'TotalUserCpuTimeHistory': [], 'TotalSysCpuTimeHistory': [], 'WallDurations': [], 'JobIds': [], 'State': 'unsubmitted'}, '1754': {'Retries': 0, 'Restarts': 0, 'SiteHistory': [], 'ResidentSetSize': [], 'SubmitTimes': [], 'StartTimes': [], 'EndTimes': [], 'TotalUserCpuTimeHistory': [], 'TotalSysCpuTimeHistory': [], 'WallDurations': [], 'JobIds': [], 'State': 'unsubmitted'}, '1755': {'Retries': 0, 'Restarts': 0, 'SiteHistory': [], 'ResidentSetSize': [], 'SubmitTimes': [], 'StartTimes': [], 'EndTimes': [], 'TotalUserCpuTimeHistory': [], 'TotalSysCpuTimeHistory': [], 'WallDurations': [], 'JobIds': [], 'State': 'unsubmitted'}, '1756': {'Retries': 0, 'Restarts': 0, 'SiteHistory': [], 'ResidentSetSize': [], 'SubmitTimes': [], 'StartTimes': [], 'EndTimes': [], 'TotalUserCpuTimeHistory': [], 'TotalSysCpuTimeHistory': [], 'WallDurations': [], 'JobIds': [], 'State': 'unsubmitted'}, '1757': {'Retries': 0, 'Restarts': 0, 'SiteHistory': [], 'ResidentSetSize': [], 'SubmitTimes': [], 'StartTimes': [], 'EndTimes': [], 'TotalUserCpuTimeHistory': [], 'TotalSysCpuTimeHistory': [], 'WallDurations': [], 'JobIds': [], 'State': 'unsubmitted'}, '1758': {'Retries': 0, 'Restarts': 0, 'SiteHistory': [], 'ResidentSetSize': [], 'SubmitTimes': [], 'StartTimes': [], 'EndTimes': [], 'TotalUserCpuTimeHistory': [], 'TotalSysCpuTimeHistory': [], 'WallDurations': [], 'JobIds': [], 'State': 'unsubmitted'}, '1759': {'Retries': 0, 'Restarts': 0, 'SiteHistory': [], 'ResidentSetSize': [], 'SubmitTimes': [], 'StartTimes': [], 'EndTimes': [], 'TotalUserCpuTimeHistory': [], 'TotalSysCpuTimeHistory': [], 'WallDurations': [], 'JobIds': [], 'State': 'unsubmitted'}, '1760': {'Retries': 0, 'Restarts': 0, 'SiteHistory': [], 'ResidentSetSize': [], 'SubmitTimes': [], 'StartTimes': [], 'EndTimes': [], 'TotalUserCpuTimeHistory': [], 'TotalSysCpuTimeHistory': [], 'WallDurations': [], 'JobIds': [], 'State': 'unsubmitted'}, '1761': {'Retries': 0, 'Restarts': 0, 'SiteHistory': [], 'ResidentSetSize': [], 'SubmitTimes': [], 'StartTimes': [], 'EndTimes': [], 'TotalUserCpuTimeHistory': [], 'TotalSysCpuTimeHistory': [], 'WallDurations': [], 'JobIds': [], 'State': 'unsubmitted'}, '1762': {'Retries': 0, 'Restarts': 0, 'SiteHistory': [], 'ResidentSetSize': [], 'SubmitTimes': [], 'StartTimes': [], 'EndTimes': [], 'TotalUserCpuTimeHistory': [], 'TotalSysCpuTimeHistory': [], 'WallDurations': [], 'JobIds': [], 'State': 'unsubmitted'}, '1763': {'Retries': 0, 'Restarts': 0, 'SiteHistory': [], 'ResidentSetSize': [], 'SubmitTimes': [], 'StartTimes': [], 'EndTimes': [], 'TotalUserCpuTimeHistory': [], 'TotalSysCpuTimeHistory': [], 'WallDurations': [], 'JobIds': [], 'State': 'unsubmitted'}, '1764': {'Retries': 0, 'Restarts': 0, 'SiteHistory': [], 'ResidentSetSize': [], 'SubmitTimes': [], 'StartTimes': [], 'EndTimes': [], 'TotalUserCpuTimeHistory': [], 'TotalSysCpuTimeHistory': [], 'WallDurations': [], 'JobIds': [], 'State': 'unsubmitted'}, '1765': {'Retries': 0, 'Restarts': 0, 'SiteHistory': [], 'ResidentSetSize': [], 'SubmitTimes': [], 'StartTimes': [], 'EndTimes': [], 'TotalUserCpuTimeHistory': [], 'TotalSysCpuTimeHistory': [], 'WallDurations': [], 'JobIds': [], 'State': 'unsubmitted'}, '1766': {'Retries': 0, 'Restarts': 0, 'SiteHistory': [], 'ResidentSetSize': [], 'SubmitTimes': [], 'StartTimes': [], 'EndTimes': [], 'TotalUserCpuTimeHistory': [], 'TotalSysCpuTimeHistory': [], 'WallDurations': [], 'JobIds': [], 'State': 'unsubmitted'}, '1767': {'Retries': 0, 'Restarts': 0, 'SiteHistory': [], 'ResidentSetSize': [], 'SubmitTimes': [], 'StartTimes': [], 'EndTimes': [], 'TotalUserCpuTimeHistory': [], 'TotalSysCpuTimeHistory': [], 'WallDurations': [], 'JobIds': [], 'State': 'unsubmitted'}, '1768': {'Retries': 0, 'Restarts': 0, 'SiteHistory': [], 'ResidentSetSize': [], 'SubmitTimes': [], 'StartTimes': [], 'EndTimes': [], 'TotalUserCpuTimeHistory': [], 'TotalSysCpuTimeHistory': [], 'WallDurations': [], 'JobIds': [], 'State': 'unsubmitted'}, '1769': {'Retries': 0, 'Restarts': 0, 'SiteHistory': [], 'ResidentSetSize': [], 'SubmitTimes': [], 'StartTimes': [], 'EndTimes': [], 'TotalUserCpuTimeHistory': [], 'TotalSysCpuTimeHistory': [], 'WallDurations': [], 'JobIds': [], 'State': 'unsubmitted'}, '1770': {'Retries': 0, 'Restarts': 0, 'SiteHistory': [], 'ResidentSetSize': [], 'SubmitTimes': [], 'StartTimes': [], 'EndTimes': [], 'TotalUserCpuTimeHistory': [], 'TotalSysCpuTimeHistory': [], 'WallDurations': [], 'JobIds': [], 'State': 'unsubmitted'}, '1771': {'Retries': 0, 'Restarts': 0, 'SiteHistory': [], 'ResidentSetSize': [], 'SubmitTimes': [], 'StartTimes': [], 'EndTimes': [], 'TotalUserCpuTimeHistory': [], 'TotalSysCpuTimeHistory': [], 'WallDurations': [], 'JobIds': [], 'State': 'unsubmitted'}, '1772': {'Retries': 0, 'Restarts': 0, 'SiteHistory': [], 'ResidentSetSize': [], 'SubmitTimes': [], 'StartTimes': [], 'EndTimes': [], 'TotalUserCpuTimeHistory': [], 'TotalSysCpuTimeHistory': [], 'WallDurations': [], 'JobIds': [], 'State': 'unsubmitted'}, '1773': {'Retries': 0, 'Restarts': 0, 'SiteHistory': [], 'ResidentSetSize': [], 'SubmitTimes': [], 'StartTimes': [], 'EndTimes': [], 'TotalUserCpuTimeHistory': [], 'TotalSysCpuTimeHistory': [], 'WallDurations': [], 'JobIds': [], 'State': 'unsubmitted'}, '1774': {'Retries': 0, 'Restarts': 0, 'SiteHistory': [], 'ResidentSetSize': [], 'SubmitTimes': [], 'StartTimes': [], 'EndTimes': [], 'TotalUserCpuTimeHistory': [], 'TotalSysCpuTimeHistory': [], 'WallDurations': [], 'JobIds': [], 'State': 'unsubmitted'}, '1775': {'Retries': 0, 'Restarts': 0, 'SiteHistory': [], 'ResidentSetSize': [], 'SubmitTimes': [], 'StartTimes': [], 'EndTimes': [], 'TotalUserCpuTimeHistory': [], 'TotalSysCpuTimeHistory': [], 'WallDurations': [], 'JobIds': [], 'State': 'unsubmitted'}, '1776': {'Retries': 0, 'Restarts': 0, 'SiteHistory': [], 'ResidentSetSize': [], 'SubmitTimes': [], 'StartTimes': [], 'EndTimes': [], 'TotalUserCpuTimeHistory': [], 'TotalSysCpuTimeHistory': [], 'WallDurations': [], 'JobIds': [], 'State': 'unsubmitted'}, '1777': {'Retries': 0, 'Restarts': 0, 'SiteHistory': [], 'ResidentSetSize': [], 'SubmitTimes': [], 'StartTimes': [], 'EndTimes': [], 'TotalUserCpuTimeHistory': [], 'TotalSysCpuTimeHistory': [], 'WallDurations': [], 'JobIds': [], 'State': 'unsubmitted'}, '1778': {'Retries': 0, 'Restarts': 0, 'SiteHistory': [], 'ResidentSetSize': [], 'SubmitTimes': [], 'StartTimes': [], 'EndTimes': [], 'TotalUserCpuTimeHistory': [], 'TotalSysCpuTimeHistory': [], 'WallDurations': [], 'JobIds': [], 'State': 'unsubmitted'}, '1779': {'Retries': 0, 'Restarts': 0, 'SiteHistory': [], 'ResidentSetSize': [], 'SubmitTimes': [], 'StartTimes': [], 'EndTimes': [], 'TotalUserCpuTimeHistory': [], 'TotalSysCpuTimeHistory': [], 'WallDurations': [], 'JobIds': [], 'State': 'unsubmitted'}, '1780': {'Retries': 0, 'Restarts': 0, 'SiteHistory': [], 'ResidentSetSize': [], 'SubmitTimes': [], 'StartTimes': [], 'EndTimes': [], 'TotalUserCpuTimeHistory': [], 'TotalSysCpuTimeHistory': [], 'WallDurations': [], 'JobIds': [], 'State': 'unsubmitted'}, '1781': {'Retries': 0, 'Restarts': 0, 'SiteHistory': [], 'ResidentSetSize': [], 'SubmitTimes': [], 'StartTimes': [], 'EndTimes': [], 'TotalUserCpuTimeHistory': [], 'TotalSysCpuTimeHistory': [], 'WallDurations': [], 'JobIds': [], 'State': 'unsubmitted'}, '1782': {'Retries': 0, 'Restarts': 0, 'SiteHistory': [], 'ResidentSetSize': [], 'SubmitTimes': [], 'StartTimes': [], 'EndTimes': [], 'TotalUserCpuTimeHistory': [], 'TotalSysCpuTimeHistory': [], 'WallDurations': [], 'JobIds': [], 'State': 'unsubmitted'}, '1783': {'Retries': 0, 'Restarts': 0, 'SiteHistory': [], 'ResidentSetSize': [], 'SubmitTimes': [], 'StartTimes': [], 'EndTimes': [], 'TotalUserCpuTimeHistory': [], 'TotalSysCpuTimeHistory': [], 'WallDurations': [], 'JobIds': [], 'State': 'unsubmitted'}, '1784': {'Retries': 0, 'Restarts': 0, 'SiteHistory': [], 'ResidentSetSize': [], 'SubmitTimes': [], 'StartTimes': [], 'EndTimes': [], 'TotalUserCpuTimeHistory': [], 'TotalSysCpuTimeHistory': [], 'WallDurations': [], 'JobIds': [], 'State': 'unsubmitted'}, '1785': {'Retries': 0, 'Restarts': 0, 'SiteHistory': [], 'ResidentSetSize': [], 'SubmitTimes': [], 'StartTimes': [], 'EndTimes': [], 'TotalUserCpuTimeHistory': [], 'TotalSysCpuTimeHistory': [], 'WallDurations': [], 'JobIds': [], 'State': 'unsubmitted'}, '1786': {'Retries': 0, 'Restarts': 0, 'SiteHistory': [], 'ResidentSetSize': [], 'SubmitTimes': [], 'StartTimes': [], 'EndTimes': [], 'TotalUserCpuTimeHistory': [], 'TotalSysCpuTimeHistory': [], 'WallDurations': [], 'JobIds': [], 'State': 'unsubmitted'}, '1787': {'Retries': 0, 'Restarts': 0, 'SiteHistory': [], 'ResidentSetSize': [], 'SubmitTimes': [], 'StartTimes': [], 'EndTimes': [], 'TotalUserCpuTimeHistory': [], 'TotalSysCpuTimeHistory': [], 'WallDurations': [], 'JobIds': [], 'State': 'unsubmitted'}, '1788': {'Retries': 0, 'Restarts': 0, 'SiteHistory': [], 'ResidentSetSize': [], 'SubmitTimes': [], 'StartTimes': [], 'EndTimes': [], 'TotalUserCpuTimeHistory': [], 'TotalSysCpuTimeHistory': [], 'WallDurations': [], 'JobIds': [], 'State': 'unsubmitted'}, '1789': {'Retries': 0, 'Restarts': 0, 'SiteHistory': [], 'ResidentSetSize': [], 'SubmitTimes': [], 'StartTimes': [], 'EndTimes': [], 'TotalUserCpuTimeHistory': [], 'TotalSysCpuTimeHistory': [], 'WallDurations': [], 'JobIds': [], 'State': 'unsubmitted'}, '1790': {'Retries': 0, 'Restarts': 0, 'SiteHistory': [], 'ResidentSetSize': [], 'SubmitTimes': [], 'StartTimes': [], 'EndTimes': [], 'TotalUserCpuTimeHistory': [], 'TotalSysCpuTimeHistory': [], 'WallDurations': [], 'JobIds': [], 'State': 'unsubmitted'}, '1791': {'Retries': 0, 'Restarts': 0, 'SiteHistory': [], 'ResidentSetSize': [], 'SubmitTimes': [], 'StartTimes': [], 'EndTimes': [], 'TotalUserCpuTimeHistory': [], 'TotalSysCpuTimeHistory': [], 'WallDurations': [], 'JobIds': [], 'State': 'unsubmitted'}, '1792': {'Retries': 0, 'Restarts': 0, 'SiteHistory': [], 'ResidentSetSize': [], 'SubmitTimes': [], 'StartTimes': [], 'EndTimes': [], 'TotalUserCpuTimeHistory': [], 'TotalSysCpuTimeHistory': [], 'WallDurations': [], 'JobIds': [], 'State': 'unsubmitted'}, '1793': {'Retries': 0, 'Restarts': 0, 'SiteHistory': [], 'ResidentSetSize': [], 'SubmitTimes': [], 'StartTimes': [], 'EndTimes': [], 'TotalUserCpuTimeHistory': [], 'TotalSysCpuTimeHistory': [], 'WallDurations': [], 'JobIds': [], 'State': 'unsubmitted'}, '1794': {'Retries': 0, 'Restarts': 0, 'SiteHistory': [], 'ResidentSetSize': [], 'SubmitTimes': [], 'StartTimes': [], 'EndTimes': [], 'TotalUserCpuTimeHistory': [], 'TotalSysCpuTimeHistory': [], 'WallDurations': [], 'JobIds': [], 'State': 'unsubmitted'}, '1795': {'Retries': 0, 'Restarts': 0, 'SiteHistory': [], 'ResidentSetSize': [], 'SubmitTimes': [], 'StartTimes': [], 'EndTimes': [], 'TotalUserCpuTimeHistory': [], 'TotalSysCpuTimeHistory': [], 'WallDurations': [], 'JobIds': [], 'State': 'unsubmitted'}, '1796': {'Retries': 0, 'Restarts': 0, 'SiteHistory': [], 'ResidentSetSize': [], 'SubmitTimes': [], 'StartTimes': [], 'EndTimes': [], 'TotalUserCpuTimeHistory': [], 'TotalSysCpuTimeHistory': [], 'WallDurations': [], 'JobIds': [], 'State': 'unsubmitted'}, '1797': {'Retries': 0, 'Restarts': 0, 'SiteHistory': [], 'ResidentSetSize': [], 'SubmitTimes': [], 'StartTimes': [], 'EndTimes': [], 'TotalUserCpuTimeHistory': [], 'TotalSysCpuTimeHistory': [], 'WallDurations': [], 'JobIds': [], 'State': 'unsubmitted'}, '1798': {'Retries': 0, 'Restarts': 0, 'SiteHistory': [], 'ResidentSetSize': [], 'SubmitTimes': [], 'StartTimes': [], 'EndTimes': [], 'TotalUserCpuTimeHistory': [], 'TotalSysCpuTimeHistory': [], 'WallDurations': [], 'JobIds': [], 'State': 'unsubmitted'}, '1799': {'Retries': 0, 'Restarts': 0, 'SiteHistory': [], 'ResidentSetSize': [], 'SubmitTimes': [], 'StartTimes': [], 'EndTimes': [], 'TotalUserCpuTimeHistory': [], 'TotalSysCpuTimeHistory': [], 'WallDurations': [], 'JobIds': [], 'State': 'unsubmitted'}, '1800': {'Retries': 0, 'Restarts': 0, 'SiteHistory': [], 'ResidentSetSize': [], 'SubmitTimes': [], 'StartTimes': [], 'EndTimes': [], 'TotalUserCpuTimeHistory': [], 'TotalSysCpuTimeHistory': [], 'WallDurations': [], 'JobIds': [], 'State': 'unsubmitted'}, '1801': {'Retries': 0, 'Restarts': 0, 'SiteHistory': [], 'ResidentSetSize': [], 'SubmitTimes': [], 'StartTimes': [], 'EndTimes': [], 'TotalUserCpuTimeHistory': [], 'TotalSysCpuTimeHistory': [], 'WallDurations': [], 'JobIds': [], 'State': 'unsubmitted'}, '1802': {'Retries': 0, 'Restarts': 0, 'SiteHistory': [], 'ResidentSetSize': [], 'SubmitTimes': [], 'StartTimes': [], 'EndTimes': [], 'TotalUserCpuTimeHistory': [], 'TotalSysCpuTimeHistory': [], 'WallDurations': [], 'JobIds': [], 'State': 'unsubmitted'}, '1803': {'Retries': 0, 'Restarts': 0, 'SiteHistory': [], 'ResidentSetSize': [], 'SubmitTimes': [], 'StartTimes': [], 'EndTimes': [], 'TotalUserCpuTimeHistory': [], 'TotalSysCpuTimeHistory': [], 'WallDurations': [], 'JobIds': [], 'State': 'unsubmitted'}, '1804': {'Retries': 0, 'Restarts': 0, 'SiteHistory': [], 'ResidentSetSize': [], 'SubmitTimes': [], 'StartTimes': [], 'EndTimes': [], 'TotalUserCpuTimeHistory': [], 'TotalSysCpuTimeHistory': [], 'WallDurations': [], 'JobIds': [], 'State': 'unsubmitted'}, '1805': {'Retries': 0, 'Restarts': 0, 'SiteHistory': [], 'ResidentSetSize': [], 'SubmitTimes': [], 'StartTimes': [], 'EndTimes': [], 'TotalUserCpuTimeHistory': [], 'TotalSysCpuTimeHistory': [], 'WallDurations': [], 'JobIds': [], 'State': 'unsubmitted'}, '1806': {'Retries': 0, 'Restarts': 0, 'SiteHistory': [], 'ResidentSetSize': [], 'SubmitTimes': [], 'StartTimes': [], 'EndTimes': [], 'TotalUserCpuTimeHistory': [], 'TotalSysCpuTimeHistory': [], 'WallDurations': [], 'JobIds': [], 'State': 'unsubmitted'}, '1807': {'Retries': 0, 'Restarts': 0, 'SiteHistory': [], 'ResidentSetSize': [], 'SubmitTimes': [], 'StartTimes': [], 'EndTimes': [], 'TotalUserCpuTimeHistory': [], 'TotalSysCpuTimeHistory': [], 'WallDurations': [], 'JobIds': [], 'State': 'unsubmitted'}, '1808': {'Retries': 0, 'Restarts': 0, 'SiteHistory': [], 'ResidentSetSize': [], 'SubmitTimes': [], 'StartTimes': [], 'EndTimes': [], 'TotalUserCpuTimeHistory': [], 'TotalSysCpuTimeHistory': [], 'WallDurations': [], 'JobIds': [], 'State': 'unsubmitted'}, '1809': {'Retries': 0, 'Restarts': 0, 'SiteHistory': [], 'ResidentSetSize': [], 'SubmitTimes': [], 'StartTimes': [], 'EndTimes': [], 'TotalUserCpuTimeHistory': [], 'TotalSysCpuTimeHistory': [], 'WallDurations': [], 'JobIds': [], 'State': 'unsubmitted'}, '1810': {'Retries': 0, 'Restarts': 0, 'SiteHistory': [], 'ResidentSetSize': [], 'SubmitTimes': [], 'StartTimes': [], 'EndTimes': [], 'TotalUserCpuTimeHistory': [], 'TotalSysCpuTimeHistory': [], 'WallDurations': [], 'JobIds': [], 'State': 'unsubmitted'}, '1811': {'Retries': 0, 'Restarts': 0, 'SiteHistory': [], 'ResidentSetSize': [], 'SubmitTimes': [], 'StartTimes': [], 'EndTimes': [], 'TotalUserCpuTimeHistory': [], 'TotalSysCpuTimeHistory': [], 'WallDurations': [], 'JobIds': [], 'State': 'unsubmitted'}, '1812': {'Retries': 0, 'Restarts': 0, 'SiteHistory': [], 'ResidentSetSize': [], 'SubmitTimes': [], 'StartTimes': [], 'EndTimes': [], 'TotalUserCpuTimeHistory': [], 'TotalSysCpuTimeHistory': [], 'WallDurations': [], 'JobIds': [], 'State': 'unsubmitted'}, '1813': {'Retries': 0, 'Restarts': 0, 'SiteHistory': [], 'ResidentSetSize': [], 'SubmitTimes': [], 'StartTimes': [], 'EndTimes': [], 'TotalUserCpuTimeHistory': [], 'TotalSysCpuTimeHistory': [], 'WallDurations': [], 'JobIds': [], 'State': 'unsubmitted'}, '1814': {'Retries': 0, 'Restarts': 0, 'SiteHistory': [], 'ResidentSetSize': [], 'SubmitTimes': [], 'StartTimes': [], 'EndTimes': [], 'TotalUserCpuTimeHistory': [], 'TotalSysCpuTimeHistory': [], 'WallDurations': [], 'JobIds': [], 'State': 'unsubmitted'}, '1815': {'Retries': 0, 'Restarts': 0, 'SiteHistory': [], 'ResidentSetSize': [], 'SubmitTimes': [], 'StartTimes': [], 'EndTimes': [], 'TotalUserCpuTimeHistory': [], 'TotalSysCpuTimeHistory': [], 'WallDurations': [], 'JobIds': [], 'State': 'unsubmitted'}, '1816': {'Retries': 0, 'Restarts': 0, 'SiteHistory': [], 'ResidentSetSize': [], 'SubmitTimes': [], 'StartTimes': [], 'EndTimes': [], 'TotalUserCpuTimeHistory': [], 'TotalSysCpuTimeHistory': [], 'WallDurations': [], 'JobIds': [], 'State': 'unsubmitted'}, '1817': {'Retries': 0, 'Restarts': 0, 'SiteHistory': [], 'ResidentSetSize': [], 'SubmitTimes': [], 'StartTimes': [], 'EndTimes': [], 'TotalUserCpuTimeHistory': [], 'TotalSysCpuTimeHistory': [], 'WallDurations': [], 'JobIds': [], 'State': 'unsubmitted'}, '1818': {'Retries': 0, 'Restarts': 0, 'SiteHistory': [], 'ResidentSetSize': [], 'SubmitTimes': [], 'StartTimes': [], 'EndTimes': [], 'TotalUserCpuTimeHistory': [], 'TotalSysCpuTimeHistory': [], 'WallDurations': [], 'JobIds': [], 'State': 'unsubmitted'}, '1819': {'Retries': 0, 'Restarts': 0, 'SiteHistory': [], 'ResidentSetSize': [], 'SubmitTimes': [], 'StartTimes': [], 'EndTimes': [], 'TotalUserCpuTimeHistory': [], 'TotalSysCpuTimeHistory': [], 'WallDurations': [], 'JobIds': [], 'State': 'unsubmitted'}, '1820': {'Retries': 0, 'Restarts': 0, 'SiteHistory': [], 'ResidentSetSize': [], 'SubmitTimes': [], 'StartTimes': [], 'EndTimes': [], 'TotalUserCpuTimeHistory': [], 'TotalSysCpuTimeHistory': [], 'WallDurations': [], 'JobIds': [], 'State': 'unsubmitted'}, '1821': {'Retries': 0, 'Restarts': 0, 'SiteHistory': [], 'ResidentSetSize': [], 'SubmitTimes': [], 'StartTimes': [], 'EndTimes': [], 'TotalUserCpuTimeHistory': [], 'TotalSysCpuTimeHistory': [], 'WallDurations': [], 'JobIds': [], 'State': 'unsubmitted'}, '1822': {'Retries': 0, 'Restarts': 0, 'SiteHistory': [], 'ResidentSetSize': [], 'SubmitTimes': [], 'StartTimes': [], 'EndTimes': [], 'TotalUserCpuTimeHistory': [], 'TotalSysCpuTimeHistory': [], 'WallDurations': [], 'JobIds': [], 'State': 'unsubmitted'}, '1823': {'Retries': 0, 'Restarts': 0, 'SiteHistory': [], 'ResidentSetSize': [], 'SubmitTimes': [], 'StartTimes': [], 'EndTimes': [], 'TotalUserCpuTimeHistory': [], 'TotalSysCpuTimeHistory': [], 'WallDurations': [], 'JobIds': [], 'State': 'unsubmitted'}, '1824': {'Retries': 0, 'Restarts': 0, 'SiteHistory': [], 'ResidentSetSize': [], 'SubmitTimes': [], 'StartTimes': [], 'EndTimes': [], 'TotalUserCpuTimeHistory': [], 'TotalSysCpuTimeHistory': [], 'WallDurations': [], 'JobIds': [], 'State': 'unsubmitted'}, '1825': {'Retries': 0, 'Restarts': 0, 'SiteHistory': [], 'ResidentSetSize': [], 'SubmitTimes': [], 'StartTimes': [], 'EndTimes': [], 'TotalUserCpuTimeHistory': [], 'TotalSysCpuTimeHistory': [], 'WallDurations': [], 'JobIds': [], 'State': 'unsubmitted'}, '1826': {'Retries': 0, 'Restarts': 0, 'SiteHistory': [], 'ResidentSetSize': [], 'SubmitTimes': [], 'StartTimes': [], 'EndTimes': [], 'TotalUserCpuTimeHistory': [], 'TotalSysCpuTimeHistory': [], 'WallDurations': [], 'JobIds': [], 'State': 'unsubmitted'}, '1827': {'Retries': 0, 'Restarts': 0, 'SiteHistory': [], 'ResidentSetSize': [], 'SubmitTimes': [], 'StartTimes': [], 'EndTimes': [], 'TotalUserCpuTimeHistory': [], 'TotalSysCpuTimeHistory': [], 'WallDurations': [], 'JobIds': [], 'State': 'unsubmitted'}, '1828': {'Retries': 0, 'Restarts': 0, 'SiteHistory': [], 'ResidentSetSize': [], 'SubmitTimes': [], 'StartTimes': [], 'EndTimes': [], 'TotalUserCpuTimeHistory': [], 'TotalSysCpuTimeHistory': [], 'WallDurations': [], 'JobIds': [], 'State': 'unsubmitted'}, '1829': {'Retries': 0, 'Restarts': 0, 'SiteHistory': [], 'ResidentSetSize': [], 'SubmitTimes': [], 'StartTimes': [], 'EndTimes': [], 'TotalUserCpuTimeHistory': [], 'TotalSysCpuTimeHistory': [], 'WallDurations': [], 'JobIds': [], 'State': 'unsubmitted'}, '1830': {'Retries': 0, 'Restarts': 0, 'SiteHistory': [], 'ResidentSetSize': [], 'SubmitTimes': [], 'StartTimes': [], 'EndTimes': [], 'TotalUserCpuTimeHistory': [], 'TotalSysCpuTimeHistory': [], 'WallDurations': [], 'JobIds': [], 'State': 'unsubmitted'}, '1831': {'Retries': 0, 'Restarts': 0, 'SiteHistory': [], 'ResidentSetSize': [], 'SubmitTimes': [], 'StartTimes': [], 'EndTimes': [], 'TotalUserCpuTimeHistory': [], 'TotalSysCpuTimeHistory': [], 'WallDurations': [], 'JobIds': [], 'State': 'unsubmitted'}, '1832': {'Retries': 0, 'Restarts': 0, 'SiteHistory': [], 'ResidentSetSize': [], 'SubmitTimes': [], 'StartTimes': [], 'EndTimes': [], 'TotalUserCpuTimeHistory': [], 'TotalSysCpuTimeHistory': [], 'WallDurations': [], 'JobIds': [], 'State': 'unsubmitted'}, '1833': {'Retries': 0, 'Restarts': 0, 'SiteHistory': [], 'ResidentSetSize': [], 'SubmitTimes': [], 'StartTimes': [], 'EndTimes': [], 'TotalUserCpuTimeHistory': [], 'TotalSysCpuTimeHistory': [], 'WallDurations': [], 'JobIds': [], 'State': 'unsubmitted'}, '1834': {'Retries': 0, 'Restarts': 0, 'SiteHistory': [], 'ResidentSetSize': [], 'SubmitTimes': [], 'StartTimes': [], 'EndTimes': [], 'TotalUserCpuTimeHistory': [], 'TotalSysCpuTimeHistory': [], 'WallDurations': [], 'JobIds': [], 'State': 'unsubmitted'}, '1835': {'Retries': 0, 'Restarts': 0, 'SiteHistory': [], 'ResidentSetSize': [], 'SubmitTimes': [], 'StartTimes': [], 'EndTimes': [], 'TotalUserCpuTimeHistory': [], 'TotalSysCpuTimeHistory': [], 'WallDurations': [], 'JobIds': [], 'State': 'unsubmitted'}, '1836': {'Retries': 0, 'Restarts': 0, 'SiteHistory': [], 'ResidentSetSize': [], 'SubmitTimes': [], 'StartTimes': [], 'EndTimes': [], 'TotalUserCpuTimeHistory': [], 'TotalSysCpuTimeHistory': [], 'WallDurations': [], 'JobIds': [], 'State': 'unsubmitted'}, '1837': {'Retries': 0, 'Restarts': 0, 'SiteHistory': [], 'ResidentSetSize': [], 'SubmitTimes': [], 'StartTimes': [], 'EndTimes': [], 'TotalUserCpuTimeHistory': [], 'TotalSysCpuTimeHistory': [], 'WallDurations': [], 'JobIds': [], 'State': 'unsubmitted'}, '1838': {'Retries': 0, 'Restarts': 0, 'SiteHistory': [], 'ResidentSetSize': [], 'SubmitTimes': [], 'StartTimes': [], 'EndTimes': [], 'TotalUserCpuTimeHistory': [], 'TotalSysCpuTimeHistory': [], 'WallDurations': [], 'JobIds': [], 'State': 'unsubmitted'}, '1839': {'Retries': 0, 'Restarts': 0, 'SiteHistory': [], 'ResidentSetSize': [], 'SubmitTimes': [], 'StartTimes': [], 'EndTimes': [], 'TotalUserCpuTimeHistory': [], 'TotalSysCpuTimeHistory': [], 'WallDurations': [], 'JobIds': [], 'State': 'unsubmitted'}, '1840': {'Retries': 0, 'Restarts': 0, 'SiteHistory': [], 'ResidentSetSize': [], 'SubmitTimes': [], 'StartTimes': [], 'EndTimes': [], 'TotalUserCpuTimeHistory': [], 'TotalSysCpuTimeHistory': [], 'WallDurations': [], 'JobIds': [], 'State': 'unsubmitted'}, '1841': {'Retries': 0, 'Restarts': 0, 'SiteHistory': [], 'ResidentSetSize': [], 'SubmitTimes': [], 'StartTimes': [], 'EndTimes': [], 'TotalUserCpuTimeHistory': [], 'TotalSysCpuTimeHistory': [], 'WallDurations': [], 'JobIds': [], 'State': 'unsubmitted'}, '1842': {'Retries': 0, 'Restarts': 0, 'SiteHistory': [], 'ResidentSetSize': [], 'SubmitTimes': [], 'StartTimes': [], 'EndTimes': [], 'TotalUserCpuTimeHistory': [], 'TotalSysCpuTimeHistory': [], 'WallDurations': [], 'JobIds': [], 'State': 'unsubmitted'}, '1843': {'Retries': 0, 'Restarts': 0, 'SiteHistory': [], 'ResidentSetSize': [], 'SubmitTimes': [], 'StartTimes': [], 'EndTimes': [], 'TotalUserCpuTimeHistory': [], 'TotalSysCpuTimeHistory': [], 'WallDurations': [], 'JobIds': [], 'State': 'unsubmitted'}, '1844': {'Retries': 0, 'Restarts': 0, 'SiteHistory': [], 'ResidentSetSize': [], 'SubmitTimes': [], 'StartTimes': [], 'EndTimes': [], 'TotalUserCpuTimeHistory': [], 'TotalSysCpuTimeHistory': [], 'WallDurations': [], 'JobIds': [], 'State': 'unsubmitted'}, '1845': {'Retries': 0, 'Restarts': 0, 'SiteHistory': [], 'ResidentSetSize': [], 'SubmitTimes': [], 'StartTimes': [], 'EndTimes': [], 'TotalUserCpuTimeHistory': [], 'TotalSysCpuTimeHistory': [], 'WallDurations': [], 'JobIds': [], 'State': 'unsubmitted'}, '1846': {'Retries': 0, 'Restarts': 0, 'SiteHistory': [], 'ResidentSetSize': [], 'SubmitTimes': [], 'StartTimes': [], 'EndTimes': [], 'TotalUserCpuTimeHistory': [], 'TotalSysCpuTimeHistory': [], 'WallDurations': [], 'JobIds': [], 'State': 'unsubmitted'}, '1847': {'Retries': 0, 'Restarts': 0, 'SiteHistory': [], 'ResidentSetSize': [], 'SubmitTimes': [], 'StartTimes': [], 'EndTimes': [], 'TotalUserCpuTimeHistory': [], 'TotalSysCpuTimeHistory': [], 'WallDurations': [], 'JobIds': [], 'State': 'unsubmitted'}, '1848': {'Retries': 0, 'Restarts': 0, 'SiteHistory': [], 'ResidentSetSize': [], 'SubmitTimes': [], 'StartTimes': [], 'EndTimes': [], 'TotalUserCpuTimeHistory': [], 'TotalSysCpuTimeHistory': [], 'WallDurations': [], 'JobIds': [], 'State': 'unsubmitted'}, '1849': {'Retries': 0, 'Restarts': 0, 'SiteHistory': [], 'ResidentSetSize': [], 'SubmitTimes': [], 'StartTimes': [], 'EndTimes': [], 'TotalUserCpuTimeHistory': [], 'TotalSysCpuTimeHistory': [], 'WallDurations': [], 'JobIds': [], 'State': 'unsubmitted'}, '1850': {'Retries': 0, 'Restarts': 0, 'SiteHistory': [], 'ResidentSetSize': [], 'SubmitTimes': [], 'StartTimes': [], 'EndTimes': [], 'TotalUserCpuTimeHistory': [], 'TotalSysCpuTimeHistory': [], 'WallDurations': [], 'JobIds': [], 'State': 'unsubmitted'}, '1851': {'Retries': 0, 'Restarts': 0, 'SiteHistory': [], 'ResidentSetSize': [], 'SubmitTimes': [], 'StartTimes': [], 'EndTimes': [], 'TotalUserCpuTimeHistory': [], 'TotalSysCpuTimeHistory': [], 'WallDurations': [], 'JobIds': [], 'State': 'unsubmitted'}, '1852': {'Retries': 0, 'Restarts': 0, 'SiteHistory': [], 'ResidentSetSize': [], 'SubmitTimes': [], 'StartTimes': [], 'EndTimes': [], 'TotalUserCpuTimeHistory': [], 'TotalSysCpuTimeHistory': [], 'WallDurations': [], 'JobIds': [], 'State': 'unsubmitted'}, '1853': {'Retries': 0, 'Restarts': 0, 'SiteHistory': [], 'ResidentSetSize': [], 'SubmitTimes': [], 'StartTimes': [], 'EndTimes': [], 'TotalUserCpuTimeHistory': [], 'TotalSysCpuTimeHistory': [], 'WallDurations': [], 'JobIds': [], 'State': 'unsubmitted'}, '1854': {'Retries': 0, 'Restarts': 0, 'SiteHistory': [], 'ResidentSetSize': [], 'SubmitTimes': [], 'StartTimes': [], 'EndTimes': [], 'TotalUserCpuTimeHistory': [], 'TotalSysCpuTimeHistory': [], 'WallDurations': [], 'JobIds': [], 'State': 'unsubmitted'}, '1855': {'Retries': 0, 'Restarts': 0, 'SiteHistory': [], 'ResidentSetSize': [], 'SubmitTimes': [], 'StartTimes': [], 'EndTimes': [], 'TotalUserCpuTimeHistory': [], 'TotalSysCpuTimeHistory': [], 'WallDurations': [], 'JobIds': [], 'State': 'unsubmitted'}, '1856': {'Retries': 0, 'Restarts': 0, 'SiteHistory': [], 'ResidentSetSize': [], 'SubmitTimes': [], 'StartTimes': [], 'EndTimes': [], 'TotalUserCpuTimeHistory': [], 'TotalSysCpuTimeHistory': [], 'WallDurations': [], 'JobIds': [], 'State': 'unsubmitted'}, '1857': {'Retries': 0, 'Restarts': 0, 'SiteHistory': [], 'ResidentSetSize': [], 'SubmitTimes': [], 'StartTimes': [], 'EndTimes': [], 'TotalUserCpuTimeHistory': [], 'TotalSysCpuTimeHistory': [], 'WallDurations': [], 'JobIds': [], 'State': 'unsubmitted'}, '1858': {'Retries': 0, 'Restarts': 0, 'SiteHistory': [], 'ResidentSetSize': [], 'SubmitTimes': [], 'StartTimes': [], 'EndTimes': [], 'TotalUserCpuTimeHistory': [], 'TotalSysCpuTimeHistory': [], 'WallDurations': [], 'JobIds': [], 'State': 'unsubmitted'}, '1859': {'Retries': 0, 'Restarts': 0, 'SiteHistory': [], 'ResidentSetSize': [], 'SubmitTimes': [], 'StartTimes': [], 'EndTimes': [], 'TotalUserCpuTimeHistory': [], 'TotalSysCpuTimeHistory': [], 'WallDurations': [], 'JobIds': [], 'State': 'unsubmitted'}, '1860': {'Retries': 0, 'Restarts': 0, 'SiteHistory': [], 'ResidentSetSize': [], 'SubmitTimes': [], 'StartTimes': [], 'EndTimes': [], 'TotalUserCpuTimeHistory': [], 'TotalSysCpuTimeHistory': [], 'WallDurations': [], 'JobIds': [], 'State': 'unsubmitted'}, '1861': {'Retries': 0, 'Restarts': 0, 'SiteHistory': [], 'ResidentSetSize': [], 'SubmitTimes': [], 'StartTimes': [], 'EndTimes': [], 'TotalUserCpuTimeHistory': [], 'TotalSysCpuTimeHistory': [], 'WallDurations': [], 'JobIds': [], 'State': 'unsubmitted'}, '1862': {'Retries': 0, 'Restarts': 0, 'SiteHistory': [], 'ResidentSetSize': [], 'SubmitTimes': [], 'StartTimes': [], 'EndTimes': [], 'TotalUserCpuTimeHistory': [], 'TotalSysCpuTimeHistory': [], 'WallDurations': [], 'JobIds': [], 'State': 'unsubmitted'}, '1863': {'Retries': 0, 'Restarts': 0, 'SiteHistory': [], 'ResidentSetSize': [], 'SubmitTimes': [], 'StartTimes': [], 'EndTimes': [], 'TotalUserCpuTimeHistory': [], 'TotalSysCpuTimeHistory': [], 'WallDurations': [], 'JobIds': [], 'State': 'unsubmitted'}, '1864': {'Retries': 0, 'Restarts': 0, 'SiteHistory': [], 'ResidentSetSize': [], 'SubmitTimes': [], 'StartTimes': [], 'EndTimes': [], 'TotalUserCpuTimeHistory': [], 'TotalSysCpuTimeHistory': [], 'WallDurations': [], 'JobIds': [], 'State': 'unsubmitted'}, '1865': {'Retries': 0, 'Restarts': 0, 'SiteHistory': [], 'ResidentSetSize': [], 'SubmitTimes': [], 'StartTimes': [], 'EndTimes': [], 'TotalUserCpuTimeHistory': [], 'TotalSysCpuTimeHistory': [], 'WallDurations': [], 'JobIds': [], 'State': 'unsubmitted'}, '1866': {'Retries': 0, 'Restarts': 0, 'SiteHistory': [], 'ResidentSetSize': [], 'SubmitTimes': [], 'StartTimes': [], 'EndTimes': [], 'TotalUserCpuTimeHistory': [], 'TotalSysCpuTimeHistory': [], 'WallDurations': [], 'JobIds': [], 'State': 'unsubmitted'}, '1867': {'Retries': 0, 'Restarts': 0, 'SiteHistory': [], 'ResidentSetSize': [], 'SubmitTimes': [], 'StartTimes': [], 'EndTimes': [], 'TotalUserCpuTimeHistory': [], 'TotalSysCpuTimeHistory': [], 'WallDurations': [], 'JobIds': [], 'State': 'unsubmitted'}, '1868': {'Retries': 0, 'Restarts': 0, 'SiteHistory': [], 'ResidentSetSize': [], 'SubmitTimes': [], 'StartTimes': [], 'EndTimes': [], 'TotalUserCpuTimeHistory': [], 'TotalSysCpuTimeHistory': [], 'WallDurations': [], 'JobIds': [], 'State': 'unsubmitted'}, '1869': {'Retries': 0, 'Restarts': 0, 'SiteHistory': [], 'ResidentSetSize': [], 'SubmitTimes': [], 'StartTimes': [], 'EndTimes': [], 'TotalUserCpuTimeHistory': [], 'TotalSysCpuTimeHistory': [], 'WallDurations': [], 'JobIds': [], 'State': 'unsubmitted'}, '1870': {'Retries': 0, 'Restarts': 0, 'SiteHistory': [], 'ResidentSetSize': [], 'SubmitTimes': [], 'StartTimes': [], 'EndTimes': [], 'TotalUserCpuTimeHistory': [], 'TotalSysCpuTimeHistory': [], 'WallDurations': [], 'JobIds': [], 'State': 'unsubmitted'}, '1871': {'Retries': 0, 'Restarts': 0, 'SiteHistory': [], 'ResidentSetSize': [], 'SubmitTimes': [], 'StartTimes': [], 'EndTimes': [], 'TotalUserCpuTimeHistory': [], 'TotalSysCpuTimeHistory': [], 'WallDurations': [], 'JobIds': [], 'State': 'unsubmitted'}, '1872': {'Retries': 0, 'Restarts': 0, 'SiteHistory': [], 'ResidentSetSize': [], 'SubmitTimes': [], 'StartTimes': [], 'EndTimes': [], 'TotalUserCpuTimeHistory': [], 'TotalSysCpuTimeHistory': [], 'WallDurations': [], 'JobIds': [], 'State': 'unsubmitted'}, '1873': {'Retries': 0, 'Restarts': 0, 'SiteHistory': [], 'ResidentSetSize': [], 'SubmitTimes': [], 'StartTimes': [], 'EndTimes': [], 'TotalUserCpuTimeHistory': [], 'TotalSysCpuTimeHistory': [], 'WallDurations': [], 'JobIds': [], 'State': 'unsubmitted'}, '1874': {'Retries': 0, 'Restarts': 0, 'SiteHistory': [], 'ResidentSetSize': [], 'SubmitTimes': [], 'StartTimes': [], 'EndTimes': [], 'TotalUserCpuTimeHistory': [], 'TotalSysCpuTimeHistory': [], 'WallDurations': [], 'JobIds': [], 'State': 'unsubmitted'}, '1875': {'Retries': 0, 'Restarts': 0, 'SiteHistory': [], 'ResidentSetSize': [], 'SubmitTimes': [], 'StartTimes': [], 'EndTimes': [], 'TotalUserCpuTimeHistory': [], 'TotalSysCpuTimeHistory': [], 'WallDurations': [], 'JobIds': [], 'State': 'unsubmitted'}, '1876': {'Retries': 0, 'Restarts': 0, 'SiteHistory': [], 'ResidentSetSize': [], 'SubmitTimes': [], 'StartTimes': [], 'EndTimes': [], 'TotalUserCpuTimeHistory': [], 'TotalSysCpuTimeHistory': [], 'WallDurations': [], 'JobIds': [], 'State': 'unsubmitted'}, '1877': {'Retries': 0, 'Restarts': 0, 'SiteHistory': [], 'ResidentSetSize': [], 'SubmitTimes': [], 'StartTimes': [], 'EndTimes': [], 'TotalUserCpuTimeHistory': [], 'TotalSysCpuTimeHistory': [], 'WallDurations': [], 'JobIds': [], 'State': 'unsubmitted'}, '1878': {'Retries': 0, 'Restarts': 0, 'SiteHistory': [], 'ResidentSetSize': [], 'SubmitTimes': [], 'StartTimes': [], 'EndTimes': [], 'TotalUserCpuTimeHistory': [], 'TotalSysCpuTimeHistory': [], 'WallDurations': [], 'JobIds': [], 'State': 'unsubmitted'}, '1879': {'Retries': 0, 'Restarts': 0, 'SiteHistory': [], 'ResidentSetSize': [], 'SubmitTimes': [], 'StartTimes': [], 'EndTimes': [], 'TotalUserCpuTimeHistory': [], 'TotalSysCpuTimeHistory': [], 'WallDurations': [], 'JobIds': [], 'State': 'unsubmitted'}, '1880': {'Retries': 0, 'Restarts': 0, 'SiteHistory': [], 'ResidentSetSize': [], 'SubmitTimes': [], 'StartTimes': [], 'EndTimes': [], 'TotalUserCpuTimeHistory': [], 'TotalSysCpuTimeHistory': [], 'WallDurations': [], 'JobIds': [], 'State': 'unsubmitted'}, '1881': {'Retries': 0, 'Restarts': 0, 'SiteHistory': [], 'ResidentSetSize': [], 'SubmitTimes': [], 'StartTimes': [], 'EndTimes': [], 'TotalUserCpuTimeHistory': [], 'TotalSysCpuTimeHistory': [], 'WallDurations': [], 'JobIds': [], 'State': 'unsubmitted'}, '1882': {'Retries': 0, 'Restarts': 0, 'SiteHistory': [], 'ResidentSetSize': [], 'SubmitTimes': [], 'StartTimes': [], 'EndTimes': [], 'TotalUserCpuTimeHistory': [], 'TotalSysCpuTimeHistory': [], 'WallDurations': [], 'JobIds': [], 'State': 'unsubmitted'}, '1883': {'Retries': 0, 'Restarts': 0, 'SiteHistory': [], 'ResidentSetSize': [], 'SubmitTimes': [], 'StartTimes': [], 'EndTimes': [], 'TotalUserCpuTimeHistory': [], 'TotalSysCpuTimeHistory': [], 'WallDurations': [], 'JobIds': [], 'State': 'unsubmitted'}, '1884': {'Retries': 0, 'Restarts': 0, 'SiteHistory': [], 'ResidentSetSize': [], 'SubmitTimes': [], 'StartTimes': [], 'EndTimes': [], 'TotalUserCpuTimeHistory': [], 'TotalSysCpuTimeHistory': [], 'WallDurations': [], 'JobIds': [], 'State': 'unsubmitted'}, '1885': {'Retries': 0, 'Restarts': 0, 'SiteHistory': [], 'ResidentSetSize': [], 'SubmitTimes': [], 'StartTimes': [], 'EndTimes': [], 'TotalUserCpuTimeHistory': [], 'TotalSysCpuTimeHistory': [], 'WallDurations': [], 'JobIds': [], 'State': 'unsubmitted'}, '1886': {'Retries': 0, 'Restarts': 0, 'SiteHistory': [], 'ResidentSetSize': [], 'SubmitTimes': [], 'StartTimes': [], 'EndTimes': [], 'TotalUserCpuTimeHistory': [], 'TotalSysCpuTimeHistory': [], 'WallDurations': [], 'JobIds': [], 'State': 'unsubmitted'}, '1887': {'Retries': 0, 'Restarts': 0, 'SiteHistory': [], 'ResidentSetSize': [], 'SubmitTimes': [], 'StartTimes': [], 'EndTimes': [], 'TotalUserCpuTimeHistory': [], 'TotalSysCpuTimeHistory': [], 'WallDurations': [], 'JobIds': [], 'State': 'unsubmitted'}, '1888': {'Retries': 0, 'Restarts': 0, 'SiteHistory': [], 'ResidentSetSize': [], 'SubmitTimes': [], 'StartTimes': [], 'EndTimes': [], 'TotalUserCpuTimeHistory': [], 'TotalSysCpuTimeHistory': [], 'WallDurations': [], 'JobIds': [], 'State': 'unsubmitted'}, '1889': {'Retries': 0, 'Restarts': 0, 'SiteHistory': [], 'ResidentSetSize': [], 'SubmitTimes': [], 'StartTimes': [], 'EndTimes': [], 'TotalUserCpuTimeHistory': [], 'TotalSysCpuTimeHistory': [], 'WallDurations': [], 'JobIds': [], 'State': 'unsubmitted'}, '1890': {'Retries': 0, 'Restarts': 0, 'SiteHistory': [], 'ResidentSetSize': [], 'SubmitTimes': [], 'StartTimes': [], 'EndTimes': [], 'TotalUserCpuTimeHistory': [], 'TotalSysCpuTimeHistory': [], 'WallDurations': [], 'JobIds': [], 'State': 'unsubmitted'}, '1891': {'Retries': 0, 'Restarts': 0, 'SiteHistory': [], 'ResidentSetSize': [], 'SubmitTimes': [], 'StartTimes': [], 'EndTimes': [], 'TotalUserCpuTimeHistory': [], 'TotalSysCpuTimeHistory': [], 'WallDurations': [], 'JobIds': [], 'State': 'unsubmitted'}, '1892': {'Retries': 0, 'Restarts': 0, 'SiteHistory': [], 'ResidentSetSize': [], 'SubmitTimes': [], 'StartTimes': [], 'EndTimes': [], 'TotalUserCpuTimeHistory': [], 'TotalSysCpuTimeHistory': [], 'WallDurations': [], 'JobIds': [], 'State': 'unsubmitted'}, '1893': {'Retries': 0, 'Restarts': 0, 'SiteHistory': [], 'ResidentSetSize': [], 'SubmitTimes': [], 'StartTimes': [], 'EndTimes': [], 'TotalUserCpuTimeHistory': [], 'TotalSysCpuTimeHistory': [], 'WallDurations': [], 'JobIds': [], 'State': 'unsubmitted'}, '1894': {'Retries': 0, 'Restarts': 0, 'SiteHistory': [], 'ResidentSetSize': [], 'SubmitTimes': [], 'StartTimes': [], 'EndTimes': [], 'TotalUserCpuTimeHistory': [], 'TotalSysCpuTimeHistory': [], 'WallDurations': [], 'JobIds': [], 'State': 'unsubmitted'}, '1895': {'Retries': 0, 'Restarts': 0, 'SiteHistory': [], 'ResidentSetSize': [], 'SubmitTimes': [], 'StartTimes': [], 'EndTimes': [], 'TotalUserCpuTimeHistory': [], 'TotalSysCpuTimeHistory': [], 'WallDurations': [], 'JobIds': [], 'State': 'unsubmitted'}, '1896': {'Retries': 0, 'Restarts': 0, 'SiteHistory': [], 'ResidentSetSize': [], 'SubmitTimes': [], 'StartTimes': [], 'EndTimes': [], 'TotalUserCpuTimeHistory': [], 'TotalSysCpuTimeHistory': [], 'WallDurations': [], 'JobIds': [], 'State': 'unsubmitted'}, '1897': {'Retries': 0, 'Restarts': 0, 'SiteHistory': [], 'ResidentSetSize': [], 'SubmitTimes': [], 'StartTimes': [], 'EndTimes': [], 'TotalUserCpuTimeHistory': [], 'TotalSysCpuTimeHistory': [], 'WallDurations': [], 'JobIds': [], 'State': 'unsubmitted'}, '1898': {'Retries': 0, 'Restarts': 0, 'SiteHistory': [], 'ResidentSetSize': [], 'SubmitTimes': [], 'StartTimes': [], 'EndTimes': [], 'TotalUserCpuTimeHistory': [], 'TotalSysCpuTimeHistory': [], 'WallDurations': [], 'JobIds': [], 'State': 'unsubmitted'}, '1899': {'Retries': 0, 'Restarts': 0, 'SiteHistory': [], 'ResidentSetSize': [], 'SubmitTimes': [], 'StartTimes': [], 'EndTimes': [], 'TotalUserCpuTimeHistory': [], 'TotalSysCpuTimeHistory': [], 'WallDurations': [], 'JobIds': [], 'State': 'unsubmitted'}, '1900': {'Retries': 0, 'Restarts': 0, 'SiteHistory': [], 'ResidentSetSize': [], 'SubmitTimes': [], 'StartTimes': [], 'EndTimes': [], 'TotalUserCpuTimeHistory': [], 'TotalSysCpuTimeHistory': [], 'WallDurations': [], 'JobIds': [], 'State': 'unsubmitted'}, '1901': {'Retries': 0, 'Restarts': 0, 'SiteHistory': [], 'ResidentSetSize': [], 'SubmitTimes': [], 'StartTimes': [], 'EndTimes': [], 'TotalUserCpuTimeHistory': [], 'TotalSysCpuTimeHistory': [], 'WallDurations': [], 'JobIds': [], 'State': 'unsubmitted'}, '1902': {'Retries': 0, 'Restarts': 0, 'SiteHistory': [], 'ResidentSetSize': [], 'SubmitTimes': [], 'StartTimes': [], 'EndTimes': [], 'TotalUserCpuTimeHistory': [], 'TotalSysCpuTimeHistory': [], 'WallDurations': [], 'JobIds': [], 'State': 'unsubmitted'}, '1903': {'Retries': 0, 'Restarts': 0, 'SiteHistory': [], 'ResidentSetSize': [], 'SubmitTimes': [], 'StartTimes': [], 'EndTimes': [], 'TotalUserCpuTimeHistory': [], 'TotalSysCpuTimeHistory': [], 'WallDurations': [], 'JobIds': [], 'State': 'unsubmitted'}, '1904': {'Retries': 0, 'Restarts': 0, 'SiteHistory': [], 'ResidentSetSize': [], 'SubmitTimes': [], 'StartTimes': [], 'EndTimes': [], 'TotalUserCpuTimeHistory': [], 'TotalSysCpuTimeHistory': [], 'WallDurations': [], 'JobIds': [], 'State': 'unsubmitted'}, '1905': {'Retries': 0, 'Restarts': 0, 'SiteHistory': [], 'ResidentSetSize': [], 'SubmitTimes': [], 'StartTimes': [], 'EndTimes': [], 'TotalUserCpuTimeHistory': [], 'TotalSysCpuTimeHistory': [], 'WallDurations': [], 'JobIds': [], 'State': 'unsubmitted'}, '1906': {'Retries': 0, 'Restarts': 0, 'SiteHistory': [], 'ResidentSetSize': [], 'SubmitTimes': [], 'StartTimes': [], 'EndTimes': [], 'TotalUserCpuTimeHistory': [], 'TotalSysCpuTimeHistory': [], 'WallDurations': [], 'JobIds': [], 'State': 'unsubmitted'}, '1907': {'Retries': 0, 'Restarts': 0, 'SiteHistory': [], 'ResidentSetSize': [], 'SubmitTimes': [], 'StartTimes': [], 'EndTimes': [], 'TotalUserCpuTimeHistory': [], 'TotalSysCpuTimeHistory': [], 'WallDurations': [], 'JobIds': [], 'State': 'unsubmitted'}, '1908': {'Retries': 0, 'Restarts': 0, 'SiteHistory': [], 'ResidentSetSize': [], 'SubmitTimes': [], 'StartTimes': [], 'EndTimes': [], 'TotalUserCpuTimeHistory': [], 'TotalSysCpuTimeHistory': [], 'WallDurations': [], 'JobIds': [], 'State': 'unsubmitted'}, '1909': {'Retries': 0, 'Restarts': 0, 'SiteHistory': [], 'ResidentSetSize': [], 'SubmitTimes': [], 'StartTimes': [], 'EndTimes': [], 'TotalUserCpuTimeHistory': [], 'TotalSysCpuTimeHistory': [], 'WallDurations': [], 'JobIds': [], 'State': 'unsubmitted'}, '1910': {'Retries': 0, 'Restarts': 0, 'SiteHistory': [], 'ResidentSetSize': [], 'SubmitTimes': [], 'StartTimes': [], 'EndTimes': [], 'TotalUserCpuTimeHistory': [], 'TotalSysCpuTimeHistory': [], 'WallDurations': [], 'JobIds': [], 'State': 'unsubmitted'}, '1911': {'Retries': 0, 'Restarts': 0, 'SiteHistory': [], 'ResidentSetSize': [], 'SubmitTimes': [], 'StartTimes': [], 'EndTimes': [], 'TotalUserCpuTimeHistory': [], 'TotalSysCpuTimeHistory': [], 'WallDurations': [], 'JobIds': [], 'State': 'unsubmitted'}, '1912': {'Retries': 0, 'Restarts': 0, 'SiteHistory': [], 'ResidentSetSize': [], 'SubmitTimes': [], 'StartTimes': [], 'EndTimes': [], 'TotalUserCpuTimeHistory': [], 'TotalSysCpuTimeHistory': [], 'WallDurations': [], 'JobIds': [], 'State': 'unsubmitted'}, '1913': {'Retries': 0, 'Restarts': 0, 'SiteHistory': [], 'ResidentSetSize': [], 'SubmitTimes': [], 'StartTimes': [], 'EndTimes': [], 'TotalUserCpuTimeHistory': [], 'TotalSysCpuTimeHistory': [], 'WallDurations': [], 'JobIds': [], 'State': 'unsubmitted'}, '1914': {'Retries': 0, 'Restarts': 0, 'SiteHistory': [], 'ResidentSetSize': [], 'SubmitTimes': [], 'StartTimes': [], 'EndTimes': [], 'TotalUserCpuTimeHistory': [], 'TotalSysCpuTimeHistory': [], 'WallDurations': [], 'JobIds': [], 'State': 'unsubmitted'}, '1915': {'Retries': 0, 'Restarts': 0, 'SiteHistory': [], 'ResidentSetSize': [], 'SubmitTimes': [], 'StartTimes': [], 'EndTimes': [], 'TotalUserCpuTimeHistory': [], 'TotalSysCpuTimeHistory': [], 'WallDurations': [], 'JobIds': [], 'State': 'unsubmitted'}, '1916': {'Retries': 0, 'Restarts': 0, 'SiteHistory': [], 'ResidentSetSize': [], 'SubmitTimes': [], 'StartTimes': [], 'EndTimes': [], 'TotalUserCpuTimeHistory': [], 'TotalSysCpuTimeHistory': [], 'WallDurations': [], 'JobIds': [], 'State': 'unsubmitted'}, '1917': {'Retries': 0, 'Restarts': 0, 'SiteHistory': [], 'ResidentSetSize': [], 'SubmitTimes': [], 'StartTimes': [], 'EndTimes': [], 'TotalUserCpuTimeHistory': [], 'TotalSysCpuTimeHistory': [], 'WallDurations': [], 'JobIds': [], 'State': 'unsubmitted'}, '1918': {'Retries': 0, 'Restarts': 0, 'SiteHistory': [], 'ResidentSetSize': [], 'SubmitTimes': [], 'StartTimes': [], 'EndTimes': [], 'TotalUserCpuTimeHistory': [], 'TotalSysCpuTimeHistory': [], 'WallDurations': [], 'JobIds': [], 'State': 'unsubmitted'}, '1919': {'Retries': 0, 'Restarts': 0, 'SiteHistory': [], 'ResidentSetSize': [], 'SubmitTimes': [], 'StartTimes': [], 'EndTimes': [], 'TotalUserCpuTimeHistory': [], 'TotalSysCpuTimeHistory': [], 'WallDurations': [], 'JobIds': [], 'State': 'unsubmitted'}, '1920': {'Retries': 0, 'Restarts': 0, 'SiteHistory': [], 'ResidentSetSize': [], 'SubmitTimes': [], 'StartTimes': [], 'EndTimes': [], 'TotalUserCpuTimeHistory': [], 'TotalSysCpuTimeHistory': [], 'WallDurations': [], 'JobIds': [], 'State': 'unsubmitted'}, '1921': {'Retries': 0, 'Restarts': 0, 'SiteHistory': [], 'ResidentSetSize': [], 'SubmitTimes': [], 'StartTimes': [], 'EndTimes': [], 'TotalUserCpuTimeHistory': [], 'TotalSysCpuTimeHistory': [], 'WallDurations': [], 'JobIds': [], 'State': 'unsubmitted'}, '1922': {'Retries': 0, 'Restarts': 0, 'SiteHistory': [], 'ResidentSetSize': [], 'SubmitTimes': [], 'StartTimes': [], 'EndTimes': [], 'TotalUserCpuTimeHistory': [], 'TotalSysCpuTimeHistory': [], 'WallDurations': [], 'JobIds': [], 'State': 'unsubmitted'}, '1923': {'Retries': 0, 'Restarts': 0, 'SiteHistory': [], 'ResidentSetSize': [], 'SubmitTimes': [], 'StartTimes': [], 'EndTimes': [], 'TotalUserCpuTimeHistory': [], 'TotalSysCpuTimeHistory': [], 'WallDurations': [], 'JobIds': [], 'State': 'unsubmitted'}, '1924': {'Retries': 0, 'Restarts': 0, 'SiteHistory': [], 'ResidentSetSize': [], 'SubmitTimes': [], 'StartTimes': [], 'EndTimes': [], 'TotalUserCpuTimeHistory': [], 'TotalSysCpuTimeHistory': [], 'WallDurations': [], 'JobIds': [], 'State': 'unsubmitted'}, '1925': {'Retries': 0, 'Restarts': 0, 'SiteHistory': [], 'ResidentSetSize': [], 'SubmitTimes': [], 'StartTimes': [], 'EndTimes': [], 'TotalUserCpuTimeHistory': [], 'TotalSysCpuTimeHistory': [], 'WallDurations': [], 'JobIds': [], 'State': 'unsubmitted'}, '1926': {'Retries': 0, 'Restarts': 0, 'SiteHistory': [], 'ResidentSetSize': [], 'SubmitTimes': [], 'StartTimes': [], 'EndTimes': [], 'TotalUserCpuTimeHistory': [], 'TotalSysCpuTimeHistory': [], 'WallDurations': [], 'JobIds': [], 'State': 'unsubmitted'}, '1927': {'Retries': 0, 'Restarts': 0, 'SiteHistory': [], 'ResidentSetSize': [], 'SubmitTimes': [], 'StartTimes': [], 'EndTimes': [], 'TotalUserCpuTimeHistory': [], 'TotalSysCpuTimeHistory': [], 'WallDurations': [], 'JobIds': [], 'State': 'unsubmitted'}, '1928': {'Retries': 0, 'Restarts': 0, 'SiteHistory': [], 'ResidentSetSize': [], 'SubmitTimes': [], 'StartTimes': [], 'EndTimes': [], 'TotalUserCpuTimeHistory': [], 'TotalSysCpuTimeHistory': [], 'WallDurations': [], 'JobIds': [], 'State': 'unsubmitted'}, '1929': {'Retries': 0, 'Restarts': 0, 'SiteHistory': [], 'ResidentSetSize': [], 'SubmitTimes': [], 'StartTimes': [], 'EndTimes': [], 'TotalUserCpuTimeHistory': [], 'TotalSysCpuTimeHistory': [], 'WallDurations': [], 'JobIds': [], 'State': 'unsubmitted'}, '1930': {'Retries': 0, 'Restarts': 0, 'SiteHistory': [], 'ResidentSetSize': [], 'SubmitTimes': [], 'StartTimes': [], 'EndTimes': [], 'TotalUserCpuTimeHistory': [], 'TotalSysCpuTimeHistory': [], 'WallDurations': [], 'JobIds': [], 'State': 'unsubmitted'}, '1931': {'Retries': 0, 'Restarts': 0, 'SiteHistory': [], 'ResidentSetSize': [], 'SubmitTimes': [], 'StartTimes': [], 'EndTimes': [], 'TotalUserCpuTimeHistory': [], 'TotalSysCpuTimeHistory': [], 'WallDurations': [], 'JobIds': [], 'State': 'unsubmitted'}, '1932': {'Retries': 0, 'Restarts': 0, 'SiteHistory': [], 'ResidentSetSize': [], 'SubmitTimes': [], 'StartTimes': [], 'EndTimes': [], 'TotalUserCpuTimeHistory': [], 'TotalSysCpuTimeHistory': [], 'WallDurations': [], 'JobIds': [], 'State': 'unsubmitted'}, '1933': {'Retries': 0, 'Restarts': 0, 'SiteHistory': [], 'ResidentSetSize': [], 'SubmitTimes': [], 'StartTimes': [], 'EndTimes': [], 'TotalUserCpuTimeHistory': [], 'TotalSysCpuTimeHistory': [], 'WallDurations': [], 'JobIds': [], 'State': 'unsubmitted'}, '1934': {'Retries': 0, 'Restarts': 0, 'SiteHistory': [], 'ResidentSetSize': [], 'SubmitTimes': [], 'StartTimes': [], 'EndTimes': [], 'TotalUserCpuTimeHistory': [], 'TotalSysCpuTimeHistory': [], 'WallDurations': [], 'JobIds': [], 'State': 'unsubmitted'}, '1935': {'Retries': 0, 'Restarts': 0, 'SiteHistory': [], 'ResidentSetSize': [], 'SubmitTimes': [], 'StartTimes': [], 'EndTimes': [], 'TotalUserCpuTimeHistory': [], 'TotalSysCpuTimeHistory': [], 'WallDurations': [], 'JobIds': [], 'State': 'unsubmitted'}, '1936': {'Retries': 0, 'Restarts': 0, 'SiteHistory': [], 'ResidentSetSize': [], 'SubmitTimes': [], 'StartTimes': [], 'EndTimes': [], 'TotalUserCpuTimeHistory': [], 'TotalSysCpuTimeHistory': [], 'WallDurations': [], 'JobIds': [], 'State': 'unsubmitted'}, '1937': {'Retries': 0, 'Restarts': 0, 'SiteHistory': [], 'ResidentSetSize': [], 'SubmitTimes': [], 'StartTimes': [], 'EndTimes': [], 'TotalUserCpuTimeHistory': [], 'TotalSysCpuTimeHistory': [], 'WallDurations': [], 'JobIds': [], 'State': 'unsubmitted'}, '1938': {'Retries': 0, 'Restarts': 0, 'SiteHistory': [], 'ResidentSetSize': [], 'SubmitTimes': [], 'StartTimes': [], 'EndTimes': [], 'TotalUserCpuTimeHistory': [], 'TotalSysCpuTimeHistory': [], 'WallDurations': [], 'JobIds': [], 'State': 'unsubmitted'}, '1939': {'Retries': 0, 'Restarts': 0, 'SiteHistory': [], 'ResidentSetSize': [], 'SubmitTimes': [], 'StartTimes': [], 'EndTimes': [], 'TotalUserCpuTimeHistory': [], 'TotalSysCpuTimeHistory': [], 'WallDurations': [], 'JobIds': [], 'State': 'unsubmitted'}, '1940': {'Retries': 0, 'Restarts': 0, 'SiteHistory': [], 'ResidentSetSize': [], 'SubmitTimes': [], 'StartTimes': [], 'EndTimes': [], 'TotalUserCpuTimeHistory': [], 'TotalSysCpuTimeHistory': [], 'WallDurations': [], 'JobIds': [], 'State': 'unsubmitted'}, '1941': {'Retries': 0, 'Restarts': 0, 'SiteHistory': [], 'ResidentSetSize': [], 'SubmitTimes': [], 'StartTimes': [], 'EndTimes': [], 'TotalUserCpuTimeHistory': [], 'TotalSysCpuTimeHistory': [], 'WallDurations': [], 'JobIds': [], 'State': 'unsubmitted'}, '1942': {'Retries': 0, 'Restarts': 0, 'SiteHistory': [], 'ResidentSetSize': [], 'SubmitTimes': [], 'StartTimes': [], 'EndTimes': [], 'TotalUserCpuTimeHistory': [], 'TotalSysCpuTimeHistory': [], 'WallDurations': [], 'JobIds': [], 'State': 'unsubmitted'}, '1943': {'Retries': 0, 'Restarts': 0, 'SiteHistory': [], 'ResidentSetSize': [], 'SubmitTimes': [], 'StartTimes': [], 'EndTimes': [], 'TotalUserCpuTimeHistory': [], 'TotalSysCpuTimeHistory': [], 'WallDurations': [], 'JobIds': [], 'State': 'unsubmitted'}, '1944': {'Retries': 0, 'Restarts': 0, 'SiteHistory': [], 'ResidentSetSize': [], 'SubmitTimes': [], 'StartTimes': [], 'EndTimes': [], 'TotalUserCpuTimeHistory': [], 'TotalSysCpuTimeHistory': [], 'WallDurations': [], 'JobIds': [], 'State': 'unsubmitted'}, '1945': {'Retries': 0, 'Restarts': 0, 'SiteHistory': [], 'ResidentSetSize': [], 'SubmitTimes': [], 'StartTimes': [], 'EndTimes': [], 'TotalUserCpuTimeHistory': [], 'TotalSysCpuTimeHistory': [], 'WallDurations': [], 'JobIds': [], 'State': 'unsubmitted'}, '1946': {'Retries': 0, 'Restarts': 0, 'SiteHistory': [], 'ResidentSetSize': [], 'SubmitTimes': [], 'StartTimes': [], 'EndTimes': [], 'TotalUserCpuTimeHistory': [], 'TotalSysCpuTimeHistory': [], 'WallDurations': [], 'JobIds': [], 'State': 'unsubmitted'}, '1947': {'Retries': 0, 'Restarts': 0, 'SiteHistory': [], 'ResidentSetSize': [], 'SubmitTimes': [], 'StartTimes': [], 'EndTimes': [], 'TotalUserCpuTimeHistory': [], 'TotalSysCpuTimeHistory': [], 'WallDurations': [], 'JobIds': [], 'State': 'unsubmitted'}, '1948': {'Retries': 0, 'Restarts': 0, 'SiteHistory': [], 'ResidentSetSize': [], 'SubmitTimes': [], 'StartTimes': [], 'EndTimes': [], 'TotalUserCpuTimeHistory': [], 'TotalSysCpuTimeHistory': [], 'WallDurations': [], 'JobIds': [], 'State': 'unsubmitted'}, '1949': {'Retries': 0, 'Restarts': 0, 'SiteHistory': [], 'ResidentSetSize': [], 'SubmitTimes': [], 'StartTimes': [], 'EndTimes': [], 'TotalUserCpuTimeHistory': [], 'TotalSysCpuTimeHistory': [], 'WallDurations': [], 'JobIds': [], 'State': 'unsubmitted'}, '1950': {'Retries': 0, 'Restarts': 0, 'SiteHistory': [], 'ResidentSetSize': [], 'SubmitTimes': [], 'StartTimes': [], 'EndTimes': [], 'TotalUserCpuTimeHistory': [], 'TotalSysCpuTimeHistory': [], 'WallDurations': [], 'JobIds': [], 'State': 'unsubmitted'}, '1951': {'Retries': 0, 'Restarts': 0, 'SiteHistory': [], 'ResidentSetSize': [], 'SubmitTimes': [], 'StartTimes': [], 'EndTimes': [], 'TotalUserCpuTimeHistory': [], 'TotalSysCpuTimeHistory': [], 'WallDurations': [], 'JobIds': [], 'State': 'unsubmitted'}, '1952': {'Retries': 0, 'Restarts': 0, 'SiteHistory': [], 'ResidentSetSize': [], 'SubmitTimes': [], 'StartTimes': [], 'EndTimes': [], 'TotalUserCpuTimeHistory': [], 'TotalSysCpuTimeHistory': [], 'WallDurations': [], 'JobIds': [], 'State': 'unsubmitted'}, '1953': {'Retries': 0, 'Restarts': 0, 'SiteHistory': [], 'ResidentSetSize': [], 'SubmitTimes': [], 'StartTimes': [], 'EndTimes': [], 'TotalUserCpuTimeHistory': [], 'TotalSysCpuTimeHistory': [], 'WallDurations': [], 'JobIds': [], 'State': 'unsubmitted'}, '1954': {'Retries': 0, 'Restarts': 0, 'SiteHistory': [], 'ResidentSetSize': [], 'SubmitTimes': [], 'StartTimes': [], 'EndTimes': [], 'TotalUserCpuTimeHistory': [], 'TotalSysCpuTimeHistory': [], 'WallDurations': [], 'JobIds': [], 'State': 'unsubmitted'}, '1955': {'Retries': 0, 'Restarts': 0, 'SiteHistory': [], 'ResidentSetSize': [], 'SubmitTimes': [], 'StartTimes': [], 'EndTimes': [], 'TotalUserCpuTimeHistory': [], 'TotalSysCpuTimeHistory': [], 'WallDurations': [], 'JobIds': [], 'State': 'unsubmitted'}, '1956': {'Retries': 0, 'Restarts': 0, 'SiteHistory': [], 'ResidentSetSize': [], 'SubmitTimes': [], 'StartTimes': [], 'EndTimes': [], 'TotalUserCpuTimeHistory': [], 'TotalSysCpuTimeHistory': [], 'WallDurations': [], 'JobIds': [], 'State': 'unsubmitted'}, '1957': {'Retries': 0, 'Restarts': 0, 'SiteHistory': [], 'ResidentSetSize': [], 'SubmitTimes': [], 'StartTimes': [], 'EndTimes': [], 'TotalUserCpuTimeHistory': [], 'TotalSysCpuTimeHistory': [], 'WallDurations': [], 'JobIds': [], 'State': 'unsubmitted'}, '1958': {'Retries': 0, 'Restarts': 0, 'SiteHistory': [], 'ResidentSetSize': [], 'SubmitTimes': [], 'StartTimes': [], 'EndTimes': [], 'TotalUserCpuTimeHistory': [], 'TotalSysCpuTimeHistory': [], 'WallDurations': [], 'JobIds': [], 'State': 'unsubmitted'}, '1959': {'Retries': 0, 'Restarts': 0, 'SiteHistory': [], 'ResidentSetSize': [], 'SubmitTimes': [], 'StartTimes': [], 'EndTimes': [], 'TotalUserCpuTimeHistory': [], 'TotalSysCpuTimeHistory': [], 'WallDurations': [], 'JobIds': [], 'State': 'unsubmitted'}, '1960': {'Retries': 0, 'Restarts': 0, 'SiteHistory': [], 'ResidentSetSize': [], 'SubmitTimes': [], 'StartTimes': [], 'EndTimes': [], 'TotalUserCpuTimeHistory': [], 'TotalSysCpuTimeHistory': [], 'WallDurations': [], 'JobIds': [], 'State': 'unsubmitted'}, '1961': {'Retries': 0, 'Restarts': 0, 'SiteHistory': [], 'ResidentSetSize': [], 'SubmitTimes': [], 'StartTimes': [], 'EndTimes': [], 'TotalUserCpuTimeHistory': [], 'TotalSysCpuTimeHistory': [], 'WallDurations': [], 'JobIds': [], 'State': 'unsubmitted'}, '1962': {'Retries': 0, 'Restarts': 0, 'SiteHistory': [], 'ResidentSetSize': [], 'SubmitTimes': [], 'StartTimes': [], 'EndTimes': [], 'TotalUserCpuTimeHistory': [], 'TotalSysCpuTimeHistory': [], 'WallDurations': [], 'JobIds': [], 'State': 'unsubmitted'}, '1963': {'Retries': 0, 'Restarts': 0, 'SiteHistory': [], 'ResidentSetSize': [], 'SubmitTimes': [], 'StartTimes': [], 'EndTimes': [], 'TotalUserCpuTimeHistory': [], 'TotalSysCpuTimeHistory': [], 'WallDurations': [], 'JobIds': [], 'State': 'unsubmitted'}, '1964': {'Retries': 0, 'Restarts': 0, 'SiteHistory': [], 'ResidentSetSize': [], 'SubmitTimes': [], 'StartTimes': [], 'EndTimes': [], 'TotalUserCpuTimeHistory': [], 'TotalSysCpuTimeHistory': [], 'WallDurations': [], 'JobIds': [], 'State': 'unsubmitted'}, '1965': {'Retries': 0, 'Restarts': 0, 'SiteHistory': [], 'ResidentSetSize': [], 'SubmitTimes': [], 'StartTimes': [], 'EndTimes': [], 'TotalUserCpuTimeHistory': [], 'TotalSysCpuTimeHistory': [], 'WallDurations': [], 'JobIds': [], 'State': 'unsubmitted'}, '1966': {'Retries': 0, 'Restarts': 0, 'SiteHistory': [], 'ResidentSetSize': [], 'SubmitTimes': [], 'StartTimes': [], 'EndTimes': [], 'TotalUserCpuTimeHistory': [], 'TotalSysCpuTimeHistory': [], 'WallDurations': [], 'JobIds': [], 'State': 'unsubmitted'}, '1967': {'Retries': 0, 'Restarts': 0, 'SiteHistory': [], 'ResidentSetSize': [], 'SubmitTimes': [], 'StartTimes': [], 'EndTimes': [], 'TotalUserCpuTimeHistory': [], 'TotalSysCpuTimeHistory': [], 'WallDurations': [], 'JobIds': [], 'State': 'unsubmitted'}, '1968': {'Retries': 0, 'Restarts': 0, 'SiteHistory': [], 'ResidentSetSize': [], 'SubmitTimes': [], 'StartTimes': [], 'EndTimes': [], 'TotalUserCpuTimeHistory': [], 'TotalSysCpuTimeHistory': [], 'WallDurations': [], 'JobIds': [], 'State': 'unsubmitted'}, '1969': {'Retries': 0, 'Restarts': 0, 'SiteHistory': [], 'ResidentSetSize': [], 'SubmitTimes': [], 'StartTimes': [], 'EndTimes': [], 'TotalUserCpuTimeHistory': [], 'TotalSysCpuTimeHistory': [], 'WallDurations': [], 'JobIds': [], 'State': 'unsubmitted'}, '1970': {'Retries': 0, 'Restarts': 0, 'SiteHistory': [], 'ResidentSetSize': [], 'SubmitTimes': [], 'StartTimes': [], 'EndTimes': [], 'TotalUserCpuTimeHistory': [], 'TotalSysCpuTimeHistory': [], 'WallDurations': [], 'JobIds': [], 'State': 'unsubmitted'}, '1971': {'Retries': 0, 'Restarts': 0, 'SiteHistory': [], 'ResidentSetSize': [], 'SubmitTimes': [], 'StartTimes': [], 'EndTimes': [], 'TotalUserCpuTimeHistory': [], 'TotalSysCpuTimeHistory': [], 'WallDurations': [], 'JobIds': [], 'State': 'unsubmitted'}, '1972': {'Retries': 0, 'Restarts': 0, 'SiteHistory': [], 'ResidentSetSize': [], 'SubmitTimes': [], 'StartTimes': [], 'EndTimes': [], 'TotalUserCpuTimeHistory': [], 'TotalSysCpuTimeHistory': [], 'WallDurations': [], 'JobIds': [], 'State': 'unsubmitted'}, '1973': {'Retries': 0, 'Restarts': 0, 'SiteHistory': [], 'ResidentSetSize': [], 'SubmitTimes': [], 'StartTimes': [], 'EndTimes': [], 'TotalUserCpuTimeHistory': [], 'TotalSysCpuTimeHistory': [], 'WallDurations': [], 'JobIds': [], 'State': 'unsubmitted'}, '1974': {'Retries': 0, 'Restarts': 0, 'SiteHistory': [], 'ResidentSetSize': [], 'SubmitTimes': [], 'StartTimes': [], 'EndTimes': [], 'TotalUserCpuTimeHistory': [], 'TotalSysCpuTimeHistory': [], 'WallDurations': [], 'JobIds': [], 'State': 'unsubmitted'}, '1975': {'Retries': 0, 'Restarts': 0, 'SiteHistory': [], 'ResidentSetSize': [], 'SubmitTimes': [], 'StartTimes': [], 'EndTimes': [], 'TotalUserCpuTimeHistory': [], 'TotalSysCpuTimeHistory': [], 'WallDurations': [], 'JobIds': [], 'State': 'unsubmitted'}, '1976': {'Retries': 0, 'Restarts': 0, 'SiteHistory': [], 'ResidentSetSize': [], 'SubmitTimes': [], 'StartTimes': [], 'EndTimes': [], 'TotalUserCpuTimeHistory': [], 'TotalSysCpuTimeHistory': [], 'WallDurations': [], 'JobIds': [], 'State': 'unsubmitted'}, '1977': {'Retries': 0, 'Restarts': 0, 'SiteHistory': [], 'ResidentSetSize': [], 'SubmitTimes': [], 'StartTimes': [], 'EndTimes': [], 'TotalUserCpuTimeHistory': [], 'TotalSysCpuTimeHistory': [], 'WallDurations': [], 'JobIds': [], 'State': 'unsubmitted'}, '1978': {'Retries': 0, 'Restarts': 0, 'SiteHistory': [], 'ResidentSetSize': [], 'SubmitTimes': [], 'StartTimes': [], 'EndTimes': [], 'TotalUserCpuTimeHistory': [], 'TotalSysCpuTimeHistory': [], 'WallDurations': [], 'JobIds': [], 'State': 'unsubmitted'}, '1979': {'Retries': 0, 'Restarts': 0, 'SiteHistory': [], 'ResidentSetSize': [], 'SubmitTimes': [], 'StartTimes': [], 'EndTimes': [], 'TotalUserCpuTimeHistory': [], 'TotalSysCpuTimeHistory': [], 'WallDurations': [], 'JobIds': [], 'State': 'unsubmitted'}, '1980': {'Retries': 0, 'Restarts': 0, 'SiteHistory': [], 'ResidentSetSize': [], 'SubmitTimes': [], 'StartTimes': [], 'EndTimes': [], 'TotalUserCpuTimeHistory': [], 'TotalSysCpuTimeHistory': [], 'WallDurations': [], 'JobIds': [], 'State': 'unsubmitted'}, '1981': {'Retries': 0, 'Restarts': 0, 'SiteHistory': [], 'ResidentSetSize': [], 'SubmitTimes': [], 'StartTimes': [], 'EndTimes': [], 'TotalUserCpuTimeHistory': [], 'TotalSysCpuTimeHistory': [], 'WallDurations': [], 'JobIds': [], 'State': 'unsubmitted'}, '1982': {'Retries': 0, 'Restarts': 0, 'SiteHistory': [], 'ResidentSetSize': [], 'SubmitTimes': [], 'StartTimes': [], 'EndTimes': [], 'TotalUserCpuTimeHistory': [], 'TotalSysCpuTimeHistory': [], 'WallDurations': [], 'JobIds': [], 'State': 'unsubmitted'}, '1983': {'Retries': 0, 'Restarts': 0, 'SiteHistory': [], 'ResidentSetSize': [], 'SubmitTimes': [], 'StartTimes': [], 'EndTimes': [], 'TotalUserCpuTimeHistory': [], 'TotalSysCpuTimeHistory': [], 'WallDurations': [], 'JobIds': [], 'State': 'unsubmitted'}, '1984': {'Retries': 0, 'Restarts': 0, 'SiteHistory': [], 'ResidentSetSize': [], 'SubmitTimes': [], 'StartTimes': [], 'EndTimes': [], 'TotalUserCpuTimeHistory': [], 'TotalSysCpuTimeHistory': [], 'WallDurations': [], 'JobIds': [], 'State': 'unsubmitted'}, '1985': {'Retries': 0, 'Restarts': 0, 'SiteHistory': [], 'ResidentSetSize': [], 'SubmitTimes': [], 'StartTimes': [], 'EndTimes': [], 'TotalUserCpuTimeHistory': [], 'TotalSysCpuTimeHistory': [], 'WallDurations': [], 'JobIds': [], 'State': 'unsubmitted'}, '1986': {'Retries': 0, 'Restarts': 0, 'SiteHistory': [], 'ResidentSetSize': [], 'SubmitTimes': [], 'StartTimes': [], 'EndTimes': [], 'TotalUserCpuTimeHistory': [], 'TotalSysCpuTimeHistory': [], 'WallDurations': [], 'JobIds': [], 'State': 'unsubmitted'}, '1987': {'Retries': 0, 'Restarts': 0, 'SiteHistory': [], 'ResidentSetSize': [], 'SubmitTimes': [], 'StartTimes': [], 'EndTimes': [], 'TotalUserCpuTimeHistory': [], 'TotalSysCpuTimeHistory': [], 'WallDurations': [], 'JobIds': [], 'State': 'unsubmitted'}, '1988': {'Retries': 0, 'Restarts': 0, 'SiteHistory': [], 'ResidentSetSize': [], 'SubmitTimes': [], 'StartTimes': [], 'EndTimes': [], 'TotalUserCpuTimeHistory': [], 'TotalSysCpuTimeHistory': [], 'WallDurations': [], 'JobIds': [], 'State': 'unsubmitted'}, '1989': {'Retries': 0, 'Restarts': 0, 'SiteHistory': [], 'ResidentSetSize': [], 'SubmitTimes': [], 'StartTimes': [], 'EndTimes': [], 'TotalUserCpuTimeHistory': [], 'TotalSysCpuTimeHistory': [], 'WallDurations': [], 'JobIds': [], 'State': 'unsubmitted'}, '1990': {'Retries': 0, 'Restarts': 0, 'SiteHistory': [], 'ResidentSetSize': [], 'SubmitTimes': [], 'StartTimes': [], 'EndTimes': [], 'TotalUserCpuTimeHistory': [], 'TotalSysCpuTimeHistory': [], 'WallDurations': [], 'JobIds': [], 'State': 'unsubmitted'}, '1991': {'Retries': 0, 'Restarts': 0, 'SiteHistory': [], 'ResidentSetSize': [], 'SubmitTimes': [], 'StartTimes': [], 'EndTimes': [], 'TotalUserCpuTimeHistory': [], 'TotalSysCpuTimeHistory': [], 'WallDurations': [], 'JobIds': [], 'State': 'unsubmitted'}, '1992': {'Retries': 0, 'Restarts': 0, 'SiteHistory': [], 'ResidentSetSize': [], 'SubmitTimes': [], 'StartTimes': [], 'EndTimes': [], 'TotalUserCpuTimeHistory': [], 'TotalSysCpuTimeHistory': [], 'WallDurations': [], 'JobIds': [], 'State': 'unsubmitted'}, '1993': {'Retries': 0, 'Restarts': 0, 'SiteHistory': [], 'ResidentSetSize': [], 'SubmitTimes': [], 'StartTimes': [], 'EndTimes': [], 'TotalUserCpuTimeHistory': [], 'TotalSysCpuTimeHistory': [], 'WallDurations': [], 'JobIds': [], 'State': 'unsubmitted'}, '1994': {'Retries': 0, 'Restarts': 0, 'SiteHistory': [], 'ResidentSetSize': [], 'SubmitTimes': [], 'StartTimes': [], 'EndTimes': [], 'TotalUserCpuTimeHistory': [], 'TotalSysCpuTimeHistory': [], 'WallDurations': [], 'JobIds': [], 'State': 'unsubmitted'}, '1995': {'Retries': 0, 'Restarts': 0, 'SiteHistory': [], 'ResidentSetSize': [], 'SubmitTimes': [], 'StartTimes': [], 'EndTimes': [], 'TotalUserCpuTimeHistory': [], 'TotalSysCpuTimeHistory': [], 'WallDurations': [], 'JobIds': [], 'State': 'unsubmitted'}, '1996': {'Retries': 0, 'Restarts': 0, 'SiteHistory': [], 'ResidentSetSize': [], 'SubmitTimes': [], 'StartTimes': [], 'EndTimes': [], 'TotalUserCpuTimeHistory': [], 'TotalSysCpuTimeHistory': [], 'WallDurations': [], 'JobIds': [], 'State': 'unsubmitted'}, '1997': {'Retries': 0, 'Restarts': 0, 'SiteHistory': [], 'ResidentSetSize': [], 'SubmitTimes': [], 'StartTimes': [], 'EndTimes': [], 'TotalUserCpuTimeHistory': [], 'TotalSysCpuTimeHistory': [], 'WallDurations': [], 'JobIds': [], 'State': 'unsubmitted'}, '1998': {'Retries': 0, 'Restarts': 0, 'SiteHistory': [], 'ResidentSetSize': [], 'SubmitTimes': [], 'StartTimes': [], 'EndTimes': [], 'TotalUserCpuTimeHistory': [], 'TotalSysCpuTimeHistory': [], 'WallDurations': [], 'JobIds': [], 'State': 'unsubmitted'}, '1999': {'Retries': 0, 'Restarts': 0, 'SiteHistory': [], 'ResidentSetSize': [], 'SubmitTimes': [], 'StartTimes': [], 'EndTimes': [], 'TotalUserCpuTimeHistory': [], 'TotalSysCpuTimeHistory': [], 'WallDurations': [], 'JobIds': [], 'State': 'unsubmitted'}, '2000': {'Retries': 0, 'Restarts': 0, 'SiteHistory': [], 'ResidentSetSize': [], 'SubmitTimes': [], 'StartTimes': [], 'EndTimes': [], 'TotalUserCpuTimeHistory': [], 'TotalSysCpuTimeHistory': [], 'WallDurations': [], 'JobIds': [], 'State': 'unsubmitted'}, '2001': {'Retries': 0, 'Restarts': 0, 'SiteHistory': [], 'ResidentSetSize': [], 'SubmitTimes': [], 'StartTimes': [], 'EndTimes': [], 'TotalUserCpuTimeHistory': [], 'TotalSysCpuTimeHistory': [], 'WallDurations': [], 'JobIds': [], 'State': 'unsubmitted'}, '2002': {'Retries': 0, 'Restarts': 0, 'SiteHistory': [], 'ResidentSetSize': [], 'SubmitTimes': [], 'StartTimes': [], 'EndTimes': [], 'TotalUserCpuTimeHistory': [], 'TotalSysCpuTimeHistory': [], 'WallDurations': [], 'JobIds': [], 'State': 'unsubmitted'}, '2003': {'Retries': 0, 'Restarts': 0, 'SiteHistory': [], 'ResidentSetSize': [], 'SubmitTimes': [], 'StartTimes': [], 'EndTimes': [], 'TotalUserCpuTimeHistory': [], 'TotalSysCpuTimeHistory': [], 'WallDurations': [], 'JobIds': [], 'State': 'unsubmitted'}, '2004': {'Retries': 0, 'Restarts': 0, 'SiteHistory': [], 'ResidentSetSize': [], 'SubmitTimes': [], 'StartTimes': [], 'EndTimes': [], 'TotalUserCpuTimeHistory': [], 'TotalSysCpuTimeHistory': [], 'WallDurations': [], 'JobIds': [], 'State': 'unsubmitted'}, '2005': {'Retries': 0, 'Restarts': 0, 'SiteHistory': [], 'ResidentSetSize': [], 'SubmitTimes': [], 'StartTimes': [], 'EndTimes': [], 'TotalUserCpuTimeHistory': [], 'TotalSysCpuTimeHistory': [], 'WallDurations': [], 'JobIds': [], 'State': 'unsubmitted'}, '2006': {'Retries': 0, 'Restarts': 0, 'SiteHistory': [], 'ResidentSetSize': [], 'SubmitTimes': [], 'StartTimes': [], 'EndTimes': [], 'TotalUserCpuTimeHistory': [], 'TotalSysCpuTimeHistory': [], 'WallDurations': [], 'JobIds': [], 'State': 'unsubmitted'}, '2007': {'Retries': 0, 'Restarts': 0, 'SiteHistory': [], 'ResidentSetSize': [], 'SubmitTimes': [], 'StartTimes': [], 'EndTimes': [], 'TotalUserCpuTimeHistory': [], 'TotalSysCpuTimeHistory': [], 'WallDurations': [], 'JobIds': [], 'State': 'unsubmitted'}, '2008': {'Retries': 0, 'Restarts': 0, 'SiteHistory': [], 'ResidentSetSize': [], 'SubmitTimes': [], 'StartTimes': [], 'EndTimes': [], 'TotalUserCpuTimeHistory': [], 'TotalSysCpuTimeHistory': [], 'WallDurations': [], 'JobIds': [], 'State': 'unsubmitted'}, '2009': {'Retries': 0, 'Restarts': 0, 'SiteHistory': [], 'ResidentSetSize': [], 'SubmitTimes': [], 'StartTimes': [], 'EndTimes': [], 'TotalUserCpuTimeHistory': [], 'TotalSysCpuTimeHistory': [], 'WallDurations': [], 'JobIds': [], 'State': 'unsubmitted'}, '2010': {'Retries': 0, 'Restarts': 0, 'SiteHistory': [], 'ResidentSetSize': [], 'SubmitTimes': [], 'StartTimes': [], 'EndTimes': [], 'TotalUserCpuTimeHistory': [], 'TotalSysCpuTimeHistory': [], 'WallDurations': [], 'JobIds': [], 'State': 'unsubmitted'}, '2011': {'Retries': 0, 'Restarts': 0, 'SiteHistory': [], 'ResidentSetSize': [], 'SubmitTimes': [], 'StartTimes': [], 'EndTimes': [], 'TotalUserCpuTimeHistory': [], 'TotalSysCpuTimeHistory': [], 'WallDurations': [], 'JobIds': [], 'State': 'unsubmitted'}, '2012': {'Retries': 0, 'Restarts': 0, 'SiteHistory': [], 'ResidentSetSize': [], 'SubmitTimes': [], 'StartTimes': [], 'EndTimes': [], 'TotalUserCpuTimeHistory': [], 'TotalSysCpuTimeHistory': [], 'WallDurations': [], 'JobIds': [], 'State': 'unsubmitted'}, '2013': {'Retries': 0, 'Restarts': 0, 'SiteHistory': [], 'ResidentSetSize': [], 'SubmitTimes': [], 'StartTimes': [], 'EndTimes': [], 'TotalUserCpuTimeHistory': [], 'TotalSysCpuTimeHistory': [], 'WallDurations': [], 'JobIds': [], 'State': 'unsubmitted'}, '2014': {'Retries': 0, 'Restarts': 0, 'SiteHistory': [], 'ResidentSetSize': [], 'SubmitTimes': [], 'StartTimes': [], 'EndTimes': [], 'TotalUserCpuTimeHistory': [], 'TotalSysCpuTimeHistory': [], 'WallDurations': [], 'JobIds': [], 'State': 'unsubmitted'}, '2015': {'Retries': 0, 'Restarts': 0, 'SiteHistory': [], 'ResidentSetSize': [], 'SubmitTimes': [], 'StartTimes': [], 'EndTimes': [], 'TotalUserCpuTimeHistory': [], 'TotalSysCpuTimeHistory': [], 'WallDurations': [], 'JobIds': [], 'State': 'unsubmitted'}, '2016': {'Retries': 0, 'Restarts': 0, 'SiteHistory': [], 'ResidentSetSize': [], 'SubmitTimes': [], 'StartTimes': [], 'EndTimes': [], 'TotalUserCpuTimeHistory': [], 'TotalSysCpuTimeHistory': [], 'WallDurations': [], 'JobIds': [], 'State': 'unsubmitted'}, '2017': {'Retries': 0, 'Restarts': 0, 'SiteHistory': [], 'ResidentSetSize': [], 'SubmitTimes': [], 'StartTimes': [], 'EndTimes': [], 'TotalUserCpuTimeHistory': [], 'TotalSysCpuTimeHistory': [], 'WallDurations': [], 'JobIds': [], 'State': 'unsubmitted'}, '2018': {'Retries': 0, 'Restarts': 0, 'SiteHistory': [], 'ResidentSetSize': [], 'SubmitTimes': [], 'StartTimes': [], 'EndTimes': [], 'TotalUserCpuTimeHistory': [], 'TotalSysCpuTimeHistory': [], 'WallDurations': [], 'JobIds': [], 'State': 'unsubmitted'}, '2019': {'Retries': 0, 'Restarts': 0, 'SiteHistory': [], 'ResidentSetSize': [], 'SubmitTimes': [], 'StartTimes': [], 'EndTimes': [], 'TotalUserCpuTimeHistory': [], 'TotalSysCpuTimeHistory': [], 'WallDurations': [], 'JobIds': [], 'State': 'unsubmitted'}, '2020': {'Retries': 0, 'Restarts': 0, 'SiteHistory': [], 'ResidentSetSize': [], 'SubmitTimes': [], 'StartTimes': [], 'EndTimes': [], 'TotalUserCpuTimeHistory': [], 'TotalSysCpuTimeHistory': [], 'WallDurations': [], 'JobIds': [], 'State': 'unsubmitted'}, '2021': {'Retries': 0, 'Restarts': 0, 'SiteHistory': [], 'ResidentSetSize': [], 'SubmitTimes': [], 'StartTimes': [], 'EndTimes': [], 'TotalUserCpuTimeHistory': [], 'TotalSysCpuTimeHistory': [], 'WallDurations': [], 'JobIds': [], 'State': 'unsubmitted'}, '2022': {'Retries': 0, 'Restarts': 0, 'SiteHistory': [], 'ResidentSetSize': [], 'SubmitTimes': [], 'StartTimes': [], 'EndTimes': [], 'TotalUserCpuTimeHistory': [], 'TotalSysCpuTimeHistory': [], 'WallDurations': [], 'JobIds': [], 'State': 'unsubmitted'}, '2023': {'Retries': 0, 'Restarts': 0, 'SiteHistory': [], 'ResidentSetSize': [], 'SubmitTimes': [], 'StartTimes': [], 'EndTimes': [], 'TotalUserCpuTimeHistory': [], 'TotalSysCpuTimeHistory': [], 'WallDurations': [], 'JobIds': [], 'State': 'unsubmitted'}, '2024': {'Retries': 0, 'Restarts': 0, 'SiteHistory': [], 'ResidentSetSize': [], 'SubmitTimes': [], 'StartTimes': [], 'EndTimes': [], 'TotalUserCpuTimeHistory': [], 'TotalSysCpuTimeHistory': [], 'WallDurations': [], 'JobIds': [], 'State': 'unsubmitted'}, '2025': {'Retries': 0, 'Restarts': 0, 'SiteHistory': [], 'ResidentSetSize': [], 'SubmitTimes': [], 'StartTimes': [], 'EndTimes': [], 'TotalUserCpuTimeHistory': [], 'TotalSysCpuTimeHistory': [], 'WallDurations': [], 'JobIds': [], 'State': 'unsubmitted'}, '2026': {'Retries': 0, 'Restarts': 0, 'SiteHistory': [], 'ResidentSetSize': [], 'SubmitTimes': [], 'StartTimes': [], 'EndTimes': [], 'TotalUserCpuTimeHistory': [], 'TotalSysCpuTimeHistory': [], 'WallDurations': [], 'JobIds': [], 'State': 'unsubmitted'}, '2027': {'Retries': 0, 'Restarts': 0, 'SiteHistory': [], 'ResidentSetSize': [], 'SubmitTimes': [], 'StartTimes': [], 'EndTimes': [], 'TotalUserCpuTimeHistory': [], 'TotalSysCpuTimeHistory': [], 'WallDurations': [], 'JobIds': [], 'State': 'unsubmitted'}, '2028': {'Retries': 0, 'Restarts': 0, 'SiteHistory': [], 'ResidentSetSize': [], 'SubmitTimes': [], 'StartTimes': [], 'EndTimes': [], 'TotalUserCpuTimeHistory': [], 'TotalSysCpuTimeHistory': [], 'WallDurations': [], 'JobIds': [], 'State': 'unsubmitted'}, '2029': {'Retries': 0, 'Restarts': 0, 'SiteHistory': [], 'ResidentSetSize': [], 'SubmitTimes': [], 'StartTimes': [], 'EndTimes': [], 'TotalUserCpuTimeHistory': [], 'TotalSysCpuTimeHistory': [], 'WallDurations': [], 'JobIds': [], 'State': 'unsubmitted'}, '2030': {'Retries': 0, 'Restarts': 0, 'SiteHistory': [], 'ResidentSetSize': [], 'SubmitTimes': [], 'StartTimes': [], 'EndTimes': [], 'TotalUserCpuTimeHistory': [], 'TotalSysCpuTimeHistory': [], 'WallDurations': [], 'JobIds': [], 'State': 'unsubmitted'}, '2031': {'Retries': 0, 'Restarts': 0, 'SiteHistory': [], 'ResidentSetSize': [], 'SubmitTimes': [], 'StartTimes': [], 'EndTimes': [], 'TotalUserCpuTimeHistory': [], 'TotalSysCpuTimeHistory': [], 'WallDurations': [], 'JobIds': [], 'State': 'unsubmitted'}, '2032': {'Retries': 0, 'Restarts': 0, 'SiteHistory': [], 'ResidentSetSize': [], 'SubmitTimes': [], 'StartTimes': [], 'EndTimes': [], 'TotalUserCpuTimeHistory': [], 'TotalSysCpuTimeHistory': [], 'WallDurations': [], 'JobIds': [], 'State': 'unsubmitted'}, '2033': {'Retries': 0, 'Restarts': 0, 'SiteHistory': [], 'ResidentSetSize': [], 'SubmitTimes': [], 'StartTimes': [], 'EndTimes': [], 'TotalUserCpuTimeHistory': [], 'TotalSysCpuTimeHistory': [], 'WallDurations': [], 'JobIds': [], 'State': 'unsubmitted'}, '2034': {'Retries': 0, 'Restarts': 0, 'SiteHistory': [], 'ResidentSetSize': [], 'SubmitTimes': [], 'StartTimes': [], 'EndTimes': [], 'TotalUserCpuTimeHistory': [], 'TotalSysCpuTimeHistory': [], 'WallDurations': [], 'JobIds': [], 'State': 'unsubmitted'}, '2035': {'Retries': 0, 'Restarts': 0, 'SiteHistory': [], 'ResidentSetSize': [], 'SubmitTimes': [], 'StartTimes': [], 'EndTimes': [], 'TotalUserCpuTimeHistory': [], 'TotalSysCpuTimeHistory': [], 'WallDurations': [], 'JobIds': [], 'State': 'unsubmitted'}, '2036': {'Retries': 0, 'Restarts': 0, 'SiteHistory': [], 'ResidentSetSize': [], 'SubmitTimes': [], 'StartTimes': [], 'EndTimes': [], 'TotalUserCpuTimeHistory': [], 'TotalSysCpuTimeHistory': [], 'WallDurations': [], 'JobIds': [], 'State': 'unsubmitted'}, '2037': {'Retries': 0, 'Restarts': 0, 'SiteHistory': [], 'ResidentSetSize': [], 'SubmitTimes': [], 'StartTimes': [], 'EndTimes': [], 'TotalUserCpuTimeHistory': [], 'TotalSysCpuTimeHistory': [], 'WallDurations': [], 'JobIds': [], 'State': 'unsubmitted'}, '2038': {'Retries': 0, 'Restarts': 0, 'SiteHistory': [], 'ResidentSetSize': [], 'SubmitTimes': [], 'StartTimes': [], 'EndTimes': [], 'TotalUserCpuTimeHistory': [], 'TotalSysCpuTimeHistory': [], 'WallDurations': [], 'JobIds': [], 'State': 'unsubmitted'}, '2039': {'Retries': 0, 'Restarts': 0, 'SiteHistory': [], 'ResidentSetSize': [], 'SubmitTimes': [], 'StartTimes': [], 'EndTimes': [], 'TotalUserCpuTimeHistory': [], 'TotalSysCpuTimeHistory': [], 'WallDurations': [], 'JobIds': [], 'State': 'unsubmitted'}, '2040': {'Retries': 0, 'Restarts': 0, 'SiteHistory': [], 'ResidentSetSize': [], 'SubmitTimes': [], 'StartTimes': [], 'EndTimes': [], 'TotalUserCpuTimeHistory': [], 'TotalSysCpuTimeHistory': [], 'WallDurations': [], 'JobIds': [], 'State': 'unsubmitted'}, '2041': {'Retries': 0, 'Restarts': 0, 'SiteHistory': [], 'ResidentSetSize': [], 'SubmitTimes': [], 'StartTimes': [], 'EndTimes': [], 'TotalUserCpuTimeHistory': [], 'TotalSysCpuTimeHistory': [], 'WallDurations': [], 'JobIds': [], 'State': 'unsubmitted'}, '2042': {'Retries': 0, 'Restarts': 0, 'SiteHistory': [], 'ResidentSetSize': [], 'SubmitTimes': [], 'StartTimes': [], 'EndTimes': [], 'TotalUserCpuTimeHistory': [], 'TotalSysCpuTimeHistory': [], 'WallDurations': [], 'JobIds': [], 'State': 'unsubmitted'}, '2043': {'Retries': 0, 'Restarts': 0, 'SiteHistory': [], 'ResidentSetSize': [], 'SubmitTimes': [], 'StartTimes': [], 'EndTimes': [], 'TotalUserCpuTimeHistory': [], 'TotalSysCpuTimeHistory': [], 'WallDurations': [], 'JobIds': [], 'State': 'unsubmitted'}, '2044': {'Retries': 0, 'Restarts': 0, 'SiteHistory': [], 'ResidentSetSize': [], 'SubmitTimes': [], 'StartTimes': [], 'EndTimes': [], 'TotalUserCpuTimeHistory': [], 'TotalSysCpuTimeHistory': [], 'WallDurations': [], 'JobIds': [], 'State': 'unsubmitted'}, '2045': {'Retries': 0, 'Restarts': 0, 'SiteHistory': [], 'ResidentSetSize': [], 'SubmitTimes': [], 'StartTimes': [], 'EndTimes': [], 'TotalUserCpuTimeHistory': [], 'TotalSysCpuTimeHistory': [], 'WallDurations': [], 'JobIds': [], 'State': 'unsubmitted'}, '2046': {'Retries': 0, 'Restarts': 0, 'SiteHistory': [], 'ResidentSetSize': [], 'SubmitTimes': [], 'StartTimes': [], 'EndTimes': [], 'TotalUserCpuTimeHistory': [], 'TotalSysCpuTimeHistory': [], 'WallDurations': [], 'JobIds': [], 'State': 'unsubmitted'}, '2047': {'Retries': 0, 'Restarts': 0, 'SiteHistory': [], 'ResidentSetSize': [], 'SubmitTimes': [], 'StartTimes': [], 'EndTimes': [], 'TotalUserCpuTimeHistory': [], 'TotalSysCpuTimeHistory': [], 'WallDurations': [], 'JobIds': [], 'State': 'unsubmitted'}, '2048': {'Retries': 0, 'Restarts': 0, 'SiteHistory': [], 'ResidentSetSize': [], 'SubmitTimes': [], 'StartTimes': [], 'EndTimes': [], 'TotalUserCpuTimeHistory': [], 'TotalSysCpuTimeHistory': [], 'WallDurations': [], 'JobIds': [], 'State': 'unsubmitted'}, '2049': {'Retries': 0, 'Restarts': 0, 'SiteHistory': [], 'ResidentSetSize': [], 'SubmitTimes': [], 'StartTimes': [], 'EndTimes': [], 'TotalUserCpuTimeHistory': [], 'TotalSysCpuTimeHistory': [], 'WallDurations': [], 'JobIds': [], 'State': 'unsubmitted'}, '2050': {'Retries': 0, 'Restarts': 0, 'SiteHistory': [], 'ResidentSetSize': [], 'SubmitTimes': [], 'StartTimes': [], 'EndTimes': [], 'TotalUserCpuTimeHistory': [], 'TotalSysCpuTimeHistory': [], 'WallDurations': [], 'JobIds': [], 'State': 'unsubmitted'}, '2051': {'Retries': 0, 'Restarts': 0, 'SiteHistory': [], 'ResidentSetSize': [], 'SubmitTimes': [], 'StartTimes': [], 'EndTimes': [], 'TotalUserCpuTimeHistory': [], 'TotalSysCpuTimeHistory': [], 'WallDurations': [], 'JobIds': [], 'State': 'unsubmitted'}, '2052': {'Retries': 0, 'Restarts': 0, 'SiteHistory': [], 'ResidentSetSize': [], 'SubmitTimes': [], 'StartTimes': [], 'EndTimes': [], 'TotalUserCpuTimeHistory': [], 'TotalSysCpuTimeHistory': [], 'WallDurations': [], 'JobIds': [], 'State': 'unsubmitted'}, '2053': {'Retries': 0, 'Restarts': 0, 'SiteHistory': [], 'ResidentSetSize': [], 'SubmitTimes': [], 'StartTimes': [], 'EndTimes': [], 'TotalUserCpuTimeHistory': [], 'TotalSysCpuTimeHistory': [], 'WallDurations': [], 'JobIds': [], 'State': 'unsubmitted'}, '2054': {'Retries': 0, 'Restarts': 0, 'SiteHistory': [], 'ResidentSetSize': [], 'SubmitTimes': [], 'StartTimes': [], 'EndTimes': [], 'TotalUserCpuTimeHistory': [], 'TotalSysCpuTimeHistory': [], 'WallDurations': [], 'JobIds': [], 'State': 'unsubmitted'}, '2055': {'Retries': 0, 'Restarts': 0, 'SiteHistory': [], 'ResidentSetSize': [], 'SubmitTimes': [], 'StartTimes': [], 'EndTimes': [], 'TotalUserCpuTimeHistory': [], 'TotalSysCpuTimeHistory': [], 'WallDurations': [], 'JobIds': [], 'State': 'unsubmitted'}, '2056': {'Retries': 0, 'Restarts': 0, 'SiteHistory': [], 'ResidentSetSize': [], 'SubmitTimes': [], 'StartTimes': [], 'EndTimes': [], 'TotalUserCpuTimeHistory': [], 'TotalSysCpuTimeHistory': [], 'WallDurations': [], 'JobIds': [], 'State': 'unsubmitted'}, '2057': {'Retries': 0, 'Restarts': 0, 'SiteHistory': [], 'ResidentSetSize': [], 'SubmitTimes': [], 'StartTimes': [], 'EndTimes': [], 'TotalUserCpuTimeHistory': [], 'TotalSysCpuTimeHistory': [], 'WallDurations': [], 'JobIds': [], 'State': 'unsubmitted'}, '2058': {'Retries': 0, 'Restarts': 0, 'SiteHistory': [], 'ResidentSetSize': [], 'SubmitTimes': [], 'StartTimes': [], 'EndTimes': [], 'TotalUserCpuTimeHistory': [], 'TotalSysCpuTimeHistory': [], 'WallDurations': [], 'JobIds': [], 'State': 'unsubmitted'}, '2059': {'Retries': 0, 'Restarts': 0, 'SiteHistory': [], 'ResidentSetSize': [], 'SubmitTimes': [], 'StartTimes': [], 'EndTimes': [], 'TotalUserCpuTimeHistory': [], 'TotalSysCpuTimeHistory': [], 'WallDurations': [], 'JobIds': [], 'State': 'unsubmitted'}, '2060': {'Retries': 0, 'Restarts': 0, 'SiteHistory': [], 'ResidentSetSize': [], 'SubmitTimes': [], 'StartTimes': [], 'EndTimes': [], 'TotalUserCpuTimeHistory': [], 'TotalSysCpuTimeHistory': [], 'WallDurations': [], 'JobIds': [], 'State': 'unsubmitted'}, '2061': {'Retries': 0, 'Restarts': 0, 'SiteHistory': [], 'ResidentSetSize': [], 'SubmitTimes': [], 'StartTimes': [], 'EndTimes': [], 'TotalUserCpuTimeHistory': [], 'TotalSysCpuTimeHistory': [], 'WallDurations': [], 'JobIds': [], 'State': 'unsubmitted'}, '2062': {'Retries': 0, 'Restarts': 0, 'SiteHistory': [], 'ResidentSetSize': [], 'SubmitTimes': [], 'StartTimes': [], 'EndTimes': [], 'TotalUserCpuTimeHistory': [], 'TotalSysCpuTimeHistory': [], 'WallDurations': [], 'JobIds': [], 'State': 'unsubmitted'}, '2063': {'Retries': 0, 'Restarts': 0, 'SiteHistory': [], 'ResidentSetSize': [], 'SubmitTimes': [], 'StartTimes': [], 'EndTimes': [], 'TotalUserCpuTimeHistory': [], 'TotalSysCpuTimeHistory': [], 'WallDurations': [], 'JobIds': [], 'State': 'unsubmitted'}, '2064': {'Retries': 0, 'Restarts': 0, 'SiteHistory': [], 'ResidentSetSize': [], 'SubmitTimes': [], 'StartTimes': [], 'EndTimes': [], 'TotalUserCpuTimeHistory': [], 'TotalSysCpuTimeHistory': [], 'WallDurations': [], 'JobIds': [], 'State': 'unsubmitted'}, '2065': {'Retries': 0, 'Restarts': 0, 'SiteHistory': [], 'ResidentSetSize': [], 'SubmitTimes': [], 'StartTimes': [], 'EndTimes': [], 'TotalUserCpuTimeHistory': [], 'TotalSysCpuTimeHistory': [], 'WallDurations': [], 'JobIds': [], 'State': 'unsubmitted'}, '2066': {'Retries': 0, 'Restarts': 0, 'SiteHistory': [], 'ResidentSetSize': [], 'SubmitTimes': [], 'StartTimes': [], 'EndTimes': [], 'TotalUserCpuTimeHistory': [], 'TotalSysCpuTimeHistory': [], 'WallDurations': [], 'JobIds': [], 'State': 'unsubmitted'}, '2067': {'Retries': 0, 'Restarts': 0, 'SiteHistory': [], 'ResidentSetSize': [], 'SubmitTimes': [], 'StartTimes': [], 'EndTimes': [], 'TotalUserCpuTimeHistory': [], 'TotalSysCpuTimeHistory': [], 'WallDurations': [], 'JobIds': [], 'State': 'unsubmitted'}, '2068': {'Retries': 0, 'Restarts': 0, 'SiteHistory': [], 'ResidentSetSize': [], 'SubmitTimes': [], 'StartTimes': [], 'EndTimes': [], 'TotalUserCpuTimeHistory': [], 'TotalSysCpuTimeHistory': [], 'WallDurations': [], 'JobIds': [], 'State': 'unsubmitted'}, '2069': {'Retries': 0, 'Restarts': 0, 'SiteHistory': [], 'ResidentSetSize': [], 'SubmitTimes': [], 'StartTimes': [], 'EndTimes': [], 'TotalUserCpuTimeHistory': [], 'TotalSysCpuTimeHistory': [], 'WallDurations': [], 'JobIds': [], 'State': 'unsubmitted'}, '2070': {'Retries': 0, 'Restarts': 0, 'SiteHistory': [], 'ResidentSetSize': [], 'SubmitTimes': [], 'StartTimes': [], 'EndTimes': [], 'TotalUserCpuTimeHistory': [], 'TotalSysCpuTimeHistory': [], 'WallDurations': [], 'JobIds': [], 'State': 'unsubmitted'}, '2071': {'Retries': 0, 'Restarts': 0, 'SiteHistory': [], 'ResidentSetSize': [], 'SubmitTimes': [], 'StartTimes': [], 'EndTimes': [], 'TotalUserCpuTimeHistory': [], 'TotalSysCpuTimeHistory': [], 'WallDurations': [], 'JobIds': [], 'State': 'unsubmitted'}, '2072': {'Retries': 0, 'Restarts': 0, 'SiteHistory': [], 'ResidentSetSize': [], 'SubmitTimes': [], 'StartTimes': [], 'EndTimes': [], 'TotalUserCpuTimeHistory': [], 'TotalSysCpuTimeHistory': [], 'WallDurations': [], 'JobIds': [], 'State': 'unsubmitted'}, '2073': {'Retries': 0, 'Restarts': 0, 'SiteHistory': [], 'ResidentSetSize': [], 'SubmitTimes': [], 'StartTimes': [], 'EndTimes': [], 'TotalUserCpuTimeHistory': [], 'TotalSysCpuTimeHistory': [], 'WallDurations': [], 'JobIds': [], 'State': 'unsubmitted'}, '2074': {'Retries': 0, 'Restarts': 0, 'SiteHistory': [], 'ResidentSetSize': [], 'SubmitTimes': [], 'StartTimes': [], 'EndTimes': [], 'TotalUserCpuTimeHistory': [], 'TotalSysCpuTimeHistory': [], 'WallDurations': [], 'JobIds': [], 'State': 'unsubmitted'}, '2075': {'Retries': 0, 'Restarts': 0, 'SiteHistory': [], 'ResidentSetSize': [], 'SubmitTimes': [], 'StartTimes': [], 'EndTimes': [], 'TotalUserCpuTimeHistory': [], 'TotalSysCpuTimeHistory': [], 'WallDurations': [], 'JobIds': [], 'State': 'unsubmitted'}, '2076': {'Retries': 0, 'Restarts': 0, 'SiteHistory': [], 'ResidentSetSize': [], 'SubmitTimes': [], 'StartTimes': [], 'EndTimes': [], 'TotalUserCpuTimeHistory': [], 'TotalSysCpuTimeHistory': [], 'WallDurations': [], 'JobIds': [], 'State': 'unsubmitted'}, '2077': {'Retries': 0, 'Restarts': 0, 'SiteHistory': [], 'ResidentSetSize': [], 'SubmitTimes': [], 'StartTimes': [], 'EndTimes': [], 'TotalUserCpuTimeHistory': [], 'TotalSysCpuTimeHistory': [], 'WallDurations': [], 'JobIds': [], 'State': 'unsubmitted'}, '2078': {'Retries': 0, 'Restarts': 0, 'SiteHistory': [], 'ResidentSetSize': [], 'SubmitTimes': [], 'StartTimes': [], 'EndTimes': [], 'TotalUserCpuTimeHistory': [], 'TotalSysCpuTimeHistory': [], 'WallDurations': [], 'JobIds': [], 'State': 'unsubmitted'}, '2079': {'Retries': 0, 'Restarts': 0, 'SiteHistory': [], 'ResidentSetSize': [], 'SubmitTimes': [], 'StartTimes': [], 'EndTimes': [], 'TotalUserCpuTimeHistory': [], 'TotalSysCpuTimeHistory': [], 'WallDurations': [], 'JobIds': [], 'State': 'unsubmitted'}, '2080': {'Retries': 0, 'Restarts': 0, 'SiteHistory': [], 'ResidentSetSize': [], 'SubmitTimes': [], 'StartTimes': [], 'EndTimes': [], 'TotalUserCpuTimeHistory': [], 'TotalSysCpuTimeHistory': [], 'WallDurations': [], 'JobIds': [], 'State': 'unsubmitted'}, '2081': {'Retries': 0, 'Restarts': 0, 'SiteHistory': [], 'ResidentSetSize': [], 'SubmitTimes': [], 'StartTimes': [], 'EndTimes': [], 'TotalUserCpuTimeHistory': [], 'TotalSysCpuTimeHistory': [], 'WallDurations': [], 'JobIds': [], 'State': 'unsubmitted'}, '2082': {'Retries': 0, 'Restarts': 0, 'SiteHistory': [], 'ResidentSetSize': [], 'SubmitTimes': [], 'StartTimes': [], 'EndTimes': [], 'TotalUserCpuTimeHistory': [], 'TotalSysCpuTimeHistory': [], 'WallDurations': [], 'JobIds': [], 'State': 'unsubmitted'}, '2083': {'Retries': 0, 'Restarts': 0, 'SiteHistory': [], 'ResidentSetSize': [], 'SubmitTimes': [], 'StartTimes': [], 'EndTimes': [], 'TotalUserCpuTimeHistory': [], 'TotalSysCpuTimeHistory': [], 'WallDurations': [], 'JobIds': [], 'State': 'unsubmitted'}, '2084': {'Retries': 0, 'Restarts': 0, 'SiteHistory': [], 'ResidentSetSize': [], 'SubmitTimes': [], 'StartTimes': [], 'EndTimes': [], 'TotalUserCpuTimeHistory': [], 'TotalSysCpuTimeHistory': [], 'WallDurations': [], 'JobIds': [], 'State': 'unsubmitted'}, '2085': {'Retries': 0, 'Restarts': 0, 'SiteHistory': [], 'ResidentSetSize': [], 'SubmitTimes': [], 'StartTimes': [], 'EndTimes': [], 'TotalUserCpuTimeHistory': [], 'TotalSysCpuTimeHistory': [], 'WallDurations': [], 'JobIds': [], 'State': 'unsubmitted'}, '2086': {'Retries': 0, 'Restarts': 0, 'SiteHistory': [], 'ResidentSetSize': [], 'SubmitTimes': [], 'StartTimes': [], 'EndTimes': [], 'TotalUserCpuTimeHistory': [], 'TotalSysCpuTimeHistory': [], 'WallDurations': [], 'JobIds': [], 'State': 'unsubmitted'}, '2087': {'Retries': 0, 'Restarts': 0, 'SiteHistory': [], 'ResidentSetSize': [], 'SubmitTimes': [], 'StartTimes': [], 'EndTimes': [], 'TotalUserCpuTimeHistory': [], 'TotalSysCpuTimeHistory': [], 'WallDurations': [], 'JobIds': [], 'State': 'unsubmitted'}, '2088': {'Retries': 0, 'Restarts': 0, 'SiteHistory': [], 'ResidentSetSize': [], 'SubmitTimes': [], 'StartTimes': [], 'EndTimes': [], 'TotalUserCpuTimeHistory': [], 'TotalSysCpuTimeHistory': [], 'WallDurations': [], 'JobIds': [], 'State': 'unsubmitted'}, '2089': {'Retries': 0, 'Restarts': 0, 'SiteHistory': [], 'ResidentSetSize': [], 'SubmitTimes': [], 'StartTimes': [], 'EndTimes': [], 'TotalUserCpuTimeHistory': [], 'TotalSysCpuTimeHistory': [], 'WallDurations': [], 'JobIds': [], 'State': 'unsubmitted'}, '2090': {'Retries': 0, 'Restarts': 0, 'SiteHistory': [], 'ResidentSetSize': [], 'SubmitTimes': [], 'StartTimes': [], 'EndTimes': [], 'TotalUserCpuTimeHistory': [], 'TotalSysCpuTimeHistory': [], 'WallDurations': [], 'JobIds': [], 'State': 'unsubmitted'}, '2091': {'Retries': 0, 'Restarts': 0, 'SiteHistory': [], 'ResidentSetSize': [], 'SubmitTimes': [], 'StartTimes': [], 'EndTimes': [], 'TotalUserCpuTimeHistory': [], 'TotalSysCpuTimeHistory': [], 'WallDurations': [], 'JobIds': [], 'State': 'unsubmitted'}, '2092': {'Retries': 0, 'Restarts': 0, 'SiteHistory': [], 'ResidentSetSize': [], 'SubmitTimes': [], 'StartTimes': [], 'EndTimes': [], 'TotalUserCpuTimeHistory': [], 'TotalSysCpuTimeHistory': [], 'WallDurations': [], 'JobIds': [], 'State': 'unsubmitted'}, '2093': {'Retries': 0, 'Restarts': 0, 'SiteHistory': [], 'ResidentSetSize': [], 'SubmitTimes': [], 'StartTimes': [], 'EndTimes': [], 'TotalUserCpuTimeHistory': [], 'TotalSysCpuTimeHistory': [], 'WallDurations': [], 'JobIds': [], 'State': 'unsubmitted'}, '2094': {'Retries': 0, 'Restarts': 0, 'SiteHistory': [], 'ResidentSetSize': [], 'SubmitTimes': [], 'StartTimes': [], 'EndTimes': [], 'TotalUserCpuTimeHistory': [], 'TotalSysCpuTimeHistory': [], 'WallDurations': [], 'JobIds': [], 'State': 'unsubmitted'}, '2095': {'Retries': 0, 'Restarts': 0, 'SiteHistory': [], 'ResidentSetSize': [], 'SubmitTimes': [], 'StartTimes': [], 'EndTimes': [], 'TotalUserCpuTimeHistory': [], 'TotalSysCpuTimeHistory': [], 'WallDurations': [], 'JobIds': [], 'State': 'unsubmitted'}, '2096': {'Retries': 0, 'Restarts': 0, 'SiteHistory': [], 'ResidentSetSize': [], 'SubmitTimes': [], 'StartTimes': [], 'EndTimes': [], 'TotalUserCpuTimeHistory': [], 'TotalSysCpuTimeHistory': [], 'WallDurations': [], 'JobIds': [], 'State': 'unsubmitted'}, '2097': {'Retries': 0, 'Restarts': 0, 'SiteHistory': [], 'ResidentSetSize': [], 'SubmitTimes': [], 'StartTimes': [], 'EndTimes': [], 'TotalUserCpuTimeHistory': [], 'TotalSysCpuTimeHistory': [], 'WallDurations': [], 'JobIds': [], 'State': 'unsubmitted'}, '2098': {'Retries': 0, 'Restarts': 0, 'SiteHistory': [], 'ResidentSetSize': [], 'SubmitTimes': [], 'StartTimes': [], 'EndTimes': [], 'TotalUserCpuTimeHistory': [], 'TotalSysCpuTimeHistory': [], 'WallDurations': [], 'JobIds': [], 'State': 'unsubmitted'}, '2099': {'Retries': 0, 'Restarts': 0, 'SiteHistory': [], 'ResidentSetSize': [], 'SubmitTimes': [], 'StartTimes': [], 'EndTimes': [], 'TotalUserCpuTimeHistory': [], 'TotalSysCpuTimeHistory': [], 'WallDurations': [], 'JobIds': [], 'State': 'unsubmitted'}, '2100': {'Retries': 0, 'Restarts': 0, 'SiteHistory': [], 'ResidentSetSize': [], 'SubmitTimes': [], 'StartTimes': [], 'EndTimes': [], 'TotalUserCpuTimeHistory': [], 'TotalSysCpuTimeHistory': [], 'WallDurations': [], 'JobIds': [], 'State': 'unsubmitted'}, '2101': {'Retries': 0, 'Restarts': 0, 'SiteHistory': [], 'ResidentSetSize': [], 'SubmitTimes': [], 'StartTimes': [], 'EndTimes': [], 'TotalUserCpuTimeHistory': [], 'TotalSysCpuTimeHistory': [], 'WallDurations': [], 'JobIds': [], 'State': 'unsubmitted'}, '2102': {'Retries': 0, 'Restarts': 0, 'SiteHistory': [], 'ResidentSetSize': [], 'SubmitTimes': [], 'StartTimes': [], 'EndTimes': [], 'TotalUserCpuTimeHistory': [], 'TotalSysCpuTimeHistory': [], 'WallDurations': [], 'JobIds': [], 'State': 'unsubmitted'}, '2103': {'Retries': 0, 'Restarts': 0, 'SiteHistory': [], 'ResidentSetSize': [], 'SubmitTimes': [], 'StartTimes': [], 'EndTimes': [], 'TotalUserCpuTimeHistory': [], 'TotalSysCpuTimeHistory': [], 'WallDurations': [], 'JobIds': [], 'State': 'unsubmitted'}, '2104': {'Retries': 0, 'Restarts': 0, 'SiteHistory': [], 'ResidentSetSize': [], 'SubmitTimes': [], 'StartTimes': [], 'EndTimes': [], 'TotalUserCpuTimeHistory': [], 'TotalSysCpuTimeHistory': [], 'WallDurations': [], 'JobIds': [], 'State': 'unsubmitted'}, '2105': {'Retries': 0, 'Restarts': 0, 'SiteHistory': [], 'ResidentSetSize': [], 'SubmitTimes': [], 'StartTimes': [], 'EndTimes': [], 'TotalUserCpuTimeHistory': [], 'TotalSysCpuTimeHistory': [], 'WallDurations': [], 'JobIds': [], 'State': 'unsubmitted'}, '2106': {'Retries': 0, 'Restarts': 0, 'SiteHistory': [], 'ResidentSetSize': [], 'SubmitTimes': [], 'StartTimes': [], 'EndTimes': [], 'TotalUserCpuTimeHistory': [], 'TotalSysCpuTimeHistory': [], 'WallDurations': [], 'JobIds': [], 'State': 'unsubmitted'}, '2107': {'Retries': 0, 'Restarts': 0, 'SiteHistory': [], 'ResidentSetSize': [], 'SubmitTimes': [], 'StartTimes': [], 'EndTimes': [], 'TotalUserCpuTimeHistory': [], 'TotalSysCpuTimeHistory': [], 'WallDurations': [], 'JobIds': [], 'State': 'unsubmitted'}, '2108': {'Retries': 0, 'Restarts': 0, 'SiteHistory': [], 'ResidentSetSize': [], 'SubmitTimes': [], 'StartTimes': [], 'EndTimes': [], 'TotalUserCpuTimeHistory': [], 'TotalSysCpuTimeHistory': [], 'WallDurations': [], 'JobIds': [], 'State': 'unsubmitted'}, '2109': {'Retries': 0, 'Restarts': 0, 'SiteHistory': [], 'ResidentSetSize': [], 'SubmitTimes': [], 'StartTimes': [], 'EndTimes': [], 'TotalUserCpuTimeHistory': [], 'TotalSysCpuTimeHistory': [], 'WallDurations': [], 'JobIds': [], 'State': 'unsubmitted'}, '2110': {'Retries': 0, 'Restarts': 0, 'SiteHistory': [], 'ResidentSetSize': [], 'SubmitTimes': [], 'StartTimes': [], 'EndTimes': [], 'TotalUserCpuTimeHistory': [], 'TotalSysCpuTimeHistory': [], 'WallDurations': [], 'JobIds': [], 'State': 'unsubmitted'}, '2111': {'Retries': 0, 'Restarts': 0, 'SiteHistory': [], 'ResidentSetSize': [], 'SubmitTimes': [], 'StartTimes': [], 'EndTimes': [], 'TotalUserCpuTimeHistory': [], 'TotalSysCpuTimeHistory': [], 'WallDurations': [], 'JobIds': [], 'State': 'unsubmitted'}, '2112': {'Retries': 0, 'Restarts': 0, 'SiteHistory': [], 'ResidentSetSize': [], 'SubmitTimes': [], 'StartTimes': [], 'EndTimes': [], 'TotalUserCpuTimeHistory': [], 'TotalSysCpuTimeHistory': [], 'WallDurations': [], 'JobIds': [], 'State': 'unsubmitted'}, '2113': {'Retries': 0, 'Restarts': 0, 'SiteHistory': [], 'ResidentSetSize': [], 'SubmitTimes': [], 'StartTimes': [], 'EndTimes': [], 'TotalUserCpuTimeHistory': [], 'TotalSysCpuTimeHistory': [], 'WallDurations': [], 'JobIds': [], 'State': 'unsubmitted'}, '2114': {'Retries': 0, 'Restarts': 0, 'SiteHistory': [], 'ResidentSetSize': [], 'SubmitTimes': [], 'StartTimes': [], 'EndTimes': [], 'TotalUserCpuTimeHistory': [], 'TotalSysCpuTimeHistory': [], 'WallDurations': [], 'JobIds': [], 'State': 'unsubmitted'}, '2115': {'Retries': 0, 'Restarts': 0, 'SiteHistory': [], 'ResidentSetSize': [], 'SubmitTimes': [], 'StartTimes': [], 'EndTimes': [], 'TotalUserCpuTimeHistory': [], 'TotalSysCpuTimeHistory': [], 'WallDurations': [], 'JobIds': [], 'State': 'unsubmitted'}, '2116': {'Retries': 0, 'Restarts': 0, 'SiteHistory': [], 'ResidentSetSize': [], 'SubmitTimes': [], 'StartTimes': [], 'EndTimes': [], 'TotalUserCpuTimeHistory': [], 'TotalSysCpuTimeHistory': [], 'WallDurations': [], 'JobIds': [], 'State': 'unsubmitted'}, '2117': {'Retries': 0, 'Restarts': 0, 'SiteHistory': [], 'ResidentSetSize': [], 'SubmitTimes': [], 'StartTimes': [], 'EndTimes': [], 'TotalUserCpuTimeHistory': [], 'TotalSysCpuTimeHistory': [], 'WallDurations': [], 'JobIds': [], 'State': 'unsubmitted'}, '2118': {'Retries': 0, 'Restarts': 0, 'SiteHistory': [], 'ResidentSetSize': [], 'SubmitTimes': [], 'StartTimes': [], 'EndTimes': [], 'TotalUserCpuTimeHistory': [], 'TotalSysCpuTimeHistory': [], 'WallDurations': [], 'JobIds': [], 'State': 'unsubmitted'}, '2119': {'Retries': 0, 'Restarts': 0, 'SiteHistory': [], 'ResidentSetSize': [], 'SubmitTimes': [], 'StartTimes': [], 'EndTimes': [], 'TotalUserCpuTimeHistory': [], 'TotalSysCpuTimeHistory': [], 'WallDurations': [], 'JobIds': [], 'State': 'unsubmitted'}, '2120': {'Retries': 0, 'Restarts': 0, 'SiteHistory': [], 'ResidentSetSize': [], 'SubmitTimes': [], 'StartTimes': [], 'EndTimes': [], 'TotalUserCpuTimeHistory': [], 'TotalSysCpuTimeHistory': [], 'WallDurations': [], 'JobIds': [], 'State': 'unsubmitted'}, '2121': {'Retries': 0, 'Restarts': 0, 'SiteHistory': [], 'ResidentSetSize': [], 'SubmitTimes': [], 'StartTimes': [], 'EndTimes': [], 'TotalUserCpuTimeHistory': [], 'TotalSysCpuTimeHistory': [], 'WallDurations': [], 'JobIds': [], 'State': 'unsubmitted'}, '2122': {'Retries': 0, 'Restarts': 0, 'SiteHistory': [], 'ResidentSetSize': [], 'SubmitTimes': [], 'StartTimes': [], 'EndTimes': [], 'TotalUserCpuTimeHistory': [], 'TotalSysCpuTimeHistory': [], 'WallDurations': [], 'JobIds': [], 'State': 'unsubmitted'}, '2123': {'Retries': 0, 'Restarts': 0, 'SiteHistory': [], 'ResidentSetSize': [], 'SubmitTimes': [], 'StartTimes': [], 'EndTimes': [], 'TotalUserCpuTimeHistory': [], 'TotalSysCpuTimeHistory': [], 'WallDurations': [], 'JobIds': [], 'State': 'unsubmitted'}, '2124': {'Retries': 0, 'Restarts': 0, 'SiteHistory': [], 'ResidentSetSize': [], 'SubmitTimes': [], 'StartTimes': [], 'EndTimes': [], 'TotalUserCpuTimeHistory': [], 'TotalSysCpuTimeHistory': [], 'WallDurations': [], 'JobIds': [], 'State': 'unsubmitted'}, '2125': {'Retries': 0, 'Restarts': 0, 'SiteHistory': [], 'ResidentSetSize': [], 'SubmitTimes': [], 'StartTimes': [], 'EndTimes': [], 'TotalUserCpuTimeHistory': [], 'TotalSysCpuTimeHistory': [], 'WallDurations': [], 'JobIds': [], 'State': 'unsubmitted'}, '2126': {'Retries': 0, 'Restarts': 0, 'SiteHistory': [], 'ResidentSetSize': [], 'SubmitTimes': [], 'StartTimes': [], 'EndTimes': [], 'TotalUserCpuTimeHistory': [], 'TotalSysCpuTimeHistory': [], 'WallDurations': [], 'JobIds': [], 'State': 'unsubmitted'}, '2127': {'Retries': 0, 'Restarts': 0, 'SiteHistory': [], 'ResidentSetSize': [], 'SubmitTimes': [], 'StartTimes': [], 'EndTimes': [], 'TotalUserCpuTimeHistory': [], 'TotalSysCpuTimeHistory': [], 'WallDurations': [], 'JobIds': [], 'State': 'unsubmitted'}, '2128': {'Retries': 0, 'Restarts': 0, 'SiteHistory': [], 'ResidentSetSize': [], 'SubmitTimes': [], 'StartTimes': [], 'EndTimes': [], 'TotalUserCpuTimeHistory': [], 'TotalSysCpuTimeHistory': [], 'WallDurations': [], 'JobIds': [], 'State': 'unsubmitted'}, '2129': {'Retries': 0, 'Restarts': 0, 'SiteHistory': [], 'ResidentSetSize': [], 'SubmitTimes': [], 'StartTimes': [], 'EndTimes': [], 'TotalUserCpuTimeHistory': [], 'TotalSysCpuTimeHistory': [], 'WallDurations': [], 'JobIds': [], 'State': 'unsubmitted'}, '2130': {'Retries': 0, 'Restarts': 0, 'SiteHistory': [], 'ResidentSetSize': [], 'SubmitTimes': [], 'StartTimes': [], 'EndTimes': [], 'TotalUserCpuTimeHistory': [], 'TotalSysCpuTimeHistory': [], 'WallDurations': [], 'JobIds': [], 'State': 'unsubmitted'}, '2131': {'Retries': 0, 'Restarts': 0, 'SiteHistory': [], 'ResidentSetSize': [], 'SubmitTimes': [], 'StartTimes': [], 'EndTimes': [], 'TotalUserCpuTimeHistory': [], 'TotalSysCpuTimeHistory': [], 'WallDurations': [], 'JobIds': [], 'State': 'unsubmitted'}, '2132': {'Retries': 0, 'Restarts': 0, 'SiteHistory': [], 'ResidentSetSize': [], 'SubmitTimes': [], 'StartTimes': [], 'EndTimes': [], 'TotalUserCpuTimeHistory': [], 'TotalSysCpuTimeHistory': [], 'WallDurations': [], 'JobIds': [], 'State': 'unsubmitted'}, '2133': {'Retries': 0, 'Restarts': 0, 'SiteHistory': [], 'ResidentSetSize': [], 'SubmitTimes': [], 'StartTimes': [], 'EndTimes': [], 'TotalUserCpuTimeHistory': [], 'TotalSysCpuTimeHistory': [], 'WallDurations': [], 'JobIds': [], 'State': 'unsubmitted'}, '2134': {'Retries': 0, 'Restarts': 0, 'SiteHistory': [], 'ResidentSetSize': [], 'SubmitTimes': [], 'StartTimes': [], 'EndTimes': [], 'TotalUserCpuTimeHistory': [], 'TotalSysCpuTimeHistory': [], 'WallDurations': [], 'JobIds': [], 'State': 'unsubmitted'}, '2135': {'Retries': 0, 'Restarts': 0, 'SiteHistory': [], 'ResidentSetSize': [], 'SubmitTimes': [], 'StartTimes': [], 'EndTimes': [], 'TotalUserCpuTimeHistory': [], 'TotalSysCpuTimeHistory': [], 'WallDurations': [], 'JobIds': [], 'State': 'unsubmitted'}, '2136': {'Retries': 0, 'Restarts': 0, 'SiteHistory': [], 'ResidentSetSize': [], 'SubmitTimes': [], 'StartTimes': [], 'EndTimes': [], 'TotalUserCpuTimeHistory': [], 'TotalSysCpuTimeHistory': [], 'WallDurations': [], 'JobIds': [], 'State': 'unsubmitted'}, '2137': {'Retries': 0, 'Restarts': 0, 'SiteHistory': [], 'ResidentSetSize': [], 'SubmitTimes': [], 'StartTimes': [], 'EndTimes': [], 'TotalUserCpuTimeHistory': [], 'TotalSysCpuTimeHistory': [], 'WallDurations': [], 'JobIds': [], 'State': 'unsubmitted'}, '2138': {'Retries': 0, 'Restarts': 0, 'SiteHistory': [], 'ResidentSetSize': [], 'SubmitTimes': [], 'StartTimes': [], 'EndTimes': [], 'TotalUserCpuTimeHistory': [], 'TotalSysCpuTimeHistory': [], 'WallDurations': [], 'JobIds': [], 'State': 'unsubmitted'}, '2139': {'Retries': 0, 'Restarts': 0, 'SiteHistory': [], 'ResidentSetSize': [], 'SubmitTimes': [], 'StartTimes': [], 'EndTimes': [], 'TotalUserCpuTimeHistory': [], 'TotalSysCpuTimeHistory': [], 'WallDurations': [], 'JobIds': [], 'State': 'unsubmitted'}, '2140': {'Retries': 0, 'Restarts': 0, 'SiteHistory': [], 'ResidentSetSize': [], 'SubmitTimes': [], 'StartTimes': [], 'EndTimes': [], 'TotalUserCpuTimeHistory': [], 'TotalSysCpuTimeHistory': [], 'WallDurations': [], 'JobIds': [], 'State': 'unsubmitted'}, '2141': {'Retries': 0, 'Restarts': 0, 'SiteHistory': [], 'ResidentSetSize': [], 'SubmitTimes': [], 'StartTimes': [], 'EndTimes': [], 'TotalUserCpuTimeHistory': [], 'TotalSysCpuTimeHistory': [], 'WallDurations': [], 'JobIds': [], 'State': 'unsubmitted'}, '2142': {'Retries': 0, 'Restarts': 0, 'SiteHistory': [], 'ResidentSetSize': [], 'SubmitTimes': [], 'StartTimes': [], 'EndTimes': [], 'TotalUserCpuTimeHistory': [], 'TotalSysCpuTimeHistory': [], 'WallDurations': [], 'JobIds': [], 'State': 'unsubmitted'}, '2143': {'Retries': 0, 'Restarts': 0, 'SiteHistory': [], 'ResidentSetSize': [], 'SubmitTimes': [], 'StartTimes': [], 'EndTimes': [], 'TotalUserCpuTimeHistory': [], 'TotalSysCpuTimeHistory': [], 'WallDurations': [], 'JobIds': [], 'State': 'unsubmitted'}, '2144': {'Retries': 0, 'Restarts': 0, 'SiteHistory': [], 'ResidentSetSize': [], 'SubmitTimes': [], 'StartTimes': [], 'EndTimes': [], 'TotalUserCpuTimeHistory': [], 'TotalSysCpuTimeHistory': [], 'WallDurations': [], 'JobIds': [], 'State': 'unsubmitted'}, '2145': {'Retries': 0, 'Restarts': 0, 'SiteHistory': [], 'ResidentSetSize': [], 'SubmitTimes': [], 'StartTimes': [], 'EndTimes': [], 'TotalUserCpuTimeHistory': [], 'TotalSysCpuTimeHistory': [], 'WallDurations': [], 'JobIds': [], 'State': 'unsubmitted'}, '2146': {'Retries': 0, 'Restarts': 0, 'SiteHistory': [], 'ResidentSetSize': [], 'SubmitTimes': [], 'StartTimes': [], 'EndTimes': [], 'TotalUserCpuTimeHistory': [], 'TotalSysCpuTimeHistory': [], 'WallDurations': [], 'JobIds': [], 'State': 'unsubmitted'}, '2147': {'Retries': 0, 'Restarts': 0, 'SiteHistory': [], 'ResidentSetSize': [], 'SubmitTimes': [], 'StartTimes': [], 'EndTimes': [], 'TotalUserCpuTimeHistory': [], 'TotalSysCpuTimeHistory': [], 'WallDurations': [], 'JobIds': [], 'State': 'unsubmitted'}, '2148': {'Retries': 0, 'Restarts': 0, 'SiteHistory': [], 'ResidentSetSize': [], 'SubmitTimes': [], 'StartTimes': [], 'EndTimes': [], 'TotalUserCpuTimeHistory': [], 'TotalSysCpuTimeHistory': [], 'WallDurations': [], 'JobIds': [], 'State': 'unsubmitted'}, '2149': {'Retries': 0, 'Restarts': 0, 'SiteHistory': [], 'ResidentSetSize': [], 'SubmitTimes': [], 'StartTimes': [], 'EndTimes': [], 'TotalUserCpuTimeHistory': [], 'TotalSysCpuTimeHistory': [], 'WallDurations': [], 'JobIds': [], 'State': 'unsubmitted'}, '2150': {'Retries': 0, 'Restarts': 0, 'SiteHistory': [], 'ResidentSetSize': [], 'SubmitTimes': [], 'StartTimes': [], 'EndTimes': [], 'TotalUserCpuTimeHistory': [], 'TotalSysCpuTimeHistory': [], 'WallDurations': [], 'JobIds': [], 'State': 'unsubmitted'}, '2151': {'Retries': 0, 'Restarts': 0, 'SiteHistory': [], 'ResidentSetSize': [], 'SubmitTimes': [], 'StartTimes': [], 'EndTimes': [], 'TotalUserCpuTimeHistory': [], 'TotalSysCpuTimeHistory': [], 'WallDurations': [], 'JobIds': [], 'State': 'unsubmitted'}, '2152': {'Retries': 0, 'Restarts': 0, 'SiteHistory': [], 'ResidentSetSize': [], 'SubmitTimes': [], 'StartTimes': [], 'EndTimes': [], 'TotalUserCpuTimeHistory': [], 'TotalSysCpuTimeHistory': [], 'WallDurations': [], 'JobIds': [], 'State': 'unsubmitted'}, '2153': {'Retries': 0, 'Restarts': 0, 'SiteHistory': [], 'ResidentSetSize': [], 'SubmitTimes': [], 'StartTimes': [], 'EndTimes': [], 'TotalUserCpuTimeHistory': [], 'TotalSysCpuTimeHistory': [], 'WallDurations': [], 'JobIds': [], 'State': 'unsubmitted'}, '2154': {'Retries': 0, 'Restarts': 0, 'SiteHistory': [], 'ResidentSetSize': [], 'SubmitTimes': [], 'StartTimes': [], 'EndTimes': [], 'TotalUserCpuTimeHistory': [], 'TotalSysCpuTimeHistory': [], 'WallDurations': [], 'JobIds': [], 'State': 'unsubmitted'}, '2155': {'Retries': 0, 'Restarts': 0, 'SiteHistory': [], 'ResidentSetSize': [], 'SubmitTimes': [], 'StartTimes': [], 'EndTimes': [], 'TotalUserCpuTimeHistory': [], 'TotalSysCpuTimeHistory': [], 'WallDurations': [], 'JobIds': [], 'State': 'unsubmitted'}, '2156': {'Retries': 0, 'Restarts': 0, 'SiteHistory': [], 'ResidentSetSize': [], 'SubmitTimes': [], 'StartTimes': [], 'EndTimes': [], 'TotalUserCpuTimeHistory': [], 'TotalSysCpuTimeHistory': [], 'WallDurations': [], 'JobIds': [], 'State': 'unsubmitted'}, '2157': {'Retries': 0, 'Restarts': 0, 'SiteHistory': [], 'ResidentSetSize': [], 'SubmitTimes': [], 'StartTimes': [], 'EndTimes': [], 'TotalUserCpuTimeHistory': [], 'TotalSysCpuTimeHistory': [], 'WallDurations': [], 'JobIds': [], 'State': 'unsubmitted'}, '2158': {'Retries': 0, 'Restarts': 0, 'SiteHistory': [], 'ResidentSetSize': [], 'SubmitTimes': [], 'StartTimes': [], 'EndTimes': [], 'TotalUserCpuTimeHistory': [], 'TotalSysCpuTimeHistory': [], 'WallDurations': [], 'JobIds': [], 'State': 'unsubmitted'}, '2159': {'Retries': 0, 'Restarts': 0, 'SiteHistory': [], 'ResidentSetSize': [], 'SubmitTimes': [], 'StartTimes': [], 'EndTimes': [], 'TotalUserCpuTimeHistory': [], 'TotalSysCpuTimeHistory': [], 'WallDurations': [], 'JobIds': [], 'State': 'unsubmitted'}, '2160': {'Retries': 0, 'Restarts': 0, 'SiteHistory': [], 'ResidentSetSize': [], 'SubmitTimes': [], 'StartTimes': [], 'EndTimes': [], 'TotalUserCpuTimeHistory': [], 'TotalSysCpuTimeHistory': [], 'WallDurations': [], 'JobIds': [], 'State': 'unsubmitted'}, '2161': {'Retries': 0, 'Restarts': 0, 'SiteHistory': [], 'ResidentSetSize': [], 'SubmitTimes': [], 'StartTimes': [], 'EndTimes': [], 'TotalUserCpuTimeHistory': [], 'TotalSysCpuTimeHistory': [], 'WallDurations': [], 'JobIds': [], 'State': 'unsubmitted'}, '2162': {'Retries': 0, 'Restarts': 0, 'SiteHistory': [], 'ResidentSetSize': [], 'SubmitTimes': [], 'StartTimes': [], 'EndTimes': [], 'TotalUserCpuTimeHistory': [], 'TotalSysCpuTimeHistory': [], 'WallDurations': [], 'JobIds': [], 'State': 'unsubmitted'}, '2163': {'Retries': 0, 'Restarts': 0, 'SiteHistory': [], 'ResidentSetSize': [], 'SubmitTimes': [], 'StartTimes': [], 'EndTimes': [], 'TotalUserCpuTimeHistory': [], 'TotalSysCpuTimeHistory': [], 'WallDurations': [], 'JobIds': [], 'State': 'unsubmitted'}, '2164': {'Retries': 0, 'Restarts': 0, 'SiteHistory': [], 'ResidentSetSize': [], 'SubmitTimes': [], 'StartTimes': [], 'EndTimes': [], 'TotalUserCpuTimeHistory': [], 'TotalSysCpuTimeHistory': [], 'WallDurations': [], 'JobIds': [], 'State': 'unsubmitted'}, '2165': {'Retries': 0, 'Restarts': 0, 'SiteHistory': [], 'ResidentSetSize': [], 'SubmitTimes': [], 'StartTimes': [], 'EndTimes': [], 'TotalUserCpuTimeHistory': [], 'TotalSysCpuTimeHistory': [], 'WallDurations': [], 'JobIds': [], 'State': 'unsubmitted'}, '2166': {'Retries': 0, 'Restarts': 0, 'SiteHistory': [], 'ResidentSetSize': [], 'SubmitTimes': [], 'StartTimes': [], 'EndTimes': [], 'TotalUserCpuTimeHistory': [], 'TotalSysCpuTimeHistory': [], 'WallDurations': [], 'JobIds': [], 'State': 'unsubmitted'}, '2167': {'Retries': 0, 'Restarts': 0, 'SiteHistory': [], 'ResidentSetSize': [], 'SubmitTimes': [], 'StartTimes': [], 'EndTimes': [], 'TotalUserCpuTimeHistory': [], 'TotalSysCpuTimeHistory': [], 'WallDurations': [], 'JobIds': [], 'State': 'unsubmitted'}, '2168': {'Retries': 0, 'Restarts': 0, 'SiteHistory': [], 'ResidentSetSize': [], 'SubmitTimes': [], 'StartTimes': [], 'EndTimes': [], 'TotalUserCpuTimeHistory': [], 'TotalSysCpuTimeHistory': [], 'WallDurations': [], 'JobIds': [], 'State': 'unsubmitted'}, '2169': {'Retries': 0, 'Restarts': 0, 'SiteHistory': [], 'ResidentSetSize': [], 'SubmitTimes': [], 'StartTimes': [], 'EndTimes': [], 'TotalUserCpuTimeHistory': [], 'TotalSysCpuTimeHistory': [], 'WallDurations': [], 'JobIds': [], 'State': 'unsubmitted'}, '2170': {'Retries': 0, 'Restarts': 0, 'SiteHistory': [], 'ResidentSetSize': [], 'SubmitTimes': [], 'StartTimes': [], 'EndTimes': [], 'TotalUserCpuTimeHistory': [], 'TotalSysCpuTimeHistory': [], 'WallDurations': [], 'JobIds': [], 'State': 'unsubmitted'}, '2171': {'Retries': 0, 'Restarts': 0, 'SiteHistory': [], 'ResidentSetSize': [], 'SubmitTimes': [], 'StartTimes': [], 'EndTimes': [], 'TotalUserCpuTimeHistory': [], 'TotalSysCpuTimeHistory': [], 'WallDurations': [], 'JobIds': [], 'State': 'unsubmitted'}, '2172': {'Retries': 0, 'Restarts': 0, 'SiteHistory': [], 'ResidentSetSize': [], 'SubmitTimes': [], 'StartTimes': [], 'EndTimes': [], 'TotalUserCpuTimeHistory': [], 'TotalSysCpuTimeHistory': [], 'WallDurations': [], 'JobIds': [], 'State': 'unsubmitted'}, '2173': {'Retries': 0, 'Restarts': 0, 'SiteHistory': [], 'ResidentSetSize': [], 'SubmitTimes': [], 'StartTimes': [], 'EndTimes': [], 'TotalUserCpuTimeHistory': [], 'TotalSysCpuTimeHistory': [], 'WallDurations': [], 'JobIds': [], 'State': 'unsubmitted'}, '2174': {'Retries': 0, 'Restarts': 0, 'SiteHistory': [], 'ResidentSetSize': [], 'SubmitTimes': [], 'StartTimes': [], 'EndTimes': [], 'TotalUserCpuTimeHistory': [], 'TotalSysCpuTimeHistory': [], 'WallDurations': [], 'JobIds': [], 'State': 'unsubmitted'}, '2175': {'Retries': 0, 'Restarts': 0, 'SiteHistory': [], 'ResidentSetSize': [], 'SubmitTimes': [], 'StartTimes': [], 'EndTimes': [], 'TotalUserCpuTimeHistory': [], 'TotalSysCpuTimeHistory': [], 'WallDurations': [], 'JobIds': [], 'State': 'unsubmitted'}, '2176': {'Retries': 0, 'Restarts': 0, 'SiteHistory': [], 'ResidentSetSize': [], 'SubmitTimes': [], 'StartTimes': [], 'EndTimes': [], 'TotalUserCpuTimeHistory': [], 'TotalSysCpuTimeHistory': [], 'WallDurations': [], 'JobIds': [], 'State': 'unsubmitted'}, '2177': {'Retries': 0, 'Restarts': 0, 'SiteHistory': [], 'ResidentSetSize': [], 'SubmitTimes': [], 'StartTimes': [], 'EndTimes': [], 'TotalUserCpuTimeHistory': [], 'TotalSysCpuTimeHistory': [], 'WallDurations': [], 'JobIds': [], 'State': 'unsubmitted'}, '2178': {'Retries': 0, 'Restarts': 0, 'SiteHistory': [], 'ResidentSetSize': [], 'SubmitTimes': [], 'StartTimes': [], 'EndTimes': [], 'TotalUserCpuTimeHistory': [], 'TotalSysCpuTimeHistory': [], 'WallDurations': [], 'JobIds': [], 'State': 'unsubmitted'}, '2179': {'Retries': 0, 'Restarts': 0, 'SiteHistory': [], 'ResidentSetSize': [], 'SubmitTimes': [], 'StartTimes': [], 'EndTimes': [], 'TotalUserCpuTimeHistory': [], 'TotalSysCpuTimeHistory': [], 'WallDurations': [], 'JobIds': [], 'State': 'unsubmitted'}, '2180': {'Retries': 0, 'Restarts': 0, 'SiteHistory': [], 'ResidentSetSize': [], 'SubmitTimes': [], 'StartTimes': [], 'EndTimes': [], 'TotalUserCpuTimeHistory': [], 'TotalSysCpuTimeHistory': [], 'WallDurations': [], 'JobIds': [], 'State': 'unsubmitted'}, '2181': {'Retries': 0, 'Restarts': 0, 'SiteHistory': [], 'ResidentSetSize': [], 'SubmitTimes': [], 'StartTimes': [], 'EndTimes': [], 'TotalUserCpuTimeHistory': [], 'TotalSysCpuTimeHistory': [], 'WallDurations': [], 'JobIds': [], 'State': 'unsubmitted'}, '2182': {'Retries': 0, 'Restarts': 0, 'SiteHistory': [], 'ResidentSetSize': [], 'SubmitTimes': [], 'StartTimes': [], 'EndTimes': [], 'TotalUserCpuTimeHistory': [], 'TotalSysCpuTimeHistory': [], 'WallDurations': [], 'JobIds': [], 'State': 'unsubmitted'}, '2183': {'Retries': 0, 'Restarts': 0, 'SiteHistory': [], 'ResidentSetSize': [], 'SubmitTimes': [], 'StartTimes': [], 'EndTimes': [], 'TotalUserCpuTimeHistory': [], 'TotalSysCpuTimeHistory': [], 'WallDurations': [], 'JobIds': [], 'State': 'unsubmitted'}, '2184': {'Retries': 0, 'Restarts': 0, 'SiteHistory': [], 'ResidentSetSize': [], 'SubmitTimes': [], 'StartTimes': [], 'EndTimes': [], 'TotalUserCpuTimeHistory': [], 'TotalSysCpuTimeHistory': [], 'WallDurations': [], 'JobIds': [], 'State': 'unsubmitted'}, '2185': {'Retries': 0, 'Restarts': 0, 'SiteHistory': [], 'ResidentSetSize': [], 'SubmitTimes': [], 'StartTimes': [], 'EndTimes': [], 'TotalUserCpuTimeHistory': [], 'TotalSysCpuTimeHistory': [], 'WallDurations': [], 'JobIds': [], 'State': 'unsubmitted'}, '2186': {'Retries': 0, 'Restarts': 0, 'SiteHistory': [], 'ResidentSetSize': [], 'SubmitTimes': [], 'StartTimes': [], 'EndTimes': [], 'TotalUserCpuTimeHistory': [], 'TotalSysCpuTimeHistory': [], 'WallDurations': [], 'JobIds': [], 'State': 'unsubmitted'}, '2187': {'Retries': 0, 'Restarts': 0, 'SiteHistory': [], 'ResidentSetSize': [], 'SubmitTimes': [], 'StartTimes': [], 'EndTimes': [], 'TotalUserCpuTimeHistory': [], 'TotalSysCpuTimeHistory': [], 'WallDurations': [], 'JobIds': [], 'State': 'unsubmitted'}, '2188': {'Retries': 0, 'Restarts': 0, 'SiteHistory': [], 'ResidentSetSize': [], 'SubmitTimes': [], 'StartTimes': [], 'EndTimes': [], 'TotalUserCpuTimeHistory': [], 'TotalSysCpuTimeHistory': [], 'WallDurations': [], 'JobIds': [], 'State': 'unsubmitted'}, '2189': {'Retries': 0, 'Restarts': 0, 'SiteHistory': [], 'ResidentSetSize': [], 'SubmitTimes': [], 'StartTimes': [], 'EndTimes': [], 'TotalUserCpuTimeHistory': [], 'TotalSysCpuTimeHistory': [], 'WallDurations': [], 'JobIds': [], 'State': 'unsubmitted'}, '2190': {'Retries': 0, 'Restarts': 0, 'SiteHistory': [], 'ResidentSetSize': [], 'SubmitTimes': [], 'StartTimes': [], 'EndTimes': [], 'TotalUserCpuTimeHistory': [], 'TotalSysCpuTimeHistory': [], 'WallDurations': [], 'JobIds': [], 'State': 'unsubmitted'}, '2191': {'Retries': 0, 'Restarts': 0, 'SiteHistory': [], 'ResidentSetSize': [], 'SubmitTimes': [], 'StartTimes': [], 'EndTimes': [], 'TotalUserCpuTimeHistory': [], 'TotalSysCpuTimeHistory': [], 'WallDurations': [], 'JobIds': [], 'State': 'unsubmitted'}, '2192': {'Retries': 0, 'Restarts': 0, 'SiteHistory': [], 'ResidentSetSize': [], 'SubmitTimes': [], 'StartTimes': [], 'EndTimes': [], 'TotalUserCpuTimeHistory': [], 'TotalSysCpuTimeHistory': [], 'WallDurations': [], 'JobIds': [], 'State': 'unsubmitted'}, '2193': {'Retries': 0, 'Restarts': 0, 'SiteHistory': [], 'ResidentSetSize': [], 'SubmitTimes': [], 'StartTimes': [], 'EndTimes': [], 'TotalUserCpuTimeHistory': [], 'TotalSysCpuTimeHistory': [], 'WallDurations': [], 'JobIds': [], 'State': 'unsubmitted'}, '2194': {'Retries': 0, 'Restarts': 0, 'SiteHistory': [], 'ResidentSetSize': [], 'SubmitTimes': [], 'StartTimes': [], 'EndTimes': [], 'TotalUserCpuTimeHistory': [], 'TotalSysCpuTimeHistory': [], 'WallDurations': [], 'JobIds': [], 'State': 'unsubmitted'}, '2195': {'Retries': 0, 'Restarts': 0, 'SiteHistory': [], 'ResidentSetSize': [], 'SubmitTimes': [], 'StartTimes': [], 'EndTimes': [], 'TotalUserCpuTimeHistory': [], 'TotalSysCpuTimeHistory': [], 'WallDurations': [], 'JobIds': [], 'State': 'unsubmitted'}, '2196': {'Retries': 0, 'Restarts': 0, 'SiteHistory': [], 'ResidentSetSize': [], 'SubmitTimes': [], 'StartTimes': [], 'EndTimes': [], 'TotalUserCpuTimeHistory': [], 'TotalSysCpuTimeHistory': [], 'WallDurations': [], 'JobIds': [], 'State': 'unsubmitted'}, '2197': {'Retries': 0, 'Restarts': 0, 'SiteHistory': [], 'ResidentSetSize': [], 'SubmitTimes': [], 'StartTimes': [], 'EndTimes': [], 'TotalUserCpuTimeHistory': [], 'TotalSysCpuTimeHistory': [], 'WallDurations': [], 'JobIds': [], 'State': 'unsubmitted'}, '2198': {'Retries': 0, 'Restarts': 0, 'SiteHistory': [], 'ResidentSetSize': [], 'SubmitTimes': [], 'StartTimes': [], 'EndTimes': [], 'TotalUserCpuTimeHistory': [], 'TotalSysCpuTimeHistory': [], 'WallDurations': [], 'JobIds': [], 'State': 'unsubmitted'}, '2199': {'Retries': 0, 'Restarts': 0, 'SiteHistory': [], 'ResidentSetSize': [], 'SubmitTimes': [], 'StartTimes': [], 'EndTimes': [], 'TotalUserCpuTimeHistory': [], 'TotalSysCpuTimeHistory': [], 'WallDurations': [], 'JobIds': [], 'State': 'unsubmitted'}, '2200': {'Retries': 0, 'Restarts': 0, 'SiteHistory': [], 'ResidentSetSize': [], 'SubmitTimes': [], 'StartTimes': [], 'EndTimes': [], 'TotalUserCpuTimeHistory': [], 'TotalSysCpuTimeHistory': [], 'WallDurations': [], 'JobIds': [], 'State': 'unsubmitted'}, '2201': {'Retries': 0, 'Restarts': 0, 'SiteHistory': [], 'ResidentSetSize': [], 'SubmitTimes': [], 'StartTimes': [], 'EndTimes': [], 'TotalUserCpuTimeHistory': [], 'TotalSysCpuTimeHistory': [], 'WallDurations': [], 'JobIds': [], 'State': 'unsubmitted'}, '2202': {'Retries': 0, 'Restarts': 0, 'SiteHistory': [], 'ResidentSetSize': [], 'SubmitTimes': [], 'StartTimes': [], 'EndTimes': [], 'TotalUserCpuTimeHistory': [], 'TotalSysCpuTimeHistory': [], 'WallDurations': [], 'JobIds': [], 'State': 'unsubmitted'}, '2203': {'Retries': 0, 'Restarts': 0, 'SiteHistory': [], 'ResidentSetSize': [], 'SubmitTimes': [], 'StartTimes': [], 'EndTimes': [], 'TotalUserCpuTimeHistory': [], 'TotalSysCpuTimeHistory': [], 'WallDurations': [], 'JobIds': [], 'State': 'unsubmitted'}, '2204': {'Retries': 0, 'Restarts': 0, 'SiteHistory': [], 'ResidentSetSize': [], 'SubmitTimes': [], 'StartTimes': [], 'EndTimes': [], 'TotalUserCpuTimeHistory': [], 'TotalSysCpuTimeHistory': [], 'WallDurations': [], 'JobIds': [], 'State': 'unsubmitted'}, '2205': {'Retries': 0, 'Restarts': 0, 'SiteHistory': [], 'ResidentSetSize': [], 'SubmitTimes': [], 'StartTimes': [], 'EndTimes': [], 'TotalUserCpuTimeHistory': [], 'TotalSysCpuTimeHistory': [], 'WallDurations': [], 'JobIds': [], 'State': 'unsubmitted'}, '2206': {'Retries': 0, 'Restarts': 0, 'SiteHistory': [], 'ResidentSetSize': [], 'SubmitTimes': [], 'StartTimes': [], 'EndTimes': [], 'TotalUserCpuTimeHistory': [], 'TotalSysCpuTimeHistory': [], 'WallDurations': [], 'JobIds': [], 'State': 'unsubmitted'}, '2207': {'Retries': 0, 'Restarts': 0, 'SiteHistory': [], 'ResidentSetSize': [], 'SubmitTimes': [], 'StartTimes': [], 'EndTimes': [], 'TotalUserCpuTimeHistory': [], 'TotalSysCpuTimeHistory': [], 'WallDurations': [], 'JobIds': [], 'State': 'unsubmitted'}, '2208': {'Retries': 0, 'Restarts': 0, 'SiteHistory': [], 'ResidentSetSize': [], 'SubmitTimes': [], 'StartTimes': [], 'EndTimes': [], 'TotalUserCpuTimeHistory': [], 'TotalSysCpuTimeHistory': [], 'WallDurations': [], 'JobIds': [], 'State': 'unsubmitted'}, '2209': {'Retries': 0, 'Restarts': 0, 'SiteHistory': [], 'ResidentSetSize': [], 'SubmitTimes': [], 'StartTimes': [], 'EndTimes': [], 'TotalUserCpuTimeHistory': [], 'TotalSysCpuTimeHistory': [], 'WallDurations': [], 'JobIds': [], 'State': 'unsubmitted'}, '2210': {'Retries': 0, 'Restarts': 0, 'SiteHistory': [], 'ResidentSetSize': [], 'SubmitTimes': [], 'StartTimes': [], 'EndTimes': [], 'TotalUserCpuTimeHistory': [], 'TotalSysCpuTimeHistory': [], 'WallDurations': [], 'JobIds': [], 'State': 'unsubmitted'}, '2211': {'Retries': 0, 'Restarts': 0, 'SiteHistory': [], 'ResidentSetSize': [], 'SubmitTimes': [], 'StartTimes': [], 'EndTimes': [], 'TotalUserCpuTimeHistory': [], 'TotalSysCpuTimeHistory': [], 'WallDurations': [], 'JobIds': [], 'State': 'unsubmitted'}, '2212': {'Retries': 0, 'Restarts': 0, 'SiteHistory': [], 'ResidentSetSize': [], 'SubmitTimes': [], 'StartTimes': [], 'EndTimes': [], 'TotalUserCpuTimeHistory': [], 'TotalSysCpuTimeHistory': [], 'WallDurations': [], 'JobIds': [], 'State': 'unsubmitted'}, '2213': {'Retries': 0, 'Restarts': 0, 'SiteHistory': [], 'ResidentSetSize': [], 'SubmitTimes': [], 'StartTimes': [], 'EndTimes': [], 'TotalUserCpuTimeHistory': [], 'TotalSysCpuTimeHistory': [], 'WallDurations': [], 'JobIds': [], 'State': 'unsubmitted'}, '2214': {'Retries': 0, 'Restarts': 0, 'SiteHistory': [], 'ResidentSetSize': [], 'SubmitTimes': [], 'StartTimes': [], 'EndTimes': [], 'TotalUserCpuTimeHistory': [], 'TotalSysCpuTimeHistory': [], 'WallDurations': [], 'JobIds': [], 'State': 'unsubmitted'}, '2215': {'Retries': 0, 'Restarts': 0, 'SiteHistory': [], 'ResidentSetSize': [], 'SubmitTimes': [], 'StartTimes': [], 'EndTimes': [], 'TotalUserCpuTimeHistory': [], 'TotalSysCpuTimeHistory': [], 'WallDurations': [], 'JobIds': [], 'State': 'unsubmitted'}, '2216': {'Retries': 0, 'Restarts': 0, 'SiteHistory': [], 'ResidentSetSize': [], 'SubmitTimes': [], 'StartTimes': [], 'EndTimes': [], 'TotalUserCpuTimeHistory': [], 'TotalSysCpuTimeHistory': [], 'WallDurations': [], 'JobIds': [], 'State': 'unsubmitted'}, '2217': {'Retries': 0, 'Restarts': 0, 'SiteHistory': [], 'ResidentSetSize': [], 'SubmitTimes': [], 'StartTimes': [], 'EndTimes': [], 'TotalUserCpuTimeHistory': [], 'TotalSysCpuTimeHistory': [], 'WallDurations': [], 'JobIds': [], 'State': 'unsubmitted'}, '2218': {'Retries': 0, 'Restarts': 0, 'SiteHistory': [], 'ResidentSetSize': [], 'SubmitTimes': [], 'StartTimes': [], 'EndTimes': [], 'TotalUserCpuTimeHistory': [], 'TotalSysCpuTimeHistory': [], 'WallDurations': [], 'JobIds': [], 'State': 'unsubmitted'}, '2219': {'Retries': 0, 'Restarts': 0, 'SiteHistory': [], 'ResidentSetSize': [], 'SubmitTimes': [], 'StartTimes': [], 'EndTimes': [], 'TotalUserCpuTimeHistory': [], 'TotalSysCpuTimeHistory': [], 'WallDurations': [], 'JobIds': [], 'State': 'unsubmitted'}, '2220': {'Retries': 0, 'Restarts': 0, 'SiteHistory': [], 'ResidentSetSize': [], 'SubmitTimes': [], 'StartTimes': [], 'EndTimes': [], 'TotalUserCpuTimeHistory': [], 'TotalSysCpuTimeHistory': [], 'WallDurations': [], 'JobIds': [], 'State': 'unsubmitted'}, '2221': {'Retries': 0, 'Restarts': 0, 'SiteHistory': [], 'ResidentSetSize': [], 'SubmitTimes': [], 'StartTimes': [], 'EndTimes': [], 'TotalUserCpuTimeHistory': [], 'TotalSysCpuTimeHistory': [], 'WallDurations': [], 'JobIds': [], 'State': 'unsubmitted'}, '2222': {'Retries': 0, 'Restarts': 0, 'SiteHistory': [], 'ResidentSetSize': [], 'SubmitTimes': [], 'StartTimes': [], 'EndTimes': [], 'TotalUserCpuTimeHistory': [], 'TotalSysCpuTimeHistory': [], 'WallDurations': [], 'JobIds': [], 'State': 'unsubmitted'}, '2223': {'Retries': 0, 'Restarts': 0, 'SiteHistory': [], 'ResidentSetSize': [], 'SubmitTimes': [], 'StartTimes': [], 'EndTimes': [], 'TotalUserCpuTimeHistory': [], 'TotalSysCpuTimeHistory': [], 'WallDurations': [], 'JobIds': [], 'State': 'unsubmitted'}, '2224': {'Retries': 0, 'Restarts': 0, 'SiteHistory': [], 'ResidentSetSize': [], 'SubmitTimes': [], 'StartTimes': [], 'EndTimes': [], 'TotalUserCpuTimeHistory': [], 'TotalSysCpuTimeHistory': [], 'WallDurations': [], 'JobIds': [], 'State': 'unsubmitted'}, '2225': {'Retries': 0, 'Restarts': 0, 'SiteHistory': [], 'ResidentSetSize': [], 'SubmitTimes': [], 'StartTimes': [], 'EndTimes': [], 'TotalUserCpuTimeHistory': [], 'TotalSysCpuTimeHistory': [], 'WallDurations': [], 'JobIds': [], 'State': 'unsubmitted'}, '2226': {'Retries': 0, 'Restarts': 0, 'SiteHistory': [], 'ResidentSetSize': [], 'SubmitTimes': [], 'StartTimes': [], 'EndTimes': [], 'TotalUserCpuTimeHistory': [], 'TotalSysCpuTimeHistory': [], 'WallDurations': [], 'JobIds': [], 'State': 'unsubmitted'}, '2227': {'Retries': 0, 'Restarts': 0, 'SiteHistory': [], 'ResidentSetSize': [], 'SubmitTimes': [], 'StartTimes': [], 'EndTimes': [], 'TotalUserCpuTimeHistory': [], 'TotalSysCpuTimeHistory': [], 'WallDurations': [], 'JobIds': [], 'State': 'unsubmitted'}, '2228': {'Retries': 0, 'Restarts': 0, 'SiteHistory': [], 'ResidentSetSize': [], 'SubmitTimes': [], 'StartTimes': [], 'EndTimes': [], 'TotalUserCpuTimeHistory': [], 'TotalSysCpuTimeHistory': [], 'WallDurations': [], 'JobIds': [], 'State': 'unsubmitted'}, '2229': {'Retries': 0, 'Restarts': 0, 'SiteHistory': [], 'ResidentSetSize': [], 'SubmitTimes': [], 'StartTimes': [], 'EndTimes': [], 'TotalUserCpuTimeHistory': [], 'TotalSysCpuTimeHistory': [], 'WallDurations': [], 'JobIds': [], 'State': 'unsubmitted'}, '2230': {'Retries': 0, 'Restarts': 0, 'SiteHistory': [], 'ResidentSetSize': [], 'SubmitTimes': [], 'StartTimes': [], 'EndTimes': [], 'TotalUserCpuTimeHistory': [], 'TotalSysCpuTimeHistory': [], 'WallDurations': [], 'JobIds': [], 'State': 'unsubmitted'}, '2231': {'Retries': 0, 'Restarts': 0, 'SiteHistory': [], 'ResidentSetSize': [], 'SubmitTimes': [], 'StartTimes': [], 'EndTimes': [], 'TotalUserCpuTimeHistory': [], 'TotalSysCpuTimeHistory': [], 'WallDurations': [], 'JobIds': [], 'State': 'unsubmitted'}, '2232': {'Retries': 0, 'Restarts': 0, 'SiteHistory': [], 'ResidentSetSize': [], 'SubmitTimes': [], 'StartTimes': [], 'EndTimes': [], 'TotalUserCpuTimeHistory': [], 'TotalSysCpuTimeHistory': [], 'WallDurations': [], 'JobIds': [], 'State': 'unsubmitted'}, '2233': {'Retries': 0, 'Restarts': 0, 'SiteHistory': [], 'ResidentSetSize': [], 'SubmitTimes': [], 'StartTimes': [], 'EndTimes': [], 'TotalUserCpuTimeHistory': [], 'TotalSysCpuTimeHistory': [], 'WallDurations': [], 'JobIds': [], 'State': 'unsubmitted'}, '2234': {'Retries': 0, 'Restarts': 0, 'SiteHistory': [], 'ResidentSetSize': [], 'SubmitTimes': [], 'StartTimes': [], 'EndTimes': [], 'TotalUserCpuTimeHistory': [], 'TotalSysCpuTimeHistory': [], 'WallDurations': [], 'JobIds': [], 'State': 'unsubmitted'}, '2235': {'Retries': 0, 'Restarts': 0, 'SiteHistory': [], 'ResidentSetSize': [], 'SubmitTimes': [], 'StartTimes': [], 'EndTimes': [], 'TotalUserCpuTimeHistory': [], 'TotalSysCpuTimeHistory': [], 'WallDurations': [], 'JobIds': [], 'State': 'unsubmitted'}, '2236': {'Retries': 0, 'Restarts': 0, 'SiteHistory': [], 'ResidentSetSize': [], 'SubmitTimes': [], 'StartTimes': [], 'EndTimes': [], 'TotalUserCpuTimeHistory': [], 'TotalSysCpuTimeHistory': [], 'WallDurations': [], 'JobIds': [], 'State': 'unsubmitted'}, '2237': {'Retries': 0, 'Restarts': 0, 'SiteHistory': [], 'ResidentSetSize': [], 'SubmitTimes': [], 'StartTimes': [], 'EndTimes': [], 'TotalUserCpuTimeHistory': [], 'TotalSysCpuTimeHistory': [], 'WallDurations': [], 'JobIds': [], 'State': 'unsubmitted'}, '2238': {'Retries': 0, 'Restarts': 0, 'SiteHistory': [], 'ResidentSetSize': [], 'SubmitTimes': [], 'StartTimes': [], 'EndTimes': [], 'TotalUserCpuTimeHistory': [], 'TotalSysCpuTimeHistory': [], 'WallDurations': [], 'JobIds': [], 'State': 'unsubmitted'}, '2239': {'Retries': 0, 'Restarts': 0, 'SiteHistory': [], 'ResidentSetSize': [], 'SubmitTimes': [], 'StartTimes': [], 'EndTimes': [], 'TotalUserCpuTimeHistory': [], 'TotalSysCpuTimeHistory': [], 'WallDurations': [], 'JobIds': [], 'State': 'unsubmitted'}, '2240': {'Retries': 0, 'Restarts': 0, 'SiteHistory': [], 'ResidentSetSize': [], 'SubmitTimes': [], 'StartTimes': [], 'EndTimes': [], 'TotalUserCpuTimeHistory': [], 'TotalSysCpuTimeHistory': [], 'WallDurations': [], 'JobIds': [], 'State': 'unsubmitted'}, '2241': {'Retries': 0, 'Restarts': 0, 'SiteHistory': [], 'ResidentSetSize': [], 'SubmitTimes': [], 'StartTimes': [], 'EndTimes': [], 'TotalUserCpuTimeHistory': [], 'TotalSysCpuTimeHistory': [], 'WallDurations': [], 'JobIds': [], 'State': 'unsubmitted'}, '2242': {'Retries': 0, 'Restarts': 0, 'SiteHistory': [], 'ResidentSetSize': [], 'SubmitTimes': [], 'StartTimes': [], 'EndTimes': [], 'TotalUserCpuTimeHistory': [], 'TotalSysCpuTimeHistory': [], 'WallDurations': [], 'JobIds': [], 'State': 'unsubmitted'}, '2243': {'Retries': 0, 'Restarts': 0, 'SiteHistory': [], 'ResidentSetSize': [], 'SubmitTimes': [], 'StartTimes': [], 'EndTimes': [], 'TotalUserCpuTimeHistory': [], 'TotalSysCpuTimeHistory': [], 'WallDurations': [], 'JobIds': [], 'State': 'unsubmitted'}, '2244': {'Retries': 0, 'Restarts': 0, 'SiteHistory': [], 'ResidentSetSize': [], 'SubmitTimes': [], 'StartTimes': [], 'EndTimes': [], 'TotalUserCpuTimeHistory': [], 'TotalSysCpuTimeHistory': [], 'WallDurations': [], 'JobIds': [], 'State': 'unsubmitted'}, '2245': {'Retries': 0, 'Restarts': 0, 'SiteHistory': [], 'ResidentSetSize': [], 'SubmitTimes': [], 'StartTimes': [], 'EndTimes': [], 'TotalUserCpuTimeHistory': [], 'TotalSysCpuTimeHistory': [], 'WallDurations': [], 'JobIds': [], 'State': 'unsubmitted'}, '2246': {'Retries': 0, 'Restarts': 0, 'SiteHistory': [], 'ResidentSetSize': [], 'SubmitTimes': [], 'StartTimes': [], 'EndTimes': [], 'TotalUserCpuTimeHistory': [], 'TotalSysCpuTimeHistory': [], 'WallDurations': [], 'JobIds': [], 'State': 'unsubmitted'}, '2247': {'Retries': 0, 'Restarts': 0, 'SiteHistory': [], 'ResidentSetSize': [], 'SubmitTimes': [], 'StartTimes': [], 'EndTimes': [], 'TotalUserCpuTimeHistory': [], 'TotalSysCpuTimeHistory': [], 'WallDurations': [], 'JobIds': [], 'State': 'unsubmitted'}, '2248': {'Retries': 0, 'Restarts': 0, 'SiteHistory': [], 'ResidentSetSize': [], 'SubmitTimes': [], 'StartTimes': [], 'EndTimes': [], 'TotalUserCpuTimeHistory': [], 'TotalSysCpuTimeHistory': [], 'WallDurations': [], 'JobIds': [], 'State': 'unsubmitted'}, '2249': {'Retries': 0, 'Restarts': 0, 'SiteHistory': [], 'ResidentSetSize': [], 'SubmitTimes': [], 'StartTimes': [], 'EndTimes': [], 'TotalUserCpuTimeHistory': [], 'TotalSysCpuTimeHistory': [], 'WallDurations': [], 'JobIds': [], 'State': 'unsubmitted'}, '2250': {'Retries': 0, 'Restarts': 0, 'SiteHistory': [], 'ResidentSetSize': [], 'SubmitTimes': [], 'StartTimes': [], 'EndTimes': [], 'TotalUserCpuTimeHistory': [], 'TotalSysCpuTimeHistory': [], 'WallDurations': [], 'JobIds': [], 'State': 'unsubmitted'}, '2251': {'Retries': 0, 'Restarts': 0, 'SiteHistory': [], 'ResidentSetSize': [], 'SubmitTimes': [], 'StartTimes': [], 'EndTimes': [], 'TotalUserCpuTimeHistory': [], 'TotalSysCpuTimeHistory': [], 'WallDurations': [], 'JobIds': [], 'State': 'unsubmitted'}, '2252': {'Retries': 0, 'Restarts': 0, 'SiteHistory': [], 'ResidentSetSize': [], 'SubmitTimes': [], 'StartTimes': [], 'EndTimes': [], 'TotalUserCpuTimeHistory': [], 'TotalSysCpuTimeHistory': [], 'WallDurations': [], 'JobIds': [], 'State': 'unsubmitted'}, '2253': {'Retries': 0, 'Restarts': 0, 'SiteHistory': [], 'ResidentSetSize': [], 'SubmitTimes': [], 'StartTimes': [], 'EndTimes': [], 'TotalUserCpuTimeHistory': [], 'TotalSysCpuTimeHistory': [], 'WallDurations': [], 'JobIds': [], 'State': 'unsubmitted'}, '2254': {'Retries': 0, 'Restarts': 0, 'SiteHistory': [], 'ResidentSetSize': [], 'SubmitTimes': [], 'StartTimes': [], 'EndTimes': [], 'TotalUserCpuTimeHistory': [], 'TotalSysCpuTimeHistory': [], 'WallDurations': [], 'JobIds': [], 'State': 'unsubmitted'}, '2255': {'Retries': 0, 'Restarts': 0, 'SiteHistory': [], 'ResidentSetSize': [], 'SubmitTimes': [], 'StartTimes': [], 'EndTimes': [], 'TotalUserCpuTimeHistory': [], 'TotalSysCpuTimeHistory': [], 'WallDurations': [], 'JobIds': [], 'State': 'unsubmitted'}, '2256': {'Retries': 0, 'Restarts': 0, 'SiteHistory': [], 'ResidentSetSize': [], 'SubmitTimes': [], 'StartTimes': [], 'EndTimes': [], 'TotalUserCpuTimeHistory': [], 'TotalSysCpuTimeHistory': [], 'WallDurations': [], 'JobIds': [], 'State': 'unsubmitted'}, '2257': {'Retries': 0, 'Restarts': 0, 'SiteHistory': [], 'ResidentSetSize': [], 'SubmitTimes': [], 'StartTimes': [], 'EndTimes': [], 'TotalUserCpuTimeHistory': [], 'TotalSysCpuTimeHistory': [], 'WallDurations': [], 'JobIds': [], 'State': 'unsubmitted'}, '2258': {'Retries': 0, 'Restarts': 0, 'SiteHistory': [], 'ResidentSetSize': [], 'SubmitTimes': [], 'StartTimes': [], 'EndTimes': [], 'TotalUserCpuTimeHistory': [], 'TotalSysCpuTimeHistory': [], 'WallDurations': [], 'JobIds': [], 'State': 'unsubmitted'}, '2259': {'Retries': 0, 'Restarts': 0, 'SiteHistory': [], 'ResidentSetSize': [], 'SubmitTimes': [], 'StartTimes': [], 'EndTimes': [], 'TotalUserCpuTimeHistory': [], 'TotalSysCpuTimeHistory': [], 'WallDurations': [], 'JobIds': [], 'State': 'unsubmitted'}, '2260': {'Retries': 0, 'Restarts': 0, 'SiteHistory': [], 'ResidentSetSize': [], 'SubmitTimes': [], 'StartTimes': [], 'EndTimes': [], 'TotalUserCpuTimeHistory': [], 'TotalSysCpuTimeHistory': [], 'WallDurations': [], 'JobIds': [], 'State': 'unsubmitted'}, '2261': {'Retries': 0, 'Restarts': 0, 'SiteHistory': [], 'ResidentSetSize': [], 'SubmitTimes': [], 'StartTimes': [], 'EndTimes': [], 'TotalUserCpuTimeHistory': [], 'TotalSysCpuTimeHistory': [], 'WallDurations': [], 'JobIds': [], 'State': 'unsubmitted'}, '2262': {'Retries': 0, 'Restarts': 0, 'SiteHistory': [], 'ResidentSetSize': [], 'SubmitTimes': [], 'StartTimes': [], 'EndTimes': [], 'TotalUserCpuTimeHistory': [], 'TotalSysCpuTimeHistory': [], 'WallDurations': [], 'JobIds': [], 'State': 'unsubmitted'}, '2263': {'Retries': 0, 'Restarts': 0, 'SiteHistory': [], 'ResidentSetSize': [], 'SubmitTimes': [], 'StartTimes': [], 'EndTimes': [], 'TotalUserCpuTimeHistory': [], 'TotalSysCpuTimeHistory': [], 'WallDurations': [], 'JobIds': [], 'State': 'unsubmitted'}, '2264': {'Retries': 0, 'Restarts': 0, 'SiteHistory': [], 'ResidentSetSize': [], 'SubmitTimes': [], 'StartTimes': [], 'EndTimes': [], 'TotalUserCpuTimeHistory': [], 'TotalSysCpuTimeHistory': [], 'WallDurations': [], 'JobIds': [], 'State': 'unsubmitted'}, '2265': {'Retries': 0, 'Restarts': 0, 'SiteHistory': [], 'ResidentSetSize': [], 'SubmitTimes': [], 'StartTimes': [], 'EndTimes': [], 'TotalUserCpuTimeHistory': [], 'TotalSysCpuTimeHistory': [], 'WallDurations': [], 'JobIds': [], 'State': 'unsubmitted'}, '2266': {'Retries': 0, 'Restarts': 0, 'SiteHistory': [], 'ResidentSetSize': [], 'SubmitTimes': [], 'StartTimes': [], 'EndTimes': [], 'TotalUserCpuTimeHistory': [], 'TotalSysCpuTimeHistory': [], 'WallDurations': [], 'JobIds': [], 'State': 'unsubmitted'}, '2267': {'Retries': 0, 'Restarts': 0, 'SiteHistory': [], 'ResidentSetSize': [], 'SubmitTimes': [], 'StartTimes': [], 'EndTimes': [], 'TotalUserCpuTimeHistory': [], 'TotalSysCpuTimeHistory': [], 'WallDurations': [], 'JobIds': [], 'State': 'unsubmitted'}, '2268': {'Retries': 0, 'Restarts': 0, 'SiteHistory': [], 'ResidentSetSize': [], 'SubmitTimes': [], 'StartTimes': [], 'EndTimes': [], 'TotalUserCpuTimeHistory': [], 'TotalSysCpuTimeHistory': [], 'WallDurations': [], 'JobIds': [], 'State': 'unsubmitted'}, '2269': {'Retries': 0, 'Restarts': 0, 'SiteHistory': [], 'ResidentSetSize': [], 'SubmitTimes': [], 'StartTimes': [], 'EndTimes': [], 'TotalUserCpuTimeHistory': [], 'TotalSysCpuTimeHistory': [], 'WallDurations': [], 'JobIds': [], 'State': 'unsubmitted'}, '2270': {'Retries': 0, 'Restarts': 0, 'SiteHistory': [], 'ResidentSetSize': [], 'SubmitTimes': [], 'StartTimes': [], 'EndTimes': [], 'TotalUserCpuTimeHistory': [], 'TotalSysCpuTimeHistory': [], 'WallDurations': [], 'JobIds': [], 'State': 'unsubmitted'}, '2271': {'Retries': 0, 'Restarts': 0, 'SiteHistory': [], 'ResidentSetSize': [], 'SubmitTimes': [], 'StartTimes': [], 'EndTimes': [], 'TotalUserCpuTimeHistory': [], 'TotalSysCpuTimeHistory': [], 'WallDurations': [], 'JobIds': [], 'State': 'unsubmitted'}, '2272': {'Retries': 0, 'Restarts': 0, 'SiteHistory': [], 'ResidentSetSize': [], 'SubmitTimes': [], 'StartTimes': [], 'EndTimes': [], 'TotalUserCpuTimeHistory': [], 'TotalSysCpuTimeHistory': [], 'WallDurations': [], 'JobIds': [], 'State': 'unsubmitted'}, '2273': {'Retries': 0, 'Restarts': 0, 'SiteHistory': [], 'ResidentSetSize': [], 'SubmitTimes': [], 'StartTimes': [], 'EndTimes': [], 'TotalUserCpuTimeHistory': [], 'TotalSysCpuTimeHistory': [], 'WallDurations': [], 'JobIds': [], 'State': 'unsubmitted'}, '2274': {'Retries': 0, 'Restarts': 0, 'SiteHistory': [], 'ResidentSetSize': [], 'SubmitTimes': [], 'StartTimes': [], 'EndTimes': [], 'TotalUserCpuTimeHistory': [], 'TotalSysCpuTimeHistory': [], 'WallDurations': [], 'JobIds': [], 'State': 'unsubmitted'}, '2275': {'Retries': 0, 'Restarts': 0, 'SiteHistory': [], 'ResidentSetSize': [], 'SubmitTimes': [], 'StartTimes': [], 'EndTimes': [], 'TotalUserCpuTimeHistory': [], 'TotalSysCpuTimeHistory': [], 'WallDurations': [], 'JobIds': [], 'State': 'unsubmitted'}, '2276': {'Retries': 0, 'Restarts': 0, 'SiteHistory': [], 'ResidentSetSize': [], 'SubmitTimes': [], 'StartTimes': [], 'EndTimes': [], 'TotalUserCpuTimeHistory': [], 'TotalSysCpuTimeHistory': [], 'WallDurations': [], 'JobIds': [], 'State': 'unsubmitted'}, '2277': {'Retries': 0, 'Restarts': 0, 'SiteHistory': [], 'ResidentSetSize': [], 'SubmitTimes': [], 'StartTimes': [], 'EndTimes': [], 'TotalUserCpuTimeHistory': [], 'TotalSysCpuTimeHistory': [], 'WallDurations': [], 'JobIds': [], 'State': 'unsubmitted'}, '2278': {'Retries': 0, 'Restarts': 0, 'SiteHistory': [], 'ResidentSetSize': [], 'SubmitTimes': [], 'StartTimes': [], 'EndTimes': [], 'TotalUserCpuTimeHistory': [], 'TotalSysCpuTimeHistory': [], 'WallDurations': [], 'JobIds': [], 'State': 'unsubmitted'}, '2279': {'Retries': 0, 'Restarts': 0, 'SiteHistory': [], 'ResidentSetSize': [], 'SubmitTimes': [], 'StartTimes': [], 'EndTimes': [], 'TotalUserCpuTimeHistory': [], 'TotalSysCpuTimeHistory': [], 'WallDurations': [], 'JobIds': [], 'State': 'unsubmitted'}, '2280': {'Retries': 0, 'Restarts': 0, 'SiteHistory': [], 'ResidentSetSize': [], 'SubmitTimes': [], 'StartTimes': [], 'EndTimes': [], 'TotalUserCpuTimeHistory': [], 'TotalSysCpuTimeHistory': [], 'WallDurations': [], 'JobIds': [], 'State': 'unsubmitted'}, '2281': {'Retries': 0, 'Restarts': 0, 'SiteHistory': [], 'ResidentSetSize': [], 'SubmitTimes': [], 'StartTimes': [], 'EndTimes': [], 'TotalUserCpuTimeHistory': [], 'TotalSysCpuTimeHistory': [], 'WallDurations': [], 'JobIds': [], 'State': 'unsubmitted'}, '2282': {'Retries': 0, 'Restarts': 0, 'SiteHistory': [], 'ResidentSetSize': [], 'SubmitTimes': [], 'StartTimes': [], 'EndTimes': [], 'TotalUserCpuTimeHistory': [], 'TotalSysCpuTimeHistory': [], 'WallDurations': [], 'JobIds': [], 'State': 'unsubmitted'}, '2283': {'Retries': 0, 'Restarts': 0, 'SiteHistory': [], 'ResidentSetSize': [], 'SubmitTimes': [], 'StartTimes': [], 'EndTimes': [], 'TotalUserCpuTimeHistory': [], 'TotalSysCpuTimeHistory': [], 'WallDurations': [], 'JobIds': [], 'State': 'unsubmitted'}, '2284': {'Retries': 0, 'Restarts': 0, 'SiteHistory': [], 'ResidentSetSize': [], 'SubmitTimes': [], 'StartTimes': [], 'EndTimes': [], 'TotalUserCpuTimeHistory': [], 'TotalSysCpuTimeHistory': [], 'WallDurations': [], 'JobIds': [], 'State': 'unsubmitted'}, '2285': {'Retries': 0, 'Restarts': 0, 'SiteHistory': [], 'ResidentSetSize': [], 'SubmitTimes': [], 'StartTimes': [], 'EndTimes': [], 'TotalUserCpuTimeHistory': [], 'TotalSysCpuTimeHistory': [], 'WallDurations': [], 'JobIds': [], 'State': 'unsubmitted'}, '2286': {'Retries': 0, 'Restarts': 0, 'SiteHistory': [], 'ResidentSetSize': [], 'SubmitTimes': [], 'StartTimes': [], 'EndTimes': [], 'TotalUserCpuTimeHistory': [], 'TotalSysCpuTimeHistory': [], 'WallDurations': [], 'JobIds': [], 'State': 'unsubmitted'}, '2287': {'Retries': 0, 'Restarts': 0, 'SiteHistory': [], 'ResidentSetSize': [], 'SubmitTimes': [], 'StartTimes': [], 'EndTimes': [], 'TotalUserCpuTimeHistory': [], 'TotalSysCpuTimeHistory': [], 'WallDurations': [], 'JobIds': [], 'State': 'unsubmitted'}, '2288': {'Retries': 0, 'Restarts': 0, 'SiteHistory': [], 'ResidentSetSize': [], 'SubmitTimes': [], 'StartTimes': [], 'EndTimes': [], 'TotalUserCpuTimeHistory': [], 'TotalSysCpuTimeHistory': [], 'WallDurations': [], 'JobIds': [], 'State': 'unsubmitted'}}
INFO 2025-10-28 20:40:35.764 UTC: 	 Status on the scheduler:	SUBMITTED
INFO 2025-10-28 20:40:35.766 UTC: 	 
Jobs status:                    idle         		 37.3% ( 853/2288)
INFO 2025-10-28 20:40:35.766 UTC: 	 				unsubmitted  		 62.7% (1435/2288)
INFO 2025-10-28 20:40:35.766 UTC: 	 
No publication information (publication has been disabled in the CRAB configuration file)
INFO 2025-10-28 20:40:35.807 UTC: 	 Log file is /eos/home-b/bibehera/OO_Simfit_eff/CMSSW_15_0_6_patch1/src/Analyzer/RaghuV0Ana/cfg/OO_Data_MINIAOD/crab_2pc_OO_V0_IM_effcorr_cent0to50_lowpT_IP31/crab.log
