DEBUG 2026-01-11 11:14:20.328 UTC: 	 CRAB Client version: v3.251020
DEBUG 2026-01-11 11:14:20.328 UTC: 	 Running on: Linux lxplus802.cern.ch 4.18.0-553.85.1.el8_10.x86_64 #1 SMP Thu Nov 13 12:55:12 EST 2025 x86_64 x86_64 x86_64 GNU/Linux
DEBUG 2026-01-11 11:14:20.328 UTC: 	 Not using Singularity
DEBUG 2026-01-11 11:14:20.329 UTC: 	 Operating System: Red Hat Enterprise Linux 8.10 (Ootpa)
DEBUG 2026-01-11 11:14:20.329 UTC: 	 Executing command: 'submit'
DEBUG 2026-01-11 11:14:20.329 UTC: 	 Found CRAB cache file /afs/cern.ch/user/b/bibehera/.crab3
INFO 2026-01-11 11:14:20.329 UTC: 	 Will use CRAB configuration file crab_config2.py
DEBUG 2026-01-11 11:14:20.329 UTC: 	 Loading CRAB configuration file.
DEBUG 2026-01-11 11:14:20.335 UTC: 	 Overriden parameter General.requestName with '2pc_OO_V0_IM_effcorr_cent0to50_newpT_v1_IP12'
DEBUG 2026-01-11 11:14:20.335 UTC: 	 Overriden parameter Data.inputDataset with '/IonPhysics12/bibehera-2pc_OO_V0_IP12-ca42279dfc2dce710b3991c24f27a617/USER'
DEBUG 2026-01-11 11:14:20.335 UTC: 	 Overriden parameter Data.secondaryInputDataset with '/IonPhysics12/OORun2025-PromptReco-v1/MINIAOD'
DEBUG 2026-01-11 11:14:20.335 UTC: 	 Overriden parameter Data.outputDatasetTag with '2pc_OO_V0_IM_effcorr_cent0to50_newpT_v1_IP12'
DEBUG 2026-01-11 11:14:20.335 UTC: 	 Will use CRAB plugin ANALYSIS (i.e. will run an analysis job type).
DEBUG 2026-01-11 11:14:20.632 UTC: 	 Checking credentials
DEBUG 2026-01-11 11:14:20.632 UTC: 	 Found proxy file /tmp/x509up_u177753
DEBUG 2026-01-11 11:14:20.632 UTC: 	 Making sure it has proper VOMS extension
DEBUG 2026-01-11 11:14:20.632 UTC: 	 Executing command :
 voms-proxy-info --vo --file /tmp/x509up_u177753
DEBUG 2026-01-11 11:14:20.654 UTC: 	 output : cms

 error: 
 retcode : 0
DEBUG 2026-01-11 11:14:20.654 UTC: 	 Getting proxy life time left
DEBUG 2026-01-11 11:14:20.654 UTC: 	 Executing command :
 voms-proxy-info --actimeleft --timeleft --file /tmp/x509up_u177753
DEBUG 2026-01-11 11:14:20.673 UTC: 	 output : 41260
41260

 error: 
 retcode : 0
DEBUG 2026-01-11 11:14:20.673 UTC: 	 Proxy valid for 11:27:40 hours
DEBUG 2026-01-11 11:14:20.673 UTC: 	 Encoded data for curl request: subresource=delegatedn
DEBUG 2026-01-11 11:14:20.704 UTC: 	 Registering user credentials on myproxy for /DC=ch/DC=cern/OU=Organic Units/OU=Users/CN=cmscrab/CN=(817881|373708)/CN=Robot: cms crab|/DC=ch/DC=cern/OU=Organic Units/OU=Users/CN=crabint1/CN=373708/CN=Robot: CMS CRAB Integration 1
DEBUG 2026-01-11 11:14:20.704 UTC: 	 Executing command :
 voms-proxy-info --identity --file /tmp/x509up_u177753
DEBUG 2026-01-11 11:14:20.722 UTC: 	 output : /DC=ch/DC=cern/OU=Organic Units/OU=Users/CN=bibehera/CN=882295/CN=Bismita Behera

 error: 
 retcode : 0
DEBUG 2026-01-11 11:14:20.722 UTC: 	 Getting myproxy life time left for bfbdf12a5670e45fdd055ff115afbb0f25b8a072
DEBUG 2026-01-11 11:14:20.722 UTC: 	 Executing command :
 myproxy-info -s myproxy.cern.ch -l bfbdf12a5670e45fdd055ff115afbb0f25b8a072
DEBUG 2026-01-11 11:14:20.972 UTC: 	 output : username: bfbdf12a5670e45fdd055ff115afbb0f25b8a072
owner: /DC=ch/DC=cern/OU=Organic Units/OU=Users/CN=bibehera/CN=882295/CN=Bismita Behera
  renewal policy: /DC=ch/DC=cern/OU=Organic Units/OU=Users/CN=cmscrab/CN=(817881|373708)/CN=Robot: cms crab|/DC=ch/DC=cern/OU=Organic Units/OU=Users/CN=crabint1/CN=373708/CN=Robot: CMS CRAB Integration 1
  trusted retrieval policy: /DC=ch/DC=cern/OU=Organic Units/OU=Users/CN=cmscrab/CN=(817881|373708)/CN=Robot: cms crab|/DC=ch/DC=cern/OU=Organic Units/OU=Users/CN=crabint1/CN=373708/CN=Robot: CMS CRAB Integration 1
  timeleft: 719:59:45  (30.0 days)

 error: 
 retcode : 0
DEBUG 2026-01-11 11:14:20.972 UTC: 	 Myproxy is valid: 2591940
DEBUG 2026-01-11 11:14:20.972 UTC: 	 Result of myproxy credential check:
  Credential exists on myproxy: username: bfbdf12a5670e45fdd055ff115afbb0f25b8a072  - validity: 29 days, 23:59:00
DEBUG 2026-01-11 11:14:20.972 UTC: 	 Command use: submit
DEBUG 2026-01-11 11:14:20.972 UTC: 	 Options use: ['-c', 'crab_config2.py', 'General.requestName=2pc_OO_V0_IM_effcorr_cent0to50_newpT_v1_IP12', 'Data.inputDataset=/IonPhysics12/bibehera-2pc_OO_V0_IP12-ca42279dfc2dce710b3991c24f27a617/USER', 'Data.secondaryInputDataset=/IonPhysics12/OORun2025-PromptReco-v1/MINIAOD', 'Data.outputDatasetTag=2pc_OO_V0_IM_effcorr_cent0to50_newpT_v1_IP12']
DEBUG 2026-01-11 11:14:20.972 UTC: 	 Encoded data for curl request: subresource=version
DEBUG 2026-01-11 11:14:25.803 UTC: 	 CRABClient version: v3.251020
DEBUG 2026-01-11 11:14:25.803 UTC: 	 Instance is prod
DEBUG 2026-01-11 11:14:25.803 UTC: 	 Server base url is cmsweb.cern.ch
DEBUG 2026-01-11 11:14:25.803 UTC: 	 Command api workflow
DEBUG 2026-01-11 11:14:25.803 UTC: 	 Started submission
DEBUG 2026-01-11 11:14:25.803 UTC: 	 Working on /eos/home-b/bibehera/OO_Simfit_eff/CMSSW_15_0_6_patch1/src/Analyzer/RaghuV0Ana/cfg/OO_Data_MINIAOD/crab_2pc_OO_V0_IM_effcorr_cent0to50_newpT_v1_IP12
DEBUG 2026-01-11 11:14:25.826 UTC: 	 Loading required information from the environment
DEBUG 2026-01-11 11:14:25.826 UTC: 	 Found CMSSW_15_0_6_patch1 for el8_amd64_gcc12 with base /eos/home-b/bibehera/OO_Simfit_eff/CMSSW_15_0_6_patch1
DEBUG 2026-01-11 11:14:25.826 UTC: 	 Loading required information from the environment
DEBUG 2026-01-11 11:14:25.826 UTC: 	 Found CMSSW_15_0_6_patch1 for el8_amd64_gcc12 with base /eos/home-b/bibehera/OO_Simfit_eff/CMSSW_15_0_6_patch1
DEBUG 2026-01-11 11:14:25.826 UTC: 	 UNIQUE NAME: tarUUID 8591a9b6-cacd-4bef-b54b-dbe9ae555720 
DEBUG 2026-01-11 11:14:25.826 UTC: 	 self.config: from WMCore.Configuration import Configuration
config = Configuration()
config.section_('General')
config.General.transferOutputs = True
config.General.requestName = '2pc_OO_V0_IM_effcorr_cent0to50_newpT_v1_IP12'
config.General.transferLogs = True
config.General.workArea = 'OO_Data_MINIAOD'
config.section_('JobType')
config.JobType.psetName = 'PbPb_2018_cfg.py'
config.JobType.pluginName = 'Analysis'
config.section_('Data')
config.Data.outLFNDirBase = '/store/user/bibehera/'
config.Data.inputDBS = 'phys03'
config.Data.inputDataset = '/IonPhysics12/bibehera-2pc_OO_V0_IP12-ca42279dfc2dce710b3991c24f27a617/USER'
config.Data.lumiMask = 'generated_json.json'
config.Data.secondaryInputDataset = '/IonPhysics12/OORun2025-PromptReco-v1/MINIAOD'
config.Data.splitting = 'LumiBased'
config.Data.unitsPerJob = 3
config.Data.outputDatasetTag = '2pc_OO_V0_IM_effcorr_cent0to50_newpT_v1_IP12'
config.Data.totalUnits = -1
config.Data.publication = False
config.section_('Site')
config.Site.storageSite = 'T3_CH_CERNBOX'
config.section_('User')
config.section_('Debug')

DEBUG 2026-01-11 11:14:25.826 UTC: 	 self.config.JobType.psetName: PbPb_2018_cfg.py
INFO 2026-01-11 11:14:25.826 UTC: 	 Importing CMSSW configuration PbPb_2018_cfg.py
INFO 2026-01-11 11:14:26.527 UTC: 	 Finished importing CMSSW configuration PbPb_2018_cfg.py
DEBUG 2026-01-11 11:14:26.527 UTC: 	 Writing CMSSW configuration to /eos/home-b/bibehera/OO_Simfit_eff/CMSSW_15_0_6_patch1/src/Analyzer/RaghuV0Ana/cfg/OO_Data_MINIAOD/crab_2pc_OO_V0_IM_effcorr_cent0to50_newpT_v1_IP12/inputs/PSet.py
DEBUG 2026-01-11 11:14:26.567 UTC: 	 The following EDM output files will be collected: []
DEBUG 2026-01-11 11:14:26.567 UTC: 	 The following TFile output files will be collected: ['V0_test_IM_newpT.root']
DEBUG 2026-01-11 11:14:26.567 UTC: 	 The following user output files (not listed as PoolOuputModule or TFileService in the CMSSW PSet) will be collected: 
DEBUG 2026-01-11 11:14:26.567 UTC: 	 Loading required information from the environment
DEBUG 2026-01-11 11:14:26.567 UTC: 	 Found CMSSW_15_0_6_patch1 for el8_amd64_gcc12 with base /eos/home-b/bibehera/OO_Simfit_eff/CMSSW_15_0_6_patch1
DEBUG 2026-01-11 11:14:26.567 UTC: 	 Making tarball in /eos/home-b/bibehera/OO_Simfit_eff/CMSSW_15_0_6_patch1/src/Analyzer/RaghuV0Ana/cfg/OO_Data_MINIAOD/crab_2pc_OO_V0_IM_effcorr_cent0to50_newpT_v1_IP12/inputs/8591a9b6-cacd-4bef-b54b-dbe9ae555720default.tgz
DEBUG 2026-01-11 11:14:26.569 UTC: 	 Checking directory /eos/home-b/bibehera/OO_Simfit_eff/CMSSW_15_0_6_patch1/bin
DEBUG 2026-01-11 11:14:26.569 UTC: 	 Adding directory /eos/home-b/bibehera/OO_Simfit_eff/CMSSW_15_0_6_patch1/bin to tarball
DEBUG 2026-01-11 11:14:26.573 UTC: 	 Checking directory /eos/home-b/bibehera/OO_Simfit_eff/CMSSW_15_0_6_patch1/python
DEBUG 2026-01-11 11:14:26.573 UTC: 	 Adding directory /eos/home-b/bibehera/OO_Simfit_eff/CMSSW_15_0_6_patch1/python to tarball
DEBUG 2026-01-11 11:14:26.611 UTC: 	 Checking directory /eos/home-b/bibehera/OO_Simfit_eff/CMSSW_15_0_6_patch1/cfipython
DEBUG 2026-01-11 11:14:26.611 UTC: 	 Adding directory /eos/home-b/bibehera/OO_Simfit_eff/CMSSW_15_0_6_patch1/cfipython to tarball
DEBUG 2026-01-11 11:14:26.713 UTC: 	 Checking directory /eos/home-b/bibehera/OO_Simfit_eff/CMSSW_15_0_6_patch1/lib
DEBUG 2026-01-11 11:14:26.713 UTC: 	 Adding directory /eos/home-b/bibehera/OO_Simfit_eff/CMSSW_15_0_6_patch1/lib to tarball
DEBUG 2026-01-11 11:14:26.882 UTC: 	 Checking directory /eos/home-b/bibehera/OO_Simfit_eff/CMSSW_15_0_6_patch1/biglib
DEBUG 2026-01-11 11:14:26.882 UTC: 	 Adding directory /eos/home-b/bibehera/OO_Simfit_eff/CMSSW_15_0_6_patch1/biglib to tarball
DEBUG 2026-01-11 11:14:26.884 UTC: 	 Checking directory /eos/home-b/bibehera/OO_Simfit_eff/CMSSW_15_0_6_patch1/module
DEBUG 2026-01-11 11:14:26.884 UTC: 	 Checking directory /eos/home-b/bibehera/OO_Simfit_eff/CMSSW_15_0_6_patch1/config/SCRAM/hooks
DEBUG 2026-01-11 11:14:26.884 UTC: 	 Adding directory /eos/home-b/bibehera/OO_Simfit_eff/CMSSW_15_0_6_patch1/config/SCRAM/hooks to tarball
DEBUG 2026-01-11 11:14:27.226 UTC: 	 Adding directory /eos/home-b/bibehera/OO_Simfit_eff/CMSSW_15_0_6_patch1/src/Analyzer/RaghuV0Ana/data to tarball
DEBUG 2026-01-11 11:14:27.692 UTC: 	 Adding directory /eos/home-b/bibehera/OO_Simfit_eff/CMSSW_15_0_6_patch1/src/Analyzer/RaghuV0Ana/interface to tarball
DEBUG 2026-01-11 11:14:27.698 UTC: 	 Adding directory /eos/home-b/bibehera/OO_Simfit_eff/CMSSW_15_0_6_patch1/src/Analyzer/RaghuV0Ana/python to tarball
DEBUG 2026-01-11 11:14:27.705 UTC: 	 Adding directory /eos/home-b/bibehera/OO_Simfit_eff/CMSSW_15_0_6_patch1/src/HeavyIonsAnalysis/Configuration/data to tarball
DEBUG 2026-01-11 11:14:27.989 UTC: 	 Adding directory /eos/home-b/bibehera/OO_Simfit_eff/CMSSW_15_0_6_patch1/src/HeavyIonsAnalysis/Configuration/python to tarball
DEBUG 2026-01-11 11:14:28.009 UTC: 	 Adding directory /eos/home-b/bibehera/OO_Simfit_eff/CMSSW_15_0_6_patch1/src/HeavyIonsAnalysis/EGMAnalysis/data to tarball
DEBUG 2026-01-11 11:14:28.012 UTC: 	 Adding directory /eos/home-b/bibehera/OO_Simfit_eff/CMSSW_15_0_6_patch1/src/HeavyIonsAnalysis/EGMAnalysis/interface to tarball
DEBUG 2026-01-11 11:14:28.016 UTC: 	 Adding directory /eos/home-b/bibehera/OO_Simfit_eff/CMSSW_15_0_6_patch1/src/HeavyIonsAnalysis/EGMAnalysis/python to tarball
DEBUG 2026-01-11 11:14:28.023 UTC: 	 Adding directory /eos/home-b/bibehera/OO_Simfit_eff/CMSSW_15_0_6_patch1/src/HeavyIonsAnalysis/EventAnalysis/python to tarball
DEBUG 2026-01-11 11:14:28.089 UTC: 	 Adding directory /eos/home-b/bibehera/OO_Simfit_eff/CMSSW_15_0_6_patch1/src/HeavyIonsAnalysis/JetAnalysis/interface to tarball
DEBUG 2026-01-11 11:14:28.093 UTC: 	 Adding directory /eos/home-b/bibehera/OO_Simfit_eff/CMSSW_15_0_6_patch1/src/HeavyIonsAnalysis/JetAnalysis/python to tarball
DEBUG 2026-01-11 11:14:28.121 UTC: 	 Adding directory /eos/home-b/bibehera/OO_Simfit_eff/CMSSW_15_0_6_patch1/src/HeavyIonsAnalysis/MuonAnalysis/interface to tarball
DEBUG 2026-01-11 11:14:28.124 UTC: 	 Adding directory /eos/home-b/bibehera/OO_Simfit_eff/CMSSW_15_0_6_patch1/src/HeavyIonsAnalysis/MuonAnalysis/python to tarball
DEBUG 2026-01-11 11:14:28.131 UTC: 	 Adding directory /eos/home-b/bibehera/OO_Simfit_eff/CMSSW_15_0_6_patch1/src/HeavyIonsAnalysis/TrackAnalysis/interface to tarball
DEBUG 2026-01-11 11:14:28.133 UTC: 	 Adding directory /eos/home-b/bibehera/OO_Simfit_eff/CMSSW_15_0_6_patch1/src/HeavyIonsAnalysis/TrackAnalysis/python to tarball
DEBUG 2026-01-11 11:14:28.146 UTC: 	 Adding directory /eos/home-b/bibehera/OO_Simfit_eff/CMSSW_15_0_6_patch1/src/HeavyIonsAnalysis/VertexAnalysis/python to tarball
DEBUG 2026-01-11 11:14:28.151 UTC: 	 Adding directory /eos/home-b/bibehera/OO_Simfit_eff/CMSSW_15_0_6_patch1/src/HeavyIonsAnalysis/ZDCAnalysis/python to tarball
DEBUG 2026-01-11 11:14:28.206 UTC: 	 Uploading archive /eos/home-b/bibehera/OO_Simfit_eff/CMSSW_15_0_6_patch1/src/Analyzer/RaghuV0Ana/cfg/OO_Data_MINIAOD/crab_2pc_OO_V0_IM_effcorr_cent0to50_newpT_v1_IP12/inputs/8591a9b6-cacd-4bef-b54b-dbe9ae555720default.tgz (4.677734.1 MB) to the CRAB cache.
DEBUG 2026-01-11 11:14:29.054 UTC: 	 Encoded data for curl request: subresource=upload&objecttype=sandbox&tarballname=a19be5fef8cd1b3627a344594ca4c011d1e229f0d93ca134a565de5508b1fcd4.tar.gz
DEBUG 2026-01-11 11:14:29.116 UTC: 	 sandbox a19be5fef8cd1b3627a344594ca4c011d1e229f0d93ca134a565de5508b1fcd4.tar.gz is already in the S3 store, will not upload again
DEBUG 2026-01-11 11:14:29.116 UTC: 	 Loading required information from the environment
DEBUG 2026-01-11 11:14:29.116 UTC: 	 Found CMSSW_15_0_6_patch1 for el8_amd64_gcc12 with base /eos/home-b/bibehera/OO_Simfit_eff/CMSSW_15_0_6_patch1
DEBUG 2026-01-11 11:14:29.117 UTC: 	 Making tarball in /eos/home-b/bibehera/OO_Simfit_eff/CMSSW_15_0_6_patch1/src/Analyzer/RaghuV0Ana/cfg/OO_Data_MINIAOD/crab_2pc_OO_V0_IM_effcorr_cent0to50_newpT_v1_IP12/inputs/debugFiles.tgz
DEBUG 2026-01-11 11:14:29.126 UTC: 	 Uploading archive /eos/home-b/bibehera/OO_Simfit_eff/CMSSW_15_0_6_patch1/src/Analyzer/RaghuV0Ana/cfg/OO_Data_MINIAOD/crab_2pc_OO_V0_IM_effcorr_cent0to50_newpT_v1_IP12/inputs/debugFiles.tgz (3 KB) to the CRAB cache.
DEBUG 2026-01-11 11:14:29.132 UTC: 	 Encoded data for curl request: subresource=upload&objecttype=sandbox&tarballname=8668bb5b9dedcdd60aafdaec962399d1b8f5e763f1743aa1bb70e5fd8b4f7228.tar.gz
DEBUG 2026-01-11 11:14:29.184 UTC: 	 Will execute:
curl -f -v -X POST  -H "User-Agent: CRAB" -F "key=bibehera/sandboxes/8668bb5b9dedcdd60aafdaec962399d1b8f5e763f1743aa1bb70e5fd8b4f7228.tar.gz" -F "AWSAccessKeyId=715203df6482458ba839e73e6dab634b" -F "policy=eyJleHBpcmF0aW9uIjogIjIwMjYtMDEtMTFUMTI6MTQ6MjlaIiwgImNvbmRpdGlvbnMiOiBbeyJidWNrZXQiOiAiY3JhYmNhY2hlX3Byb2QifSwgeyJrZXkiOiAiYmliZWhlcmEvc2FuZGJveGVzLzg2NjhiYjViOWRlZGNkZDYwYWFmZGFlYzk2MjM5OWQxYjhmNWU3NjNmMTc0M2FhMWJiNzBlNWZkOGI0ZjcyMjgudGFyLmd6In1dfQ==" -F "signature=4VOzLS2TE8peETn8I80FzJHlY5I=" -F "file=@/eos/home-b/bibehera/OO_Simfit_eff/CMSSW_15_0_6_patch1/src/Analyzer/RaghuV0Ana/cfg/OO_Data_MINIAOD/crab_2pc_OO_V0_IM_effcorr_cent0to50_newpT_v1_IP12/inputs/debugFiles.tgz" "https://s3.cern.ch/crabcache_prod"
DEBUG 2026-01-11 11:14:29.238 UTC: 	 exitcode: 0
stdout: b''
DEBUG 2026-01-11 11:14:29.238 UTC: 	 upload to S3 of sandbox /eos/home-b/bibehera/OO_Simfit_eff/CMSSW_15_0_6_patch1/src/Analyzer/RaghuV0Ana/cfg/OO_Data_MINIAOD/crab_2pc_OO_V0_IM_effcorr_cent0to50_newpT_v1_IP12/inputs/debugFiles.tgz completed
DEBUG 2026-01-11 11:14:29.238 UTC: 	 make sure that object is ready for retrieve
DEBUG 2026-01-11 11:14:30.239 UTC: 	 Encoded data for curl request: subresource=download&objecttype=sandbox&tarballname=8668bb5b9dedcdd60aafdaec962399d1b8f5e763f1743aa1bb70e5fd8b4f7228.tar.gz&clientmethod=head_object
DEBUG 2026-01-11 11:14:30.282 UTC: 	 PreSignedUrl to download sandbox received OK
DEBUG 2026-01-11 11:14:30.285 UTC: 	 Will execute:
 curl -v -s -f -o /dev/null --head  "https://s3.cern.ch/crabcache_prod/bibehera/sandboxes/8668bb5b9dedcdd60aafdaec962399d1b8f5e763f1743aa1bb70e5fd8b4f7228.tar.gz?AWSAccessKeyId=715203df6482458ba839e73e6dab634b&Signature=d1%2F8rdsOConkjjw%2Fww%2Bu7TXpVWM%3D&Expires=1768133670"
DEBUG 2026-01-11 11:14:30.309 UTC: 	 exitcode: 0
stdout: b''
DEBUG 2026-01-11 11:14:30.309 UTC: 	 sandbox /eos/home-b/bibehera/OO_Simfit_eff/CMSSW_15_0_6_patch1/src/Analyzer/RaghuV0Ana/cfg/OO_Data_MINIAOD/crab_2pc_OO_V0_IM_effcorr_cent0to50_newpT_v1_IP12/inputs/debugFiles.tgz successfully uploaded to S3
DEBUG 2026-01-11 11:14:30.309 UTC: 	 Result uploading input files: a19be5fef8cd1b3627a344594ca4c011d1e229f0d93ca134a565de5508b1fcd4.tar.gz 
DEBUG 2026-01-11 11:14:30.309 UTC: 	 Attaching lumi mask generated_json.json to the request
DEBUG 2026-01-11 11:14:30.309 UTC: 	 Reading lumi-mask from generated_json.json
DEBUG 2026-01-11 11:14:30.310 UTC: 	 submit() - self.configuration from WMCore.Configuration import Configuration
config = Configuration()
config.section_('General')
config.General.transferOutputs = True
config.General.requestName = '2pc_OO_V0_IM_effcorr_cent0to50_newpT_v1_IP12'
config.General.transferLogs = True
config.General.workArea = 'OO_Data_MINIAOD'
config.section_('JobType')
config.JobType.psetName = 'PbPb_2018_cfg.py'
config.JobType.pluginName = 'Analysis'
config.section_('Data')
config.Data.outLFNDirBase = '/store/user/bibehera/'
config.Data.inputDBS = 'phys03'
config.Data.inputDataset = '/IonPhysics12/bibehera-2pc_OO_V0_IP12-ca42279dfc2dce710b3991c24f27a617/USER'
config.Data.lumiMask = 'generated_json.json'
config.Data.secondaryInputDataset = '/IonPhysics12/OORun2025-PromptReco-v1/MINIAOD'
config.Data.splitting = 'LumiBased'
config.Data.unitsPerJob = 3
config.Data.outputDatasetTag = '2pc_OO_V0_IM_effcorr_cent0to50_newpT_v1_IP12'
config.Data.totalUnits = -1
config.Data.publication = False
config.section_('Site')
config.Site.storageSite = 'T3_CH_CERNBOX'
config.section_('User')
config.section_('Debug')

DEBUG 2026-01-11 11:14:30.310 UTC: 	 submit() - self.configreq {'dryrun': 0, 'workflow': 'crab_2pc_OO_V0_IM_effcorr_cent0to50_newpT_v1_IP12', 'saveoutput': 1, 'savelogsflag': 1, 'inputdata': '/IonPhysics12/bibehera-2pc_OO_V0_IP12-ca42279dfc2dce710b3991c24f27a617/USER', 'nonvaliddata': 0, 'userfiles': [], 'dbsurl': 'https://cmsweb.cern.ch/dbs/prod/phys03/DBSReader', 'useparent': 0, 'secondarydata': '/IonPhysics12/OORun2025-PromptReco-v1/MINIAOD', 'ignorelocality': 0, 'splitalgo': 'LumiBased', 'algoargs': 3, 'totalunits': -1, 'lfn': '/store/user/bibehera/', 'publication': 0, 'publishdbsurl': 'https://cmsweb.cern.ch/dbs/prod/phys03/DBSWriter', 'publishname2': '2pc_OO_V0_IM_effcorr_cent0to50_newpT_v1_IP12', 'jobtype': 'Analysis', 'generator': 'pythia', 'addoutputfiles': [], 'maxjobruntime': 1250, 'numcores': 1, 'maxmemory': 2000, 'priority': 10, 'nonprodsw': 0, 'asyncdest': 'T3_CH_CERNBOX', 'requireaccelerator': 0, 'oneEventMode': 0, 'extrajdl': [], 'ignoreglobalblacklist': 0, 'partialdataset': 0, 'inputblocks': []}
DEBUG 2026-01-11 11:14:30.310 UTC: 	 submit() - jobconfig {'addoutputfiles': [], 'tfileoutfiles': ['V0_test_IM_newpT.root'], 'edmoutfiles': [], 'jobarch': 'el8_amd64_gcc12', 'jobminuarch': 'x86-64-v3', 'jobsw': 'CMSSW_15_0_6_patch1', 'inputdata': '/IonPhysics12/bibehera-2pc_OO_V0_IP12-ca42279dfc2dce710b3991c24f27a617/USER', 'cachefilename': 'a19be5fef8cd1b3627a344594ca4c011d1e229f0d93ca134a565de5508b1fcd4.tar.gz', 'debugfilename': '8668bb5b9dedcdd60aafdaec962399d1b8f5e763f1743aa1bb70e5fd8b4f7228.tar.gz', 'runs': ['394153', '394154', '394169', '394175', '394183', '394184', '394185', '394186', '394187', '394188', '394189', '394204', '394209', '394217'], 'lumis': ['40,169', '1,886', '39,997', '47,988', '15,239', '1,667', '1,3', '1,15', '1,1', '1,107', '1,72', '38,932', '23,1209', '41,838'], 'jobtype': 'Analysis'}
INFO 2026-01-11 11:14:30.310 UTC: 	 Sending the request to the server at cmsweb.cern.ch
DEBUG 2026-01-11 11:14:30.311 UTC: 	 Submitting {'dryrun': 0, 'workflow': 'crab_2pc_OO_V0_IM_effcorr_cent0to50_newpT_v1_IP12', 'saveoutput': 1, 'savelogsflag': 1, 'inputdata': '/IonPhysics12/bibehera-2pc_OO_V0_IP12-ca42279dfc2dce710b3991c24f27a617/USER', 'nonvaliddata': 0, 'userfiles': [], 'dbsurl': 'https://cmsweb.cern.ch/dbs/prod/phys03/DBSReader', 'useparent': 0, 'secondarydata': '/IonPhysics12/OORun2025-PromptReco-v1/MINIAOD', 'ignorelocality': 0, 'splitalgo': 'LumiBased', 'algoargs': 3, 'totalunits': -1, 'lfn': '/store/user/bibehera/', 'publication': 0, 'publishdbsurl': 'https://cmsweb.cern.ch/dbs/prod/phys03/DBSWriter', 'publishname2': '2pc_OO_V0_IM_effcorr_cent0to50_newpT_v1_IP12', 'jobtype': 'Analysis', 'generator': 'pythia', 'addoutputfiles': [], 'maxjobruntime': 1250, 'numcores': 1, 'maxmemory': 2000, 'priority': 10, 'nonprodsw': 0, 'asyncdest': 'T3_CH_CERNBOX', 'requireaccelerator': 0, 'oneEventMode': 0, 'extrajdl': [], 'ignoreglobalblacklist': 0, 'partialdataset': 0, 'inputblocks': [], 'tfileoutfiles': ['V0_test_IM_newpT.root'], 'edmoutfiles': [], 'jobarch': 'el8_amd64_gcc12', 'jobminuarch': 'x86-64-v3', 'jobsw': 'CMSSW_15_0_6_patch1', 'cachefilename': 'a19be5fef8cd1b3627a344594ca4c011d1e229f0d93ca134a565de5508b1fcd4.tar.gz', 'debugfilename': '8668bb5b9dedcdd60aafdaec962399d1b8f5e763f1743aa1bb70e5fd8b4f7228.tar.gz', 'runs': ['394153', '394154', '394169', '394175', '394183', '394184', '394185', '394186', '394187', '394188', '394189', '394204', '394209', '394217'], 'lumis': ['40,169', '1,886', '39,997', '47,988', '15,239', '1,667', '1,3', '1,15', '1,1', '1,107', '1,72', '38,932', '23,1209', '41,838']} 
DEBUG 2026-01-11 11:14:30.311 UTC: 	 Encoded data for curl request: dryrun=0&workflow=crab_2pc_OO_V0_IM_effcorr_cent0to50_newpT_v1_IP12&saveoutput=1&savelogsflag=1&inputdata=%2FIonPhysics12%2Fbibehera-2pc_OO_V0_IP12-ca42279dfc2dce710b3991c24f27a617%2FUSER&nonvaliddata=0&dbsurl=https%3A%2F%2Fcmsweb.cern.ch%2Fdbs%2Fprod%2Fphys03%2FDBSReader&useparent=0&secondarydata=%2FIonPhysics12%2FOORun2025-PromptReco-v1%2FMINIAOD&ignorelocality=0&splitalgo=LumiBased&algoargs=3&totalunits=-1&lfn=%2Fstore%2Fuser%2Fbibehera%2F&publication=0&publishdbsurl=https%3A%2F%2Fcmsweb.cern.ch%2Fdbs%2Fprod%2Fphys03%2FDBSWriter&publishname2=2pc_OO_V0_IM_effcorr_cent0to50_newpT_v1_IP12&jobtype=Analysis&generator=pythia&maxjobruntime=1250&numcores=1&maxmemory=2000&priority=10&nonprodsw=0&asyncdest=T3_CH_CERNBOX&requireaccelerator=0&oneEventMode=0&ignoreglobalblacklist=0&partialdataset=0&jobarch=el8_amd64_gcc12&jobminuarch=x86-64-v3&jobsw=CMSSW_15_0_6_patch1&cachefilename=a19be5fef8cd1b3627a344594ca4c011d1e229f0d93ca134a565de5508b1fcd4.tar.gz&debugfilename=8668bb5b9dedcdd60aafdaec962399d1b8f5e763f1743aa1bb70e5fd8b4f7228.tar.gz&tfileoutfiles=V0_test_IM_newpT.root&runs=394153&runs=394154&runs=394169&runs=394175&runs=394183&runs=394184&runs=394185&runs=394186&runs=394187&runs=394188&runs=394189&runs=394204&runs=394209&runs=394217&lumis=40%2C169&lumis=1%2C886&lumis=39%2C997&lumis=47%2C988&lumis=15%2C239&lumis=1%2C667&lumis=1%2C3&lumis=1%2C15&lumis=1%2C1&lumis=1%2C107&lumis=1%2C72&lumis=38%2C932&lumis=23%2C1209&lumis=41%2C838
DEBUG 2026-01-11 11:14:30.361 UTC: 	 Result: {'result': [{'RequestName': '260111_111430:bibehera_crab_2pc_OO_V0_IM_effcorr_cent0to50_newpT_v1_IP12'}]}
INFO 2026-01-11 11:14:30.384 UTC: 	 Success: Your task has been delivered to the prod CRAB3 server.
INFO 2026-01-11 11:14:30.385 UTC: 	 Task name: 260111_111430:bibehera_crab_2pc_OO_V0_IM_effcorr_cent0to50_newpT_v1_IP12
INFO 2026-01-11 11:14:30.385 UTC: 	 Project dir: OO_Data_MINIAOD/crab_2pc_OO_V0_IM_effcorr_cent0to50_newpT_v1_IP12
INFO 2026-01-11 11:14:30.385 UTC: 	 Please use ' crab status -d OO_Data_MINIAOD/crab_2pc_OO_V0_IM_effcorr_cent0to50_newpT_v1_IP12 ' to check how the submission process proceeds.
DEBUG 2026-01-11 11:14:30.385 UTC: 	 About to return
INFO 2026-01-11 11:14:30.400 UTC: 	 Log file is /eos/home-b/bibehera/OO_Simfit_eff/CMSSW_15_0_6_patch1/src/Analyzer/RaghuV0Ana/cfg/OO_Data_MINIAOD/crab_2pc_OO_V0_IM_effcorr_cent0to50_newpT_v1_IP12/crab.log
DEBUG 2026-01-11 11:16:27.084 UTC: 	 CRAB Client version: v3.251020
DEBUG 2026-01-11 11:16:27.084 UTC: 	 Running on: Linux lxplus802.cern.ch 4.18.0-553.85.1.el8_10.x86_64 #1 SMP Thu Nov 13 12:55:12 EST 2025 x86_64 x86_64 x86_64 GNU/Linux
DEBUG 2026-01-11 11:16:27.084 UTC: 	 Not using Singularity
DEBUG 2026-01-11 11:16:27.084 UTC: 	 Operating System: Red Hat Enterprise Linux 8.10 (Ootpa)
DEBUG 2026-01-11 11:16:27.084 UTC: 	 Executing command: 'status'
DEBUG 2026-01-11 11:16:27.084 UTC: 	 Found CRAB cache file /afs/cern.ch/user/b/bibehera/.crab3
DEBUG 2026-01-11 11:16:27.091 UTC: 	 Checking credentials
DEBUG 2026-01-11 11:16:27.091 UTC: 	 Found proxy file /tmp/x509up_u177753
DEBUG 2026-01-11 11:16:27.091 UTC: 	 Making sure it has proper VOMS extension
DEBUG 2026-01-11 11:16:27.091 UTC: 	 Executing command :
 voms-proxy-info --vo --file /tmp/x509up_u177753
DEBUG 2026-01-11 11:16:27.110 UTC: 	 output : cms

 error: 
 retcode : 0
DEBUG 2026-01-11 11:16:27.110 UTC: 	 Getting proxy life time left
DEBUG 2026-01-11 11:16:27.110 UTC: 	 Executing command :
 voms-proxy-info --actimeleft --timeleft --file /tmp/x509up_u177753
DEBUG 2026-01-11 11:16:27.134 UTC: 	 output : 41133
41133

 error: 
 retcode : 0
DEBUG 2026-01-11 11:16:27.134 UTC: 	 Proxy valid for 11:25:33 hours
DEBUG 2026-01-11 11:16:27.134 UTC: 	 Encoded data for curl request: subresource=delegatedn
DEBUG 2026-01-11 11:16:27.170 UTC: 	 Registering user credentials on myproxy for /DC=ch/DC=cern/OU=Organic Units/OU=Users/CN=cmscrab/CN=(817881|373708)/CN=Robot: cms crab|/DC=ch/DC=cern/OU=Organic Units/OU=Users/CN=crabint1/CN=373708/CN=Robot: CMS CRAB Integration 1
DEBUG 2026-01-11 11:16:27.170 UTC: 	 Executing command :
 voms-proxy-info --identity --file /tmp/x509up_u177753
DEBUG 2026-01-11 11:16:27.194 UTC: 	 output : /DC=ch/DC=cern/OU=Organic Units/OU=Users/CN=bibehera/CN=882295/CN=Bismita Behera

 error: 
 retcode : 0
DEBUG 2026-01-11 11:16:27.194 UTC: 	 Getting myproxy life time left for bfbdf12a5670e45fdd055ff115afbb0f25b8a072
DEBUG 2026-01-11 11:16:27.194 UTC: 	 Executing command :
 myproxy-info -s myproxy.cern.ch -l bfbdf12a5670e45fdd055ff115afbb0f25b8a072
DEBUG 2026-01-11 11:16:27.450 UTC: 	 output : username: bfbdf12a5670e45fdd055ff115afbb0f25b8a072
owner: /DC=ch/DC=cern/OU=Organic Units/OU=Users/CN=bibehera/CN=882295/CN=Bismita Behera
  renewal policy: /DC=ch/DC=cern/OU=Organic Units/OU=Users/CN=cmscrab/CN=(817881|373708)/CN=Robot: cms crab|/DC=ch/DC=cern/OU=Organic Units/OU=Users/CN=crabint1/CN=373708/CN=Robot: CMS CRAB Integration 1
  trusted retrieval policy: /DC=ch/DC=cern/OU=Organic Units/OU=Users/CN=cmscrab/CN=(817881|373708)/CN=Robot: cms crab|/DC=ch/DC=cern/OU=Organic Units/OU=Users/CN=crabint1/CN=373708/CN=Robot: CMS CRAB Integration 1
  timeleft: 719:57:38  (30.0 days)

 error: 
 retcode : 0
DEBUG 2026-01-11 11:16:27.450 UTC: 	 Myproxy is valid: 2591820
DEBUG 2026-01-11 11:16:27.450 UTC: 	 Result of myproxy credential check:
  Credential exists on myproxy: username: bfbdf12a5670e45fdd055ff115afbb0f25b8a072  - validity: 29 days, 23:57:00
DEBUG 2026-01-11 11:16:27.451 UTC: 	 Retrieving username ...
DEBUG 2026-01-11 11:16:27.451 UTC: 	 Retrieving username from CRIC...
DEBUG 2026-01-11 11:16:28.262 UTC: 	 username is bibehera
INFO 2026-01-11 11:16:28.873 UTC: 	 Rucio client intialized for account bibehera
DEBUG 2026-01-11 11:16:28.875 UTC: 	 Command use: status
DEBUG 2026-01-11 11:16:28.875 UTC: 	 Options use: ['-d', 'OO_Data_MINIAOD/crab_2pc_OO_V0_IM_effcorr_cent0to50_newpT_v1_IP12']
DEBUG 2026-01-11 11:16:28.875 UTC: 	 Encoded data for curl request: subresource=version
DEBUG 2026-01-11 11:16:28.909 UTC: 	 CRABClient version: v3.251020
DEBUG 2026-01-11 11:16:28.909 UTC: 	 Instance is prod
DEBUG 2026-01-11 11:16:28.909 UTC: 	 Server base url is cmsweb.cern.ch
DEBUG 2026-01-11 11:16:28.909 UTC: 	 Command api workflow
DEBUG 2026-01-11 11:16:28.909 UTC: 	 Encoded data for curl request: subresource=search&workflow=260111_111430%3Abibehera_crab_2pc_OO_V0_IM_effcorr_cent0to50_newpT_v1_IP12
DEBUG 2026-01-11 11:16:28.953 UTC: 	 Got information from server oracle database: {'desc': {'columns': ['tm_taskname', 'tm_activity', 'tm_task_status', 'tm_task_command', 'tm_start_time', 'tm_start_injection', 'tm_end_injection', 'tm_task_failure', 'tm_job_sw', 'tm_job_arch', 'tm_input_dataset', 'tm_nonvalid_input_dataset', 'tm_use_parent', 'tm_site_whitelist', 'tm_site_blacklist', 'tm_split_algo', 'tm_split_args', 'tm_user_sandbox', 'tm_cache_url', 'tm_username', 'tm_user_dn', 'tm_user_vo', 'tm_user_role', 'tm_user_group', 'tm_publish_name', 'tm_publish_groupname', 'tm_asyncdest', 'tm_dbs_url', 'tm_publish_dbs_url', 'tm_publication', 'tm_outfiles', 'tm_tfile_outfiles', 'tm_edm_outfiles', 'tm_job_type', 'tm_generator', 'tm_events_per_lumi', 'tm_arguments', 'tm_save_logs', 'tw_name', 'tm_user_infiles', 'tm_maxjobruntime', 'tm_numcores', 'tm_maxmemory', 'tm_priority', 'tm_output_dataset', 'tm_task_warnings', 'tm_user_webdir', 'tm_scriptexe', 'tm_scriptargs', 'tm_extrajdl', 'tm_collector', 'tm_schedd', 'tm_dry_run', 'tm_user_files', 'tm_transfer_outputs', 'tm_output_lfn', 'tm_ignore_locality', 'tm_fail_limit', 'tm_one_event_mode', 'tm_secondary_input_dataset', 'tm_primary_dataset', 'tm_last_publication', 'tm_debug_files', 'clusterid', 'tm_ignore_global_blacklist', 'tm_submitter_ip_addr', 'tm_totalunits', 'tm_ddm_reqid', 'tm_user_config', 'tm_transfer_container', 'tm_transfer_rule', 'tm_publish_rule', 'tm_multipub_rule', 'tm_job_min_microarch', 'tm_dagman_status', 'tm_num_jobs', 'tm_uploaded']}, 'result': ['260111_111430:bibehera_crab_2pc_OO_V0_IM_effcorr_cent0to50_newpT_v1_IP12', 'None', 'QUEUED', 'SUBMIT', '2026-01-11 11:14:30.354192', 'None', 'None', 'None', 'CMSSW_15_0_6_patch1', 'el8_amd64_gcc12', '/IonPhysics12/bibehera-2pc_OO_V0_IP12-ca42279dfc2dce710b3991c24f27a617/USER', 'F', '0', '[]', '[]', 'LumiBased', "{'halt_job_on_file_boundaries': False, 'splitOnRun': False, 'lumis_per_job': 3, 'runs': ['394153', '394154', '394169', '394175', '394183', '394184', '394185', '394186', '394187', '394188', '394189', '394204', '394209', '394217'], 'lumis': ['40,169', '1,886', '39,997', '47,988', '15,239', '1,667', '1,3', '1,15', '1,1', '1,107', '1,72', '38,932', '23,1209', '41,838']}", 'a19be5fef8cd1b3627a344594ca4c011d1e229f0d93ca134a565de5508b1fcd4.tar.gz', 'S3/crabcache_prod', 'bibehera', '/DC=ch/DC=cern/OU=Organic Units/OU=Users/CN=bibehera/CN=882295/CN=Bismita Behera', 'cms', 'None', 'None', '2pc_OO_V0_IM_effcorr_cent0to50_newpT_v1_IP12-00000000000000000000000000000000', 'F', 'T3_CH_CERNBOX', 'https://cmsweb.cern.ch/dbs/prod/phys03/DBSReader', 'https://cmsweb.cern.ch/dbs/prod/phys03/DBSWriter', 'F', '[]', "['V0_test_IM_newpT.root']", '[]', 'Analysis', 'pythia', 'None', '{}', 'T', 'crab-prod-tw01', '[]', '1250', '1', '2000', '10', 'None', '[]', 'None', 'None', '[]', '[]', 'cmsgwms-collector-global.cern.ch:9620,cmsgwms-collector-global.fnal.gov:9620', 'None', 'F', '[]', 'T', '/store/user/bibehera/', 'F', 'None', 'F', '/IonPhysics12/OORun2025-PromptReco-v1/MINIAOD', 'IonPhysics12', 'None', '8668bb5b9dedcdd60aafdaec962399d1b8f5e763f1743aa1bb70e5fd8b4f7228.tar.gz', 'None', 'F', '188.185.89.194', '-1.0', 'None', '{"partialdataset": false, "requireaccelerator": false, "acceleratorparams": null, "inputblocks": null}', 'None', 'None', 'None', 'None', 'x86-64-v3', 'NOT_READY', '0', 'F']}
INFO 2026-01-11 11:16:28.953 UTC: 	 CRAB project directory:		/eos/home-b/bibehera/OO_Simfit_eff/CMSSW_15_0_6_patch1/src/Analyzer/RaghuV0Ana/cfg/OO_Data_MINIAOD/crab_2pc_OO_V0_IM_effcorr_cent0to50_newpT_v1_IP12
INFO 2026-01-11 11:16:28.953 UTC: 	 Task name:			260111_111430:bibehera_crab_2pc_OO_V0_IM_effcorr_cent0to50_newpT_v1_IP12
INFO 2026-01-11 11:16:28.953 UTC: 	 Grid scheduler - Task Worker:	N/A yet - crab-prod-tw01
INFO 2026-01-11 11:16:28.953 UTC: 	 Status on the CRAB server:	QUEUED on command SUBMIT
INFO 2026-01-11 11:16:28.953 UTC: 	 Task URL to use for HELP:	https://cmsweb.cern.ch/crabserver/ui/task/260111_111430%3Abibehera_crab_2pc_OO_V0_IM_effcorr_cent0to50_newpT_v1_IP12
INFO 2026-01-11 11:16:28.959 UTC: 	 Dashboard monitoring URL:	https://monit-grafana.cern.ch/d/cmsTMDetail/cms-task-monitoring-task-view?orgId=11&var-user=bibehera&var-task=260111_111430%3Abibehera_crab_2pc_OO_V0_IM_effcorr_cent0to50_newpT_v1_IP12&from=1768126470000&to=now
DEBUG 2026-01-11 11:16:28.959 UTC: 	 The task has not been submitted to the Grid scheduler yet. Not printing job information.
INFO 2026-01-11 11:16:28.966 UTC: 	 Log file is /eos/home-b/bibehera/OO_Simfit_eff/CMSSW_15_0_6_patch1/src/Analyzer/RaghuV0Ana/cfg/OO_Data_MINIAOD/crab_2pc_OO_V0_IM_effcorr_cent0to50_newpT_v1_IP12/crab.log
DEBUG 2026-01-11 11:25:29.254 UTC: 	 CRAB Client version: v3.251020
DEBUG 2026-01-11 11:25:29.254 UTC: 	 Running on: Linux lxplus802.cern.ch 4.18.0-553.85.1.el8_10.x86_64 #1 SMP Thu Nov 13 12:55:12 EST 2025 x86_64 x86_64 x86_64 GNU/Linux
DEBUG 2026-01-11 11:25:29.254 UTC: 	 Not using Singularity
DEBUG 2026-01-11 11:25:29.254 UTC: 	 Operating System: Red Hat Enterprise Linux 8.10 (Ootpa)
DEBUG 2026-01-11 11:25:29.254 UTC: 	 Executing command: 'status'
DEBUG 2026-01-11 11:25:29.255 UTC: 	 Found CRAB cache file /afs/cern.ch/user/b/bibehera/.crab3
DEBUG 2026-01-11 11:25:29.267 UTC: 	 Checking credentials
DEBUG 2026-01-11 11:25:29.267 UTC: 	 Found proxy file /tmp/x509up_u177753
DEBUG 2026-01-11 11:25:29.267 UTC: 	 Making sure it has proper VOMS extension
DEBUG 2026-01-11 11:25:29.267 UTC: 	 Executing command :
 voms-proxy-info --vo --file /tmp/x509up_u177753
DEBUG 2026-01-11 11:25:29.290 UTC: 	 output : cms

 error: 
 retcode : 0
DEBUG 2026-01-11 11:25:29.290 UTC: 	 Getting proxy life time left
DEBUG 2026-01-11 11:25:29.290 UTC: 	 Executing command :
 voms-proxy-info --actimeleft --timeleft --file /tmp/x509up_u177753
DEBUG 2026-01-11 11:25:29.307 UTC: 	 output : 40591
40591

 error: 
 retcode : 0
DEBUG 2026-01-11 11:25:29.307 UTC: 	 Proxy valid for 11:16:31 hours
DEBUG 2026-01-11 11:25:29.307 UTC: 	 Encoded data for curl request: subresource=delegatedn
DEBUG 2026-01-11 11:25:29.355 UTC: 	 Registering user credentials on myproxy for /DC=ch/DC=cern/OU=Organic Units/OU=Users/CN=cmscrab/CN=(817881|373708)/CN=Robot: cms crab|/DC=ch/DC=cern/OU=Organic Units/OU=Users/CN=crabint1/CN=373708/CN=Robot: CMS CRAB Integration 1
DEBUG 2026-01-11 11:25:29.355 UTC: 	 Executing command :
 voms-proxy-info --identity --file /tmp/x509up_u177753
DEBUG 2026-01-11 11:25:29.374 UTC: 	 output : /DC=ch/DC=cern/OU=Organic Units/OU=Users/CN=bibehera/CN=882295/CN=Bismita Behera

 error: 
 retcode : 0
DEBUG 2026-01-11 11:25:29.374 UTC: 	 Getting myproxy life time left for bfbdf12a5670e45fdd055ff115afbb0f25b8a072
DEBUG 2026-01-11 11:25:29.374 UTC: 	 Executing command :
 myproxy-info -s myproxy.cern.ch -l bfbdf12a5670e45fdd055ff115afbb0f25b8a072
DEBUG 2026-01-11 11:25:29.669 UTC: 	 output : username: bfbdf12a5670e45fdd055ff115afbb0f25b8a072
owner: /DC=ch/DC=cern/OU=Organic Units/OU=Users/CN=bibehera/CN=882295/CN=Bismita Behera
  renewal policy: /DC=ch/DC=cern/OU=Organic Units/OU=Users/CN=cmscrab/CN=(817881|373708)/CN=Robot: cms crab|/DC=ch/DC=cern/OU=Organic Units/OU=Users/CN=crabint1/CN=373708/CN=Robot: CMS CRAB Integration 1
  trusted retrieval policy: /DC=ch/DC=cern/OU=Organic Units/OU=Users/CN=cmscrab/CN=(817881|373708)/CN=Robot: cms crab|/DC=ch/DC=cern/OU=Organic Units/OU=Users/CN=crabint1/CN=373708/CN=Robot: CMS CRAB Integration 1
  timeleft: 719:48:36  (30.0 days)

 error: 
 retcode : 0
DEBUG 2026-01-11 11:25:29.669 UTC: 	 Myproxy is valid: 2591280
DEBUG 2026-01-11 11:25:29.669 UTC: 	 Result of myproxy credential check:
  Credential exists on myproxy: username: bfbdf12a5670e45fdd055ff115afbb0f25b8a072  - validity: 29 days, 23:48:00
DEBUG 2026-01-11 11:25:29.669 UTC: 	 Retrieving username ...
DEBUG 2026-01-11 11:25:29.669 UTC: 	 Retrieving username from CRIC...
DEBUG 2026-01-11 11:25:30.577 UTC: 	 username is bibehera
INFO 2026-01-11 11:25:31.137 UTC: 	 Rucio client intialized for account bibehera
DEBUG 2026-01-11 11:25:31.139 UTC: 	 Command use: status
DEBUG 2026-01-11 11:25:31.139 UTC: 	 Options use: ['-d', 'OO_Data_MINIAOD/crab_2pc_OO_V0_IM_effcorr_cent0to50_newpT_v1_IP12']
DEBUG 2026-01-11 11:25:31.139 UTC: 	 Encoded data for curl request: subresource=version
DEBUG 2026-01-11 11:25:31.172 UTC: 	 CRABClient version: v3.251020
DEBUG 2026-01-11 11:25:31.172 UTC: 	 Instance is prod
DEBUG 2026-01-11 11:25:31.172 UTC: 	 Server base url is cmsweb.cern.ch
DEBUG 2026-01-11 11:25:31.172 UTC: 	 Command api workflow
DEBUG 2026-01-11 11:25:31.172 UTC: 	 Encoded data for curl request: subresource=search&workflow=260111_111430%3Abibehera_crab_2pc_OO_V0_IM_effcorr_cent0to50_newpT_v1_IP12
DEBUG 2026-01-11 11:25:31.214 UTC: 	 Got information from server oracle database: {'desc': {'columns': ['tm_taskname', 'tm_activity', 'tm_task_status', 'tm_task_command', 'tm_start_time', 'tm_start_injection', 'tm_end_injection', 'tm_task_failure', 'tm_job_sw', 'tm_job_arch', 'tm_input_dataset', 'tm_nonvalid_input_dataset', 'tm_use_parent', 'tm_site_whitelist', 'tm_site_blacklist', 'tm_split_algo', 'tm_split_args', 'tm_user_sandbox', 'tm_cache_url', 'tm_username', 'tm_user_dn', 'tm_user_vo', 'tm_user_role', 'tm_user_group', 'tm_publish_name', 'tm_publish_groupname', 'tm_asyncdest', 'tm_dbs_url', 'tm_publish_dbs_url', 'tm_publication', 'tm_outfiles', 'tm_tfile_outfiles', 'tm_edm_outfiles', 'tm_job_type', 'tm_generator', 'tm_events_per_lumi', 'tm_arguments', 'tm_save_logs', 'tw_name', 'tm_user_infiles', 'tm_maxjobruntime', 'tm_numcores', 'tm_maxmemory', 'tm_priority', 'tm_output_dataset', 'tm_task_warnings', 'tm_user_webdir', 'tm_scriptexe', 'tm_scriptargs', 'tm_extrajdl', 'tm_collector', 'tm_schedd', 'tm_dry_run', 'tm_user_files', 'tm_transfer_outputs', 'tm_output_lfn', 'tm_ignore_locality', 'tm_fail_limit', 'tm_one_event_mode', 'tm_secondary_input_dataset', 'tm_primary_dataset', 'tm_last_publication', 'tm_debug_files', 'clusterid', 'tm_ignore_global_blacklist', 'tm_submitter_ip_addr', 'tm_totalunits', 'tm_ddm_reqid', 'tm_user_config', 'tm_transfer_container', 'tm_transfer_rule', 'tm_publish_rule', 'tm_multipub_rule', 'tm_job_min_microarch', 'tm_dagman_status', 'tm_num_jobs', 'tm_uploaded']}, 'result': ['260111_111430:bibehera_crab_2pc_OO_V0_IM_effcorr_cent0to50_newpT_v1_IP12', 'None', 'SUBMITTED', 'SUBMIT', '2026-01-11 11:14:30.354192', 'None', '2026-01-11 11:17:01.022402', 'None', 'CMSSW_15_0_6_patch1', 'el8_amd64_gcc12', '/IonPhysics12/bibehera-2pc_OO_V0_IP12-ca42279dfc2dce710b3991c24f27a617/USER', 'F', '0', '[]', '[]', 'LumiBased', "{'halt_job_on_file_boundaries': False, 'splitOnRun': False, 'lumis_per_job': 3, 'runs': ['394153', '394154', '394169', '394175', '394183', '394184', '394185', '394186', '394187', '394188', '394189', '394204', '394209', '394217'], 'lumis': ['40,169', '1,886', '39,997', '47,988', '15,239', '1,667', '1,3', '1,15', '1,1', '1,107', '1,72', '38,932', '23,1209', '41,838']}", 'a19be5fef8cd1b3627a344594ca4c011d1e229f0d93ca134a565de5508b1fcd4.tar.gz', 'S3/crabcache_prod', 'bibehera', '/DC=ch/DC=cern/OU=Organic Units/OU=Users/CN=bibehera/CN=882295/CN=Bismita Behera', 'cms', 'None', 'None', '2pc_OO_V0_IM_effcorr_cent0to50_newpT_v1_IP12-00000000000000000000000000000000', 'F', 'T3_CH_CERNBOX', 'https://cmsweb.cern.ch/dbs/prod/phys03/DBSReader', 'https://cmsweb.cern.ch/dbs/prod/phys03/DBSWriter', 'F', '[]', "['V0_test_IM_newpT.root']", '[]', 'Analysis', 'pythia', 'None', '{}', 'T', 'crab-prod-tw01', '[]', '1250', '1', '2000', '10', 'None', '[]', 'http://vocms0137.cern.ch/mon/bibehera/260111_111430:bibehera_crab_2pc_OO_V0_IM_effcorr_cent0to50_newpT_v1_IP12', 'None', '[]', '[]', 'cmsgwms-collector-global.cern.ch:9620,cmsgwms-collector-global.fnal.gov:9620', 'crab3@vocms0137.cern.ch', 'F', '[]', 'T', '/store/user/bibehera/', 'F', 'None', 'F', '/IonPhysics12/OORun2025-PromptReco-v1/MINIAOD', 'IonPhysics12', 'None', '8668bb5b9dedcdd60aafdaec962399d1b8f5e763f1743aa1bb70e5fd8b4f7228.tar.gz', '138548273', 'F', '188.185.89.194', '-1.0', 'None', '{"partialdataset": false, "requireaccelerator": false, "acceleratorparams": null, "inputblocks": null}', 'None', 'None', 'None', 'None', 'x86-64-v3', 'RUNNING', '2288', 'T']}
INFO 2026-01-11 11:25:31.214 UTC: 	 CRAB project directory:		/eos/home-b/bibehera/OO_Simfit_eff/CMSSW_15_0_6_patch1/src/Analyzer/RaghuV0Ana/cfg/OO_Data_MINIAOD/crab_2pc_OO_V0_IM_effcorr_cent0to50_newpT_v1_IP12
INFO 2026-01-11 11:25:31.214 UTC: 	 Task name:			260111_111430:bibehera_crab_2pc_OO_V0_IM_effcorr_cent0to50_newpT_v1_IP12
INFO 2026-01-11 11:25:31.214 UTC: 	 Grid scheduler - Task Worker:	crab3@vocms0137.cern.ch - crab-prod-tw01
INFO 2026-01-11 11:25:31.214 UTC: 	 Status on the CRAB server:	SUBMITTED
INFO 2026-01-11 11:25:31.214 UTC: 	 Task URL to use for HELP:	https://cmsweb.cern.ch/crabserver/ui/task/260111_111430%3Abibehera_crab_2pc_OO_V0_IM_effcorr_cent0to50_newpT_v1_IP12
INFO 2026-01-11 11:25:31.220 UTC: 	 Dashboard monitoring URL:	https://monit-grafana.cern.ch/d/cmsTMDetail/cms-task-monitoring-task-view?orgId=11&var-user=bibehera&var-task=260111_111430%3Abibehera_crab_2pc_OO_V0_IM_effcorr_cent0to50_newpT_v1_IP12&from=1768126470000&to=now
DEBUG 2026-01-11 11:25:31.220 UTC: 	 The CRAB server submitted your task to the Grid scheduler (cluster ID: 138548273)
DEBUG 2026-01-11 11:25:31.220 UTC: 	 Webdir is located at http://vocms0137.cern.ch/mon/bibehera/260111_111430:bibehera_crab_2pc_OO_V0_IM_effcorr_cent0to50_newpT_v1_IP12
DEBUG 2026-01-11 11:25:31.220 UTC: 	 Encoded data for curl request: subresource=webdirprx&workflow=260111_111430%3Abibehera_crab_2pc_OO_V0_IM_effcorr_cent0to50_newpT_v1_IP12
DEBUG 2026-01-11 11:25:31.254 UTC: 	 Proxied webdir is located at https://cmsweb.cern.ch/scheddmon/0137/bibehera/260111_111430:bibehera_crab_2pc_OO_V0_IM_effcorr_cent0to50_newpT_v1_IP12
DEBUG 2026-01-11 11:25:31.254 UTC: 	 Retrieving 'status_cache' file from https://cmsweb.cern.ch/scheddmon/0137/bibehera/260111_111430:bibehera_crab_2pc_OO_V0_IM_effcorr_cent0to50_newpT_v1_IP12/status_cache.pkl
DEBUG 2026-01-11 11:25:31.254 UTC: 	 Will execute:
curl -sS --capath /etc/grid-security/certificates --cert /tmp/x509up_u177753 --key /tmp/x509up_u177753 -o /tmp/crab_status-cache-1aivlkjj.pkl -w %"{http_code}" "https://cmsweb.cern.ch/scheddmon/0137/bibehera/260111_111430:bibehera_crab_2pc_OO_V0_IM_effcorr_cent0to50_newpT_v1_IP12/status_cache.pkl"
DEBUG 2026-01-11 11:25:31.254 UTC: 	 Executing command :
 curl -sS --capath /etc/grid-security/certificates --cert /tmp/x509up_u177753 --key /tmp/x509up_u177753 -o /tmp/crab_status-cache-1aivlkjj.pkl -w %"{http_code}" "https://cmsweb.cern.ch/scheddmon/0137/bibehera/260111_111430:bibehera_crab_2pc_OO_V0_IM_effcorr_cent0to50_newpT_v1_IP12/status_cache.pkl"
DEBUG 2026-01-11 11:25:32.128 UTC: 	 output : 200
 error: 
 retcode : 0
DEBUG 2026-01-11 11:25:32.128 UTC: 	 exitcode: 0
stdout: 200
stderr: 
error details: 
DEBUG 2026-01-11 11:25:32.134 UTC: 	 Got information from status cache file: {'3': {'Retries': 0, 'Restarts': 0, 'SiteHistory': ['Unknown'], 'ResidentSetSize': [0], 'SubmitTimes': [1768130285.0], 'StartTimes': [], 'EndTimes': [], 'TotalUserCpuTimeHistory': [0.0], 'TotalSysCpuTimeHistory': [0.0], 'WallDurations': [0], 'JobIds': ['138548288.0'], 'State': 'idle', 'RecordedSite': False}, '10': {'Retries': 0, 'Restarts': 0, 'SiteHistory': ['Unknown'], 'ResidentSetSize': [0], 'SubmitTimes': [1768130285.0], 'StartTimes': [], 'EndTimes': [], 'TotalUserCpuTimeHistory': [0.0], 'TotalSysCpuTimeHistory': [0.0], 'WallDurations': [0], 'JobIds': ['138548289.0'], 'State': 'idle', 'RecordedSite': False}, '1': {'Retries': 0, 'Restarts': 0, 'SiteHistory': ['Unknown'], 'ResidentSetSize': [0], 'SubmitTimes': [1768130285.0], 'StartTimes': [], 'EndTimes': [], 'TotalUserCpuTimeHistory': [0.0], 'TotalSysCpuTimeHistory': [0.0], 'WallDurations': [0], 'JobIds': ['138548290.0'], 'State': 'idle', 'RecordedSite': False}, '5': {'Retries': 0, 'Restarts': 0, 'SiteHistory': ['Unknown'], 'ResidentSetSize': [0], 'SubmitTimes': [1768130285.0], 'StartTimes': [], 'EndTimes': [], 'TotalUserCpuTimeHistory': [0.0], 'TotalSysCpuTimeHistory': [0.0], 'WallDurations': [0], 'JobIds': ['138548291.0'], 'State': 'idle', 'RecordedSite': False}, '11': {'Retries': 0, 'Restarts': 0, 'SiteHistory': ['Unknown'], 'ResidentSetSize': [0], 'SubmitTimes': [1768130285.0], 'StartTimes': [], 'EndTimes': [], 'TotalUserCpuTimeHistory': [0.0], 'TotalSysCpuTimeHistory': [0.0], 'WallDurations': [0], 'JobIds': ['138548292.0'], 'State': 'idle', 'RecordedSite': False}, '9': {'Retries': 0, 'Restarts': 0, 'SiteHistory': ['Unknown'], 'ResidentSetSize': [0], 'SubmitTimes': [1768130285.0], 'StartTimes': [], 'EndTimes': [], 'TotalUserCpuTimeHistory': [0.0], 'TotalSysCpuTimeHistory': [0.0], 'WallDurations': [0], 'JobIds': ['138548293.0'], 'State': 'idle', 'RecordedSite': False}, '20': {'Retries': 0, 'Restarts': 0, 'SiteHistory': ['Unknown'], 'ResidentSetSize': [0], 'SubmitTimes': [1768130285.0], 'StartTimes': [], 'EndTimes': [], 'TotalUserCpuTimeHistory': [0.0], 'TotalSysCpuTimeHistory': [0.0], 'WallDurations': [0], 'JobIds': ['138548294.0'], 'State': 'idle', 'RecordedSite': False}, '7': {'Retries': 0, 'Restarts': 0, 'SiteHistory': ['Unknown'], 'ResidentSetSize': [0], 'SubmitTimes': [1768130285.0], 'StartTimes': [], 'EndTimes': [], 'TotalUserCpuTimeHistory': [0.0], 'TotalSysCpuTimeHistory': [0.0], 'WallDurations': [0], 'JobIds': ['138548295.0'], 'State': 'idle', 'RecordedSite': False}, '14': {'Retries': 0, 'Restarts': 0, 'SiteHistory': ['Unknown'], 'ResidentSetSize': [0], 'SubmitTimes': [1768130285.0], 'StartTimes': [], 'EndTimes': [], 'TotalUserCpuTimeHistory': [0.0], 'TotalSysCpuTimeHistory': [0.0], 'WallDurations': [0], 'JobIds': ['138548296.0'], 'State': 'idle', 'RecordedSite': False}, '2': {'Retries': 0, 'Restarts': 0, 'SiteHistory': ['Unknown'], 'ResidentSetSize': [0], 'SubmitTimes': [1768130285.0], 'StartTimes': [], 'EndTimes': [], 'TotalUserCpuTimeHistory': [0.0], 'TotalSysCpuTimeHistory': [0.0], 'WallDurations': [0], 'JobIds': ['138548297.0'], 'State': 'idle', 'RecordedSite': False}, '15': {'Retries': 0, 'Restarts': 0, 'SiteHistory': ['Unknown'], 'ResidentSetSize': [0], 'SubmitTimes': [1768130285.0], 'StartTimes': [], 'EndTimes': [], 'TotalUserCpuTimeHistory': [0.0], 'TotalSysCpuTimeHistory': [0.0], 'WallDurations': [0], 'JobIds': ['138548298.0'], 'State': 'idle', 'RecordedSite': False}, '17': {'Retries': 0, 'Restarts': 0, 'SiteHistory': ['Unknown'], 'ResidentSetSize': [0], 'SubmitTimes': [1768130290.0], 'StartTimes': [], 'EndTimes': [], 'TotalUserCpuTimeHistory': [0.0], 'TotalSysCpuTimeHistory': [0.0], 'WallDurations': [0], 'JobIds': ['138548299.0'], 'State': 'idle', 'RecordedSite': False}, '4': {'Retries': 0, 'Restarts': 0, 'SiteHistory': ['Unknown'], 'ResidentSetSize': [0], 'SubmitTimes': [1768130290.0], 'StartTimes': [], 'EndTimes': [], 'TotalUserCpuTimeHistory': [0.0], 'TotalSysCpuTimeHistory': [0.0], 'WallDurations': [0], 'JobIds': ['138548300.0'], 'State': 'idle', 'RecordedSite': False}, '6': {'Retries': 0, 'Restarts': 0, 'SiteHistory': ['Unknown'], 'ResidentSetSize': [0], 'SubmitTimes': [1768130290.0], 'StartTimes': [], 'EndTimes': [], 'TotalUserCpuTimeHistory': [0.0], 'TotalSysCpuTimeHistory': [0.0], 'WallDurations': [0], 'JobIds': ['138548301.0'], 'State': 'idle', 'RecordedSite': False}, '8': {'Retries': 0, 'Restarts': 0, 'SiteHistory': ['Unknown'], 'ResidentSetSize': [0], 'SubmitTimes': [1768130290.0], 'StartTimes': [], 'EndTimes': [], 'TotalUserCpuTimeHistory': [0.0], 'TotalSysCpuTimeHistory': [0.0], 'WallDurations': [0], 'JobIds': ['138548302.0'], 'State': 'idle', 'RecordedSite': False}, '12': {'Retries': 0, 'Restarts': 0, 'SiteHistory': ['Unknown'], 'ResidentSetSize': [0], 'SubmitTimes': [1768130290.0], 'StartTimes': [], 'EndTimes': [], 'TotalUserCpuTimeHistory': [0.0], 'TotalSysCpuTimeHistory': [0.0], 'WallDurations': [0], 'JobIds': ['138548303.0'], 'State': 'idle', 'RecordedSite': False}, '13': {'Retries': 0, 'Restarts': 0, 'SiteHistory': ['Unknown'], 'ResidentSetSize': [0], 'SubmitTimes': [1768130290.0], 'StartTimes': [], 'EndTimes': [], 'TotalUserCpuTimeHistory': [0.0], 'TotalSysCpuTimeHistory': [0.0], 'WallDurations': [0], 'JobIds': ['138548304.0'], 'State': 'idle', 'RecordedSite': False}, '16': {'Retries': 0, 'Restarts': 0, 'SiteHistory': ['Unknown'], 'ResidentSetSize': [0], 'SubmitTimes': [1768130290.0], 'StartTimes': [], 'EndTimes': [], 'TotalUserCpuTimeHistory': [0.0], 'TotalSysCpuTimeHistory': [0.0], 'WallDurations': [0], 'JobIds': ['138548305.0'], 'State': 'idle', 'RecordedSite': False}, '18': {'Retries': 0, 'Restarts': 0, 'SiteHistory': ['Unknown'], 'ResidentSetSize': [0], 'SubmitTimes': [1768130290.0], 'StartTimes': [], 'EndTimes': [], 'TotalUserCpuTimeHistory': [0.0], 'TotalSysCpuTimeHistory': [0.0], 'WallDurations': [0], 'JobIds': ['138548306.0'], 'State': 'idle', 'RecordedSite': False}, '19': {'Retries': 0, 'Restarts': 0, 'SiteHistory': ['Unknown'], 'ResidentSetSize': [0], 'SubmitTimes': [1768130290.0], 'StartTimes': [], 'EndTimes': [], 'TotalUserCpuTimeHistory': [0.0], 'TotalSysCpuTimeHistory': [0.0], 'WallDurations': [0], 'JobIds': ['138548307.0'], 'State': 'idle', 'RecordedSite': False}, '23': {'Retries': 0, 'Restarts': 0, 'SiteHistory': ['Unknown'], 'ResidentSetSize': [0], 'SubmitTimes': [1768130290.0], 'StartTimes': [], 'EndTimes': [], 'TotalUserCpuTimeHistory': [0.0], 'TotalSysCpuTimeHistory': [0.0], 'WallDurations': [0], 'JobIds': ['138548308.0'], 'State': 'idle', 'RecordedSite': False}, '22': {'Retries': 0, 'Restarts': 0, 'SiteHistory': ['Unknown'], 'ResidentSetSize': [0], 'SubmitTimes': [1768130290.0], 'StartTimes': [], 'EndTimes': [], 'TotalUserCpuTimeHistory': [0.0], 'TotalSysCpuTimeHistory': [0.0], 'WallDurations': [0], 'JobIds': ['138548309.0'], 'State': 'idle', 'RecordedSite': False}, '21': {'Retries': 0, 'Restarts': 0, 'SiteHistory': ['Unknown'], 'ResidentSetSize': [0], 'SubmitTimes': [1768130290.0], 'StartTimes': [], 'EndTimes': [], 'TotalUserCpuTimeHistory': [0.0], 'TotalSysCpuTimeHistory': [0.0], 'WallDurations': [0], 'JobIds': ['138548310.0'], 'State': 'idle', 'RecordedSite': False}, '24': {'Retries': 0, 'Restarts': 0, 'SiteHistory': ['Unknown'], 'ResidentSetSize': [0], 'SubmitTimes': [1768130290.0], 'StartTimes': [], 'EndTimes': [], 'TotalUserCpuTimeHistory': [0.0], 'TotalSysCpuTimeHistory': [0.0], 'WallDurations': [0], 'JobIds': ['138548311.0'], 'State': 'idle', 'RecordedSite': False}, '26': {'Retries': 0, 'Restarts': 0, 'SiteHistory': ['Unknown'], 'ResidentSetSize': [0], 'SubmitTimes': [1768130290.0], 'StartTimes': [], 'EndTimes': [], 'TotalUserCpuTimeHistory': [0.0], 'TotalSysCpuTimeHistory': [0.0], 'WallDurations': [0], 'JobIds': ['138548312.0'], 'State': 'idle', 'RecordedSite': False}, '28': {'Retries': 0, 'Restarts': 0, 'SiteHistory': ['Unknown'], 'ResidentSetSize': [0], 'SubmitTimes': [1768130290.0], 'StartTimes': [], 'EndTimes': [], 'TotalUserCpuTimeHistory': [0.0], 'TotalSysCpuTimeHistory': [0.0], 'WallDurations': [0], 'JobIds': ['138548313.0'], 'State': 'idle', 'RecordedSite': False}, '29': {'Retries': 0, 'Restarts': 0, 'SiteHistory': ['Unknown'], 'ResidentSetSize': [0], 'SubmitTimes': [1768130290.0], 'StartTimes': [], 'EndTimes': [], 'TotalUserCpuTimeHistory': [0.0], 'TotalSysCpuTimeHistory': [0.0], 'WallDurations': [0], 'JobIds': ['138548314.0'], 'State': 'idle', 'RecordedSite': False}, '27': {'Retries': 0, 'Restarts': 0, 'SiteHistory': ['Unknown'], 'ResidentSetSize': [0], 'SubmitTimes': [1768130290.0], 'StartTimes': [], 'EndTimes': [], 'TotalUserCpuTimeHistory': [0.0], 'TotalSysCpuTimeHistory': [0.0], 'WallDurations': [0], 'JobIds': ['138548315.0'], 'State': 'idle', 'RecordedSite': False}, '31': {'Retries': 0, 'Restarts': 0, 'SiteHistory': ['Unknown'], 'ResidentSetSize': [0], 'SubmitTimes': [1768130290.0], 'StartTimes': [], 'EndTimes': [], 'TotalUserCpuTimeHistory': [0.0], 'TotalSysCpuTimeHistory': [0.0], 'WallDurations': [0], 'JobIds': ['138548316.0'], 'State': 'idle', 'RecordedSite': False}, '25': {'Retries': 0, 'Restarts': 0, 'SiteHistory': ['Unknown'], 'ResidentSetSize': [0], 'SubmitTimes': [1768130290.0], 'StartTimes': [], 'EndTimes': [], 'TotalUserCpuTimeHistory': [0.0], 'TotalSysCpuTimeHistory': [0.0], 'WallDurations': [0], 'JobIds': ['138548317.0'], 'State': 'idle', 'RecordedSite': False}, '30': {'Retries': 0, 'Restarts': 0, 'SiteHistory': ['Unknown'], 'ResidentSetSize': [0], 'SubmitTimes': [1768130290.0], 'StartTimes': [], 'EndTimes': [], 'TotalUserCpuTimeHistory': [0.0], 'TotalSysCpuTimeHistory': [0.0], 'WallDurations': [0], 'JobIds': ['138548318.0'], 'State': 'idle', 'RecordedSite': False}, '35': {'Retries': 0, 'Restarts': 0, 'SiteHistory': ['Unknown'], 'ResidentSetSize': [0], 'SubmitTimes': [1768130290.0], 'StartTimes': [], 'EndTimes': [], 'TotalUserCpuTimeHistory': [0.0], 'TotalSysCpuTimeHistory': [0.0], 'WallDurations': [0], 'JobIds': ['138548319.0'], 'State': 'idle', 'RecordedSite': False}, '45': {'Retries': 0, 'Restarts': 0, 'SiteHistory': ['Unknown'], 'ResidentSetSize': [0], 'SubmitTimes': [1768130290.0], 'StartTimes': [], 'EndTimes': [], 'TotalUserCpuTimeHistory': [0.0], 'TotalSysCpuTimeHistory': [0.0], 'WallDurations': [0], 'JobIds': ['138548320.0'], 'State': 'idle', 'RecordedSite': False}, '40': {'Retries': 0, 'Restarts': 0, 'SiteHistory': ['Unknown'], 'ResidentSetSize': [0], 'SubmitTimes': [1768130290.0], 'StartTimes': [], 'EndTimes': [], 'TotalUserCpuTimeHistory': [0.0], 'TotalSysCpuTimeHistory': [0.0], 'WallDurations': [0], 'JobIds': ['138548321.0'], 'State': 'idle', 'RecordedSite': False}, '43': {'Retries': 0, 'Restarts': 0, 'SiteHistory': ['Unknown'], 'ResidentSetSize': [0], 'SubmitTimes': [1768130290.0], 'StartTimes': [], 'EndTimes': [], 'TotalUserCpuTimeHistory': [0.0], 'TotalSysCpuTimeHistory': [0.0], 'WallDurations': [0], 'JobIds': ['138548322.0'], 'State': 'idle', 'RecordedSite': False}, '36': {'Retries': 0, 'Restarts': 0, 'SiteHistory': ['Unknown'], 'ResidentSetSize': [0], 'SubmitTimes': [1768130290.0], 'StartTimes': [], 'EndTimes': [], 'TotalUserCpuTimeHistory': [0.0], 'TotalSysCpuTimeHistory': [0.0], 'WallDurations': [0], 'JobIds': ['138548323.0'], 'State': 'idle', 'RecordedSite': False}, '34': {'Retries': 0, 'Restarts': 0, 'SiteHistory': ['Unknown'], 'ResidentSetSize': [0], 'SubmitTimes': [1768130290.0], 'StartTimes': [], 'EndTimes': [], 'TotalUserCpuTimeHistory': [0.0], 'TotalSysCpuTimeHistory': [0.0], 'WallDurations': [0], 'JobIds': ['138548324.0'], 'State': 'idle', 'RecordedSite': False}, '38': {'Retries': 0, 'Restarts': 0, 'SiteHistory': ['Unknown'], 'ResidentSetSize': [0], 'SubmitTimes': [1768130290.0], 'StartTimes': [], 'EndTimes': [], 'TotalUserCpuTimeHistory': [0.0], 'TotalSysCpuTimeHistory': [0.0], 'WallDurations': [0], 'JobIds': ['138548325.0'], 'State': 'idle', 'RecordedSite': False}, '44': {'Retries': 0, 'Restarts': 0, 'SiteHistory': ['Unknown'], 'ResidentSetSize': [0], 'SubmitTimes': [1768130290.0], 'StartTimes': [], 'EndTimes': [], 'TotalUserCpuTimeHistory': [0.0], 'TotalSysCpuTimeHistory': [0.0], 'WallDurations': [0], 'JobIds': ['138548326.0'], 'State': 'idle', 'RecordedSite': False}, '41': {'Retries': 0, 'Restarts': 0, 'SiteHistory': ['Unknown'], 'ResidentSetSize': [0], 'SubmitTimes': [1768130291.0], 'StartTimes': [], 'EndTimes': [], 'TotalUserCpuTimeHistory': [0.0], 'TotalSysCpuTimeHistory': [0.0], 'WallDurations': [0], 'JobIds': ['138548327.0'], 'State': 'idle', 'RecordedSite': False}, '37': {'Retries': 0, 'Restarts': 0, 'SiteHistory': ['Unknown'], 'ResidentSetSize': [0], 'SubmitTimes': [1768130291.0], 'StartTimes': [], 'EndTimes': [], 'TotalUserCpuTimeHistory': [0.0], 'TotalSysCpuTimeHistory': [0.0], 'WallDurations': [0], 'JobIds': ['138548328.0'], 'State': 'idle', 'RecordedSite': False}, '39': {'Retries': 0, 'Restarts': 0, 'SiteHistory': ['Unknown'], 'ResidentSetSize': [0], 'SubmitTimes': [1768130291.0], 'StartTimes': [], 'EndTimes': [], 'TotalUserCpuTimeHistory': [0.0], 'TotalSysCpuTimeHistory': [0.0], 'WallDurations': [0], 'JobIds': ['138548329.0'], 'State': 'idle', 'RecordedSite': False}, '48': {'Retries': 0, 'Restarts': 0, 'SiteHistory': ['Unknown'], 'ResidentSetSize': [0], 'SubmitTimes': [1768130291.0], 'StartTimes': [], 'EndTimes': [], 'TotalUserCpuTimeHistory': [0.0], 'TotalSysCpuTimeHistory': [0.0], 'WallDurations': [0], 'JobIds': ['138548330.0'], 'State': 'idle', 'RecordedSite': False}, '42': {'Retries': 0, 'Restarts': 0, 'SiteHistory': ['Unknown'], 'ResidentSetSize': [0], 'SubmitTimes': [1768130291.0], 'StartTimes': [], 'EndTimes': [], 'TotalUserCpuTimeHistory': [0.0], 'TotalSysCpuTimeHistory': [0.0], 'WallDurations': [0], 'JobIds': ['138548331.0'], 'State': 'idle', 'RecordedSite': False}, '33': {'Retries': 0, 'Restarts': 0, 'SiteHistory': ['Unknown'], 'ResidentSetSize': [0], 'SubmitTimes': [1768130291.0], 'StartTimes': [], 'EndTimes': [], 'TotalUserCpuTimeHistory': [0.0], 'TotalSysCpuTimeHistory': [0.0], 'WallDurations': [0], 'JobIds': ['138548332.0'], 'State': 'idle', 'RecordedSite': False}, '46': {'Retries': 0, 'Restarts': 0, 'SiteHistory': ['Unknown'], 'ResidentSetSize': [0], 'SubmitTimes': [1768130291.0], 'StartTimes': [], 'EndTimes': [], 'TotalUserCpuTimeHistory': [0.0], 'TotalSysCpuTimeHistory': [0.0], 'WallDurations': [0], 'JobIds': ['138548333.0'], 'State': 'idle', 'RecordedSite': False}, '49': {'Retries': 0, 'Restarts': 0, 'SiteHistory': ['Unknown'], 'ResidentSetSize': [0], 'SubmitTimes': [1768130291.0], 'StartTimes': [], 'EndTimes': [], 'TotalUserCpuTimeHistory': [0.0], 'TotalSysCpuTimeHistory': [0.0], 'WallDurations': [0], 'JobIds': ['138548334.0'], 'State': 'idle', 'RecordedSite': False}, '50': {'Retries': 0, 'Restarts': 0, 'SiteHistory': ['Unknown'], 'ResidentSetSize': [0], 'SubmitTimes': [1768130291.0], 'StartTimes': [], 'EndTimes': [], 'TotalUserCpuTimeHistory': [0.0], 'TotalSysCpuTimeHistory': [0.0], 'WallDurations': [0], 'JobIds': ['138548335.0'], 'State': 'idle', 'RecordedSite': False}, '47': {'Retries': 0, 'Restarts': 0, 'SiteHistory': ['Unknown'], 'ResidentSetSize': [0], 'SubmitTimes': [1768130291.0], 'StartTimes': [], 'EndTimes': [], 'TotalUserCpuTimeHistory': [0.0], 'TotalSysCpuTimeHistory': [0.0], 'WallDurations': [0], 'JobIds': ['138548336.0'], 'State': 'idle', 'RecordedSite': False}, '51': {'Retries': 0, 'Restarts': 0, 'SiteHistory': ['Unknown'], 'ResidentSetSize': [0], 'SubmitTimes': [1768130291.0], 'StartTimes': [], 'EndTimes': [], 'TotalUserCpuTimeHistory': [0.0], 'TotalSysCpuTimeHistory': [0.0], 'WallDurations': [0], 'JobIds': ['138548337.0'], 'State': 'idle', 'RecordedSite': False}, '52': {'Retries': 0, 'Restarts': 0, 'SiteHistory': ['Unknown'], 'ResidentSetSize': [0], 'SubmitTimes': [1768130291.0], 'StartTimes': [], 'EndTimes': [], 'TotalUserCpuTimeHistory': [0.0], 'TotalSysCpuTimeHistory': [0.0], 'WallDurations': [0], 'JobIds': ['138548338.0'], 'State': 'idle', 'RecordedSite': False}, '62': {'Retries': 0, 'Restarts': 0, 'SiteHistory': ['Unknown'], 'ResidentSetSize': [0], 'SubmitTimes': [1768130291.0], 'StartTimes': [], 'EndTimes': [], 'TotalUserCpuTimeHistory': [0.0], 'TotalSysCpuTimeHistory': [0.0], 'WallDurations': [0], 'JobIds': ['138548339.0'], 'State': 'idle', 'RecordedSite': False}, '56': {'Retries': 0, 'Restarts': 0, 'SiteHistory': ['Unknown'], 'ResidentSetSize': [0], 'SubmitTimes': [1768130291.0], 'StartTimes': [], 'EndTimes': [], 'TotalUserCpuTimeHistory': [0.0], 'TotalSysCpuTimeHistory': [0.0], 'WallDurations': [0], 'JobIds': ['138548340.0'], 'State': 'idle', 'RecordedSite': False}, '55': {'Retries': 0, 'Restarts': 0, 'SiteHistory': ['Unknown'], 'ResidentSetSize': [0], 'SubmitTimes': [1768130291.0], 'StartTimes': [], 'EndTimes': [], 'TotalUserCpuTimeHistory': [0.0], 'TotalSysCpuTimeHistory': [0.0], 'WallDurations': [0], 'JobIds': ['138548341.0'], 'State': 'idle', 'RecordedSite': False}, '58': {'Retries': 0, 'Restarts': 0, 'SiteHistory': ['Unknown'], 'ResidentSetSize': [0], 'SubmitTimes': [1768130291.0], 'StartTimes': [], 'EndTimes': [], 'TotalUserCpuTimeHistory': [0.0], 'TotalSysCpuTimeHistory': [0.0], 'WallDurations': [0], 'JobIds': ['138548342.0'], 'State': 'idle', 'RecordedSite': False}, '53': {'Retries': 0, 'Restarts': 0, 'SiteHistory': ['Unknown'], 'ResidentSetSize': [0], 'SubmitTimes': [1768130291.0], 'StartTimes': [], 'EndTimes': [], 'TotalUserCpuTimeHistory': [0.0], 'TotalSysCpuTimeHistory': [0.0], 'WallDurations': [0], 'JobIds': ['138548343.0'], 'State': 'idle', 'RecordedSite': False}, '63': {'Retries': 0, 'Restarts': 0, 'SiteHistory': ['Unknown'], 'ResidentSetSize': [0], 'SubmitTimes': [1768130291.0], 'StartTimes': [], 'EndTimes': [], 'TotalUserCpuTimeHistory': [0.0], 'TotalSysCpuTimeHistory': [0.0], 'WallDurations': [0], 'JobIds': ['138548344.0'], 'State': 'idle', 'RecordedSite': False}, '66': {'Retries': 0, 'Restarts': 0, 'SiteHistory': ['Unknown'], 'ResidentSetSize': [0], 'SubmitTimes': [1768130291.0], 'StartTimes': [], 'EndTimes': [], 'TotalUserCpuTimeHistory': [0.0], 'TotalSysCpuTimeHistory': [0.0], 'WallDurations': [0], 'JobIds': ['138548345.0'], 'State': 'idle', 'RecordedSite': False}, '59': {'Retries': 0, 'Restarts': 0, 'SiteHistory': ['Unknown'], 'ResidentSetSize': [0], 'SubmitTimes': [1768130291.0], 'StartTimes': [], 'EndTimes': [], 'TotalUserCpuTimeHistory': [0.0], 'TotalSysCpuTimeHistory': [0.0], 'WallDurations': [0], 'JobIds': ['138548346.0'], 'State': 'idle', 'RecordedSite': False}, '71': {'Retries': 0, 'Restarts': 0, 'SiteHistory': ['Unknown'], 'ResidentSetSize': [0], 'SubmitTimes': [1768130291.0], 'StartTimes': [], 'EndTimes': [], 'TotalUserCpuTimeHistory': [0.0], 'TotalSysCpuTimeHistory': [0.0], 'WallDurations': [0], 'JobIds': ['138548347.0'], 'State': 'idle', 'RecordedSite': False}, '68': {'Retries': 0, 'Restarts': 0, 'SiteHistory': ['Unknown'], 'ResidentSetSize': [0], 'SubmitTimes': [1768130291.0], 'StartTimes': [], 'EndTimes': [], 'TotalUserCpuTimeHistory': [0.0], 'TotalSysCpuTimeHistory': [0.0], 'WallDurations': [0], 'JobIds': ['138548348.0'], 'State': 'idle', 'RecordedSite': False}, '54': {'Retries': 0, 'Restarts': 0, 'SiteHistory': ['Unknown'], 'ResidentSetSize': [0], 'SubmitTimes': [1768130291.0], 'StartTimes': [], 'EndTimes': [], 'TotalUserCpuTimeHistory': [0.0], 'TotalSysCpuTimeHistory': [0.0], 'WallDurations': [0], 'JobIds': ['138548349.0'], 'State': 'idle', 'RecordedSite': False}, '57': {'Retries': 0, 'Restarts': 0, 'SiteHistory': ['Unknown'], 'ResidentSetSize': [0], 'SubmitTimes': [1768130291.0], 'StartTimes': [], 'EndTimes': [], 'TotalUserCpuTimeHistory': [0.0], 'TotalSysCpuTimeHistory': [0.0], 'WallDurations': [0], 'JobIds': ['138548350.0'], 'State': 'idle', 'RecordedSite': False}, '61': {'Retries': 0, 'Restarts': 0, 'SiteHistory': ['Unknown'], 'ResidentSetSize': [0], 'SubmitTimes': [1768130291.0], 'StartTimes': [], 'EndTimes': [], 'TotalUserCpuTimeHistory': [0.0], 'TotalSysCpuTimeHistory': [0.0], 'WallDurations': [0], 'JobIds': ['138548351.0'], 'State': 'idle', 'RecordedSite': False}, '64': {'Retries': 0, 'Restarts': 0, 'SiteHistory': ['Unknown'], 'ResidentSetSize': [0], 'SubmitTimes': [1768130291.0], 'StartTimes': [], 'EndTimes': [], 'TotalUserCpuTimeHistory': [0.0], 'TotalSysCpuTimeHistory': [0.0], 'WallDurations': [0], 'JobIds': ['138548352.0'], 'State': 'idle', 'RecordedSite': False}, '69': {'Retries': 0, 'Restarts': 0, 'SiteHistory': ['Unknown'], 'ResidentSetSize': [0], 'SubmitTimes': [1768130291.0], 'StartTimes': [], 'EndTimes': [], 'TotalUserCpuTimeHistory': [0.0], 'TotalSysCpuTimeHistory': [0.0], 'WallDurations': [0], 'JobIds': ['138548353.0'], 'State': 'idle', 'RecordedSite': False}, '60': {'Retries': 0, 'Restarts': 0, 'SiteHistory': ['Unknown'], 'ResidentSetSize': [0], 'SubmitTimes': [1768130291.0], 'StartTimes': [], 'EndTimes': [], 'TotalUserCpuTimeHistory': [0.0], 'TotalSysCpuTimeHistory': [0.0], 'WallDurations': [0], 'JobIds': ['138548354.0'], 'State': 'idle', 'RecordedSite': False}, '67': {'Retries': 0, 'Restarts': 0, 'SiteHistory': ['Unknown'], 'ResidentSetSize': [0], 'SubmitTimes': [1768130291.0], 'StartTimes': [], 'EndTimes': [], 'TotalUserCpuTimeHistory': [0.0], 'TotalSysCpuTimeHistory': [0.0], 'WallDurations': [0], 'JobIds': ['138548355.0'], 'State': 'idle', 'RecordedSite': False}, '70': {'Retries': 0, 'Restarts': 0, 'SiteHistory': ['Unknown'], 'ResidentSetSize': [0], 'SubmitTimes': [1768130291.0], 'StartTimes': [], 'EndTimes': [], 'TotalUserCpuTimeHistory': [0.0], 'TotalSysCpuTimeHistory': [0.0], 'WallDurations': [0], 'JobIds': ['138548356.0'], 'State': 'idle', 'RecordedSite': False}, '72': {'Retries': 0, 'Restarts': 0, 'SiteHistory': ['Unknown'], 'ResidentSetSize': [0], 'SubmitTimes': [1768130291.0], 'StartTimes': [], 'EndTimes': [], 'TotalUserCpuTimeHistory': [0.0], 'TotalSysCpuTimeHistory': [0.0], 'WallDurations': [0], 'JobIds': ['138548357.0'], 'State': 'idle', 'RecordedSite': False}, '65': {'Retries': 0, 'Restarts': 0, 'SiteHistory': ['Unknown'], 'ResidentSetSize': [0], 'SubmitTimes': [1768130291.0], 'StartTimes': [], 'EndTimes': [], 'TotalUserCpuTimeHistory': [0.0], 'TotalSysCpuTimeHistory': [0.0], 'WallDurations': [0], 'JobIds': ['138548358.0'], 'State': 'idle', 'RecordedSite': False}, '73': {'Retries': 0, 'Restarts': 0, 'SiteHistory': ['Unknown'], 'ResidentSetSize': [0], 'SubmitTimes': [1768130291.0], 'StartTimes': [], 'EndTimes': [], 'TotalUserCpuTimeHistory': [0.0], 'TotalSysCpuTimeHistory': [0.0], 'WallDurations': [0], 'JobIds': ['138548359.0'], 'State': 'idle', 'RecordedSite': False}, '74': {'Retries': 0, 'Restarts': 0, 'SiteHistory': ['Unknown'], 'ResidentSetSize': [0], 'SubmitTimes': [1768130291.0], 'StartTimes': [], 'EndTimes': [], 'TotalUserCpuTimeHistory': [0.0], 'TotalSysCpuTimeHistory': [0.0], 'WallDurations': [0], 'JobIds': ['138548360.0'], 'State': 'idle', 'RecordedSite': False}, '82': {'Retries': 0, 'Restarts': 0, 'SiteHistory': ['Unknown'], 'ResidentSetSize': [0], 'SubmitTimes': [1768130291.0], 'StartTimes': [], 'EndTimes': [], 'TotalUserCpuTimeHistory': [0.0], 'TotalSysCpuTimeHistory': [0.0], 'WallDurations': [0], 'JobIds': ['138548361.0'], 'State': 'idle', 'RecordedSite': False}, '76': {'Retries': 0, 'Restarts': 0, 'SiteHistory': ['Unknown'], 'ResidentSetSize': [0], 'SubmitTimes': [1768130291.0], 'StartTimes': [], 'EndTimes': [], 'TotalUserCpuTimeHistory': [0.0], 'TotalSysCpuTimeHistory': [0.0], 'WallDurations': [0], 'JobIds': ['138548362.0'], 'State': 'idle', 'RecordedSite': False}, '83': {'Retries': 0, 'Restarts': 0, 'SiteHistory': ['Unknown'], 'ResidentSetSize': [0], 'SubmitTimes': [1768130291.0], 'StartTimes': [], 'EndTimes': [], 'TotalUserCpuTimeHistory': [0.0], 'TotalSysCpuTimeHistory': [0.0], 'WallDurations': [0], 'JobIds': ['138548363.0'], 'State': 'idle', 'RecordedSite': False}, '75': {'Retries': 0, 'Restarts': 0, 'SiteHistory': ['Unknown'], 'ResidentSetSize': [0], 'SubmitTimes': [1768130291.0], 'StartTimes': [], 'EndTimes': [], 'TotalUserCpuTimeHistory': [0.0], 'TotalSysCpuTimeHistory': [0.0], 'WallDurations': [0], 'JobIds': ['138548364.0'], 'State': 'idle', 'RecordedSite': False}, '80': {'Retries': 0, 'Restarts': 0, 'SiteHistory': ['Unknown'], 'ResidentSetSize': [0], 'SubmitTimes': [1768130291.0], 'StartTimes': [], 'EndTimes': [], 'TotalUserCpuTimeHistory': [0.0], 'TotalSysCpuTimeHistory': [0.0], 'WallDurations': [0], 'JobIds': ['138548365.0'], 'State': 'idle', 'RecordedSite': False}, '87': {'Retries': 0, 'Restarts': 0, 'SiteHistory': ['Unknown'], 'ResidentSetSize': [0], 'SubmitTimes': [1768130291.0], 'StartTimes': [], 'EndTimes': [], 'TotalUserCpuTimeHistory': [0.0], 'TotalSysCpuTimeHistory': [0.0], 'WallDurations': [0], 'JobIds': ['138548366.0'], 'State': 'idle', 'RecordedSite': False}, '88': {'Retries': 0, 'Restarts': 0, 'SiteHistory': ['Unknown'], 'ResidentSetSize': [0], 'SubmitTimes': [1768130291.0], 'StartTimes': [], 'EndTimes': [], 'TotalUserCpuTimeHistory': [0.0], 'TotalSysCpuTimeHistory': [0.0], 'WallDurations': [0], 'JobIds': ['138548367.0'], 'State': 'idle', 'RecordedSite': False}, '86': {'Retries': 0, 'Restarts': 0, 'SiteHistory': ['Unknown'], 'ResidentSetSize': [0], 'SubmitTimes': [1768130291.0], 'StartTimes': [], 'EndTimes': [], 'TotalUserCpuTimeHistory': [0.0], 'TotalSysCpuTimeHistory': [0.0], 'WallDurations': [0], 'JobIds': ['138548368.0'], 'State': 'idle', 'RecordedSite': False}, '91': {'Retries': 0, 'Restarts': 0, 'SiteHistory': ['Unknown'], 'ResidentSetSize': [0], 'SubmitTimes': [1768130292.0], 'StartTimes': [], 'EndTimes': [], 'TotalUserCpuTimeHistory': [0.0], 'TotalSysCpuTimeHistory': [0.0], 'WallDurations': [0], 'JobIds': ['138548369.0'], 'State': 'idle', 'RecordedSite': False}, '78': {'Retries': 0, 'Restarts': 0, 'SiteHistory': ['Unknown'], 'ResidentSetSize': [0], 'SubmitTimes': [1768130292.0], 'StartTimes': [], 'EndTimes': [], 'TotalUserCpuTimeHistory': [0.0], 'TotalSysCpuTimeHistory': [0.0], 'WallDurations': [0], 'JobIds': ['138548370.0'], 'State': 'idle', 'RecordedSite': False}, '84': {'Retries': 0, 'Restarts': 0, 'SiteHistory': ['Unknown'], 'ResidentSetSize': [0], 'SubmitTimes': [1768130292.0], 'StartTimes': [], 'EndTimes': [], 'TotalUserCpuTimeHistory': [0.0], 'TotalSysCpuTimeHistory': [0.0], 'WallDurations': [0], 'JobIds': ['138548371.0'], 'State': 'idle', 'RecordedSite': False}, '77': {'Retries': 0, 'Restarts': 0, 'SiteHistory': ['Unknown'], 'ResidentSetSize': [0], 'SubmitTimes': [1768130292.0], 'StartTimes': [], 'EndTimes': [], 'TotalUserCpuTimeHistory': [0.0], 'TotalSysCpuTimeHistory': [0.0], 'WallDurations': [0], 'JobIds': ['138548372.0'], 'State': 'idle', 'RecordedSite': False}, '79': {'Retries': 0, 'Restarts': 0, 'SiteHistory': ['Unknown'], 'ResidentSetSize': [0], 'SubmitTimes': [1768130292.0], 'StartTimes': [], 'EndTimes': [], 'TotalUserCpuTimeHistory': [0.0], 'TotalSysCpuTimeHistory': [0.0], 'WallDurations': [0], 'JobIds': ['138548373.0'], 'State': 'idle', 'RecordedSite': False}, '81': {'Retries': 0, 'Restarts': 0, 'SiteHistory': ['Unknown'], 'ResidentSetSize': [0], 'SubmitTimes': [1768130292.0], 'StartTimes': [], 'EndTimes': [], 'TotalUserCpuTimeHistory': [0.0], 'TotalSysCpuTimeHistory': [0.0], 'WallDurations': [0], 'JobIds': ['138548374.0'], 'State': 'idle', 'RecordedSite': False}, '85': {'Retries': 0, 'Restarts': 0, 'SiteHistory': ['Unknown'], 'ResidentSetSize': [0], 'SubmitTimes': [1768130292.0], 'StartTimes': [], 'EndTimes': [], 'TotalUserCpuTimeHistory': [0.0], 'TotalSysCpuTimeHistory': [0.0], 'WallDurations': [0], 'JobIds': ['138548375.0'], 'State': 'idle', 'RecordedSite': False}, '89': {'Retries': 0, 'Restarts': 0, 'SiteHistory': ['Unknown'], 'ResidentSetSize': [0], 'SubmitTimes': [1768130292.0], 'StartTimes': [], 'EndTimes': [], 'TotalUserCpuTimeHistory': [0.0], 'TotalSysCpuTimeHistory': [0.0], 'WallDurations': [0], 'JobIds': ['138548376.0'], 'State': 'idle', 'RecordedSite': False}, '94': {'Retries': 0, 'Restarts': 0, 'SiteHistory': ['Unknown'], 'ResidentSetSize': [0], 'SubmitTimes': [1768130292.0], 'StartTimes': [], 'EndTimes': [], 'TotalUserCpuTimeHistory': [0.0], 'TotalSysCpuTimeHistory': [0.0], 'WallDurations': [0], 'JobIds': ['138548377.0'], 'State': 'idle', 'RecordedSite': False}, '97': {'Retries': 0, 'Restarts': 0, 'SiteHistory': ['Unknown'], 'ResidentSetSize': [0], 'SubmitTimes': [1768130292.0], 'StartTimes': [], 'EndTimes': [], 'TotalUserCpuTimeHistory': [0.0], 'TotalSysCpuTimeHistory': [0.0], 'WallDurations': [0], 'JobIds': ['138548378.0'], 'State': 'idle', 'RecordedSite': False}, '92': {'Retries': 0, 'Restarts': 0, 'SiteHistory': ['Unknown'], 'ResidentSetSize': [0], 'SubmitTimes': [1768130292.0], 'StartTimes': [], 'EndTimes': [], 'TotalUserCpuTimeHistory': [0.0], 'TotalSysCpuTimeHistory': [0.0], 'WallDurations': [0], 'JobIds': ['138548379.0'], 'State': 'idle', 'RecordedSite': False}, '96': {'Retries': 0, 'Restarts': 0, 'SiteHistory': ['Unknown'], 'ResidentSetSize': [0], 'SubmitTimes': [1768130292.0], 'StartTimes': [], 'EndTimes': [], 'TotalUserCpuTimeHistory': [0.0], 'TotalSysCpuTimeHistory': [0.0], 'WallDurations': [0], 'JobIds': ['138548380.0'], 'State': 'idle', 'RecordedSite': False}, '90': {'Retries': 0, 'Restarts': 0, 'SiteHistory': ['Unknown'], 'ResidentSetSize': [0], 'SubmitTimes': [1768130292.0], 'StartTimes': [], 'EndTimes': [], 'TotalUserCpuTimeHistory': [0.0], 'TotalSysCpuTimeHistory': [0.0], 'WallDurations': [0], 'JobIds': ['138548381.0'], 'State': 'idle', 'RecordedSite': False}, '93': {'Retries': 0, 'Restarts': 0, 'SiteHistory': ['Unknown'], 'ResidentSetSize': [0], 'SubmitTimes': [1768130292.0], 'StartTimes': [], 'EndTimes': [], 'TotalUserCpuTimeHistory': [0.0], 'TotalSysCpuTimeHistory': [0.0], 'WallDurations': [0], 'JobIds': ['138548382.0'], 'State': 'idle', 'RecordedSite': False}, '100': {'Retries': 0, 'Restarts': 0, 'SiteHistory': ['Unknown'], 'ResidentSetSize': [0], 'SubmitTimes': [1768130292.0], 'StartTimes': [], 'EndTimes': [], 'TotalUserCpuTimeHistory': [0.0], 'TotalSysCpuTimeHistory': [0.0], 'WallDurations': [0], 'JobIds': ['138548383.0'], 'State': 'idle', 'RecordedSite': False}, '95': {'Retries': 0, 'Restarts': 0, 'SiteHistory': ['Unknown'], 'ResidentSetSize': [0], 'SubmitTimes': [1768130292.0], 'StartTimes': [], 'EndTimes': [], 'TotalUserCpuTimeHistory': [0.0], 'TotalSysCpuTimeHistory': [0.0], 'WallDurations': [0], 'JobIds': ['138548384.0'], 'State': 'idle', 'RecordedSite': False}, '102': {'Retries': 0, 'Restarts': 0, 'SiteHistory': ['Unknown'], 'ResidentSetSize': [0], 'SubmitTimes': [1768130293.0], 'StartTimes': [], 'EndTimes': [], 'TotalUserCpuTimeHistory': [0.0], 'TotalSysCpuTimeHistory': [0.0], 'WallDurations': [0], 'JobIds': ['138548385.0'], 'State': 'idle', 'RecordedSite': False}, '104': {'Retries': 0, 'Restarts': 0, 'SiteHistory': ['Unknown'], 'ResidentSetSize': [0], 'SubmitTimes': [1768130293.0], 'StartTimes': [], 'EndTimes': [], 'TotalUserCpuTimeHistory': [0.0], 'TotalSysCpuTimeHistory': [0.0], 'WallDurations': [0], 'JobIds': ['138548386.0'], 'State': 'idle', 'RecordedSite': False}, '99': {'Retries': 0, 'Restarts': 0, 'SiteHistory': ['Unknown'], 'ResidentSetSize': [0], 'SubmitTimes': [1768130293.0], 'StartTimes': [], 'EndTimes': [], 'TotalUserCpuTimeHistory': [0.0], 'TotalSysCpuTimeHistory': [0.0], 'WallDurations': [0], 'JobIds': ['138548387.0'], 'State': 'idle', 'RecordedSite': False}, '101': {'Retries': 0, 'Restarts': 0, 'SiteHistory': ['Unknown'], 'ResidentSetSize': [0], 'SubmitTimes': [1768130293.0], 'StartTimes': [], 'EndTimes': [], 'TotalUserCpuTimeHistory': [0.0], 'TotalSysCpuTimeHistory': [0.0], 'WallDurations': [0], 'JobIds': ['138548388.0'], 'State': 'idle', 'RecordedSite': False}, '108': {'Retries': 0, 'Restarts': 0, 'SiteHistory': ['Unknown'], 'ResidentSetSize': [0], 'SubmitTimes': [1768130293.0], 'StartTimes': [], 'EndTimes': [], 'TotalUserCpuTimeHistory': [0.0], 'TotalSysCpuTimeHistory': [0.0], 'WallDurations': [0], 'JobIds': ['138548389.0'], 'State': 'idle', 'RecordedSite': False}, '103': {'Retries': 0, 'Restarts': 0, 'SiteHistory': ['Unknown'], 'ResidentSetSize': [0], 'SubmitTimes': [1768130293.0], 'StartTimes': [], 'EndTimes': [], 'TotalUserCpuTimeHistory': [0.0], 'TotalSysCpuTimeHistory': [0.0], 'WallDurations': [0], 'JobIds': ['138548390.0'], 'State': 'idle', 'RecordedSite': False}, '106': {'Retries': 0, 'Restarts': 0, 'SiteHistory': ['Unknown'], 'ResidentSetSize': [0], 'SubmitTimes': [1768130293.0], 'StartTimes': [], 'EndTimes': [], 'TotalUserCpuTimeHistory': [0.0], 'TotalSysCpuTimeHistory': [0.0], 'WallDurations': [0], 'JobIds': ['138548391.0'], 'State': 'idle', 'RecordedSite': False}, '107': {'Retries': 0, 'Restarts': 0, 'SiteHistory': ['Unknown'], 'ResidentSetSize': [0], 'SubmitTimes': [1768130293.0], 'StartTimes': [], 'EndTimes': [], 'TotalUserCpuTimeHistory': [0.0], 'TotalSysCpuTimeHistory': [0.0], 'WallDurations': [0], 'JobIds': ['138548392.0'], 'State': 'idle', 'RecordedSite': False}, '105': {'Retries': 0, 'Restarts': 0, 'SiteHistory': ['Unknown'], 'ResidentSetSize': [0], 'SubmitTimes': [1768130293.0], 'StartTimes': [], 'EndTimes': [], 'TotalUserCpuTimeHistory': [0.0], 'TotalSysCpuTimeHistory': [0.0], 'WallDurations': [0], 'JobIds': ['138548393.0'], 'State': 'idle', 'RecordedSite': False}, '109': {'Retries': 0, 'Restarts': 0, 'SiteHistory': ['Unknown'], 'ResidentSetSize': [0], 'SubmitTimes': [1768130293.0], 'StartTimes': [], 'EndTimes': [], 'TotalUserCpuTimeHistory': [0.0], 'TotalSysCpuTimeHistory': [0.0], 'WallDurations': [0], 'JobIds': ['138548394.0'], 'State': 'idle', 'RecordedSite': False}, '98': {'Retries': 0, 'Restarts': 0, 'SiteHistory': ['Unknown'], 'ResidentSetSize': [0], 'SubmitTimes': [1768130293.0], 'StartTimes': [], 'EndTimes': [], 'TotalUserCpuTimeHistory': [0.0], 'TotalSysCpuTimeHistory': [0.0], 'WallDurations': [0], 'JobIds': ['138548395.0'], 'State': 'idle', 'RecordedSite': False}, '110': {'Retries': 0, 'Restarts': 0, 'SiteHistory': ['Unknown'], 'ResidentSetSize': [0], 'SubmitTimes': [1768130293.0], 'StartTimes': [], 'EndTimes': [], 'TotalUserCpuTimeHistory': [0.0], 'TotalSysCpuTimeHistory': [0.0], 'WallDurations': [0], 'JobIds': ['138548396.0'], 'State': 'idle', 'RecordedSite': False}, '114': {'Retries': 0, 'Restarts': 0, 'SiteHistory': ['Unknown'], 'ResidentSetSize': [0], 'SubmitTimes': [1768130293.0], 'StartTimes': [], 'EndTimes': [], 'TotalUserCpuTimeHistory': [0.0], 'TotalSysCpuTimeHistory': [0.0], 'WallDurations': [0], 'JobIds': ['138548397.0'], 'State': 'idle', 'RecordedSite': False}, '111': {'Retries': 0, 'Restarts': 0, 'SiteHistory': ['Unknown'], 'ResidentSetSize': [0], 'SubmitTimes': [1768130298.0], 'StartTimes': [], 'EndTimes': [], 'TotalUserCpuTimeHistory': [0.0], 'TotalSysCpuTimeHistory': [0.0], 'WallDurations': [0], 'JobIds': ['138548399.0'], 'State': 'idle', 'RecordedSite': False}, '112': {'Retries': 0, 'Restarts': 0, 'SiteHistory': ['Unknown'], 'ResidentSetSize': [0], 'SubmitTimes': [1768130298.0], 'StartTimes': [], 'EndTimes': [], 'TotalUserCpuTimeHistory': [0.0], 'TotalSysCpuTimeHistory': [0.0], 'WallDurations': [0], 'JobIds': ['138548400.0'], 'State': 'idle', 'RecordedSite': False}, '113': {'Retries': 0, 'Restarts': 0, 'SiteHistory': ['Unknown'], 'ResidentSetSize': [0], 'SubmitTimes': [1768130298.0], 'StartTimes': [], 'EndTimes': [], 'TotalUserCpuTimeHistory': [0.0], 'TotalSysCpuTimeHistory': [0.0], 'WallDurations': [0], 'JobIds': ['138548401.0'], 'State': 'idle', 'RecordedSite': False}, '115': {'Retries': 0, 'Restarts': 0, 'SiteHistory': ['Unknown'], 'ResidentSetSize': [0], 'SubmitTimes': [1768130298.0], 'StartTimes': [], 'EndTimes': [], 'TotalUserCpuTimeHistory': [0.0], 'TotalSysCpuTimeHistory': [0.0], 'WallDurations': [0], 'JobIds': ['138548402.0'], 'State': 'idle', 'RecordedSite': False}, '116': {'Retries': 0, 'Restarts': 0, 'SiteHistory': ['Unknown'], 'ResidentSetSize': [0], 'SubmitTimes': [1768130298.0], 'StartTimes': [], 'EndTimes': [], 'TotalUserCpuTimeHistory': [0.0], 'TotalSysCpuTimeHistory': [0.0], 'WallDurations': [0], 'JobIds': ['138548403.0'], 'State': 'idle', 'RecordedSite': False}, '117': {'Retries': 0, 'Restarts': 0, 'SiteHistory': ['Unknown'], 'ResidentSetSize': [0], 'SubmitTimes': [1768130298.0], 'StartTimes': [], 'EndTimes': [], 'TotalUserCpuTimeHistory': [0.0], 'TotalSysCpuTimeHistory': [0.0], 'WallDurations': [0], 'JobIds': ['138548404.0'], 'State': 'idle', 'RecordedSite': False}, '118': {'Retries': 0, 'Restarts': 0, 'SiteHistory': ['Unknown'], 'ResidentSetSize': [0], 'SubmitTimes': [1768130298.0], 'StartTimes': [], 'EndTimes': [], 'TotalUserCpuTimeHistory': [0.0], 'TotalSysCpuTimeHistory': [0.0], 'WallDurations': [0], 'JobIds': ['138548405.0'], 'State': 'idle', 'RecordedSite': False}, '119': {'Retries': 0, 'Restarts': 0, 'SiteHistory': ['Unknown'], 'ResidentSetSize': [0], 'SubmitTimes': [1768130298.0], 'StartTimes': [], 'EndTimes': [], 'TotalUserCpuTimeHistory': [0.0], 'TotalSysCpuTimeHistory': [0.0], 'WallDurations': [0], 'JobIds': ['138548406.0'], 'State': 'idle', 'RecordedSite': False}, '120': {'Retries': 0, 'Restarts': 0, 'SiteHistory': ['Unknown'], 'ResidentSetSize': [0], 'SubmitTimes': [1768130299.0], 'StartTimes': [], 'EndTimes': [], 'TotalUserCpuTimeHistory': [0.0], 'TotalSysCpuTimeHistory': [0.0], 'WallDurations': [0], 'JobIds': ['138548407.0'], 'State': 'idle', 'RecordedSite': False}, '121': {'Retries': 0, 'Restarts': 0, 'SiteHistory': ['Unknown'], 'ResidentSetSize': [0], 'SubmitTimes': [1768130299.0], 'StartTimes': [], 'EndTimes': [], 'TotalUserCpuTimeHistory': [0.0], 'TotalSysCpuTimeHistory': [0.0], 'WallDurations': [0], 'JobIds': ['138548408.0'], 'State': 'idle', 'RecordedSite': False}, '122': {'Retries': 0, 'Restarts': 0, 'SiteHistory': ['Unknown'], 'ResidentSetSize': [0], 'SubmitTimes': [1768130299.0], 'StartTimes': [], 'EndTimes': [], 'TotalUserCpuTimeHistory': [0.0], 'TotalSysCpuTimeHistory': [0.0], 'WallDurations': [0], 'JobIds': ['138548409.0'], 'State': 'idle', 'RecordedSite': False}, '123': {'Retries': 0, 'Restarts': 0, 'SiteHistory': ['Unknown'], 'ResidentSetSize': [0], 'SubmitTimes': [1768130299.0], 'StartTimes': [], 'EndTimes': [], 'TotalUserCpuTimeHistory': [0.0], 'TotalSysCpuTimeHistory': [0.0], 'WallDurations': [0], 'JobIds': ['138548410.0'], 'State': 'idle', 'RecordedSite': False}, '124': {'Retries': 0, 'Restarts': 0, 'SiteHistory': ['Unknown'], 'ResidentSetSize': [0], 'SubmitTimes': [1768130299.0], 'StartTimes': [], 'EndTimes': [], 'TotalUserCpuTimeHistory': [0.0], 'TotalSysCpuTimeHistory': [0.0], 'WallDurations': [0], 'JobIds': ['138548411.0'], 'State': 'idle', 'RecordedSite': False}, '125': {'Retries': 0, 'Restarts': 0, 'SiteHistory': ['Unknown'], 'ResidentSetSize': [0], 'SubmitTimes': [1768130299.0], 'StartTimes': [], 'EndTimes': [], 'TotalUserCpuTimeHistory': [0.0], 'TotalSysCpuTimeHistory': [0.0], 'WallDurations': [0], 'JobIds': ['138548412.0'], 'State': 'idle', 'RecordedSite': False}, '126': {'Retries': 0, 'Restarts': 0, 'SiteHistory': ['Unknown'], 'ResidentSetSize': [0], 'SubmitTimes': [1768130299.0], 'StartTimes': [], 'EndTimes': [], 'TotalUserCpuTimeHistory': [0.0], 'TotalSysCpuTimeHistory': [0.0], 'WallDurations': [0], 'JobIds': ['138548413.0'], 'State': 'idle', 'RecordedSite': False}, '127': {'Retries': 0, 'Restarts': 0, 'SiteHistory': ['Unknown'], 'ResidentSetSize': [0], 'SubmitTimes': [1768130299.0], 'StartTimes': [], 'EndTimes': [], 'TotalUserCpuTimeHistory': [0.0], 'TotalSysCpuTimeHistory': [0.0], 'WallDurations': [0], 'JobIds': ['138548414.0'], 'State': 'idle', 'RecordedSite': False}, '128': {'Retries': 0, 'Restarts': 0, 'SiteHistory': ['Unknown'], 'ResidentSetSize': [0], 'SubmitTimes': [1768130299.0], 'StartTimes': [], 'EndTimes': [], 'TotalUserCpuTimeHistory': [0.0], 'TotalSysCpuTimeHistory': [0.0], 'WallDurations': [0], 'JobIds': ['138548415.0'], 'State': 'idle', 'RecordedSite': False}, '129': {'Retries': 0, 'Restarts': 0, 'SiteHistory': ['Unknown'], 'ResidentSetSize': [0], 'SubmitTimes': [1768130299.0], 'StartTimes': [], 'EndTimes': [], 'TotalUserCpuTimeHistory': [0.0], 'TotalSysCpuTimeHistory': [0.0], 'WallDurations': [0], 'JobIds': ['138548416.0'], 'State': 'idle', 'RecordedSite': False}, '130': {'Retries': 0, 'Restarts': 0, 'SiteHistory': ['Unknown'], 'ResidentSetSize': [0], 'SubmitTimes': [1768130299.0], 'StartTimes': [], 'EndTimes': [], 'TotalUserCpuTimeHistory': [0.0], 'TotalSysCpuTimeHistory': [0.0], 'WallDurations': [0], 'JobIds': ['138548417.0'], 'State': 'idle', 'RecordedSite': False}, '131': {'Retries': 0, 'Restarts': 0, 'SiteHistory': ['Unknown'], 'ResidentSetSize': [0], 'SubmitTimes': [1768130299.0], 'StartTimes': [], 'EndTimes': [], 'TotalUserCpuTimeHistory': [0.0], 'TotalSysCpuTimeHistory': [0.0], 'WallDurations': [0], 'JobIds': ['138548418.0'], 'State': 'idle', 'RecordedSite': False}, '136': {'Retries': 0, 'Restarts': 0, 'SiteHistory': ['Unknown'], 'ResidentSetSize': [0], 'SubmitTimes': [1768130299.0], 'StartTimes': [], 'EndTimes': [], 'TotalUserCpuTimeHistory': [0.0], 'TotalSysCpuTimeHistory': [0.0], 'WallDurations': [0], 'JobIds': ['138548419.0'], 'State': 'idle', 'RecordedSite': False}, '138': {'Retries': 0, 'Restarts': 0, 'SiteHistory': ['Unknown'], 'ResidentSetSize': [0], 'SubmitTimes': [1768130299.0], 'StartTimes': [], 'EndTimes': [], 'TotalUserCpuTimeHistory': [0.0], 'TotalSysCpuTimeHistory': [0.0], 'WallDurations': [0], 'JobIds': ['138548420.0'], 'State': 'idle', 'RecordedSite': False}, '134': {'Retries': 0, 'Restarts': 0, 'SiteHistory': ['Unknown'], 'ResidentSetSize': [0], 'SubmitTimes': [1768130299.0], 'StartTimes': [], 'EndTimes': [], 'TotalUserCpuTimeHistory': [0.0], 'TotalSysCpuTimeHistory': [0.0], 'WallDurations': [0], 'JobIds': ['138548421.0'], 'State': 'idle', 'RecordedSite': False}, '142': {'Retries': 0, 'Restarts': 0, 'SiteHistory': ['Unknown'], 'ResidentSetSize': [0], 'SubmitTimes': [1768130299.0], 'StartTimes': [], 'EndTimes': [], 'TotalUserCpuTimeHistory': [0.0], 'TotalSysCpuTimeHistory': [0.0], 'WallDurations': [0], 'JobIds': ['138548422.0'], 'State': 'idle', 'RecordedSite': False}, '149': {'Retries': 0, 'Restarts': 0, 'SiteHistory': ['Unknown'], 'ResidentSetSize': [0], 'SubmitTimes': [1768130299.0], 'StartTimes': [], 'EndTimes': [], 'TotalUserCpuTimeHistory': [0.0], 'TotalSysCpuTimeHistory': [0.0], 'WallDurations': [0], 'JobIds': ['138548423.0'], 'State': 'idle', 'RecordedSite': False}, '150': {'Retries': 0, 'Restarts': 0, 'SiteHistory': ['Unknown'], 'ResidentSetSize': [0], 'SubmitTimes': [1768130299.0], 'StartTimes': [], 'EndTimes': [], 'TotalUserCpuTimeHistory': [0.0], 'TotalSysCpuTimeHistory': [0.0], 'WallDurations': [0], 'JobIds': ['138548424.0'], 'State': 'idle', 'RecordedSite': False}, '147': {'Retries': 0, 'Restarts': 0, 'SiteHistory': ['Unknown'], 'ResidentSetSize': [0], 'SubmitTimes': [1768130299.0], 'StartTimes': [], 'EndTimes': [], 'TotalUserCpuTimeHistory': [0.0], 'TotalSysCpuTimeHistory': [0.0], 'WallDurations': [0], 'JobIds': ['138548425.0'], 'State': 'idle', 'RecordedSite': False}, '133': {'Retries': 0, 'Restarts': 0, 'SiteHistory': ['Unknown'], 'ResidentSetSize': [0], 'SubmitTimes': [1768130299.0], 'StartTimes': [], 'EndTimes': [], 'TotalUserCpuTimeHistory': [0.0], 'TotalSysCpuTimeHistory': [0.0], 'WallDurations': [0], 'JobIds': ['138548426.0'], 'State': 'idle', 'RecordedSite': False}, '135': {'Retries': 0, 'Restarts': 0, 'SiteHistory': ['Unknown'], 'ResidentSetSize': [0], 'SubmitTimes': [1768130299.0], 'StartTimes': [], 'EndTimes': [], 'TotalUserCpuTimeHistory': [0.0], 'TotalSysCpuTimeHistory': [0.0], 'WallDurations': [0], 'JobIds': ['138548427.0'], 'State': 'idle', 'RecordedSite': False}, '140': {'Retries': 0, 'Restarts': 0, 'SiteHistory': ['Unknown'], 'ResidentSetSize': [0], 'SubmitTimes': [1768130299.0], 'StartTimes': [], 'EndTimes': [], 'TotalUserCpuTimeHistory': [0.0], 'TotalSysCpuTimeHistory': [0.0], 'WallDurations': [0], 'JobIds': ['138548428.0'], 'State': 'idle', 'RecordedSite': False}, '141': {'Retries': 0, 'Restarts': 0, 'SiteHistory': ['Unknown'], 'ResidentSetSize': [0], 'SubmitTimes': [1768130299.0], 'StartTimes': [], 'EndTimes': [], 'TotalUserCpuTimeHistory': [0.0], 'TotalSysCpuTimeHistory': [0.0], 'WallDurations': [0], 'JobIds': ['138548429.0'], 'State': 'idle', 'RecordedSite': False}, '146': {'Retries': 0, 'Restarts': 0, 'SiteHistory': ['Unknown'], 'ResidentSetSize': [0], 'SubmitTimes': [1768130299.0], 'StartTimes': [], 'EndTimes': [], 'TotalUserCpuTimeHistory': [0.0], 'TotalSysCpuTimeHistory': [0.0], 'WallDurations': [0], 'JobIds': ['138548430.0'], 'State': 'idle', 'RecordedSite': False}, '145': {'Retries': 0, 'Restarts': 0, 'SiteHistory': ['Unknown'], 'ResidentSetSize': [0], 'SubmitTimes': [1768130299.0], 'StartTimes': [], 'EndTimes': [], 'TotalUserCpuTimeHistory': [0.0], 'TotalSysCpuTimeHistory': [0.0], 'WallDurations': [0], 'JobIds': ['138548431.0'], 'State': 'idle', 'RecordedSite': False}, '151': {'Retries': 0, 'Restarts': 0, 'SiteHistory': ['Unknown'], 'ResidentSetSize': [0], 'SubmitTimes': [1768130299.0], 'StartTimes': [], 'EndTimes': [], 'TotalUserCpuTimeHistory': [0.0], 'TotalSysCpuTimeHistory': [0.0], 'WallDurations': [0], 'JobIds': ['138548432.0'], 'State': 'idle', 'RecordedSite': False}, '139': {'Retries': 0, 'Restarts': 0, 'SiteHistory': ['Unknown'], 'ResidentSetSize': [0], 'SubmitTimes': [1768130299.0], 'StartTimes': [], 'EndTimes': [], 'TotalUserCpuTimeHistory': [0.0], 'TotalSysCpuTimeHistory': [0.0], 'WallDurations': [0], 'JobIds': ['138548433.0'], 'State': 'idle', 'RecordedSite': False}, '148': {'Retries': 0, 'Restarts': 0, 'SiteHistory': ['Unknown'], 'ResidentSetSize': [0], 'SubmitTimes': [1768130299.0], 'StartTimes': [], 'EndTimes': [], 'TotalUserCpuTimeHistory': [0.0], 'TotalSysCpuTimeHistory': [0.0], 'WallDurations': [0], 'JobIds': ['138548434.0'], 'State': 'idle', 'RecordedSite': False}, '152': {'Retries': 0, 'Restarts': 0, 'SiteHistory': ['Unknown'], 'ResidentSetSize': [0], 'SubmitTimes': [1768130299.0], 'StartTimes': [], 'EndTimes': [], 'TotalUserCpuTimeHistory': [0.0], 'TotalSysCpuTimeHistory': [0.0], 'WallDurations': [0], 'JobIds': ['138548435.0'], 'State': 'idle', 'RecordedSite': False}, '144': {'Retries': 0, 'Restarts': 0, 'SiteHistory': ['Unknown'], 'ResidentSetSize': [0], 'SubmitTimes': [1768130299.0], 'StartTimes': [], 'EndTimes': [], 'TotalUserCpuTimeHistory': [0.0], 'TotalSysCpuTimeHistory': [0.0], 'WallDurations': [0], 'JobIds': ['138548436.0'], 'State': 'idle', 'RecordedSite': False}, '137': {'Retries': 0, 'Restarts': 0, 'SiteHistory': ['Unknown'], 'ResidentSetSize': [0], 'SubmitTimes': [1768130299.0], 'StartTimes': [], 'EndTimes': [], 'TotalUserCpuTimeHistory': [0.0], 'TotalSysCpuTimeHistory': [0.0], 'WallDurations': [0], 'JobIds': ['138548437.0'], 'State': 'idle', 'RecordedSite': False}, '143': {'Retries': 0, 'Restarts': 0, 'SiteHistory': ['Unknown'], 'ResidentSetSize': [0], 'SubmitTimes': [1768130299.0], 'StartTimes': [], 'EndTimes': [], 'TotalUserCpuTimeHistory': [0.0], 'TotalSysCpuTimeHistory': [0.0], 'WallDurations': [0], 'JobIds': ['138548438.0'], 'State': 'idle', 'RecordedSite': False}, '156': {'Retries': 0, 'Restarts': 0, 'SiteHistory': ['Unknown'], 'ResidentSetSize': [0], 'SubmitTimes': [1768130300.0], 'StartTimes': [], 'EndTimes': [], 'TotalUserCpuTimeHistory': [0.0], 'TotalSysCpuTimeHistory': [0.0], 'WallDurations': [0], 'JobIds': ['138548439.0'], 'State': 'idle', 'RecordedSite': False}, '154': {'Retries': 0, 'Restarts': 0, 'SiteHistory': ['Unknown'], 'ResidentSetSize': [0], 'SubmitTimes': [1768130300.0], 'StartTimes': [], 'EndTimes': [], 'TotalUserCpuTimeHistory': [0.0], 'TotalSysCpuTimeHistory': [0.0], 'WallDurations': [0], 'JobIds': ['138548440.0'], 'State': 'idle', 'RecordedSite': False}, '153': {'Retries': 0, 'Restarts': 0, 'SiteHistory': ['Unknown'], 'ResidentSetSize': [0], 'SubmitTimes': [1768130300.0], 'StartTimes': [], 'EndTimes': [], 'TotalUserCpuTimeHistory': [0.0], 'TotalSysCpuTimeHistory': [0.0], 'WallDurations': [0], 'JobIds': ['138548441.0'], 'State': 'idle', 'RecordedSite': False}, '155': {'Retries': 0, 'Restarts': 0, 'SiteHistory': ['Unknown'], 'ResidentSetSize': [0], 'SubmitTimes': [1768130300.0], 'StartTimes': [], 'EndTimes': [], 'TotalUserCpuTimeHistory': [0.0], 'TotalSysCpuTimeHistory': [0.0], 'WallDurations': [0], 'JobIds': ['138548442.0'], 'State': 'idle', 'RecordedSite': False}, '165': {'Retries': 0, 'Restarts': 0, 'SiteHistory': ['Unknown'], 'ResidentSetSize': [0], 'SubmitTimes': [1768130300.0], 'StartTimes': [], 'EndTimes': [], 'TotalUserCpuTimeHistory': [0.0], 'TotalSysCpuTimeHistory': [0.0], 'WallDurations': [0], 'JobIds': ['138548443.0'], 'State': 'idle', 'RecordedSite': False}, '164': {'Retries': 0, 'Restarts': 0, 'SiteHistory': ['Unknown'], 'ResidentSetSize': [0], 'SubmitTimes': [1768130300.0], 'StartTimes': [], 'EndTimes': [], 'TotalUserCpuTimeHistory': [0.0], 'TotalSysCpuTimeHistory': [0.0], 'WallDurations': [0], 'JobIds': ['138548444.0'], 'State': 'idle', 'RecordedSite': False}, '158': {'Retries': 0, 'Restarts': 0, 'SiteHistory': ['Unknown'], 'ResidentSetSize': [0], 'SubmitTimes': [1768130300.0], 'StartTimes': [], 'EndTimes': [], 'TotalUserCpuTimeHistory': [0.0], 'TotalSysCpuTimeHistory': [0.0], 'WallDurations': [0], 'JobIds': ['138548445.0'], 'State': 'idle', 'RecordedSite': False}, '160': {'Retries': 0, 'Restarts': 0, 'SiteHistory': ['Unknown'], 'ResidentSetSize': [0], 'SubmitTimes': [1768130300.0], 'StartTimes': [], 'EndTimes': [], 'TotalUserCpuTimeHistory': [0.0], 'TotalSysCpuTimeHistory': [0.0], 'WallDurations': [0], 'JobIds': ['138548446.0'], 'State': 'idle', 'RecordedSite': False}, '159': {'Retries': 0, 'Restarts': 0, 'SiteHistory': ['Unknown'], 'ResidentSetSize': [0], 'SubmitTimes': [1768130300.0], 'StartTimes': [], 'EndTimes': [], 'TotalUserCpuTimeHistory': [0.0], 'TotalSysCpuTimeHistory': [0.0], 'WallDurations': [0], 'JobIds': ['138548447.0'], 'State': 'idle', 'RecordedSite': False}, '162': {'Retries': 0, 'Restarts': 0, 'SiteHistory': ['Unknown'], 'ResidentSetSize': [0], 'SubmitTimes': [1768130300.0], 'StartTimes': [], 'EndTimes': [], 'TotalUserCpuTimeHistory': [0.0], 'TotalSysCpuTimeHistory': [0.0], 'WallDurations': [0], 'JobIds': ['138548448.0'], 'State': 'idle', 'RecordedSite': False}, '169': {'Retries': 0, 'Restarts': 0, 'SiteHistory': ['Unknown'], 'ResidentSetSize': [0], 'SubmitTimes': [1768130300.0], 'StartTimes': [], 'EndTimes': [], 'TotalUserCpuTimeHistory': [0.0], 'TotalSysCpuTimeHistory': [0.0], 'WallDurations': [0], 'JobIds': ['138548449.0'], 'State': 'idle', 'RecordedSite': False}, '166': {'Retries': 0, 'Restarts': 0, 'SiteHistory': ['Unknown'], 'ResidentSetSize': [0], 'SubmitTimes': [1768130300.0], 'StartTimes': [], 'EndTimes': [], 'TotalUserCpuTimeHistory': [0.0], 'TotalSysCpuTimeHistory': [0.0], 'WallDurations': [0], 'JobIds': ['138548450.0'], 'State': 'idle', 'RecordedSite': False}, '157': {'Retries': 0, 'Restarts': 0, 'SiteHistory': ['Unknown'], 'ResidentSetSize': [0], 'SubmitTimes': [1768130300.0], 'StartTimes': [], 'EndTimes': [], 'TotalUserCpuTimeHistory': [0.0], 'TotalSysCpuTimeHistory': [0.0], 'WallDurations': [0], 'JobIds': ['138548451.0'], 'State': 'idle', 'RecordedSite': False}, '163': {'Retries': 0, 'Restarts': 0, 'SiteHistory': ['Unknown'], 'ResidentSetSize': [0], 'SubmitTimes': [1768130300.0], 'StartTimes': [], 'EndTimes': [], 'TotalUserCpuTimeHistory': [0.0], 'TotalSysCpuTimeHistory': [0.0], 'WallDurations': [0], 'JobIds': ['138548452.0'], 'State': 'idle', 'RecordedSite': False}, '161': {'Retries': 0, 'Restarts': 0, 'SiteHistory': ['Unknown'], 'ResidentSetSize': [0], 'SubmitTimes': [1768130300.0], 'StartTimes': [], 'EndTimes': [], 'TotalUserCpuTimeHistory': [0.0], 'TotalSysCpuTimeHistory': [0.0], 'WallDurations': [0], 'JobIds': ['138548453.0'], 'State': 'idle', 'RecordedSite': False}, '170': {'Retries': 0, 'Restarts': 0, 'SiteHistory': ['Unknown'], 'ResidentSetSize': [0], 'SubmitTimes': [1768130300.0], 'StartTimes': [], 'EndTimes': [], 'TotalUserCpuTimeHistory': [0.0], 'TotalSysCpuTimeHistory': [0.0], 'WallDurations': [0], 'JobIds': ['138548454.0'], 'State': 'idle', 'RecordedSite': False}, '167': {'Retries': 0, 'Restarts': 0, 'SiteHistory': ['Unknown'], 'ResidentSetSize': [0], 'SubmitTimes': [1768130300.0], 'StartTimes': [], 'EndTimes': [], 'TotalUserCpuTimeHistory': [0.0], 'TotalSysCpuTimeHistory': [0.0], 'WallDurations': [0], 'JobIds': ['138548455.0'], 'State': 'idle', 'RecordedSite': False}, '168': {'Retries': 0, 'Restarts': 0, 'SiteHistory': ['Unknown'], 'ResidentSetSize': [0], 'SubmitTimes': [1768130300.0], 'StartTimes': [], 'EndTimes': [], 'TotalUserCpuTimeHistory': [0.0], 'TotalSysCpuTimeHistory': [0.0], 'WallDurations': [0], 'JobIds': ['138548456.0'], 'State': 'idle', 'RecordedSite': False}, '171': {'Retries': 0, 'Restarts': 0, 'SiteHistory': ['Unknown'], 'ResidentSetSize': [0], 'SubmitTimes': [1768130300.0], 'StartTimes': [], 'EndTimes': [], 'TotalUserCpuTimeHistory': [0.0], 'TotalSysCpuTimeHistory': [0.0], 'WallDurations': [0], 'JobIds': ['138548457.0'], 'State': 'idle', 'RecordedSite': False}, '172': {'Retries': 0, 'Restarts': 0, 'SiteHistory': ['Unknown'], 'ResidentSetSize': [0], 'SubmitTimes': [1768130300.0], 'StartTimes': [], 'EndTimes': [], 'TotalUserCpuTimeHistory': [0.0], 'TotalSysCpuTimeHistory': [0.0], 'WallDurations': [0], 'JobIds': ['138548458.0'], 'State': 'idle', 'RecordedSite': False}, '176': {'Retries': 0, 'Restarts': 0, 'SiteHistory': ['Unknown'], 'ResidentSetSize': [0], 'SubmitTimes': [1768130300.0], 'StartTimes': [], 'EndTimes': [], 'TotalUserCpuTimeHistory': [0.0], 'TotalSysCpuTimeHistory': [0.0], 'WallDurations': [0], 'JobIds': ['138548459.0'], 'State': 'idle', 'RecordedSite': False}, '173': {'Retries': 0, 'Restarts': 0, 'SiteHistory': ['Unknown'], 'ResidentSetSize': [0], 'SubmitTimes': [1768130300.0], 'StartTimes': [], 'EndTimes': [], 'TotalUserCpuTimeHistory': [0.0], 'TotalSysCpuTimeHistory': [0.0], 'WallDurations': [0], 'JobIds': ['138548460.0'], 'State': 'idle', 'RecordedSite': False}, '174': {'Retries': 0, 'Restarts': 0, 'SiteHistory': ['Unknown'], 'ResidentSetSize': [0], 'SubmitTimes': [1768130300.0], 'StartTimes': [], 'EndTimes': [], 'TotalUserCpuTimeHistory': [0.0], 'TotalSysCpuTimeHistory': [0.0], 'WallDurations': [0], 'JobIds': ['138548461.0'], 'State': 'idle', 'RecordedSite': False}, '179': {'Retries': 0, 'Restarts': 0, 'SiteHistory': ['Unknown'], 'ResidentSetSize': [0], 'SubmitTimes': [1768130300.0], 'StartTimes': [], 'EndTimes': [], 'TotalUserCpuTimeHistory': [0.0], 'TotalSysCpuTimeHistory': [0.0], 'WallDurations': [0], 'JobIds': ['138548462.0'], 'State': 'idle', 'RecordedSite': False}, '175': {'Retries': 0, 'Restarts': 0, 'SiteHistory': ['Unknown'], 'ResidentSetSize': [0], 'SubmitTimes': [1768130300.0], 'StartTimes': [], 'EndTimes': [], 'TotalUserCpuTimeHistory': [0.0], 'TotalSysCpuTimeHistory': [0.0], 'WallDurations': [0], 'JobIds': ['138548463.0'], 'State': 'idle', 'RecordedSite': False}, '181': {'Retries': 0, 'Restarts': 0, 'SiteHistory': ['Unknown'], 'ResidentSetSize': [0], 'SubmitTimes': [1768130300.0], 'StartTimes': [], 'EndTimes': [], 'TotalUserCpuTimeHistory': [0.0], 'TotalSysCpuTimeHistory': [0.0], 'WallDurations': [0], 'JobIds': ['138548464.0'], 'State': 'idle', 'RecordedSite': False}, '184': {'Retries': 0, 'Restarts': 0, 'SiteHistory': ['Unknown'], 'ResidentSetSize': [0], 'SubmitTimes': [1768130300.0], 'StartTimes': [], 'EndTimes': [], 'TotalUserCpuTimeHistory': [0.0], 'TotalSysCpuTimeHistory': [0.0], 'WallDurations': [0], 'JobIds': ['138548465.0'], 'State': 'idle', 'RecordedSite': False}, '182': {'Retries': 0, 'Restarts': 0, 'SiteHistory': ['Unknown'], 'ResidentSetSize': [0], 'SubmitTimes': [1768130300.0], 'StartTimes': [], 'EndTimes': [], 'TotalUserCpuTimeHistory': [0.0], 'TotalSysCpuTimeHistory': [0.0], 'WallDurations': [0], 'JobIds': ['138548466.0'], 'State': 'idle', 'RecordedSite': False}, '186': {'Retries': 0, 'Restarts': 0, 'SiteHistory': ['Unknown'], 'ResidentSetSize': [0], 'SubmitTimes': [1768130300.0], 'StartTimes': [], 'EndTimes': [], 'TotalUserCpuTimeHistory': [0.0], 'TotalSysCpuTimeHistory': [0.0], 'WallDurations': [0], 'JobIds': ['138548467.0'], 'State': 'idle', 'RecordedSite': False}, '177': {'Retries': 0, 'Restarts': 0, 'SiteHistory': ['Unknown'], 'ResidentSetSize': [0], 'SubmitTimes': [1768130300.0], 'StartTimes': [], 'EndTimes': [], 'TotalUserCpuTimeHistory': [0.0], 'TotalSysCpuTimeHistory': [0.0], 'WallDurations': [0], 'JobIds': ['138548468.0'], 'State': 'idle', 'RecordedSite': False}, '180': {'Retries': 0, 'Restarts': 0, 'SiteHistory': ['Unknown'], 'ResidentSetSize': [0], 'SubmitTimes': [1768130300.0], 'StartTimes': [], 'EndTimes': [], 'TotalUserCpuTimeHistory': [0.0], 'TotalSysCpuTimeHistory': [0.0], 'WallDurations': [0], 'JobIds': ['138548469.0'], 'State': 'idle', 'RecordedSite': False}, '187': {'Retries': 0, 'Restarts': 0, 'SiteHistory': ['Unknown'], 'ResidentSetSize': [0], 'SubmitTimes': [1768130300.0], 'StartTimes': [], 'EndTimes': [], 'TotalUserCpuTimeHistory': [0.0], 'TotalSysCpuTimeHistory': [0.0], 'WallDurations': [0], 'JobIds': ['138548470.0'], 'State': 'idle', 'RecordedSite': False}, '189': {'Retries': 0, 'Restarts': 0, 'SiteHistory': ['Unknown'], 'ResidentSetSize': [0], 'SubmitTimes': [1768130300.0], 'StartTimes': [], 'EndTimes': [], 'TotalUserCpuTimeHistory': [0.0], 'TotalSysCpuTimeHistory': [0.0], 'WallDurations': [0], 'JobIds': ['138548471.0'], 'State': 'idle', 'RecordedSite': False}, '185': {'Retries': 0, 'Restarts': 0, 'SiteHistory': ['Unknown'], 'ResidentSetSize': [0], 'SubmitTimes': [1768130300.0], 'StartTimes': [], 'EndTimes': [], 'TotalUserCpuTimeHistory': [0.0], 'TotalSysCpuTimeHistory': [0.0], 'WallDurations': [0], 'JobIds': ['138548472.0'], 'State': 'idle', 'RecordedSite': False}, '183': {'Retries': 0, 'Restarts': 0, 'SiteHistory': ['Unknown'], 'ResidentSetSize': [0], 'SubmitTimes': [1768130300.0], 'StartTimes': [], 'EndTimes': [], 'TotalUserCpuTimeHistory': [0.0], 'TotalSysCpuTimeHistory': [0.0], 'WallDurations': [0], 'JobIds': ['138548473.0'], 'State': 'idle', 'RecordedSite': False}, '178': {'Retries': 0, 'Restarts': 0, 'SiteHistory': ['Unknown'], 'ResidentSetSize': [0], 'SubmitTimes': [1768130300.0], 'StartTimes': [], 'EndTimes': [], 'TotalUserCpuTimeHistory': [0.0], 'TotalSysCpuTimeHistory': [0.0], 'WallDurations': [0], 'JobIds': ['138548474.0'], 'State': 'idle', 'RecordedSite': False}, '188': {'Retries': 0, 'Restarts': 0, 'SiteHistory': ['Unknown'], 'ResidentSetSize': [0], 'SubmitTimes': [1768130300.0], 'StartTimes': [], 'EndTimes': [], 'TotalUserCpuTimeHistory': [0.0], 'TotalSysCpuTimeHistory': [0.0], 'WallDurations': [0], 'JobIds': ['138548475.0'], 'State': 'idle', 'RecordedSite': False}, '191': {'Retries': 0, 'Restarts': 0, 'SiteHistory': ['Unknown'], 'ResidentSetSize': [0], 'SubmitTimes': [1768130300.0], 'StartTimes': [], 'EndTimes': [], 'TotalUserCpuTimeHistory': [0.0], 'TotalSysCpuTimeHistory': [0.0], 'WallDurations': [0], 'JobIds': ['138548476.0'], 'State': 'idle', 'RecordedSite': False}, '190': {'Retries': 0, 'Restarts': 0, 'SiteHistory': ['Unknown'], 'ResidentSetSize': [0], 'SubmitTimes': [1768130300.0], 'StartTimes': [], 'EndTimes': [], 'TotalUserCpuTimeHistory': [0.0], 'TotalSysCpuTimeHistory': [0.0], 'WallDurations': [0], 'JobIds': ['138548477.0'], 'State': 'idle', 'RecordedSite': False}, '192': {'Retries': 0, 'Restarts': 0, 'SiteHistory': ['Unknown'], 'ResidentSetSize': [0], 'SubmitTimes': [1768130300.0], 'StartTimes': [], 'EndTimes': [], 'TotalUserCpuTimeHistory': [0.0], 'TotalSysCpuTimeHistory': [0.0], 'WallDurations': [0], 'JobIds': ['138548478.0'], 'State': 'idle', 'RecordedSite': False}, '197': {'Retries': 0, 'Restarts': 0, 'SiteHistory': ['Unknown'], 'ResidentSetSize': [0], 'SubmitTimes': [1768130300.0], 'StartTimes': [], 'EndTimes': [], 'TotalUserCpuTimeHistory': [0.0], 'TotalSysCpuTimeHistory': [0.0], 'WallDurations': [0], 'JobIds': ['138548479.0'], 'State': 'idle', 'RecordedSite': False}, '204': {'Retries': 0, 'Restarts': 0, 'SiteHistory': ['Unknown'], 'ResidentSetSize': [0], 'SubmitTimes': [1768130300.0], 'StartTimes': [], 'EndTimes': [], 'TotalUserCpuTimeHistory': [0.0], 'TotalSysCpuTimeHistory': [0.0], 'WallDurations': [0], 'JobIds': ['138548480.0'], 'State': 'idle', 'RecordedSite': False}, '193': {'Retries': 0, 'Restarts': 0, 'SiteHistory': ['Unknown'], 'ResidentSetSize': [0], 'SubmitTimes': [1768130300.0], 'StartTimes': [], 'EndTimes': [], 'TotalUserCpuTimeHistory': [0.0], 'TotalSysCpuTimeHistory': [0.0], 'WallDurations': [0], 'JobIds': ['138548481.0'], 'State': 'idle', 'RecordedSite': False}, '195': {'Retries': 0, 'Restarts': 0, 'SiteHistory': ['Unknown'], 'ResidentSetSize': [0], 'SubmitTimes': [1768130300.0], 'StartTimes': [], 'EndTimes': [], 'TotalUserCpuTimeHistory': [0.0], 'TotalSysCpuTimeHistory': [0.0], 'WallDurations': [0], 'JobIds': ['138548482.0'], 'State': 'idle', 'RecordedSite': False}, '196': {'Retries': 0, 'Restarts': 0, 'SiteHistory': ['Unknown'], 'ResidentSetSize': [0], 'SubmitTimes': [1768130300.0], 'StartTimes': [], 'EndTimes': [], 'TotalUserCpuTimeHistory': [0.0], 'TotalSysCpuTimeHistory': [0.0], 'WallDurations': [0], 'JobIds': ['138548483.0'], 'State': 'idle', 'RecordedSite': False}, '201': {'Retries': 0, 'Restarts': 0, 'SiteHistory': ['Unknown'], 'ResidentSetSize': [0], 'SubmitTimes': [1768130300.0], 'StartTimes': [], 'EndTimes': [], 'TotalUserCpuTimeHistory': [0.0], 'TotalSysCpuTimeHistory': [0.0], 'WallDurations': [0], 'JobIds': ['138548484.0'], 'State': 'idle', 'RecordedSite': False}, '198': {'Retries': 0, 'Restarts': 0, 'SiteHistory': ['Unknown'], 'ResidentSetSize': [0], 'SubmitTimes': [1768130300.0], 'StartTimes': [], 'EndTimes': [], 'TotalUserCpuTimeHistory': [0.0], 'TotalSysCpuTimeHistory': [0.0], 'WallDurations': [0], 'JobIds': ['138548485.0'], 'State': 'idle', 'RecordedSite': False}, '207': {'Retries': 0, 'Restarts': 0, 'SiteHistory': ['Unknown'], 'ResidentSetSize': [0], 'SubmitTimes': [1768130301.0], 'StartTimes': [], 'EndTimes': [], 'TotalUserCpuTimeHistory': [0.0], 'TotalSysCpuTimeHistory': [0.0], 'WallDurations': [0], 'JobIds': ['138548486.0'], 'State': 'idle', 'RecordedSite': False}, '199': {'Retries': 0, 'Restarts': 0, 'SiteHistory': ['Unknown'], 'ResidentSetSize': [0], 'SubmitTimes': [1768130301.0], 'StartTimes': [], 'EndTimes': [], 'TotalUserCpuTimeHistory': [0.0], 'TotalSysCpuTimeHistory': [0.0], 'WallDurations': [0], 'JobIds': ['138548487.0'], 'State': 'idle', 'RecordedSite': False}, '194': {'Retries': 0, 'Restarts': 0, 'SiteHistory': ['Unknown'], 'ResidentSetSize': [0], 'SubmitTimes': [1768130301.0], 'StartTimes': [], 'EndTimes': [], 'TotalUserCpuTimeHistory': [0.0], 'TotalSysCpuTimeHistory': [0.0], 'WallDurations': [0], 'JobIds': ['138548488.0'], 'State': 'idle', 'RecordedSite': False}, '203': {'Retries': 0, 'Restarts': 0, 'SiteHistory': ['Unknown'], 'ResidentSetSize': [0], 'SubmitTimes': [1768130301.0], 'StartTimes': [], 'EndTimes': [], 'TotalUserCpuTimeHistory': [0.0], 'TotalSysCpuTimeHistory': [0.0], 'WallDurations': [0], 'JobIds': ['138548489.0'], 'State': 'idle', 'RecordedSite': False}, '206': {'Retries': 0, 'Restarts': 0, 'SiteHistory': ['Unknown'], 'ResidentSetSize': [0], 'SubmitTimes': [1768130301.0], 'StartTimes': [], 'EndTimes': [], 'TotalUserCpuTimeHistory': [0.0], 'TotalSysCpuTimeHistory': [0.0], 'WallDurations': [0], 'JobIds': ['138548490.0'], 'State': 'idle', 'RecordedSite': False}, '200': {'Retries': 0, 'Restarts': 0, 'SiteHistory': ['Unknown'], 'ResidentSetSize': [0], 'SubmitTimes': [1768130301.0], 'StartTimes': [], 'EndTimes': [], 'TotalUserCpuTimeHistory': [0.0], 'TotalSysCpuTimeHistory': [0.0], 'WallDurations': [0], 'JobIds': ['138548491.0'], 'State': 'idle', 'RecordedSite': False}, '210': {'Retries': 0, 'Restarts': 0, 'SiteHistory': ['Unknown'], 'ResidentSetSize': [0], 'SubmitTimes': [1768130301.0], 'StartTimes': [], 'EndTimes': [], 'TotalUserCpuTimeHistory': [0.0], 'TotalSysCpuTimeHistory': [0.0], 'WallDurations': [0], 'JobIds': ['138548492.0'], 'State': 'idle', 'RecordedSite': False}, '202': {'Retries': 0, 'Restarts': 0, 'SiteHistory': ['Unknown'], 'ResidentSetSize': [0], 'SubmitTimes': [1768130301.0], 'StartTimes': [], 'EndTimes': [], 'TotalUserCpuTimeHistory': [0.0], 'TotalSysCpuTimeHistory': [0.0], 'WallDurations': [0], 'JobIds': ['138548493.0'], 'State': 'idle', 'RecordedSite': False}, '208': {'Retries': 0, 'Restarts': 0, 'SiteHistory': ['Unknown'], 'ResidentSetSize': [0], 'SubmitTimes': [1768130301.0], 'StartTimes': [], 'EndTimes': [], 'TotalUserCpuTimeHistory': [0.0], 'TotalSysCpuTimeHistory': [0.0], 'WallDurations': [0], 'JobIds': ['138548494.0'], 'State': 'idle', 'RecordedSite': False}, '213': {'Retries': 0, 'Restarts': 0, 'SiteHistory': ['Unknown'], 'ResidentSetSize': [0], 'SubmitTimes': [1768130301.0], 'StartTimes': [], 'EndTimes': [], 'TotalUserCpuTimeHistory': [0.0], 'TotalSysCpuTimeHistory': [0.0], 'WallDurations': [0], 'JobIds': ['138548495.0'], 'State': 'idle', 'RecordedSite': False}, '211': {'Retries': 0, 'Restarts': 0, 'SiteHistory': ['Unknown'], 'ResidentSetSize': [0], 'SubmitTimes': [1768130301.0], 'StartTimes': [], 'EndTimes': [], 'TotalUserCpuTimeHistory': [0.0], 'TotalSysCpuTimeHistory': [0.0], 'WallDurations': [0], 'JobIds': ['138548496.0'], 'State': 'idle', 'RecordedSite': False}, '216': {'Retries': 0, 'Restarts': 0, 'SiteHistory': ['Unknown'], 'ResidentSetSize': [0], 'SubmitTimes': [1768130301.0], 'StartTimes': [], 'EndTimes': [], 'TotalUserCpuTimeHistory': [0.0], 'TotalSysCpuTimeHistory': [0.0], 'WallDurations': [0], 'JobIds': ['138548497.0'], 'State': 'idle', 'RecordedSite': False}, '209': {'Retries': 0, 'Restarts': 0, 'SiteHistory': ['Unknown'], 'ResidentSetSize': [0], 'SubmitTimes': [1768130306.0], 'StartTimes': [], 'EndTimes': [], 'TotalUserCpuTimeHistory': [0.0], 'TotalSysCpuTimeHistory': [0.0], 'WallDurations': [0], 'JobIds': ['138548499.0'], 'State': 'idle', 'RecordedSite': False}, '205': {'Retries': 0, 'Restarts': 0, 'SiteHistory': ['Unknown'], 'ResidentSetSize': [0], 'SubmitTimes': [1768130306.0], 'StartTimes': [], 'EndTimes': [], 'TotalUserCpuTimeHistory': [0.0], 'TotalSysCpuTimeHistory': [0.0], 'WallDurations': [0], 'JobIds': ['138548500.0'], 'State': 'idle', 'RecordedSite': False}, '212': {'Retries': 0, 'Restarts': 0, 'SiteHistory': ['Unknown'], 'ResidentSetSize': [0], 'SubmitTimes': [1768130306.0], 'StartTimes': [], 'EndTimes': [], 'TotalUserCpuTimeHistory': [0.0], 'TotalSysCpuTimeHistory': [0.0], 'WallDurations': [0], 'JobIds': ['138548501.0'], 'State': 'idle', 'RecordedSite': False}, '214': {'Retries': 0, 'Restarts': 0, 'SiteHistory': ['Unknown'], 'ResidentSetSize': [0], 'SubmitTimes': [1768130306.0], 'StartTimes': [], 'EndTimes': [], 'TotalUserCpuTimeHistory': [0.0], 'TotalSysCpuTimeHistory': [0.0], 'WallDurations': [0], 'JobIds': ['138548502.0'], 'State': 'idle', 'RecordedSite': False}, '215': {'Retries': 0, 'Restarts': 0, 'SiteHistory': ['Unknown'], 'ResidentSetSize': [0], 'SubmitTimes': [1768130307.0], 'StartTimes': [], 'EndTimes': [], 'TotalUserCpuTimeHistory': [0.0], 'TotalSysCpuTimeHistory': [0.0], 'WallDurations': [0], 'JobIds': ['138548503.0'], 'State': 'idle', 'RecordedSite': False}, '217': {'Retries': 0, 'Restarts': 0, 'SiteHistory': ['Unknown'], 'ResidentSetSize': [0], 'SubmitTimes': [1768130307.0], 'StartTimes': [], 'EndTimes': [], 'TotalUserCpuTimeHistory': [0.0], 'TotalSysCpuTimeHistory': [0.0], 'WallDurations': [0], 'JobIds': ['138548504.0'], 'State': 'idle', 'RecordedSite': False}, '218': {'Retries': 0, 'Restarts': 0, 'SiteHistory': ['Unknown'], 'ResidentSetSize': [0], 'SubmitTimes': [1768130307.0], 'StartTimes': [], 'EndTimes': [], 'TotalUserCpuTimeHistory': [0.0], 'TotalSysCpuTimeHistory': [0.0], 'WallDurations': [0], 'JobIds': ['138548505.0'], 'State': 'idle', 'RecordedSite': False}, '219': {'Retries': 0, 'Restarts': 0, 'SiteHistory': ['Unknown'], 'ResidentSetSize': [0], 'SubmitTimes': [1768130307.0], 'StartTimes': [], 'EndTimes': [], 'TotalUserCpuTimeHistory': [0.0], 'TotalSysCpuTimeHistory': [0.0], 'WallDurations': [0], 'JobIds': ['138548506.0'], 'State': 'idle', 'RecordedSite': False}, '220': {'Retries': 0, 'Restarts': 0, 'SiteHistory': ['Unknown'], 'ResidentSetSize': [0], 'SubmitTimes': [1768130307.0], 'StartTimes': [], 'EndTimes': [], 'TotalUserCpuTimeHistory': [0.0], 'TotalSysCpuTimeHistory': [0.0], 'WallDurations': [0], 'JobIds': ['138548507.0'], 'State': 'idle', 'RecordedSite': False}, '221': {'Retries': 0, 'Restarts': 0, 'SiteHistory': ['Unknown'], 'ResidentSetSize': [0], 'SubmitTimes': [1768130307.0], 'StartTimes': [], 'EndTimes': [], 'TotalUserCpuTimeHistory': [0.0], 'TotalSysCpuTimeHistory': [0.0], 'WallDurations': [0], 'JobIds': ['138548508.0'], 'State': 'idle', 'RecordedSite': False}, '222': {'Retries': 0, 'Restarts': 0, 'SiteHistory': ['Unknown'], 'ResidentSetSize': [0], 'SubmitTimes': [1768130307.0], 'StartTimes': [], 'EndTimes': [], 'TotalUserCpuTimeHistory': [0.0], 'TotalSysCpuTimeHistory': [0.0], 'WallDurations': [0], 'JobIds': ['138548509.0'], 'State': 'idle', 'RecordedSite': False}, '223': {'Retries': 0, 'Restarts': 0, 'SiteHistory': ['Unknown'], 'ResidentSetSize': [0], 'SubmitTimes': [1768130307.0], 'StartTimes': [], 'EndTimes': [], 'TotalUserCpuTimeHistory': [0.0], 'TotalSysCpuTimeHistory': [0.0], 'WallDurations': [0], 'JobIds': ['138548510.0'], 'State': 'idle', 'RecordedSite': False}, '224': {'Retries': 0, 'Restarts': 0, 'SiteHistory': ['Unknown'], 'ResidentSetSize': [0], 'SubmitTimes': [1768130307.0], 'StartTimes': [], 'EndTimes': [], 'TotalUserCpuTimeHistory': [0.0], 'TotalSysCpuTimeHistory': [0.0], 'WallDurations': [0], 'JobIds': ['138548511.0'], 'State': 'idle', 'RecordedSite': False}, '225': {'Retries': 0, 'Restarts': 0, 'SiteHistory': ['Unknown'], 'ResidentSetSize': [0], 'SubmitTimes': [1768130307.0], 'StartTimes': [], 'EndTimes': [], 'TotalUserCpuTimeHistory': [0.0], 'TotalSysCpuTimeHistory': [0.0], 'WallDurations': [0], 'JobIds': ['138548512.0'], 'State': 'idle', 'RecordedSite': False}, '226': {'Retries': 0, 'Restarts': 0, 'SiteHistory': ['Unknown'], 'ResidentSetSize': [0], 'SubmitTimes': [1768130307.0], 'StartTimes': [], 'EndTimes': [], 'TotalUserCpuTimeHistory': [0.0], 'TotalSysCpuTimeHistory': [0.0], 'WallDurations': [0], 'JobIds': ['138548513.0'], 'State': 'idle', 'RecordedSite': False}, '227': {'Retries': 0, 'Restarts': 0, 'SiteHistory': ['Unknown'], 'ResidentSetSize': [0], 'SubmitTimes': [1768130307.0], 'StartTimes': [], 'EndTimes': [], 'TotalUserCpuTimeHistory': [0.0], 'TotalSysCpuTimeHistory': [0.0], 'WallDurations': [0], 'JobIds': ['138548514.0'], 'State': 'idle', 'RecordedSite': False}, '228': {'Retries': 0, 'Restarts': 0, 'SiteHistory': ['Unknown'], 'ResidentSetSize': [0], 'SubmitTimes': [1768130307.0], 'StartTimes': [], 'EndTimes': [], 'TotalUserCpuTimeHistory': [0.0], 'TotalSysCpuTimeHistory': [0.0], 'WallDurations': [0], 'JobIds': ['138548515.0'], 'State': 'idle', 'RecordedSite': False}, '229': {'Retries': 0, 'Restarts': 0, 'SiteHistory': ['Unknown'], 'ResidentSetSize': [0], 'SubmitTimes': [1768130307.0], 'StartTimes': [], 'EndTimes': [], 'TotalUserCpuTimeHistory': [0.0], 'TotalSysCpuTimeHistory': [0.0], 'WallDurations': [0], 'JobIds': ['138548516.0'], 'State': 'idle', 'RecordedSite': False}, '230': {'Retries': 0, 'Restarts': 0, 'SiteHistory': ['Unknown'], 'ResidentSetSize': [0], 'SubmitTimes': [1768130307.0], 'StartTimes': [], 'EndTimes': [], 'TotalUserCpuTimeHistory': [0.0], 'TotalSysCpuTimeHistory': [0.0], 'WallDurations': [0], 'JobIds': ['138548517.0'], 'State': 'idle', 'RecordedSite': False}, '231': {'Retries': 0, 'Restarts': 0, 'SiteHistory': ['Unknown'], 'ResidentSetSize': [0], 'SubmitTimes': [1768130307.0], 'StartTimes': [], 'EndTimes': [], 'TotalUserCpuTimeHistory': [0.0], 'TotalSysCpuTimeHistory': [0.0], 'WallDurations': [0], 'JobIds': ['138548518.0'], 'State': 'idle', 'RecordedSite': False}, '235': {'Retries': 0, 'Restarts': 0, 'SiteHistory': ['Unknown'], 'ResidentSetSize': [0], 'SubmitTimes': [1768130307.0], 'StartTimes': [], 'EndTimes': [], 'TotalUserCpuTimeHistory': [0.0], 'TotalSysCpuTimeHistory': [0.0], 'WallDurations': [0], 'JobIds': ['138548519.0'], 'State': 'idle', 'RecordedSite': False}, '249': {'Retries': 0, 'Restarts': 0, 'SiteHistory': ['Unknown'], 'ResidentSetSize': [0], 'SubmitTimes': [1768130307.0], 'StartTimes': [], 'EndTimes': [], 'TotalUserCpuTimeHistory': [0.0], 'TotalSysCpuTimeHistory': [0.0], 'WallDurations': [0], 'JobIds': ['138548520.0'], 'State': 'idle', 'RecordedSite': False}, '234': {'Retries': 0, 'Restarts': 0, 'SiteHistory': ['Unknown'], 'ResidentSetSize': [0], 'SubmitTimes': [1768130307.0], 'StartTimes': [], 'EndTimes': [], 'TotalUserCpuTimeHistory': [0.0], 'TotalSysCpuTimeHistory': [0.0], 'WallDurations': [0], 'JobIds': ['138548521.0'], 'State': 'idle', 'RecordedSite': False}, '248': {'Retries': 0, 'Restarts': 0, 'SiteHistory': ['Unknown'], 'ResidentSetSize': [0], 'SubmitTimes': [1768130307.0], 'StartTimes': [], 'EndTimes': [], 'TotalUserCpuTimeHistory': [0.0], 'TotalSysCpuTimeHistory': [0.0], 'WallDurations': [0], 'JobIds': ['138548522.0'], 'State': 'idle', 'RecordedSite': False}, '243': {'Retries': 0, 'Restarts': 0, 'SiteHistory': ['Unknown'], 'ResidentSetSize': [0], 'SubmitTimes': [1768130307.0], 'StartTimes': [], 'EndTimes': [], 'TotalUserCpuTimeHistory': [0.0], 'TotalSysCpuTimeHistory': [0.0], 'WallDurations': [0], 'JobIds': ['138548523.0'], 'State': 'idle', 'RecordedSite': False}, '246': {'Retries': 0, 'Restarts': 0, 'SiteHistory': ['Unknown'], 'ResidentSetSize': [0], 'SubmitTimes': [1768130307.0], 'StartTimes': [], 'EndTimes': [], 'TotalUserCpuTimeHistory': [0.0], 'TotalSysCpuTimeHistory': [0.0], 'WallDurations': [0], 'JobIds': ['138548524.0'], 'State': 'idle', 'RecordedSite': False}, '247': {'Retries': 0, 'Restarts': 0, 'SiteHistory': ['Unknown'], 'ResidentSetSize': [0], 'SubmitTimes': [1768130307.0], 'StartTimes': [], 'EndTimes': [], 'TotalUserCpuTimeHistory': [0.0], 'TotalSysCpuTimeHistory': [0.0], 'WallDurations': [0], 'JobIds': ['138548525.0'], 'State': 'idle', 'RecordedSite': False}, '252': {'Retries': 0, 'Restarts': 0, 'SiteHistory': ['Unknown'], 'ResidentSetSize': [0], 'SubmitTimes': [1768130307.0], 'StartTimes': [], 'EndTimes': [], 'TotalUserCpuTimeHistory': [0.0], 'TotalSysCpuTimeHistory': [0.0], 'WallDurations': [0], 'JobIds': ['138548526.0'], 'State': 'idle', 'RecordedSite': False}, '244': {'Retries': 0, 'Restarts': 0, 'SiteHistory': ['Unknown'], 'ResidentSetSize': [0], 'SubmitTimes': [1768130307.0], 'StartTimes': [], 'EndTimes': [], 'TotalUserCpuTimeHistory': [0.0], 'TotalSysCpuTimeHistory': [0.0], 'WallDurations': [0], 'JobIds': ['138548527.0'], 'State': 'idle', 'RecordedSite': False}, '233': {'Retries': 0, 'Restarts': 0, 'SiteHistory': ['Unknown'], 'ResidentSetSize': [0], 'SubmitTimes': [1768130307.0], 'StartTimes': [], 'EndTimes': [], 'TotalUserCpuTimeHistory': [0.0], 'TotalSysCpuTimeHistory': [0.0], 'WallDurations': [0], 'JobIds': ['138548528.0'], 'State': 'idle', 'RecordedSite': False}, '237': {'Retries': 0, 'Restarts': 0, 'SiteHistory': ['Unknown'], 'ResidentSetSize': [0], 'SubmitTimes': [1768130307.0], 'StartTimes': [], 'EndTimes': [], 'TotalUserCpuTimeHistory': [0.0], 'TotalSysCpuTimeHistory': [0.0], 'WallDurations': [0], 'JobIds': ['138548529.0'], 'State': 'idle', 'RecordedSite': False}, '241': {'Retries': 0, 'Restarts': 0, 'SiteHistory': ['Unknown'], 'ResidentSetSize': [0], 'SubmitTimes': [1768130307.0], 'StartTimes': [], 'EndTimes': [], 'TotalUserCpuTimeHistory': [0.0], 'TotalSysCpuTimeHistory': [0.0], 'WallDurations': [0], 'JobIds': ['138548530.0'], 'State': 'idle', 'RecordedSite': False}, '245': {'Retries': 0, 'Restarts': 0, 'SiteHistory': ['Unknown'], 'ResidentSetSize': [0], 'SubmitTimes': [1768130307.0], 'StartTimes': [], 'EndTimes': [], 'TotalUserCpuTimeHistory': [0.0], 'TotalSysCpuTimeHistory': [0.0], 'WallDurations': [0], 'JobIds': ['138548531.0'], 'State': 'idle', 'RecordedSite': False}, '238': {'Retries': 0, 'Restarts': 0, 'SiteHistory': ['Unknown'], 'ResidentSetSize': [0], 'SubmitTimes': [1768130307.0], 'StartTimes': [], 'EndTimes': [], 'TotalUserCpuTimeHistory': [0.0], 'TotalSysCpuTimeHistory': [0.0], 'WallDurations': [0], 'JobIds': ['138548532.0'], 'State': 'idle', 'RecordedSite': False}, '239': {'Retries': 0, 'Restarts': 0, 'SiteHistory': ['Unknown'], 'ResidentSetSize': [0], 'SubmitTimes': [1768130307.0], 'StartTimes': [], 'EndTimes': [], 'TotalUserCpuTimeHistory': [0.0], 'TotalSysCpuTimeHistory': [0.0], 'WallDurations': [0], 'JobIds': ['138548533.0'], 'State': 'idle', 'RecordedSite': False}, '251': {'Retries': 0, 'Restarts': 0, 'SiteHistory': ['Unknown'], 'ResidentSetSize': [0], 'SubmitTimes': [1768130307.0], 'StartTimes': [], 'EndTimes': [], 'TotalUserCpuTimeHistory': [0.0], 'TotalSysCpuTimeHistory': [0.0], 'WallDurations': [0], 'JobIds': ['138548534.0'], 'State': 'idle', 'RecordedSite': False}, '240': {'Retries': 0, 'Restarts': 0, 'SiteHistory': ['Unknown'], 'ResidentSetSize': [0], 'SubmitTimes': [1768130307.0], 'StartTimes': [], 'EndTimes': [], 'TotalUserCpuTimeHistory': [0.0], 'TotalSysCpuTimeHistory': [0.0], 'WallDurations': [0], 'JobIds': ['138548535.0'], 'State': 'idle', 'RecordedSite': False}, '242': {'Retries': 0, 'Restarts': 0, 'SiteHistory': ['Unknown'], 'ResidentSetSize': [0], 'SubmitTimes': [1768130307.0], 'StartTimes': [], 'EndTimes': [], 'TotalUserCpuTimeHistory': [0.0], 'TotalSysCpuTimeHistory': [0.0], 'WallDurations': [0], 'JobIds': ['138548536.0'], 'State': 'idle', 'RecordedSite': False}, '236': {'Retries': 0, 'Restarts': 0, 'SiteHistory': ['Unknown'], 'ResidentSetSize': [0], 'SubmitTimes': [1768130307.0], 'StartTimes': [], 'EndTimes': [], 'TotalUserCpuTimeHistory': [0.0], 'TotalSysCpuTimeHistory': [0.0], 'WallDurations': [0], 'JobIds': ['138548537.0'], 'State': 'idle', 'RecordedSite': False}, '250': {'Retries': 0, 'Restarts': 0, 'SiteHistory': ['Unknown'], 'ResidentSetSize': [0], 'SubmitTimes': [1768130307.0], 'StartTimes': [], 'EndTimes': [], 'TotalUserCpuTimeHistory': [0.0], 'TotalSysCpuTimeHistory': [0.0], 'WallDurations': [0], 'JobIds': ['138548538.0'], 'State': 'idle', 'RecordedSite': False}, '254': {'Retries': 0, 'Restarts': 0, 'SiteHistory': ['Unknown'], 'ResidentSetSize': [0], 'SubmitTimes': [1768130307.0], 'StartTimes': [], 'EndTimes': [], 'TotalUserCpuTimeHistory': [0.0], 'TotalSysCpuTimeHistory': [0.0], 'WallDurations': [0], 'JobIds': ['138548539.0'], 'State': 'idle', 'RecordedSite': False}, '253': {'Retries': 0, 'Restarts': 0, 'SiteHistory': ['Unknown'], 'ResidentSetSize': [0], 'SubmitTimes': [1768130307.0], 'StartTimes': [], 'EndTimes': [], 'TotalUserCpuTimeHistory': [0.0], 'TotalSysCpuTimeHistory': [0.0], 'WallDurations': [0], 'JobIds': ['138548540.0'], 'State': 'idle', 'RecordedSite': False}, '257': {'Retries': 0, 'Restarts': 0, 'SiteHistory': ['Unknown'], 'ResidentSetSize': [0], 'SubmitTimes': [1768130307.0], 'StartTimes': [], 'EndTimes': [], 'TotalUserCpuTimeHistory': [0.0], 'TotalSysCpuTimeHistory': [0.0], 'WallDurations': [0], 'JobIds': ['138548541.0'], 'State': 'idle', 'RecordedSite': False}, '264': {'Retries': 0, 'Restarts': 0, 'SiteHistory': ['Unknown'], 'ResidentSetSize': [0], 'SubmitTimes': [1768130307.0], 'StartTimes': [], 'EndTimes': [], 'TotalUserCpuTimeHistory': [0.0], 'TotalSysCpuTimeHistory': [0.0], 'WallDurations': [0], 'JobIds': ['138548542.0'], 'State': 'idle', 'RecordedSite': False}, '260': {'Retries': 0, 'Restarts': 0, 'SiteHistory': ['Unknown'], 'ResidentSetSize': [0], 'SubmitTimes': [1768130307.0], 'StartTimes': [], 'EndTimes': [], 'TotalUserCpuTimeHistory': [0.0], 'TotalSysCpuTimeHistory': [0.0], 'WallDurations': [0], 'JobIds': ['138548543.0'], 'State': 'idle', 'RecordedSite': False}, '266': {'Retries': 0, 'Restarts': 0, 'SiteHistory': ['Unknown'], 'ResidentSetSize': [0], 'SubmitTimes': [1768130307.0], 'StartTimes': [], 'EndTimes': [], 'TotalUserCpuTimeHistory': [0.0], 'TotalSysCpuTimeHistory': [0.0], 'WallDurations': [0], 'JobIds': ['138548544.0'], 'State': 'idle', 'RecordedSite': False}, '256': {'Retries': 0, 'Restarts': 0, 'SiteHistory': ['Unknown'], 'ResidentSetSize': [0], 'SubmitTimes': [1768130308.0], 'StartTimes': [], 'EndTimes': [], 'TotalUserCpuTimeHistory': [0.0], 'TotalSysCpuTimeHistory': [0.0], 'WallDurations': [0], 'JobIds': ['138548545.0'], 'State': 'idle', 'RecordedSite': False}, '258': {'Retries': 0, 'Restarts': 0, 'SiteHistory': ['Unknown'], 'ResidentSetSize': [0], 'SubmitTimes': [1768130308.0], 'StartTimes': [], 'EndTimes': [], 'TotalUserCpuTimeHistory': [0.0], 'TotalSysCpuTimeHistory': [0.0], 'WallDurations': [0], 'JobIds': ['138548546.0'], 'State': 'idle', 'RecordedSite': False}, '262': {'Retries': 0, 'Restarts': 0, 'SiteHistory': ['Unknown'], 'ResidentSetSize': [0], 'SubmitTimes': [1768130308.0], 'StartTimes': [], 'EndTimes': [], 'TotalUserCpuTimeHistory': [0.0], 'TotalSysCpuTimeHistory': [0.0], 'WallDurations': [0], 'JobIds': ['138548547.0'], 'State': 'idle', 'RecordedSite': False}, '259': {'Retries': 0, 'Restarts': 0, 'SiteHistory': ['Unknown'], 'ResidentSetSize': [0], 'SubmitTimes': [1768130308.0], 'StartTimes': [], 'EndTimes': [], 'TotalUserCpuTimeHistory': [0.0], 'TotalSysCpuTimeHistory': [0.0], 'WallDurations': [0], 'JobIds': ['138548548.0'], 'State': 'idle', 'RecordedSite': False}, '269': {'Retries': 0, 'Restarts': 0, 'SiteHistory': ['Unknown'], 'ResidentSetSize': [0], 'SubmitTimes': [1768130308.0], 'StartTimes': [], 'EndTimes': [], 'TotalUserCpuTimeHistory': [0.0], 'TotalSysCpuTimeHistory': [0.0], 'WallDurations': [0], 'JobIds': ['138548549.0'], 'State': 'idle', 'RecordedSite': False}, '261': {'Retries': 0, 'Restarts': 0, 'SiteHistory': ['Unknown'], 'ResidentSetSize': [0], 'SubmitTimes': [1768130308.0], 'StartTimes': [], 'EndTimes': [], 'TotalUserCpuTimeHistory': [0.0], 'TotalSysCpuTimeHistory': [0.0], 'WallDurations': [0], 'JobIds': ['138548550.0'], 'State': 'idle', 'RecordedSite': False}, '270': {'Retries': 0, 'Restarts': 0, 'SiteHistory': ['Unknown'], 'ResidentSetSize': [0], 'SubmitTimes': [1768130308.0], 'StartTimes': [], 'EndTimes': [], 'TotalUserCpuTimeHistory': [0.0], 'TotalSysCpuTimeHistory': [0.0], 'WallDurations': [0], 'JobIds': ['138548551.0'], 'State': 'idle', 'RecordedSite': False}, '255': {'Retries': 0, 'Restarts': 0, 'SiteHistory': ['Unknown'], 'ResidentSetSize': [0], 'SubmitTimes': [1768130308.0], 'StartTimes': [], 'EndTimes': [], 'TotalUserCpuTimeHistory': [0.0], 'TotalSysCpuTimeHistory': [0.0], 'WallDurations': [0], 'JobIds': ['138548552.0'], 'State': 'idle', 'RecordedSite': False}, '268': {'Retries': 0, 'Restarts': 0, 'SiteHistory': ['Unknown'], 'ResidentSetSize': [0], 'SubmitTimes': [1768130308.0], 'StartTimes': [], 'EndTimes': [], 'TotalUserCpuTimeHistory': [0.0], 'TotalSysCpuTimeHistory': [0.0], 'WallDurations': [0], 'JobIds': ['138548553.0'], 'State': 'idle', 'RecordedSite': False}, '265': {'Retries': 0, 'Restarts': 0, 'SiteHistory': ['Unknown'], 'ResidentSetSize': [0], 'SubmitTimes': [1768130308.0], 'StartTimes': [], 'EndTimes': [], 'TotalUserCpuTimeHistory': [0.0], 'TotalSysCpuTimeHistory': [0.0], 'WallDurations': [0], 'JobIds': ['138548554.0'], 'State': 'idle', 'RecordedSite': False}, '263': {'Retries': 0, 'Restarts': 0, 'SiteHistory': ['Unknown'], 'ResidentSetSize': [0], 'SubmitTimes': [1768130308.0], 'StartTimes': [], 'EndTimes': [], 'TotalUserCpuTimeHistory': [0.0], 'TotalSysCpuTimeHistory': [0.0], 'WallDurations': [0], 'JobIds': ['138548555.0'], 'State': 'idle', 'RecordedSite': False}, '273': {'Retries': 0, 'Restarts': 0, 'SiteHistory': ['Unknown'], 'ResidentSetSize': [0], 'SubmitTimes': [1768130308.0], 'StartTimes': [], 'EndTimes': [], 'TotalUserCpuTimeHistory': [0.0], 'TotalSysCpuTimeHistory': [0.0], 'WallDurations': [0], 'JobIds': ['138548556.0'], 'State': 'idle', 'RecordedSite': False}, '272': {'Retries': 0, 'Restarts': 0, 'SiteHistory': ['Unknown'], 'ResidentSetSize': [0], 'SubmitTimes': [1768130308.0], 'StartTimes': [], 'EndTimes': [], 'TotalUserCpuTimeHistory': [0.0], 'TotalSysCpuTimeHistory': [0.0], 'WallDurations': [0], 'JobIds': ['138548557.0'], 'State': 'idle', 'RecordedSite': False}, '271': {'Retries': 0, 'Restarts': 0, 'SiteHistory': ['Unknown'], 'ResidentSetSize': [0], 'SubmitTimes': [1768130308.0], 'StartTimes': [], 'EndTimes': [], 'TotalUserCpuTimeHistory': [0.0], 'TotalSysCpuTimeHistory': [0.0], 'WallDurations': [0], 'JobIds': ['138548558.0'], 'State': 'idle', 'RecordedSite': False}, '267': {'Retries': 0, 'Restarts': 0, 'SiteHistory': ['Unknown'], 'ResidentSetSize': [0], 'SubmitTimes': [1768130308.0], 'StartTimes': [], 'EndTimes': [], 'TotalUserCpuTimeHistory': [0.0], 'TotalSysCpuTimeHistory': [0.0], 'WallDurations': [0], 'JobIds': ['138548559.0'], 'State': 'idle', 'RecordedSite': False}, '275': {'Retries': 0, 'Restarts': 0, 'SiteHistory': ['Unknown'], 'ResidentSetSize': [0], 'SubmitTimes': [1768130308.0], 'StartTimes': [], 'EndTimes': [], 'TotalUserCpuTimeHistory': [0.0], 'TotalSysCpuTimeHistory': [0.0], 'WallDurations': [0], 'JobIds': ['138548560.0'], 'State': 'idle', 'RecordedSite': False}, '280': {'Retries': 0, 'Restarts': 0, 'SiteHistory': ['Unknown'], 'ResidentSetSize': [0], 'SubmitTimes': [1768130308.0], 'StartTimes': [], 'EndTimes': [], 'TotalUserCpuTimeHistory': [0.0], 'TotalSysCpuTimeHistory': [0.0], 'WallDurations': [0], 'JobIds': ['138548561.0'], 'State': 'idle', 'RecordedSite': False}, '277': {'Retries': 0, 'Restarts': 0, 'SiteHistory': ['Unknown'], 'ResidentSetSize': [0], 'SubmitTimes': [1768130308.0], 'StartTimes': [], 'EndTimes': [], 'TotalUserCpuTimeHistory': [0.0], 'TotalSysCpuTimeHistory': [0.0], 'WallDurations': [0], 'JobIds': ['138548562.0'], 'State': 'idle', 'RecordedSite': False}, '274': {'Retries': 0, 'Restarts': 0, 'SiteHistory': ['Unknown'], 'ResidentSetSize': [0], 'SubmitTimes': [1768130308.0], 'StartTimes': [], 'EndTimes': [], 'TotalUserCpuTimeHistory': [0.0], 'TotalSysCpuTimeHistory': [0.0], 'WallDurations': [0], 'JobIds': ['138548563.0'], 'State': 'idle', 'RecordedSite': False}, '282': {'Retries': 0, 'Restarts': 0, 'SiteHistory': ['Unknown'], 'ResidentSetSize': [0], 'SubmitTimes': [1768130308.0], 'StartTimes': [], 'EndTimes': [], 'TotalUserCpuTimeHistory': [0.0], 'TotalSysCpuTimeHistory': [0.0], 'WallDurations': [0], 'JobIds': ['138548564.0'], 'State': 'idle', 'RecordedSite': False}, '276': {'Retries': 0, 'Restarts': 0, 'SiteHistory': ['Unknown'], 'ResidentSetSize': [0], 'SubmitTimes': [1768130308.0], 'StartTimes': [], 'EndTimes': [], 'TotalUserCpuTimeHistory': [0.0], 'TotalSysCpuTimeHistory': [0.0], 'WallDurations': [0], 'JobIds': ['138548565.0'], 'State': 'idle', 'RecordedSite': False}, '279': {'Retries': 0, 'Restarts': 0, 'SiteHistory': ['Unknown'], 'ResidentSetSize': [0], 'SubmitTimes': [1768130308.0], 'StartTimes': [], 'EndTimes': [], 'TotalUserCpuTimeHistory': [0.0], 'TotalSysCpuTimeHistory': [0.0], 'WallDurations': [0], 'JobIds': ['138548566.0'], 'State': 'idle', 'RecordedSite': False}, '285': {'Retries': 0, 'Restarts': 0, 'SiteHistory': ['Unknown'], 'ResidentSetSize': [0], 'SubmitTimes': [1768130308.0], 'StartTimes': [], 'EndTimes': [], 'TotalUserCpuTimeHistory': [0.0], 'TotalSysCpuTimeHistory': [0.0], 'WallDurations': [0], 'JobIds': ['138548567.0'], 'State': 'idle', 'RecordedSite': False}, '287': {'Retries': 0, 'Restarts': 0, 'SiteHistory': ['Unknown'], 'ResidentSetSize': [0], 'SubmitTimes': [1768130308.0], 'StartTimes': [], 'EndTimes': [], 'TotalUserCpuTimeHistory': [0.0], 'TotalSysCpuTimeHistory': [0.0], 'WallDurations': [0], 'JobIds': ['138548568.0'], 'State': 'idle', 'RecordedSite': False}, '286': {'Retries': 0, 'Restarts': 0, 'SiteHistory': ['Unknown'], 'ResidentSetSize': [0], 'SubmitTimes': [1768130308.0], 'StartTimes': [], 'EndTimes': [], 'TotalUserCpuTimeHistory': [0.0], 'TotalSysCpuTimeHistory': [0.0], 'WallDurations': [0], 'JobIds': ['138548569.0'], 'State': 'idle', 'RecordedSite': False}, '278': {'Retries': 0, 'Restarts': 0, 'SiteHistory': ['Unknown'], 'ResidentSetSize': [0], 'SubmitTimes': [1768130308.0], 'StartTimes': [], 'EndTimes': [], 'TotalUserCpuTimeHistory': [0.0], 'TotalSysCpuTimeHistory': [0.0], 'WallDurations': [0], 'JobIds': ['138548570.0'], 'State': 'idle', 'RecordedSite': False}, '288': {'Retries': 0, 'Restarts': 0, 'SiteHistory': ['Unknown'], 'ResidentSetSize': [0], 'SubmitTimes': [1768130308.0], 'StartTimes': [], 'EndTimes': [], 'TotalUserCpuTimeHistory': [0.0], 'TotalSysCpuTimeHistory': [0.0], 'WallDurations': [0], 'JobIds': ['138548571.0'], 'State': 'idle', 'RecordedSite': False}, '284': {'Retries': 0, 'Restarts': 0, 'SiteHistory': ['Unknown'], 'ResidentSetSize': [0], 'SubmitTimes': [1768130308.0], 'StartTimes': [], 'EndTimes': [], 'TotalUserCpuTimeHistory': [0.0], 'TotalSysCpuTimeHistory': [0.0], 'WallDurations': [0], 'JobIds': ['138548572.0'], 'State': 'idle', 'RecordedSite': False}, '281': {'Retries': 0, 'Restarts': 0, 'SiteHistory': ['Unknown'], 'ResidentSetSize': [0], 'SubmitTimes': [1768130308.0], 'StartTimes': [], 'EndTimes': [], 'TotalUserCpuTimeHistory': [0.0], 'TotalSysCpuTimeHistory': [0.0], 'WallDurations': [0], 'JobIds': ['138548573.0'], 'State': 'idle', 'RecordedSite': False}, '283': {'Retries': 0, 'Restarts': 0, 'SiteHistory': ['Unknown'], 'ResidentSetSize': [0], 'SubmitTimes': [1768130308.0], 'StartTimes': [], 'EndTimes': [], 'TotalUserCpuTimeHistory': [0.0], 'TotalSysCpuTimeHistory': [0.0], 'WallDurations': [0], 'JobIds': ['138548574.0'], 'State': 'idle', 'RecordedSite': False}, '290': {'Retries': 0, 'Restarts': 0, 'SiteHistory': ['Unknown'], 'ResidentSetSize': [0], 'SubmitTimes': [1768130308.0], 'StartTimes': [], 'EndTimes': [], 'TotalUserCpuTimeHistory': [0.0], 'TotalSysCpuTimeHistory': [0.0], 'WallDurations': [0], 'JobIds': ['138548575.0'], 'State': 'idle', 'RecordedSite': False}, '292': {'Retries': 0, 'Restarts': 0, 'SiteHistory': ['Unknown'], 'ResidentSetSize': [0], 'SubmitTimes': [1768130308.0], 'StartTimes': [], 'EndTimes': [], 'TotalUserCpuTimeHistory': [0.0], 'TotalSysCpuTimeHistory': [0.0], 'WallDurations': [0], 'JobIds': ['138548576.0'], 'State': 'idle', 'RecordedSite': False}, '291': {'Retries': 0, 'Restarts': 0, 'SiteHistory': ['Unknown'], 'ResidentSetSize': [0], 'SubmitTimes': [1768130308.0], 'StartTimes': [], 'EndTimes': [], 'TotalUserCpuTimeHistory': [0.0], 'TotalSysCpuTimeHistory': [0.0], 'WallDurations': [0], 'JobIds': ['138548577.0'], 'State': 'idle', 'RecordedSite': False}, '293': {'Retries': 0, 'Restarts': 0, 'SiteHistory': ['Unknown'], 'ResidentSetSize': [0], 'SubmitTimes': [1768130308.0], 'StartTimes': [], 'EndTimes': [], 'TotalUserCpuTimeHistory': [0.0], 'TotalSysCpuTimeHistory': [0.0], 'WallDurations': [0], 'JobIds': ['138548578.0'], 'State': 'idle', 'RecordedSite': False}, '294': {'Retries': 0, 'Restarts': 0, 'SiteHistory': ['Unknown'], 'ResidentSetSize': [0], 'SubmitTimes': [1768130308.0], 'StartTimes': [], 'EndTimes': [], 'TotalUserCpuTimeHistory': [0.0], 'TotalSysCpuTimeHistory': [0.0], 'WallDurations': [0], 'JobIds': ['138548579.0'], 'State': 'idle', 'RecordedSite': False}, '289': {'Retries': 0, 'Restarts': 0, 'SiteHistory': ['Unknown'], 'ResidentSetSize': [0], 'SubmitTimes': [1768130308.0], 'StartTimes': [], 'EndTimes': [], 'TotalUserCpuTimeHistory': [0.0], 'TotalSysCpuTimeHistory': [0.0], 'WallDurations': [0], 'JobIds': ['138548580.0'], 'State': 'idle', 'RecordedSite': False}, '296': {'Retries': 0, 'Restarts': 0, 'SiteHistory': ['Unknown'], 'ResidentSetSize': [0], 'SubmitTimes': [1768130308.0], 'StartTimes': [], 'EndTimes': [], 'TotalUserCpuTimeHistory': [0.0], 'TotalSysCpuTimeHistory': [0.0], 'WallDurations': [0], 'JobIds': ['138548581.0'], 'State': 'idle', 'RecordedSite': False}, '300': {'Retries': 0, 'Restarts': 0, 'SiteHistory': ['Unknown'], 'ResidentSetSize': [0], 'SubmitTimes': [1768130308.0], 'StartTimes': [], 'EndTimes': [], 'TotalUserCpuTimeHistory': [0.0], 'TotalSysCpuTimeHistory': [0.0], 'WallDurations': [0], 'JobIds': ['138548582.0'], 'State': 'idle', 'RecordedSite': False}, '301': {'Retries': 0, 'Restarts': 0, 'SiteHistory': ['Unknown'], 'ResidentSetSize': [0], 'SubmitTimes': [1768130308.0], 'StartTimes': [], 'EndTimes': [], 'TotalUserCpuTimeHistory': [0.0], 'TotalSysCpuTimeHistory': [0.0], 'WallDurations': [0], 'JobIds': ['138548583.0'], 'State': 'idle', 'RecordedSite': False}, '295': {'Retries': 0, 'Restarts': 0, 'SiteHistory': ['Unknown'], 'ResidentSetSize': [0], 'SubmitTimes': [1768130308.0], 'StartTimes': [], 'EndTimes': [], 'TotalUserCpuTimeHistory': [0.0], 'TotalSysCpuTimeHistory': [0.0], 'WallDurations': [0], 'JobIds': ['138548584.0'], 'State': 'idle', 'RecordedSite': False}, '303': {'Retries': 0, 'Restarts': 0, 'SiteHistory': ['Unknown'], 'ResidentSetSize': [0], 'SubmitTimes': [1768130308.0], 'StartTimes': [], 'EndTimes': [], 'TotalUserCpuTimeHistory': [0.0], 'TotalSysCpuTimeHistory': [0.0], 'WallDurations': [0], 'JobIds': ['138548585.0'], 'State': 'idle', 'RecordedSite': False}, '297': {'Retries': 0, 'Restarts': 0, 'SiteHistory': ['Unknown'], 'ResidentSetSize': [0], 'SubmitTimes': [1768130308.0], 'StartTimes': [], 'EndTimes': [], 'TotalUserCpuTimeHistory': [0.0], 'TotalSysCpuTimeHistory': [0.0], 'WallDurations': [0], 'JobIds': ['138548586.0'], 'State': 'idle', 'RecordedSite': False}, '299': {'Retries': 0, 'Restarts': 0, 'SiteHistory': ['Unknown'], 'ResidentSetSize': [0], 'SubmitTimes': [1768130308.0], 'StartTimes': [], 'EndTimes': [], 'TotalUserCpuTimeHistory': [0.0], 'TotalSysCpuTimeHistory': [0.0], 'WallDurations': [0], 'JobIds': ['138548587.0'], 'State': 'idle', 'RecordedSite': False}, '306': {'Retries': 0, 'Restarts': 0, 'SiteHistory': ['Unknown'], 'ResidentSetSize': [0], 'SubmitTimes': [1768130308.0], 'StartTimes': [], 'EndTimes': [], 'TotalUserCpuTimeHistory': [0.0], 'TotalSysCpuTimeHistory': [0.0], 'WallDurations': [0], 'JobIds': ['138548588.0'], 'State': 'idle', 'RecordedSite': False}, '298': {'Retries': 0, 'Restarts': 0, 'SiteHistory': ['Unknown'], 'ResidentSetSize': [0], 'SubmitTimes': [1768130308.0], 'StartTimes': [], 'EndTimes': [], 'TotalUserCpuTimeHistory': [0.0], 'TotalSysCpuTimeHistory': [0.0], 'WallDurations': [0], 'JobIds': ['138548589.0'], 'State': 'idle', 'RecordedSite': False}, '302': {'Retries': 0, 'Restarts': 0, 'SiteHistory': ['Unknown'], 'ResidentSetSize': [0], 'SubmitTimes': [1768130308.0], 'StartTimes': [], 'EndTimes': [], 'TotalUserCpuTimeHistory': [0.0], 'TotalSysCpuTimeHistory': [0.0], 'WallDurations': [0], 'JobIds': ['138548590.0'], 'State': 'idle', 'RecordedSite': False}, '308': {'Retries': 0, 'Restarts': 0, 'SiteHistory': ['Unknown'], 'ResidentSetSize': [0], 'SubmitTimes': [1768130308.0], 'StartTimes': [], 'EndTimes': [], 'TotalUserCpuTimeHistory': [0.0], 'TotalSysCpuTimeHistory': [0.0], 'WallDurations': [0], 'JobIds': ['138548591.0'], 'State': 'idle', 'RecordedSite': False}, '305': {'Retries': 0, 'Restarts': 0, 'SiteHistory': ['Unknown'], 'ResidentSetSize': [0], 'SubmitTimes': [1768130308.0], 'StartTimes': [], 'EndTimes': [], 'TotalUserCpuTimeHistory': [0.0], 'TotalSysCpuTimeHistory': [0.0], 'WallDurations': [0], 'JobIds': ['138548592.0'], 'State': 'idle', 'RecordedSite': False}, '309': {'Retries': 0, 'Restarts': 0, 'SiteHistory': ['Unknown'], 'ResidentSetSize': [0], 'SubmitTimes': [1768130309.0], 'StartTimes': [], 'EndTimes': [], 'TotalUserCpuTimeHistory': [0.0], 'TotalSysCpuTimeHistory': [0.0], 'WallDurations': [0], 'JobIds': ['138548593.0'], 'State': 'idle', 'RecordedSite': False}, '307': {'Retries': 0, 'Restarts': 0, 'SiteHistory': ['Unknown'], 'ResidentSetSize': [0], 'SubmitTimes': [1768130309.0], 'StartTimes': [], 'EndTimes': [], 'TotalUserCpuTimeHistory': [0.0], 'TotalSysCpuTimeHistory': [0.0], 'WallDurations': [0], 'JobIds': ['138548594.0'], 'State': 'idle', 'RecordedSite': False}, '304': {'Retries': 0, 'Restarts': 0, 'SiteHistory': ['Unknown'], 'ResidentSetSize': [0], 'SubmitTimes': [1768130309.0], 'StartTimes': [], 'EndTimes': [], 'TotalUserCpuTimeHistory': [0.0], 'TotalSysCpuTimeHistory': [0.0], 'WallDurations': [0], 'JobIds': ['138548595.0'], 'State': 'idle', 'RecordedSite': False}, '311': {'Retries': 0, 'Restarts': 0, 'SiteHistory': ['Unknown'], 'ResidentSetSize': [0], 'SubmitTimes': [1768130309.0], 'StartTimes': [], 'EndTimes': [], 'TotalUserCpuTimeHistory': [0.0], 'TotalSysCpuTimeHistory': [0.0], 'WallDurations': [0], 'JobIds': ['138548596.0'], 'State': 'idle', 'RecordedSite': False}, '310': {'Retries': 0, 'Restarts': 0, 'SiteHistory': ['Unknown'], 'ResidentSetSize': [0], 'SubmitTimes': [1768130309.0], 'StartTimes': [], 'EndTimes': [], 'TotalUserCpuTimeHistory': [0.0], 'TotalSysCpuTimeHistory': [0.0], 'WallDurations': [0], 'JobIds': ['138548597.0'], 'State': 'idle', 'RecordedSite': False}, '312': {'Retries': 0, 'Restarts': 0, 'SiteHistory': ['Unknown'], 'ResidentSetSize': [0], 'SubmitTimes': [1768130309.0], 'StartTimes': [], 'EndTimes': [], 'TotalUserCpuTimeHistory': [0.0], 'TotalSysCpuTimeHistory': [0.0], 'WallDurations': [0], 'JobIds': ['138548598.0'], 'State': 'idle', 'RecordedSite': False}, '316': {'Retries': 0, 'Restarts': 0, 'SiteHistory': ['Unknown'], 'ResidentSetSize': [0], 'SubmitTimes': [1768130314.0], 'StartTimes': [], 'EndTimes': [], 'TotalUserCpuTimeHistory': [0.0], 'TotalSysCpuTimeHistory': [0.0], 'WallDurations': [0], 'JobIds': ['138548600.0'], 'State': 'idle', 'RecordedSite': False}, '314': {'Retries': 0, 'Restarts': 0, 'SiteHistory': ['Unknown'], 'ResidentSetSize': [0], 'SubmitTimes': [1768130314.0], 'StartTimes': [], 'EndTimes': [], 'TotalUserCpuTimeHistory': [0.0], 'TotalSysCpuTimeHistory': [0.0], 'WallDurations': [0], 'JobIds': ['138548601.0'], 'State': 'idle', 'RecordedSite': False}, '319': {'Retries': 0, 'Restarts': 0, 'SiteHistory': ['Unknown'], 'ResidentSetSize': [0], 'SubmitTimes': [1768130314.0], 'StartTimes': [], 'EndTimes': [], 'TotalUserCpuTimeHistory': [0.0], 'TotalSysCpuTimeHistory': [0.0], 'WallDurations': [0], 'JobIds': ['138548602.0'], 'State': 'idle', 'RecordedSite': False}, '317': {'Retries': 0, 'Restarts': 0, 'SiteHistory': ['Unknown'], 'ResidentSetSize': [0], 'SubmitTimes': [1768130314.0], 'StartTimes': [], 'EndTimes': [], 'TotalUserCpuTimeHistory': [0.0], 'TotalSysCpuTimeHistory': [0.0], 'WallDurations': [0], 'JobIds': ['138548603.0'], 'State': 'idle', 'RecordedSite': False}, '318': {'Retries': 0, 'Restarts': 0, 'SiteHistory': ['Unknown'], 'ResidentSetSize': [0], 'SubmitTimes': [1768130314.0], 'StartTimes': [], 'EndTimes': [], 'TotalUserCpuTimeHistory': [0.0], 'TotalSysCpuTimeHistory': [0.0], 'WallDurations': [0], 'JobIds': ['138548604.0'], 'State': 'idle', 'RecordedSite': False}, '322': {'Retries': 0, 'Restarts': 0, 'SiteHistory': ['Unknown'], 'ResidentSetSize': [0], 'SubmitTimes': [1768130314.0], 'StartTimes': [], 'EndTimes': [], 'TotalUserCpuTimeHistory': [0.0], 'TotalSysCpuTimeHistory': [0.0], 'WallDurations': [0], 'JobIds': ['138548605.0'], 'State': 'idle', 'RecordedSite': False}, '313': {'Retries': 0, 'Restarts': 0, 'SiteHistory': ['Unknown'], 'ResidentSetSize': [0], 'SubmitTimes': [1768130314.0], 'StartTimes': [], 'EndTimes': [], 'TotalUserCpuTimeHistory': [0.0], 'TotalSysCpuTimeHistory': [0.0], 'WallDurations': [0], 'JobIds': ['138548606.0'], 'State': 'idle', 'RecordedSite': False}, '315': {'Retries': 0, 'Restarts': 0, 'SiteHistory': ['Unknown'], 'ResidentSetSize': [0], 'SubmitTimes': [1768130314.0], 'StartTimes': [], 'EndTimes': [], 'TotalUserCpuTimeHistory': [0.0], 'TotalSysCpuTimeHistory': [0.0], 'WallDurations': [0], 'JobIds': ['138548607.0'], 'State': 'idle', 'RecordedSite': False}, '320': {'Retries': 0, 'Restarts': 0, 'SiteHistory': ['Unknown'], 'ResidentSetSize': [0], 'SubmitTimes': [1768130314.0], 'StartTimes': [], 'EndTimes': [], 'TotalUserCpuTimeHistory': [0.0], 'TotalSysCpuTimeHistory': [0.0], 'WallDurations': [0], 'JobIds': ['138548608.0'], 'State': 'idle', 'RecordedSite': False}, '324': {'Retries': 0, 'Restarts': 0, 'SiteHistory': ['Unknown'], 'ResidentSetSize': [0], 'SubmitTimes': [1768130314.0], 'StartTimes': [], 'EndTimes': [], 'TotalUserCpuTimeHistory': [0.0], 'TotalSysCpuTimeHistory': [0.0], 'WallDurations': [0], 'JobIds': ['138548609.0'], 'State': 'idle', 'RecordedSite': False}, '321': {'Retries': 0, 'Restarts': 0, 'SiteHistory': ['Unknown'], 'ResidentSetSize': [0], 'SubmitTimes': [1768130314.0], 'StartTimes': [], 'EndTimes': [], 'TotalUserCpuTimeHistory': [0.0], 'TotalSysCpuTimeHistory': [0.0], 'WallDurations': [0], 'JobIds': ['138548610.0'], 'State': 'idle', 'RecordedSite': False}, '323': {'Retries': 0, 'Restarts': 0, 'SiteHistory': ['Unknown'], 'ResidentSetSize': [0], 'SubmitTimes': [1768130314.0], 'StartTimes': [], 'EndTimes': [], 'TotalUserCpuTimeHistory': [0.0], 'TotalSysCpuTimeHistory': [0.0], 'WallDurations': [0], 'JobIds': ['138548611.0'], 'State': 'idle', 'RecordedSite': False}, '325': {'Retries': 0, 'Restarts': 0, 'SiteHistory': ['Unknown'], 'ResidentSetSize': [0], 'SubmitTimes': [1768130314.0], 'StartTimes': [], 'EndTimes': [], 'TotalUserCpuTimeHistory': [0.0], 'TotalSysCpuTimeHistory': [0.0], 'WallDurations': [0], 'JobIds': ['138548612.0'], 'State': 'idle', 'RecordedSite': False}, '326': {'Retries': 0, 'Restarts': 0, 'SiteHistory': ['Unknown'], 'ResidentSetSize': [0], 'SubmitTimes': [1768130314.0], 'StartTimes': [], 'EndTimes': [], 'TotalUserCpuTimeHistory': [0.0], 'TotalSysCpuTimeHistory': [0.0], 'WallDurations': [0], 'JobIds': ['138548613.0'], 'State': 'idle', 'RecordedSite': False}, '328': {'Retries': 0, 'Restarts': 0, 'SiteHistory': ['Unknown'], 'ResidentSetSize': [0], 'SubmitTimes': [1768130314.0], 'StartTimes': [], 'EndTimes': [], 'TotalUserCpuTimeHistory': [0.0], 'TotalSysCpuTimeHistory': [0.0], 'WallDurations': [0], 'JobIds': ['138548614.0'], 'State': 'idle', 'RecordedSite': False}, '330': {'Retries': 0, 'Restarts': 0, 'SiteHistory': ['Unknown'], 'ResidentSetSize': [0], 'SubmitTimes': [1768130314.0], 'StartTimes': [], 'EndTimes': [], 'TotalUserCpuTimeHistory': [0.0], 'TotalSysCpuTimeHistory': [0.0], 'WallDurations': [0], 'JobIds': ['138548615.0'], 'State': 'idle', 'RecordedSite': False}, '327': {'Retries': 0, 'Restarts': 0, 'SiteHistory': ['Unknown'], 'ResidentSetSize': [0], 'SubmitTimes': [1768130314.0], 'StartTimes': [], 'EndTimes': [], 'TotalUserCpuTimeHistory': [0.0], 'TotalSysCpuTimeHistory': [0.0], 'WallDurations': [0], 'JobIds': ['138548616.0'], 'State': 'idle', 'RecordedSite': False}, '331': {'Retries': 0, 'Restarts': 0, 'SiteHistory': ['Unknown'], 'ResidentSetSize': [0], 'SubmitTimes': [1768130314.0], 'StartTimes': [], 'EndTimes': [], 'TotalUserCpuTimeHistory': [0.0], 'TotalSysCpuTimeHistory': [0.0], 'WallDurations': [0], 'JobIds': ['138548617.0'], 'State': 'idle', 'RecordedSite': False}, '333': {'Retries': 0, 'Restarts': 0, 'SiteHistory': ['Unknown'], 'ResidentSetSize': [0], 'SubmitTimes': [1768130314.0], 'StartTimes': [], 'EndTimes': [], 'TotalUserCpuTimeHistory': [0.0], 'TotalSysCpuTimeHistory': [0.0], 'WallDurations': [0], 'JobIds': ['138548618.0'], 'State': 'idle', 'RecordedSite': False}, '329': {'Retries': 0, 'Restarts': 0, 'SiteHistory': ['Unknown'], 'ResidentSetSize': [0], 'SubmitTimes': [1768130314.0], 'StartTimes': [], 'EndTimes': [], 'TotalUserCpuTimeHistory': [0.0], 'TotalSysCpuTimeHistory': [0.0], 'WallDurations': [0], 'JobIds': ['138548619.0'], 'State': 'idle', 'RecordedSite': False}, '332': {'Retries': 0, 'Restarts': 0, 'SiteHistory': ['Unknown'], 'ResidentSetSize': [0], 'SubmitTimes': [1768130314.0], 'StartTimes': [], 'EndTimes': [], 'TotalUserCpuTimeHistory': [0.0], 'TotalSysCpuTimeHistory': [0.0], 'WallDurations': [0], 'JobIds': ['138548620.0'], 'State': 'idle', 'RecordedSite': False}, '334': {'Retries': 0, 'Restarts': 0, 'SiteHistory': ['Unknown'], 'ResidentSetSize': [0], 'SubmitTimes': [1768130314.0], 'StartTimes': [], 'EndTimes': [], 'TotalUserCpuTimeHistory': [0.0], 'TotalSysCpuTimeHistory': [0.0], 'WallDurations': [0], 'JobIds': ['138548621.0'], 'State': 'idle', 'RecordedSite': False}, '335': {'Retries': 0, 'Restarts': 0, 'SiteHistory': ['Unknown'], 'ResidentSetSize': [0], 'SubmitTimes': [1768130314.0], 'StartTimes': [], 'EndTimes': [], 'TotalUserCpuTimeHistory': [0.0], 'TotalSysCpuTimeHistory': [0.0], 'WallDurations': [0], 'JobIds': ['138548622.0'], 'State': 'idle', 'RecordedSite': False}, '336': {'Retries': 0, 'Restarts': 0, 'SiteHistory': ['Unknown'], 'ResidentSetSize': [0], 'SubmitTimes': [1768130314.0], 'StartTimes': [], 'EndTimes': [], 'TotalUserCpuTimeHistory': [0.0], 'TotalSysCpuTimeHistory': [0.0], 'WallDurations': [0], 'JobIds': ['138548623.0'], 'State': 'idle', 'RecordedSite': False}, '337': {'Retries': 0, 'Restarts': 0, 'SiteHistory': ['Unknown'], 'ResidentSetSize': [0], 'SubmitTimes': [1768130314.0], 'StartTimes': [], 'EndTimes': [], 'TotalUserCpuTimeHistory': [0.0], 'TotalSysCpuTimeHistory': [0.0], 'WallDurations': [0], 'JobIds': ['138548624.0'], 'State': 'idle', 'RecordedSite': False}, '338': {'Retries': 0, 'Restarts': 0, 'SiteHistory': ['Unknown'], 'ResidentSetSize': [0], 'SubmitTimes': [1768130314.0], 'StartTimes': [], 'EndTimes': [], 'TotalUserCpuTimeHistory': [0.0], 'TotalSysCpuTimeHistory': [0.0], 'WallDurations': [0], 'JobIds': ['138548625.0'], 'State': 'idle', 'RecordedSite': False}, '339': {'Retries': 0, 'Restarts': 0, 'SiteHistory': ['Unknown'], 'ResidentSetSize': [0], 'SubmitTimes': [1768130314.0], 'StartTimes': [], 'EndTimes': [], 'TotalUserCpuTimeHistory': [0.0], 'TotalSysCpuTimeHistory': [0.0], 'WallDurations': [0], 'JobIds': ['138548626.0'], 'State': 'idle', 'RecordedSite': False}, '340': {'Retries': 0, 'Restarts': 0, 'SiteHistory': ['Unknown'], 'ResidentSetSize': [0], 'SubmitTimes': [1768130314.0], 'StartTimes': [], 'EndTimes': [], 'TotalUserCpuTimeHistory': [0.0], 'TotalSysCpuTimeHistory': [0.0], 'WallDurations': [0], 'JobIds': ['138548627.0'], 'State': 'idle', 'RecordedSite': False}, '341': {'Retries': 0, 'Restarts': 0, 'SiteHistory': ['Unknown'], 'ResidentSetSize': [0], 'SubmitTimes': [1768130314.0], 'StartTimes': [], 'EndTimes': [], 'TotalUserCpuTimeHistory': [0.0], 'TotalSysCpuTimeHistory': [0.0], 'WallDurations': [0], 'JobIds': ['138548628.0'], 'State': 'idle', 'RecordedSite': False}, '342': {'Retries': 0, 'Restarts': 0, 'SiteHistory': ['Unknown'], 'ResidentSetSize': [0], 'SubmitTimes': [1768130314.0], 'StartTimes': [], 'EndTimes': [], 'TotalUserCpuTimeHistory': [0.0], 'TotalSysCpuTimeHistory': [0.0], 'WallDurations': [0], 'JobIds': ['138548629.0'], 'State': 'idle', 'RecordedSite': False}, '343': {'Retries': 0, 'Restarts': 0, 'SiteHistory': ['Unknown'], 'ResidentSetSize': [0], 'SubmitTimes': [1768130314.0], 'StartTimes': [], 'EndTimes': [], 'TotalUserCpuTimeHistory': [0.0], 'TotalSysCpuTimeHistory': [0.0], 'WallDurations': [0], 'JobIds': ['138548630.0'], 'State': 'idle', 'RecordedSite': False}, '344': {'Retries': 0, 'Restarts': 0, 'SiteHistory': ['Unknown'], 'ResidentSetSize': [0], 'SubmitTimes': [1768130314.0], 'StartTimes': [], 'EndTimes': [], 'TotalUserCpuTimeHistory': [0.0], 'TotalSysCpuTimeHistory': [0.0], 'WallDurations': [0], 'JobIds': ['138548631.0'], 'State': 'idle', 'RecordedSite': False}, '345': {'Retries': 0, 'Restarts': 0, 'SiteHistory': ['Unknown'], 'ResidentSetSize': [0], 'SubmitTimes': [1768130314.0], 'StartTimes': [], 'EndTimes': [], 'TotalUserCpuTimeHistory': [0.0], 'TotalSysCpuTimeHistory': [0.0], 'WallDurations': [0], 'JobIds': ['138548632.0'], 'State': 'idle', 'RecordedSite': False}, '346': {'Retries': 0, 'Restarts': 0, 'SiteHistory': ['Unknown'], 'ResidentSetSize': [0], 'SubmitTimes': [1768130314.0], 'StartTimes': [], 'EndTimes': [], 'TotalUserCpuTimeHistory': [0.0], 'TotalSysCpuTimeHistory': [0.0], 'WallDurations': [0], 'JobIds': ['138548633.0'], 'State': 'idle', 'RecordedSite': False}, '347': {'Retries': 0, 'Restarts': 0, 'SiteHistory': ['Unknown'], 'ResidentSetSize': [0], 'SubmitTimes': [1768130314.0], 'StartTimes': [], 'EndTimes': [], 'TotalUserCpuTimeHistory': [0.0], 'TotalSysCpuTimeHistory': [0.0], 'WallDurations': [0], 'JobIds': ['138548634.0'], 'State': 'idle', 'RecordedSite': False}, '348': {'Retries': 0, 'Restarts': 0, 'SiteHistory': ['Unknown'], 'ResidentSetSize': [0], 'SubmitTimes': [1768130314.0], 'StartTimes': [], 'EndTimes': [], 'TotalUserCpuTimeHistory': [0.0], 'TotalSysCpuTimeHistory': [0.0], 'WallDurations': [0], 'JobIds': ['138548635.0'], 'State': 'idle', 'RecordedSite': False}, '349': {'Retries': 0, 'Restarts': 0, 'SiteHistory': ['Unknown'], 'ResidentSetSize': [0], 'SubmitTimes': [1768130314.0], 'StartTimes': [], 'EndTimes': [], 'TotalUserCpuTimeHistory': [0.0], 'TotalSysCpuTimeHistory': [0.0], 'WallDurations': [0], 'JobIds': ['138548636.0'], 'State': 'idle', 'RecordedSite': False}, '350': {'Retries': 0, 'Restarts': 0, 'SiteHistory': ['Unknown'], 'ResidentSetSize': [0], 'SubmitTimes': [1768130315.0], 'StartTimes': [], 'EndTimes': [], 'TotalUserCpuTimeHistory': [0.0], 'TotalSysCpuTimeHistory': [0.0], 'WallDurations': [0], 'JobIds': ['138548637.0'], 'State': 'idle', 'RecordedSite': False}, '357': {'Retries': 0, 'Restarts': 0, 'SiteHistory': ['Unknown'], 'ResidentSetSize': [0], 'SubmitTimes': [1768130315.0], 'StartTimes': [], 'EndTimes': [], 'TotalUserCpuTimeHistory': [0.0], 'TotalSysCpuTimeHistory': [0.0], 'WallDurations': [0], 'JobIds': ['138548638.0'], 'State': 'idle', 'RecordedSite': False}, '361': {'Retries': 0, 'Restarts': 0, 'SiteHistory': ['Unknown'], 'ResidentSetSize': [0], 'SubmitTimes': [1768130315.0], 'StartTimes': [], 'EndTimes': [], 'TotalUserCpuTimeHistory': [0.0], 'TotalSysCpuTimeHistory': [0.0], 'WallDurations': [0], 'JobIds': ['138548639.0'], 'State': 'idle', 'RecordedSite': False}, '353': {'Retries': 0, 'Restarts': 0, 'SiteHistory': ['Unknown'], 'ResidentSetSize': [0], 'SubmitTimes': [1768130315.0], 'StartTimes': [], 'EndTimes': [], 'TotalUserCpuTimeHistory': [0.0], 'TotalSysCpuTimeHistory': [0.0], 'WallDurations': [0], 'JobIds': ['138548640.0'], 'State': 'idle', 'RecordedSite': False}, '366': {'Retries': 0, 'Restarts': 0, 'SiteHistory': ['Unknown'], 'ResidentSetSize': [0], 'SubmitTimes': [1768130315.0], 'StartTimes': [], 'EndTimes': [], 'TotalUserCpuTimeHistory': [0.0], 'TotalSysCpuTimeHistory': [0.0], 'WallDurations': [0], 'JobIds': ['138548641.0'], 'State': 'idle', 'RecordedSite': False}, '360': {'Retries': 0, 'Restarts': 0, 'SiteHistory': ['Unknown'], 'ResidentSetSize': [0], 'SubmitTimes': [1768130315.0], 'StartTimes': [], 'EndTimes': [], 'TotalUserCpuTimeHistory': [0.0], 'TotalSysCpuTimeHistory': [0.0], 'WallDurations': [0], 'JobIds': ['138548642.0'], 'State': 'idle', 'RecordedSite': False}, '358': {'Retries': 0, 'Restarts': 0, 'SiteHistory': ['Unknown'], 'ResidentSetSize': [0], 'SubmitTimes': [1768130315.0], 'StartTimes': [], 'EndTimes': [], 'TotalUserCpuTimeHistory': [0.0], 'TotalSysCpuTimeHistory': [0.0], 'WallDurations': [0], 'JobIds': ['138548643.0'], 'State': 'idle', 'RecordedSite': False}, '363': {'Retries': 0, 'Restarts': 0, 'SiteHistory': ['Unknown'], 'ResidentSetSize': [0], 'SubmitTimes': [1768130315.0], 'StartTimes': [], 'EndTimes': [], 'TotalUserCpuTimeHistory': [0.0], 'TotalSysCpuTimeHistory': [0.0], 'WallDurations': [0], 'JobIds': ['138548644.0'], 'State': 'idle', 'RecordedSite': False}, '355': {'Retries': 0, 'Restarts': 0, 'SiteHistory': ['Unknown'], 'ResidentSetSize': [0], 'SubmitTimes': [1768130315.0], 'StartTimes': [], 'EndTimes': [], 'TotalUserCpuTimeHistory': [0.0], 'TotalSysCpuTimeHistory': [0.0], 'WallDurations': [0], 'JobIds': ['138548645.0'], 'State': 'idle', 'RecordedSite': False}, '370': {'Retries': 0, 'Restarts': 0, 'SiteHistory': ['Unknown'], 'ResidentSetSize': [0], 'SubmitTimes': [1768130315.0], 'StartTimes': [], 'EndTimes': [], 'TotalUserCpuTimeHistory': [0.0], 'TotalSysCpuTimeHistory': [0.0], 'WallDurations': [0], 'JobIds': ['138548646.0'], 'State': 'idle', 'RecordedSite': False}, '356': {'Retries': 0, 'Restarts': 0, 'SiteHistory': ['Unknown'], 'ResidentSetSize': [0], 'SubmitTimes': [1768130315.0], 'StartTimes': [], 'EndTimes': [], 'TotalUserCpuTimeHistory': [0.0], 'TotalSysCpuTimeHistory': [0.0], 'WallDurations': [0], 'JobIds': ['138548647.0'], 'State': 'idle', 'RecordedSite': False}, '371': {'Retries': 0, 'Restarts': 0, 'SiteHistory': ['Unknown'], 'ResidentSetSize': [0], 'SubmitTimes': [1768130315.0], 'StartTimes': [], 'EndTimes': [], 'TotalUserCpuTimeHistory': [0.0], 'TotalSysCpuTimeHistory': [0.0], 'WallDurations': [0], 'JobIds': ['138548648.0'], 'State': 'idle', 'RecordedSite': False}, '354': {'Retries': 0, 'Restarts': 0, 'SiteHistory': ['Unknown'], 'ResidentSetSize': [0], 'SubmitTimes': [1768130315.0], 'StartTimes': [], 'EndTimes': [], 'TotalUserCpuTimeHistory': [0.0], 'TotalSysCpuTimeHistory': [0.0], 'WallDurations': [0], 'JobIds': ['138548649.0'], 'State': 'idle', 'RecordedSite': False}, '352': {'Retries': 0, 'Restarts': 0, 'SiteHistory': ['Unknown'], 'ResidentSetSize': [0], 'SubmitTimes': [1768130315.0], 'StartTimes': [], 'EndTimes': [], 'TotalUserCpuTimeHistory': [0.0], 'TotalSysCpuTimeHistory': [0.0], 'WallDurations': [0], 'JobIds': ['138548650.0'], 'State': 'idle', 'RecordedSite': False}, '369': {'Retries': 0, 'Restarts': 0, 'SiteHistory': ['Unknown'], 'ResidentSetSize': [0], 'SubmitTimes': [1768130316.0], 'StartTimes': [], 'EndTimes': [], 'TotalUserCpuTimeHistory': [0.0], 'TotalSysCpuTimeHistory': [0.0], 'WallDurations': [0], 'JobIds': ['138548651.0'], 'State': 'idle', 'RecordedSite': False}, '368': {'Retries': 0, 'Restarts': 0, 'SiteHistory': ['Unknown'], 'ResidentSetSize': [0], 'SubmitTimes': [1768130316.0], 'StartTimes': [], 'EndTimes': [], 'TotalUserCpuTimeHistory': [0.0], 'TotalSysCpuTimeHistory': [0.0], 'WallDurations': [0], 'JobIds': ['138548652.0'], 'State': 'idle', 'RecordedSite': False}, '362': {'Retries': 0, 'Restarts': 0, 'SiteHistory': ['Unknown'], 'ResidentSetSize': [0], 'SubmitTimes': [1768130316.0], 'StartTimes': [], 'EndTimes': [], 'TotalUserCpuTimeHistory': [0.0], 'TotalSysCpuTimeHistory': [0.0], 'WallDurations': [0], 'JobIds': ['138548653.0'], 'State': 'idle', 'RecordedSite': False}, '359': {'Retries': 0, 'Restarts': 0, 'SiteHistory': ['Unknown'], 'ResidentSetSize': [0], 'SubmitTimes': [1768130316.0], 'StartTimes': [], 'EndTimes': [], 'TotalUserCpuTimeHistory': [0.0], 'TotalSysCpuTimeHistory': [0.0], 'WallDurations': [0], 'JobIds': ['138548654.0'], 'State': 'idle', 'RecordedSite': False}, '364': {'Retries': 0, 'Restarts': 0, 'SiteHistory': ['Unknown'], 'ResidentSetSize': [0], 'SubmitTimes': [1768130316.0], 'StartTimes': [], 'EndTimes': [], 'TotalUserCpuTimeHistory': [0.0], 'TotalSysCpuTimeHistory': [0.0], 'WallDurations': [0], 'JobIds': ['138548655.0'], 'State': 'idle', 'RecordedSite': False}, '367': {'Retries': 0, 'Restarts': 0, 'SiteHistory': ['Unknown'], 'ResidentSetSize': [0], 'SubmitTimes': [1768130316.0], 'StartTimes': [], 'EndTimes': [], 'TotalUserCpuTimeHistory': [0.0], 'TotalSysCpuTimeHistory': [0.0], 'WallDurations': [0], 'JobIds': ['138548656.0'], 'State': 'idle', 'RecordedSite': False}, '365': {'Retries': 0, 'Restarts': 0, 'SiteHistory': ['Unknown'], 'ResidentSetSize': [0], 'SubmitTimes': [1768130316.0], 'StartTimes': [], 'EndTimes': [], 'TotalUserCpuTimeHistory': [0.0], 'TotalSysCpuTimeHistory': [0.0], 'WallDurations': [0], 'JobIds': ['138548657.0'], 'State': 'idle', 'RecordedSite': False}, '378': {'Retries': 0, 'Restarts': 0, 'SiteHistory': ['Unknown'], 'ResidentSetSize': [0], 'SubmitTimes': [1768130316.0], 'StartTimes': [], 'EndTimes': [], 'TotalUserCpuTimeHistory': [0.0], 'TotalSysCpuTimeHistory': [0.0], 'WallDurations': [0], 'JobIds': ['138548658.0'], 'State': 'idle', 'RecordedSite': False}, '373': {'Retries': 0, 'Restarts': 0, 'SiteHistory': ['Unknown'], 'ResidentSetSize': [0], 'SubmitTimes': [1768130316.0], 'StartTimes': [], 'EndTimes': [], 'TotalUserCpuTimeHistory': [0.0], 'TotalSysCpuTimeHistory': [0.0], 'WallDurations': [0], 'JobIds': ['138548659.0'], 'State': 'idle', 'RecordedSite': False}, '375': {'Retries': 0, 'Restarts': 0, 'SiteHistory': ['Unknown'], 'ResidentSetSize': [0], 'SubmitTimes': [1768130316.0], 'StartTimes': [], 'EndTimes': [], 'TotalUserCpuTimeHistory': [0.0], 'TotalSysCpuTimeHistory': [0.0], 'WallDurations': [0], 'JobIds': ['138548660.0'], 'State': 'idle', 'RecordedSite': False}, '379': {'Retries': 0, 'Restarts': 0, 'SiteHistory': ['Unknown'], 'ResidentSetSize': [0], 'SubmitTimes': [1768130316.0], 'StartTimes': [], 'EndTimes': [], 'TotalUserCpuTimeHistory': [0.0], 'TotalSysCpuTimeHistory': [0.0], 'WallDurations': [0], 'JobIds': ['138548661.0'], 'State': 'idle', 'RecordedSite': False}, '381': {'Retries': 0, 'Restarts': 0, 'SiteHistory': ['Unknown'], 'ResidentSetSize': [0], 'SubmitTimes': [1768130316.0], 'StartTimes': [], 'EndTimes': [], 'TotalUserCpuTimeHistory': [0.0], 'TotalSysCpuTimeHistory': [0.0], 'WallDurations': [0], 'JobIds': ['138548662.0'], 'State': 'idle', 'RecordedSite': False}, '384': {'Retries': 0, 'Restarts': 0, 'SiteHistory': ['Unknown'], 'ResidentSetSize': [0], 'SubmitTimes': [1768130316.0], 'StartTimes': [], 'EndTimes': [], 'TotalUserCpuTimeHistory': [0.0], 'TotalSysCpuTimeHistory': [0.0], 'WallDurations': [0], 'JobIds': ['138548663.0'], 'State': 'idle', 'RecordedSite': False}, '386': {'Retries': 0, 'Restarts': 0, 'SiteHistory': ['Unknown'], 'ResidentSetSize': [0], 'SubmitTimes': [1768130316.0], 'StartTimes': [], 'EndTimes': [], 'TotalUserCpuTimeHistory': [0.0], 'TotalSysCpuTimeHistory': [0.0], 'WallDurations': [0], 'JobIds': ['138548664.0'], 'State': 'idle', 'RecordedSite': False}, '383': {'Retries': 0, 'Restarts': 0, 'SiteHistory': ['Unknown'], 'ResidentSetSize': [0], 'SubmitTimes': [1768130316.0], 'StartTimes': [], 'EndTimes': [], 'TotalUserCpuTimeHistory': [0.0], 'TotalSysCpuTimeHistory': [0.0], 'WallDurations': [0], 'JobIds': ['138548665.0'], 'State': 'idle', 'RecordedSite': False}, '390': {'Retries': 0, 'Restarts': 0, 'SiteHistory': ['Unknown'], 'ResidentSetSize': [0], 'SubmitTimes': [1768130316.0], 'StartTimes': [], 'EndTimes': [], 'TotalUserCpuTimeHistory': [0.0], 'TotalSysCpuTimeHistory': [0.0], 'WallDurations': [0], 'JobIds': ['138548666.0'], 'State': 'idle', 'RecordedSite': False}, '380': {'Retries': 0, 'Restarts': 0, 'SiteHistory': ['Unknown'], 'ResidentSetSize': [0], 'SubmitTimes': [1768130316.0], 'StartTimes': [], 'EndTimes': [], 'TotalUserCpuTimeHistory': [0.0], 'TotalSysCpuTimeHistory': [0.0], 'WallDurations': [0], 'JobIds': ['138548667.0'], 'State': 'idle', 'RecordedSite': False}, '376': {'Retries': 0, 'Restarts': 0, 'SiteHistory': ['Unknown'], 'ResidentSetSize': [0], 'SubmitTimes': [1768130316.0], 'StartTimes': [], 'EndTimes': [], 'TotalUserCpuTimeHistory': [0.0], 'TotalSysCpuTimeHistory': [0.0], 'WallDurations': [0], 'JobIds': ['138548668.0'], 'State': 'idle', 'RecordedSite': False}, '372': {'Retries': 0, 'Restarts': 0, 'SiteHistory': ['Unknown'], 'ResidentSetSize': [0], 'SubmitTimes': [1768130316.0], 'StartTimes': [], 'EndTimes': [], 'TotalUserCpuTimeHistory': [0.0], 'TotalSysCpuTimeHistory': [0.0], 'WallDurations': [0], 'JobIds': ['138548669.0'], 'State': 'idle', 'RecordedSite': False}, '374': {'Retries': 0, 'Restarts': 0, 'SiteHistory': ['Unknown'], 'ResidentSetSize': [0], 'SubmitTimes': [1768130316.0], 'StartTimes': [], 'EndTimes': [], 'TotalUserCpuTimeHistory': [0.0], 'TotalSysCpuTimeHistory': [0.0], 'WallDurations': [0], 'JobIds': ['138548670.0'], 'State': 'idle', 'RecordedSite': False}, '377': {'Retries': 0, 'Restarts': 0, 'SiteHistory': ['Unknown'], 'ResidentSetSize': [0], 'SubmitTimes': [1768130316.0], 'StartTimes': [], 'EndTimes': [], 'TotalUserCpuTimeHistory': [0.0], 'TotalSysCpuTimeHistory': [0.0], 'WallDurations': [0], 'JobIds': ['138548671.0'], 'State': 'idle', 'RecordedSite': False}, '387': {'Retries': 0, 'Restarts': 0, 'SiteHistory': ['Unknown'], 'ResidentSetSize': [0], 'SubmitTimes': [1768130316.0], 'StartTimes': [], 'EndTimes': [], 'TotalUserCpuTimeHistory': [0.0], 'TotalSysCpuTimeHistory': [0.0], 'WallDurations': [0], 'JobIds': ['138548672.0'], 'State': 'idle', 'RecordedSite': False}, '389': {'Retries': 0, 'Restarts': 0, 'SiteHistory': ['Unknown'], 'ResidentSetSize': [0], 'SubmitTimes': [1768130316.0], 'StartTimes': [], 'EndTimes': [], 'TotalUserCpuTimeHistory': [0.0], 'TotalSysCpuTimeHistory': [0.0], 'WallDurations': [0], 'JobIds': ['138548673.0'], 'State': 'idle', 'RecordedSite': False}, '385': {'Retries': 0, 'Restarts': 0, 'SiteHistory': ['Unknown'], 'ResidentSetSize': [0], 'SubmitTimes': [1768130316.0], 'StartTimes': [], 'EndTimes': [], 'TotalUserCpuTimeHistory': [0.0], 'TotalSysCpuTimeHistory': [0.0], 'WallDurations': [0], 'JobIds': ['138548674.0'], 'State': 'idle', 'RecordedSite': False}, '382': {'Retries': 0, 'Restarts': 0, 'SiteHistory': ['Unknown'], 'ResidentSetSize': [0], 'SubmitTimes': [1768130316.0], 'StartTimes': [], 'EndTimes': [], 'TotalUserCpuTimeHistory': [0.0], 'TotalSysCpuTimeHistory': [0.0], 'WallDurations': [0], 'JobIds': ['138548675.0'], 'State': 'idle', 'RecordedSite': False}, '391': {'Retries': 0, 'Restarts': 0, 'SiteHistory': ['Unknown'], 'ResidentSetSize': [0], 'SubmitTimes': [1768130316.0], 'StartTimes': [], 'EndTimes': [], 'TotalUserCpuTimeHistory': [0.0], 'TotalSysCpuTimeHistory': [0.0], 'WallDurations': [0], 'JobIds': ['138548676.0'], 'State': 'idle', 'RecordedSite': False}, '388': {'Retries': 0, 'Restarts': 0, 'SiteHistory': ['Unknown'], 'ResidentSetSize': [0], 'SubmitTimes': [1768130316.0], 'StartTimes': [], 'EndTimes': [], 'TotalUserCpuTimeHistory': [0.0], 'TotalSysCpuTimeHistory': [0.0], 'WallDurations': [0], 'JobIds': ['138548677.0'], 'State': 'idle', 'RecordedSite': False}, '394': {'Retries': 0, 'Restarts': 0, 'SiteHistory': ['Unknown'], 'ResidentSetSize': [0], 'SubmitTimes': [1768130316.0], 'StartTimes': [], 'EndTimes': [], 'TotalUserCpuTimeHistory': [0.0], 'TotalSysCpuTimeHistory': [0.0], 'WallDurations': [0], 'JobIds': ['138548678.0'], 'State': 'idle', 'RecordedSite': False}, '393': {'Retries': 0, 'Restarts': 0, 'SiteHistory': ['Unknown'], 'ResidentSetSize': [0], 'SubmitTimes': [1768130316.0], 'StartTimes': [], 'EndTimes': [], 'TotalUserCpuTimeHistory': [0.0], 'TotalSysCpuTimeHistory': [0.0], 'WallDurations': [0], 'JobIds': ['138548679.0'], 'State': 'idle', 'RecordedSite': False}, '398': {'Retries': 0, 'Restarts': 0, 'SiteHistory': ['Unknown'], 'ResidentSetSize': [0], 'SubmitTimes': [1768130316.0], 'StartTimes': [], 'EndTimes': [], 'TotalUserCpuTimeHistory': [0.0], 'TotalSysCpuTimeHistory': [0.0], 'WallDurations': [0], 'JobIds': ['138548680.0'], 'State': 'idle', 'RecordedSite': False}, '397': {'Retries': 0, 'Restarts': 0, 'SiteHistory': ['Unknown'], 'ResidentSetSize': [0], 'SubmitTimes': [1768130316.0], 'StartTimes': [], 'EndTimes': [], 'TotalUserCpuTimeHistory': [0.0], 'TotalSysCpuTimeHistory': [0.0], 'WallDurations': [0], 'JobIds': ['138548681.0'], 'State': 'idle', 'RecordedSite': False}, '401': {'Retries': 0, 'Restarts': 0, 'SiteHistory': ['Unknown'], 'ResidentSetSize': [0], 'SubmitTimes': [1768130316.0], 'StartTimes': [], 'EndTimes': [], 'TotalUserCpuTimeHistory': [0.0], 'TotalSysCpuTimeHistory': [0.0], 'WallDurations': [0], 'JobIds': ['138548682.0'], 'State': 'idle', 'RecordedSite': False}, '392': {'Retries': 0, 'Restarts': 0, 'SiteHistory': ['Unknown'], 'ResidentSetSize': [0], 'SubmitTimes': [1768130316.0], 'StartTimes': [], 'EndTimes': [], 'TotalUserCpuTimeHistory': [0.0], 'TotalSysCpuTimeHistory': [0.0], 'WallDurations': [0], 'JobIds': ['138548683.0'], 'State': 'idle', 'RecordedSite': False}, '402': {'Retries': 0, 'Restarts': 0, 'SiteHistory': ['Unknown'], 'ResidentSetSize': [0], 'SubmitTimes': [1768130316.0], 'StartTimes': [], 'EndTimes': [], 'TotalUserCpuTimeHistory': [0.0], 'TotalSysCpuTimeHistory': [0.0], 'WallDurations': [0], 'JobIds': ['138548684.0'], 'State': 'idle', 'RecordedSite': False}, '403': {'Retries': 0, 'Restarts': 0, 'SiteHistory': ['Unknown'], 'ResidentSetSize': [0], 'SubmitTimes': [1768130316.0], 'StartTimes': [], 'EndTimes': [], 'TotalUserCpuTimeHistory': [0.0], 'TotalSysCpuTimeHistory': [0.0], 'WallDurations': [0], 'JobIds': ['138548685.0'], 'State': 'idle', 'RecordedSite': False}, '405': {'Retries': 0, 'Restarts': 0, 'SiteHistory': ['Unknown'], 'ResidentSetSize': [0], 'SubmitTimes': [1768130316.0], 'StartTimes': [], 'EndTimes': [], 'TotalUserCpuTimeHistory': [0.0], 'TotalSysCpuTimeHistory': [0.0], 'WallDurations': [0], 'JobIds': ['138548686.0'], 'State': 'idle', 'RecordedSite': False}, '407': {'Retries': 0, 'Restarts': 0, 'SiteHistory': ['Unknown'], 'ResidentSetSize': [0], 'SubmitTimes': [1768130316.0], 'StartTimes': [], 'EndTimes': [], 'TotalUserCpuTimeHistory': [0.0], 'TotalSysCpuTimeHistory': [0.0], 'WallDurations': [0], 'JobIds': ['138548687.0'], 'State': 'idle', 'RecordedSite': False}, '399': {'Retries': 0, 'Restarts': 0, 'SiteHistory': ['Unknown'], 'ResidentSetSize': [0], 'SubmitTimes': [1768130316.0], 'StartTimes': [], 'EndTimes': [], 'TotalUserCpuTimeHistory': [0.0], 'TotalSysCpuTimeHistory': [0.0], 'WallDurations': [0], 'JobIds': ['138548688.0'], 'State': 'idle', 'RecordedSite': False}, '395': {'Retries': 0, 'Restarts': 0, 'SiteHistory': ['Unknown'], 'ResidentSetSize': [0], 'SubmitTimes': [1768130316.0], 'StartTimes': [], 'EndTimes': [], 'TotalUserCpuTimeHistory': [0.0], 'TotalSysCpuTimeHistory': [0.0], 'WallDurations': [0], 'JobIds': ['138548689.0'], 'State': 'idle', 'RecordedSite': False}, '406': {'Retries': 0, 'Restarts': 0, 'SiteHistory': ['Unknown'], 'ResidentSetSize': [0], 'SubmitTimes': [1768130316.0], 'StartTimes': [], 'EndTimes': [], 'TotalUserCpuTimeHistory': [0.0], 'TotalSysCpuTimeHistory': [0.0], 'WallDurations': [0], 'JobIds': ['138548690.0'], 'State': 'idle', 'RecordedSite': False}, '400': {'Retries': 0, 'Restarts': 0, 'SiteHistory': ['Unknown'], 'ResidentSetSize': [0], 'SubmitTimes': [1768130316.0], 'StartTimes': [], 'EndTimes': [], 'TotalUserCpuTimeHistory': [0.0], 'TotalSysCpuTimeHistory': [0.0], 'WallDurations': [0], 'JobIds': ['138548691.0'], 'State': 'idle', 'RecordedSite': False}, '396': {'Retries': 0, 'Restarts': 0, 'SiteHistory': ['Unknown'], 'ResidentSetSize': [0], 'SubmitTimes': [1768130316.0], 'StartTimes': [], 'EndTimes': [], 'TotalUserCpuTimeHistory': [0.0], 'TotalSysCpuTimeHistory': [0.0], 'WallDurations': [0], 'JobIds': ['138548692.0'], 'State': 'idle', 'RecordedSite': False}, '408': {'Retries': 0, 'Restarts': 0, 'SiteHistory': ['Unknown'], 'ResidentSetSize': [0], 'SubmitTimes': [1768130316.0], 'StartTimes': [], 'EndTimes': [], 'TotalUserCpuTimeHistory': [0.0], 'TotalSysCpuTimeHistory': [0.0], 'WallDurations': [0], 'JobIds': ['138548693.0'], 'State': 'idle', 'RecordedSite': False}, '410': {'Retries': 0, 'Restarts': 0, 'SiteHistory': ['Unknown'], 'ResidentSetSize': [0], 'SubmitTimes': [1768130316.0], 'StartTimes': [], 'EndTimes': [], 'TotalUserCpuTimeHistory': [0.0], 'TotalSysCpuTimeHistory': [0.0], 'WallDurations': [0], 'JobIds': ['138548694.0'], 'State': 'idle', 'RecordedSite': False}, '411': {'Retries': 0, 'Restarts': 0, 'SiteHistory': ['Unknown'], 'ResidentSetSize': [0], 'SubmitTimes': [1768130316.0], 'StartTimes': [], 'EndTimes': [], 'TotalUserCpuTimeHistory': [0.0], 'TotalSysCpuTimeHistory': [0.0], 'WallDurations': [0], 'JobIds': ['138548695.0'], 'State': 'idle', 'RecordedSite': False}, '409': {'Retries': 0, 'Restarts': 0, 'SiteHistory': ['Unknown'], 'ResidentSetSize': [0], 'SubmitTimes': [1768130317.0], 'StartTimes': [], 'EndTimes': [], 'TotalUserCpuTimeHistory': [0.0], 'TotalSysCpuTimeHistory': [0.0], 'WallDurations': [0], 'JobIds': ['138548696.0'], 'State': 'idle', 'RecordedSite': False}, '404': {'Retries': 0, 'Restarts': 0, 'SiteHistory': ['Unknown'], 'ResidentSetSize': [0], 'SubmitTimes': [1768130317.0], 'StartTimes': [], 'EndTimes': [], 'TotalUserCpuTimeHistory': [0.0], 'TotalSysCpuTimeHistory': [0.0], 'WallDurations': [0], 'JobIds': ['138548697.0'], 'State': 'idle', 'RecordedSite': False}, '412': {'Retries': 0, 'Restarts': 0, 'SiteHistory': ['Unknown'], 'ResidentSetSize': [0], 'SubmitTimes': [1768130317.0], 'StartTimes': [], 'EndTimes': [], 'TotalUserCpuTimeHistory': [0.0], 'TotalSysCpuTimeHistory': [0.0], 'WallDurations': [0], 'JobIds': ['138548698.0'], 'State': 'idle', 'RecordedSite': False}, '418': {'Retries': 0, 'Restarts': 0, 'SiteHistory': ['Unknown'], 'ResidentSetSize': [0], 'SubmitTimes': [1768130317.0], 'StartTimes': [], 'EndTimes': [], 'TotalUserCpuTimeHistory': [0.0], 'TotalSysCpuTimeHistory': [0.0], 'WallDurations': [0], 'JobIds': ['138548699.0'], 'State': 'idle', 'RecordedSite': False}, '414': {'Retries': 0, 'Restarts': 0, 'SiteHistory': ['Unknown'], 'ResidentSetSize': [0], 'SubmitTimes': [1768130322.0], 'StartTimes': [], 'EndTimes': [], 'TotalUserCpuTimeHistory': [0.0], 'TotalSysCpuTimeHistory': [0.0], 'WallDurations': [0], 'JobIds': ['138548701.0'], 'State': 'idle', 'RecordedSite': False}, '415': {'Retries': 0, 'Restarts': 0, 'SiteHistory': ['Unknown'], 'ResidentSetSize': [0], 'SubmitTimes': [1768130322.0], 'StartTimes': [], 'EndTimes': [], 'TotalUserCpuTimeHistory': [0.0], 'TotalSysCpuTimeHistory': [0.0], 'WallDurations': [0], 'JobIds': ['138548702.0'], 'State': 'idle', 'RecordedSite': False}, '421': {'Retries': 0, 'Restarts': 0, 'SiteHistory': ['Unknown'], 'ResidentSetSize': [0], 'SubmitTimes': [1768130322.0], 'StartTimes': [], 'EndTimes': [], 'TotalUserCpuTimeHistory': [0.0], 'TotalSysCpuTimeHistory': [0.0], 'WallDurations': [0], 'JobIds': ['138548703.0'], 'State': 'idle', 'RecordedSite': False}, '420': {'Retries': 0, 'Restarts': 0, 'SiteHistory': ['Unknown'], 'ResidentSetSize': [0], 'SubmitTimes': [1768130322.0], 'StartTimes': [], 'EndTimes': [], 'TotalUserCpuTimeHistory': [0.0], 'TotalSysCpuTimeHistory': [0.0], 'WallDurations': [0], 'JobIds': ['138548704.0'], 'State': 'idle', 'RecordedSite': False}, '422': {'Retries': 0, 'Restarts': 0, 'SiteHistory': ['Unknown'], 'ResidentSetSize': [0], 'SubmitTimes': [1768130322.0], 'StartTimes': [], 'EndTimes': [], 'TotalUserCpuTimeHistory': [0.0], 'TotalSysCpuTimeHistory': [0.0], 'WallDurations': [0], 'JobIds': ['138548705.0'], 'State': 'idle', 'RecordedSite': False}, '413': {'Retries': 0, 'Restarts': 0, 'SiteHistory': ['Unknown'], 'ResidentSetSize': [0], 'SubmitTimes': [1768130322.0], 'StartTimes': [], 'EndTimes': [], 'TotalUserCpuTimeHistory': [0.0], 'TotalSysCpuTimeHistory': [0.0], 'WallDurations': [0], 'JobIds': ['138548706.0'], 'State': 'idle', 'RecordedSite': False}, '416': {'Retries': 0, 'Restarts': 0, 'SiteHistory': ['Unknown'], 'ResidentSetSize': [0], 'SubmitTimes': [1768130322.0], 'StartTimes': [], 'EndTimes': [], 'TotalUserCpuTimeHistory': [0.0], 'TotalSysCpuTimeHistory': [0.0], 'WallDurations': [0], 'JobIds': ['138548707.0'], 'State': 'idle', 'RecordedSite': False}, '424': {'Retries': 0, 'Restarts': 0, 'SiteHistory': ['Unknown'], 'ResidentSetSize': [0], 'SubmitTimes': [1768130322.0], 'StartTimes': [], 'EndTimes': [], 'TotalUserCpuTimeHistory': [0.0], 'TotalSysCpuTimeHistory': [0.0], 'WallDurations': [0], 'JobIds': ['138548708.0'], 'State': 'idle', 'RecordedSite': False}, '423': {'Retries': 0, 'Restarts': 0, 'SiteHistory': ['Unknown'], 'ResidentSetSize': [0], 'SubmitTimes': [1768130322.0], 'StartTimes': [], 'EndTimes': [], 'TotalUserCpuTimeHistory': [0.0], 'TotalSysCpuTimeHistory': [0.0], 'WallDurations': [0], 'JobIds': ['138548709.0'], 'State': 'idle', 'RecordedSite': False}, '425': {'Retries': 0, 'Restarts': 0, 'SiteHistory': ['Unknown'], 'ResidentSetSize': [0], 'SubmitTimes': [1768130322.0], 'StartTimes': [], 'EndTimes': [], 'TotalUserCpuTimeHistory': [0.0], 'TotalSysCpuTimeHistory': [0.0], 'WallDurations': [0], 'JobIds': ['138548710.0'], 'State': 'idle', 'RecordedSite': False}, '419': {'Retries': 0, 'Restarts': 0, 'SiteHistory': ['Unknown'], 'ResidentSetSize': [0], 'SubmitTimes': [1768130322.0], 'StartTimes': [], 'EndTimes': [], 'TotalUserCpuTimeHistory': [0.0], 'TotalSysCpuTimeHistory': [0.0], 'WallDurations': [0], 'JobIds': ['138548711.0'], 'State': 'idle', 'RecordedSite': False}, '417': {'Retries': 0, 'Restarts': 0, 'SiteHistory': ['Unknown'], 'ResidentSetSize': [0], 'SubmitTimes': [1768130322.0], 'StartTimes': [], 'EndTimes': [], 'TotalUserCpuTimeHistory': [0.0], 'TotalSysCpuTimeHistory': [0.0], 'WallDurations': [0], 'JobIds': ['138548712.0'], 'State': 'idle', 'RecordedSite': False}, '428': {'Retries': 0, 'Restarts': 0, 'SiteHistory': ['Unknown'], 'ResidentSetSize': [0], 'SubmitTimes': [1768130322.0], 'StartTimes': [], 'EndTimes': [], 'TotalUserCpuTimeHistory': [0.0], 'TotalSysCpuTimeHistory': [0.0], 'WallDurations': [0], 'JobIds': ['138548713.0'], 'State': 'idle', 'RecordedSite': False}, '429': {'Retries': 0, 'Restarts': 0, 'SiteHistory': ['Unknown'], 'ResidentSetSize': [0], 'SubmitTimes': [1768130322.0], 'StartTimes': [], 'EndTimes': [], 'TotalUserCpuTimeHistory': [0.0], 'TotalSysCpuTimeHistory': [0.0], 'WallDurations': [0], 'JobIds': ['138548714.0'], 'State': 'idle', 'RecordedSite': False}, '426': {'Retries': 0, 'Restarts': 0, 'SiteHistory': ['Unknown'], 'ResidentSetSize': [0], 'SubmitTimes': [1768130322.0], 'StartTimes': [], 'EndTimes': [], 'TotalUserCpuTimeHistory': [0.0], 'TotalSysCpuTimeHistory': [0.0], 'WallDurations': [0], 'JobIds': ['138548715.0'], 'State': 'idle', 'RecordedSite': False}, '433': {'Retries': 0, 'Restarts': 0, 'SiteHistory': ['Unknown'], 'ResidentSetSize': [0], 'SubmitTimes': [1768130322.0], 'StartTimes': [], 'EndTimes': [], 'TotalUserCpuTimeHistory': [0.0], 'TotalSysCpuTimeHistory': [0.0], 'WallDurations': [0], 'JobIds': ['138548716.0'], 'State': 'idle', 'RecordedSite': False}, '432': {'Retries': 0, 'Restarts': 0, 'SiteHistory': ['Unknown'], 'ResidentSetSize': [0], 'SubmitTimes': [1768130322.0], 'StartTimes': [], 'EndTimes': [], 'TotalUserCpuTimeHistory': [0.0], 'TotalSysCpuTimeHistory': [0.0], 'WallDurations': [0], 'JobIds': ['138548717.0'], 'State': 'idle', 'RecordedSite': False}, '430': {'Retries': 0, 'Restarts': 0, 'SiteHistory': ['Unknown'], 'ResidentSetSize': [0], 'SubmitTimes': [1768130322.0], 'StartTimes': [], 'EndTimes': [], 'TotalUserCpuTimeHistory': [0.0], 'TotalSysCpuTimeHistory': [0.0], 'WallDurations': [0], 'JobIds': ['138548718.0'], 'State': 'idle', 'RecordedSite': False}, '438': {'Retries': 0, 'Restarts': 0, 'SiteHistory': ['Unknown'], 'ResidentSetSize': [0], 'SubmitTimes': [1768130322.0], 'StartTimes': [], 'EndTimes': [], 'TotalUserCpuTimeHistory': [0.0], 'TotalSysCpuTimeHistory': [0.0], 'WallDurations': [0], 'JobIds': ['138548720.0'], 'State': 'idle', 'RecordedSite': False}, '435': {'Retries': 0, 'Restarts': 0, 'SiteHistory': ['Unknown'], 'ResidentSetSize': [0], 'SubmitTimes': [1768130322.0], 'StartTimes': [], 'EndTimes': [], 'TotalUserCpuTimeHistory': [0.0], 'TotalSysCpuTimeHistory': [0.0], 'WallDurations': [0], 'JobIds': ['138548721.0'], 'State': 'idle', 'RecordedSite': False}, '427': {'Retries': 0, 'Restarts': 0, 'SiteHistory': ['Unknown'], 'ResidentSetSize': [0], 'SubmitTimes': [1768130322.0], 'StartTimes': [], 'EndTimes': [], 'TotalUserCpuTimeHistory': [0.0], 'TotalSysCpuTimeHistory': [0.0], 'WallDurations': [0], 'JobIds': ['138548722.0'], 'State': 'idle', 'RecordedSite': False}, '431': {'Retries': 0, 'Restarts': 0, 'SiteHistory': ['Unknown'], 'ResidentSetSize': [0], 'SubmitTimes': [1768130322.0], 'StartTimes': [], 'EndTimes': [], 'TotalUserCpuTimeHistory': [0.0], 'TotalSysCpuTimeHistory': [0.0], 'WallDurations': [0], 'JobIds': ['138548723.0'], 'State': 'idle', 'RecordedSite': False}, '437': {'Retries': 0, 'Restarts': 0, 'SiteHistory': ['Unknown'], 'ResidentSetSize': [0], 'SubmitTimes': [1768130322.0], 'StartTimes': [], 'EndTimes': [], 'TotalUserCpuTimeHistory': [0.0], 'TotalSysCpuTimeHistory': [0.0], 'WallDurations': [0], 'JobIds': ['138548724.0'], 'State': 'idle', 'RecordedSite': False}, '442': {'Retries': 0, 'Restarts': 0, 'SiteHistory': ['Unknown'], 'ResidentSetSize': [0], 'SubmitTimes': [1768130322.0], 'StartTimes': [], 'EndTimes': [], 'TotalUserCpuTimeHistory': [0.0], 'TotalSysCpuTimeHistory': [0.0], 'WallDurations': [0], 'JobIds': ['138548725.0'], 'State': 'idle', 'RecordedSite': False}, '440': {'Retries': 0, 'Restarts': 0, 'SiteHistory': ['Unknown'], 'ResidentSetSize': [0], 'SubmitTimes': [1768130322.0], 'StartTimes': [], 'EndTimes': [], 'TotalUserCpuTimeHistory': [0.0], 'TotalSysCpuTimeHistory': [0.0], 'WallDurations': [0], 'JobIds': ['138548726.0'], 'State': 'idle', 'RecordedSite': False}, '434': {'Retries': 0, 'Restarts': 0, 'SiteHistory': ['Unknown'], 'ResidentSetSize': [0], 'SubmitTimes': [1768130322.0], 'StartTimes': [], 'EndTimes': [], 'TotalUserCpuTimeHistory': [0.0], 'TotalSysCpuTimeHistory': [0.0], 'WallDurations': [0], 'JobIds': ['138548727.0'], 'State': 'idle', 'RecordedSite': False}, '436': {'Retries': 0, 'Restarts': 0, 'SiteHistory': ['Unknown'], 'ResidentSetSize': [0], 'SubmitTimes': [1768130322.0], 'StartTimes': [], 'EndTimes': [], 'TotalUserCpuTimeHistory': [0.0], 'TotalSysCpuTimeHistory': [0.0], 'WallDurations': [0], 'JobIds': ['138548728.0'], 'State': 'idle', 'RecordedSite': False}, '444': {'Retries': 0, 'Restarts': 0, 'SiteHistory': ['Unknown'], 'ResidentSetSize': [0], 'SubmitTimes': [1768130322.0], 'StartTimes': [], 'EndTimes': [], 'TotalUserCpuTimeHistory': [0.0], 'TotalSysCpuTimeHistory': [0.0], 'WallDurations': [0], 'JobIds': ['138548729.0'], 'State': 'idle', 'RecordedSite': False}, '441': {'Retries': 0, 'Restarts': 0, 'SiteHistory': ['Unknown'], 'ResidentSetSize': [0], 'SubmitTimes': [1768130322.0], 'StartTimes': [], 'EndTimes': [], 'TotalUserCpuTimeHistory': [0.0], 'TotalSysCpuTimeHistory': [0.0], 'WallDurations': [0], 'JobIds': ['138548730.0'], 'State': 'idle', 'RecordedSite': False}, '443': {'Retries': 0, 'Restarts': 0, 'SiteHistory': ['Unknown'], 'ResidentSetSize': [0], 'SubmitTimes': [1768130322.0], 'StartTimes': [], 'EndTimes': [], 'TotalUserCpuTimeHistory': [0.0], 'TotalSysCpuTimeHistory': [0.0], 'WallDurations': [0], 'JobIds': ['138548731.0'], 'State': 'idle', 'RecordedSite': False}, '445': {'Retries': 0, 'Restarts': 0, 'SiteHistory': ['Unknown'], 'ResidentSetSize': [0], 'SubmitTimes': [1768130322.0], 'StartTimes': [], 'EndTimes': [], 'TotalUserCpuTimeHistory': [0.0], 'TotalSysCpuTimeHistory': [0.0], 'WallDurations': [0], 'JobIds': ['138548732.0'], 'State': 'idle', 'RecordedSite': False}, '439': {'Retries': 0, 'Restarts': 0, 'SiteHistory': ['Unknown'], 'ResidentSetSize': [0], 'SubmitTimes': [1768130322.0], 'StartTimes': [], 'EndTimes': [], 'TotalUserCpuTimeHistory': [0.0], 'TotalSysCpuTimeHistory': [0.0], 'WallDurations': [0], 'JobIds': ['138548733.0'], 'State': 'idle', 'RecordedSite': False}, '446': {'Retries': 0, 'Restarts': 0, 'SiteHistory': ['Unknown'], 'ResidentSetSize': [0], 'SubmitTimes': [1768130322.0], 'StartTimes': [], 'EndTimes': [], 'TotalUserCpuTimeHistory': [0.0], 'TotalSysCpuTimeHistory': [0.0], 'WallDurations': [0], 'JobIds': ['138548734.0'], 'State': 'idle', 'RecordedSite': False}, '447': {'Retries': 0, 'Restarts': 0, 'SiteHistory': ['Unknown'], 'ResidentSetSize': [0], 'SubmitTimes': [1768130322.0], 'StartTimes': [], 'EndTimes': [], 'TotalUserCpuTimeHistory': [0.0], 'TotalSysCpuTimeHistory': [0.0], 'WallDurations': [0], 'JobIds': ['138548735.0'], 'State': 'idle', 'RecordedSite': False}, '451': {'Retries': 0, 'Restarts': 0, 'SiteHistory': ['Unknown'], 'ResidentSetSize': [0], 'SubmitTimes': [1768130322.0], 'StartTimes': [], 'EndTimes': [], 'TotalUserCpuTimeHistory': [0.0], 'TotalSysCpuTimeHistory': [0.0], 'WallDurations': [0], 'JobIds': ['138548736.0'], 'State': 'idle', 'RecordedSite': False}, '448': {'Retries': 0, 'Restarts': 0, 'SiteHistory': ['Unknown'], 'ResidentSetSize': [0], 'SubmitTimes': [1768130322.0], 'StartTimes': [], 'EndTimes': [], 'TotalUserCpuTimeHistory': [0.0], 'TotalSysCpuTimeHistory': [0.0], 'WallDurations': [0], 'JobIds': ['138548737.0'], 'State': 'idle', 'RecordedSite': False}, '449': {'Retries': 0, 'Restarts': 0, 'SiteHistory': ['Unknown'], 'ResidentSetSize': [0], 'SubmitTimes': [1768130322.0], 'StartTimes': [], 'EndTimes': [], 'TotalUserCpuTimeHistory': [0.0], 'TotalSysCpuTimeHistory': [0.0], 'WallDurations': [0], 'JobIds': ['138548738.0'], 'State': 'idle', 'RecordedSite': False}, '450': {'Retries': 0, 'Restarts': 0, 'SiteHistory': ['Unknown'], 'ResidentSetSize': [0], 'SubmitTimes': [1768130322.0], 'StartTimes': [], 'EndTimes': [], 'TotalUserCpuTimeHistory': [0.0], 'TotalSysCpuTimeHistory': [0.0], 'WallDurations': [0], 'JobIds': ['138548739.0'], 'State': 'idle', 'RecordedSite': False}, '452': {'Retries': 0, 'Restarts': 0, 'SiteHistory': ['Unknown'], 'ResidentSetSize': [0], 'SubmitTimes': [1768130322.0], 'StartTimes': [], 'EndTimes': [], 'TotalUserCpuTimeHistory': [0.0], 'TotalSysCpuTimeHistory': [0.0], 'WallDurations': [0], 'JobIds': ['138548740.0'], 'State': 'idle', 'RecordedSite': False}, '453': {'Retries': 0, 'Restarts': 0, 'SiteHistory': ['Unknown'], 'ResidentSetSize': [0], 'SubmitTimes': [1768130323.0], 'StartTimes': [], 'EndTimes': [], 'TotalUserCpuTimeHistory': [0.0], 'TotalSysCpuTimeHistory': [0.0], 'WallDurations': [0], 'JobIds': ['138548741.0'], 'State': 'idle', 'RecordedSite': False}, '454': {'Retries': 0, 'Restarts': 0, 'SiteHistory': ['Unknown'], 'ResidentSetSize': [0], 'SubmitTimes': [1768130323.0], 'StartTimes': [], 'EndTimes': [], 'TotalUserCpuTimeHistory': [0.0], 'TotalSysCpuTimeHistory': [0.0], 'WallDurations': [0], 'JobIds': ['138548742.0'], 'State': 'idle', 'RecordedSite': False}, '455': {'Retries': 0, 'Restarts': 0, 'SiteHistory': ['Unknown'], 'ResidentSetSize': [0], 'SubmitTimes': [1768130323.0], 'StartTimes': [], 'EndTimes': [], 'TotalUserCpuTimeHistory': [0.0], 'TotalSysCpuTimeHistory': [0.0], 'WallDurations': [0], 'JobIds': ['138548743.0'], 'State': 'idle', 'RecordedSite': False}, '456': {'Retries': 0, 'Restarts': 0, 'SiteHistory': ['Unknown'], 'ResidentSetSize': [0], 'SubmitTimes': [1768130323.0], 'StartTimes': [], 'EndTimes': [], 'TotalUserCpuTimeHistory': [0.0], 'TotalSysCpuTimeHistory': [0.0], 'WallDurations': [0], 'JobIds': ['138548744.0'], 'State': 'idle', 'RecordedSite': False}, '457': {'Retries': 0, 'Restarts': 0, 'SiteHistory': ['Unknown'], 'ResidentSetSize': [0], 'SubmitTimes': [1768130323.0], 'StartTimes': [], 'EndTimes': [], 'TotalUserCpuTimeHistory': [0.0], 'TotalSysCpuTimeHistory': [0.0], 'WallDurations': [0], 'JobIds': ['138548745.0'], 'State': 'idle', 'RecordedSite': False}, '458': {'Retries': 0, 'Restarts': 0, 'SiteHistory': ['Unknown'], 'ResidentSetSize': [0], 'SubmitTimes': [1768130323.0], 'StartTimes': [], 'EndTimes': [], 'TotalUserCpuTimeHistory': [0.0], 'TotalSysCpuTimeHistory': [0.0], 'WallDurations': [0], 'JobIds': ['138548746.0'], 'State': 'idle', 'RecordedSite': False}, '459': {'Retries': 0, 'Restarts': 0, 'SiteHistory': ['Unknown'], 'ResidentSetSize': [0], 'SubmitTimes': [1768130323.0], 'StartTimes': [], 'EndTimes': [], 'TotalUserCpuTimeHistory': [0.0], 'TotalSysCpuTimeHistory': [0.0], 'WallDurations': [0], 'JobIds': ['138548747.0'], 'State': 'idle', 'RecordedSite': False}, '460': {'Retries': 0, 'Restarts': 0, 'SiteHistory': ['Unknown'], 'ResidentSetSize': [0], 'SubmitTimes': [1768130323.0], 'StartTimes': [], 'EndTimes': [], 'TotalUserCpuTimeHistory': [0.0], 'TotalSysCpuTimeHistory': [0.0], 'WallDurations': [0], 'JobIds': ['138548748.0'], 'State': 'idle', 'RecordedSite': False}, '461': {'Retries': 0, 'Restarts': 0, 'SiteHistory': ['Unknown'], 'ResidentSetSize': [0], 'SubmitTimes': [1768130323.0], 'StartTimes': [], 'EndTimes': [], 'TotalUserCpuTimeHistory': [0.0], 'TotalSysCpuTimeHistory': [0.0], 'WallDurations': [0], 'JobIds': ['138548749.0'], 'State': 'idle', 'RecordedSite': False}, '462': {'Retries': 0, 'Restarts': 0, 'SiteHistory': ['Unknown'], 'ResidentSetSize': [0], 'SubmitTimes': [1768130323.0], 'StartTimes': [], 'EndTimes': [], 'TotalUserCpuTimeHistory': [0.0], 'TotalSysCpuTimeHistory': [0.0], 'WallDurations': [0], 'JobIds': ['138548750.0'], 'State': 'idle', 'RecordedSite': False}, '463': {'Retries': 0, 'Restarts': 0, 'SiteHistory': ['Unknown'], 'ResidentSetSize': [0], 'SubmitTimes': [1768130323.0], 'StartTimes': [], 'EndTimes': [], 'TotalUserCpuTimeHistory': [0.0], 'TotalSysCpuTimeHistory': [0.0], 'WallDurations': [0], 'JobIds': ['138548751.0'], 'State': 'idle', 'RecordedSite': False}, '464': {'Retries': 0, 'Restarts': 0, 'SiteHistory': ['Unknown'], 'ResidentSetSize': [0], 'SubmitTimes': [1768130323.0], 'StartTimes': [], 'EndTimes': [], 'TotalUserCpuTimeHistory': [0.0], 'TotalSysCpuTimeHistory': [0.0], 'WallDurations': [0], 'JobIds': ['138548752.0'], 'State': 'idle', 'RecordedSite': False}, '465': {'Retries': 0, 'Restarts': 0, 'SiteHistory': ['Unknown'], 'ResidentSetSize': [0], 'SubmitTimes': [1768130323.0], 'StartTimes': [], 'EndTimes': [], 'TotalUserCpuTimeHistory': [0.0], 'TotalSysCpuTimeHistory': [0.0], 'WallDurations': [0], 'JobIds': ['138548753.0'], 'State': 'idle', 'RecordedSite': False}, '466': {'Retries': 0, 'Restarts': 0, 'SiteHistory': ['Unknown'], 'ResidentSetSize': [0], 'SubmitTimes': [1768130323.0], 'StartTimes': [], 'EndTimes': [], 'TotalUserCpuTimeHistory': [0.0], 'TotalSysCpuTimeHistory': [0.0], 'WallDurations': [0], 'JobIds': ['138548754.0'], 'State': 'idle', 'RecordedSite': False}, '467': {'Retries': 0, 'Restarts': 0, 'SiteHistory': ['Unknown'], 'ResidentSetSize': [0], 'SubmitTimes': [1768130323.0], 'StartTimes': [], 'EndTimes': [], 'TotalUserCpuTimeHistory': [0.0], 'TotalSysCpuTimeHistory': [0.0], 'WallDurations': [0], 'JobIds': ['138548755.0'], 'State': 'idle', 'RecordedSite': False}, '483': {'Retries': 0, 'Restarts': 0, 'SiteHistory': ['Unknown'], 'ResidentSetSize': [0], 'SubmitTimes': [1768130323.0], 'StartTimes': [], 'EndTimes': [], 'TotalUserCpuTimeHistory': [0.0], 'TotalSysCpuTimeHistory': [0.0], 'WallDurations': [0], 'JobIds': ['138548756.0'], 'State': 'idle', 'RecordedSite': False}, '481': {'Retries': 0, 'Restarts': 0, 'SiteHistory': ['Unknown'], 'ResidentSetSize': [0], 'SubmitTimes': [1768130323.0], 'StartTimes': [], 'EndTimes': [], 'TotalUserCpuTimeHistory': [0.0], 'TotalSysCpuTimeHistory': [0.0], 'WallDurations': [0], 'JobIds': ['138548757.0'], 'State': 'idle', 'RecordedSite': False}, '469': {'Retries': 0, 'Restarts': 0, 'SiteHistory': ['Unknown'], 'ResidentSetSize': [0], 'SubmitTimes': [1768130323.0], 'StartTimes': [], 'EndTimes': [], 'TotalUserCpuTimeHistory': [0.0], 'TotalSysCpuTimeHistory': [0.0], 'WallDurations': [0], 'JobIds': ['138548758.0'], 'State': 'idle', 'RecordedSite': False}, '479': {'Retries': 0, 'Restarts': 0, 'SiteHistory': ['Unknown'], 'ResidentSetSize': [0], 'SubmitTimes': [1768130323.0], 'StartTimes': [], 'EndTimes': [], 'TotalUserCpuTimeHistory': [0.0], 'TotalSysCpuTimeHistory': [0.0], 'WallDurations': [0], 'JobIds': ['138548759.0'], 'State': 'idle', 'RecordedSite': False}, '488': {'Retries': 0, 'Restarts': 0, 'SiteHistory': ['Unknown'], 'ResidentSetSize': [0], 'SubmitTimes': [1768130323.0], 'StartTimes': [], 'EndTimes': [], 'TotalUserCpuTimeHistory': [0.0], 'TotalSysCpuTimeHistory': [0.0], 'WallDurations': [0], 'JobIds': ['138548760.0'], 'State': 'idle', 'RecordedSite': False}, '485': {'Retries': 0, 'Restarts': 0, 'SiteHistory': ['Unknown'], 'ResidentSetSize': [0], 'SubmitTimes': [1768130323.0], 'StartTimes': [], 'EndTimes': [], 'TotalUserCpuTimeHistory': [0.0], 'TotalSysCpuTimeHistory': [0.0], 'WallDurations': [0], 'JobIds': ['138548761.0'], 'State': 'idle', 'RecordedSite': False}, '480': {'Retries': 0, 'Restarts': 0, 'SiteHistory': ['Unknown'], 'ResidentSetSize': [0], 'SubmitTimes': [1768130323.0], 'StartTimes': [], 'EndTimes': [], 'TotalUserCpuTimeHistory': [0.0], 'TotalSysCpuTimeHistory': [0.0], 'WallDurations': [0], 'JobIds': ['138548762.0'], 'State': 'idle', 'RecordedSite': False}, '478': {'Retries': 0, 'Restarts': 0, 'SiteHistory': ['Unknown'], 'ResidentSetSize': [0], 'SubmitTimes': [1768130323.0], 'StartTimes': [], 'EndTimes': [], 'TotalUserCpuTimeHistory': [0.0], 'TotalSysCpuTimeHistory': [0.0], 'WallDurations': [0], 'JobIds': ['138548763.0'], 'State': 'idle', 'RecordedSite': False}, '475': {'Retries': 0, 'Restarts': 0, 'SiteHistory': ['Unknown'], 'ResidentSetSize': [0], 'SubmitTimes': [1768130323.0], 'StartTimes': [], 'EndTimes': [], 'TotalUserCpuTimeHistory': [0.0], 'TotalSysCpuTimeHistory': [0.0], 'WallDurations': [0], 'JobIds': ['138548764.0'], 'State': 'idle', 'RecordedSite': False}, '474': {'Retries': 0, 'Restarts': 0, 'SiteHistory': ['Unknown'], 'ResidentSetSize': [0], 'SubmitTimes': [1768130323.0], 'StartTimes': [], 'EndTimes': [], 'TotalUserCpuTimeHistory': [0.0], 'TotalSysCpuTimeHistory': [0.0], 'WallDurations': [0], 'JobIds': ['138548765.0'], 'State': 'idle', 'RecordedSite': False}, '473': {'Retries': 0, 'Restarts': 0, 'SiteHistory': ['Unknown'], 'ResidentSetSize': [0], 'SubmitTimes': [1768130323.0], 'StartTimes': [], 'EndTimes': [], 'TotalUserCpuTimeHistory': [0.0], 'TotalSysCpuTimeHistory': [0.0], 'WallDurations': [0], 'JobIds': ['138548766.0'], 'State': 'idle', 'RecordedSite': False}, '476': {'Retries': 0, 'Restarts': 0, 'SiteHistory': ['Unknown'], 'ResidentSetSize': [0], 'SubmitTimes': [1768130323.0], 'StartTimes': [], 'EndTimes': [], 'TotalUserCpuTimeHistory': [0.0], 'TotalSysCpuTimeHistory': [0.0], 'WallDurations': [0], 'JobIds': ['138548767.0'], 'State': 'idle', 'RecordedSite': False}, '472': {'Retries': 0, 'Restarts': 0, 'SiteHistory': ['Unknown'], 'ResidentSetSize': [0], 'SubmitTimes': [1768130324.0], 'StartTimes': [], 'EndTimes': [], 'TotalUserCpuTimeHistory': [0.0], 'TotalSysCpuTimeHistory': [0.0], 'WallDurations': [0], 'JobIds': ['138548768.0'], 'State': 'idle', 'RecordedSite': False}, '477': {'Retries': 0, 'Restarts': 0, 'SiteHistory': ['Unknown'], 'ResidentSetSize': [0], 'SubmitTimes': [1768130324.0], 'StartTimes': [], 'EndTimes': [], 'TotalUserCpuTimeHistory': [0.0], 'TotalSysCpuTimeHistory': [0.0], 'WallDurations': [0], 'JobIds': ['138548769.0'], 'State': 'idle', 'RecordedSite': False}, '470': {'Retries': 0, 'Restarts': 0, 'SiteHistory': ['Unknown'], 'ResidentSetSize': [0], 'SubmitTimes': [1768130324.0], 'StartTimes': [], 'EndTimes': [], 'TotalUserCpuTimeHistory': [0.0], 'TotalSysCpuTimeHistory': [0.0], 'WallDurations': [0], 'JobIds': ['138548770.0'], 'State': 'idle', 'RecordedSite': False}, '482': {'Retries': 0, 'Restarts': 0, 'SiteHistory': ['Unknown'], 'ResidentSetSize': [0], 'SubmitTimes': [1768130324.0], 'StartTimes': [], 'EndTimes': [], 'TotalUserCpuTimeHistory': [0.0], 'TotalSysCpuTimeHistory': [0.0], 'WallDurations': [0], 'JobIds': ['138548771.0'], 'State': 'idle', 'RecordedSite': False}, '487': {'Retries': 0, 'Restarts': 0, 'SiteHistory': ['Unknown'], 'ResidentSetSize': [0], 'SubmitTimes': [1768130324.0], 'StartTimes': [], 'EndTimes': [], 'TotalUserCpuTimeHistory': [0.0], 'TotalSysCpuTimeHistory': [0.0], 'WallDurations': [0], 'JobIds': ['138548772.0'], 'State': 'idle', 'RecordedSite': False}, '471': {'Retries': 0, 'Restarts': 0, 'SiteHistory': ['Unknown'], 'ResidentSetSize': [0], 'SubmitTimes': [1768130324.0], 'StartTimes': [], 'EndTimes': [], 'TotalUserCpuTimeHistory': [0.0], 'TotalSysCpuTimeHistory': [0.0], 'WallDurations': [0], 'JobIds': ['138548773.0'], 'State': 'idle', 'RecordedSite': False}, '484': {'Retries': 0, 'Restarts': 0, 'SiteHistory': ['Unknown'], 'ResidentSetSize': [0], 'SubmitTimes': [1768130324.0], 'StartTimes': [], 'EndTimes': [], 'TotalUserCpuTimeHistory': [0.0], 'TotalSysCpuTimeHistory': [0.0], 'WallDurations': [0], 'JobIds': ['138548774.0'], 'State': 'idle', 'RecordedSite': False}, '486': {'Retries': 0, 'Restarts': 0, 'SiteHistory': ['Unknown'], 'ResidentSetSize': [0], 'SubmitTimes': [1768130324.0], 'StartTimes': [], 'EndTimes': [], 'TotalUserCpuTimeHistory': [0.0], 'TotalSysCpuTimeHistory': [0.0], 'WallDurations': [0], 'JobIds': ['138548775.0'], 'State': 'idle', 'RecordedSite': False}, '499': {'Retries': 0, 'Restarts': 0, 'SiteHistory': ['Unknown'], 'ResidentSetSize': [0], 'SubmitTimes': [1768130324.0], 'StartTimes': [], 'EndTimes': [], 'TotalUserCpuTimeHistory': [0.0], 'TotalSysCpuTimeHistory': [0.0], 'WallDurations': [0], 'JobIds': ['138548776.0'], 'State': 'idle', 'RecordedSite': False}, '497': {'Retries': 0, 'Restarts': 0, 'SiteHistory': ['Unknown'], 'ResidentSetSize': [0], 'SubmitTimes': [1768130324.0], 'StartTimes': [], 'EndTimes': [], 'TotalUserCpuTimeHistory': [0.0], 'TotalSysCpuTimeHistory': [0.0], 'WallDurations': [0], 'JobIds': ['138548777.0'], 'State': 'idle', 'RecordedSite': False}, '495': {'Retries': 0, 'Restarts': 0, 'SiteHistory': ['Unknown'], 'ResidentSetSize': [0], 'SubmitTimes': [1768130324.0], 'StartTimes': [], 'EndTimes': [], 'TotalUserCpuTimeHistory': [0.0], 'TotalSysCpuTimeHistory': [0.0], 'WallDurations': [0], 'JobIds': ['138548778.0'], 'State': 'idle', 'RecordedSite': False}, '492': {'Retries': 0, 'Restarts': 0, 'SiteHistory': ['Unknown'], 'ResidentSetSize': [0], 'SubmitTimes': [1768130324.0], 'StartTimes': [], 'EndTimes': [], 'TotalUserCpuTimeHistory': [0.0], 'TotalSysCpuTimeHistory': [0.0], 'WallDurations': [0], 'JobIds': ['138548779.0'], 'State': 'idle', 'RecordedSite': False}, '500': {'Retries': 0, 'Restarts': 0, 'SiteHistory': ['Unknown'], 'ResidentSetSize': [0], 'SubmitTimes': [1768130324.0], 'StartTimes': [], 'EndTimes': [], 'TotalUserCpuTimeHistory': [0.0], 'TotalSysCpuTimeHistory': [0.0], 'WallDurations': [0], 'JobIds': ['138548780.0'], 'State': 'idle', 'RecordedSite': False}, '494': {'Retries': 0, 'Restarts': 0, 'SiteHistory': ['Unknown'], 'ResidentSetSize': [0], 'SubmitTimes': [1768130324.0], 'StartTimes': [], 'EndTimes': [], 'TotalUserCpuTimeHistory': [0.0], 'TotalSysCpuTimeHistory': [0.0], 'WallDurations': [0], 'JobIds': ['138548781.0'], 'State': 'idle', 'RecordedSite': False}, '493': {'Retries': 0, 'Restarts': 0, 'SiteHistory': ['Unknown'], 'ResidentSetSize': [0], 'SubmitTimes': [1768130324.0], 'StartTimes': [], 'EndTimes': [], 'TotalUserCpuTimeHistory': [0.0], 'TotalSysCpuTimeHistory': [0.0], 'WallDurations': [0], 'JobIds': ['138548782.0'], 'State': 'idle', 'RecordedSite': False}, '489': {'Retries': 0, 'Restarts': 0, 'SiteHistory': ['Unknown'], 'ResidentSetSize': [0], 'SubmitTimes': [1768130324.0], 'StartTimes': [], 'EndTimes': [], 'TotalUserCpuTimeHistory': [0.0], 'TotalSysCpuTimeHistory': [0.0], 'WallDurations': [0], 'JobIds': ['138548783.0'], 'State': 'idle', 'RecordedSite': False}, '496': {'Retries': 0, 'Restarts': 0, 'SiteHistory': ['Unknown'], 'ResidentSetSize': [0], 'SubmitTimes': [1768130324.0], 'StartTimes': [], 'EndTimes': [], 'TotalUserCpuTimeHistory': [0.0], 'TotalSysCpuTimeHistory': [0.0], 'WallDurations': [0], 'JobIds': ['138548784.0'], 'State': 'idle', 'RecordedSite': False}, '502': {'Retries': 0, 'Restarts': 0, 'SiteHistory': ['Unknown'], 'ResidentSetSize': [0], 'SubmitTimes': [1768130324.0], 'StartTimes': [], 'EndTimes': [], 'TotalUserCpuTimeHistory': [0.0], 'TotalSysCpuTimeHistory': [0.0], 'WallDurations': [0], 'JobIds': ['138548785.0'], 'State': 'idle', 'RecordedSite': False}, '491': {'Retries': 0, 'Restarts': 0, 'SiteHistory': ['Unknown'], 'ResidentSetSize': [0], 'SubmitTimes': [1768130324.0], 'StartTimes': [], 'EndTimes': [], 'TotalUserCpuTimeHistory': [0.0], 'TotalSysCpuTimeHistory': [0.0], 'WallDurations': [0], 'JobIds': ['138548786.0'], 'State': 'idle', 'RecordedSite': False}, '498': {'Retries': 0, 'Restarts': 0, 'SiteHistory': ['Unknown'], 'ResidentSetSize': [0], 'SubmitTimes': [1768130324.0], 'StartTimes': [], 'EndTimes': [], 'TotalUserCpuTimeHistory': [0.0], 'TotalSysCpuTimeHistory': [0.0], 'WallDurations': [0], 'JobIds': ['138548787.0'], 'State': 'idle', 'RecordedSite': False}, '504': {'Retries': 0, 'Restarts': 0, 'SiteHistory': ['Unknown'], 'ResidentSetSize': [0], 'SubmitTimes': [1768130324.0], 'StartTimes': [], 'EndTimes': [], 'TotalUserCpuTimeHistory': [0.0], 'TotalSysCpuTimeHistory': [0.0], 'WallDurations': [0], 'JobIds': ['138548788.0'], 'State': 'idle', 'RecordedSite': False}, '505': {'Retries': 0, 'Restarts': 0, 'SiteHistory': ['Unknown'], 'ResidentSetSize': [0], 'SubmitTimes': [1768130324.0], 'StartTimes': [], 'EndTimes': [], 'TotalUserCpuTimeHistory': [0.0], 'TotalSysCpuTimeHistory': [0.0], 'WallDurations': [0], 'JobIds': ['138548789.0'], 'State': 'idle', 'RecordedSite': False}, '490': {'Retries': 0, 'Restarts': 0, 'SiteHistory': ['Unknown'], 'ResidentSetSize': [0], 'SubmitTimes': [1768130324.0], 'StartTimes': [], 'EndTimes': [], 'TotalUserCpuTimeHistory': [0.0], 'TotalSysCpuTimeHistory': [0.0], 'WallDurations': [0], 'JobIds': ['138548790.0'], 'State': 'idle', 'RecordedSite': False}, '506': {'Retries': 0, 'Restarts': 0, 'SiteHistory': ['Unknown'], 'ResidentSetSize': [0], 'SubmitTimes': [1768130324.0], 'StartTimes': [], 'EndTimes': [], 'TotalUserCpuTimeHistory': [0.0], 'TotalSysCpuTimeHistory': [0.0], 'WallDurations': [0], 'JobIds': ['138548791.0'], 'State': 'idle', 'RecordedSite': False}, '503': {'Retries': 0, 'Restarts': 0, 'SiteHistory': ['Unknown'], 'ResidentSetSize': [0], 'SubmitTimes': [1768130324.0], 'StartTimes': [], 'EndTimes': [], 'TotalUserCpuTimeHistory': [0.0], 'TotalSysCpuTimeHistory': [0.0], 'WallDurations': [0], 'JobIds': ['138548792.0'], 'State': 'idle', 'RecordedSite': False}, '507': {'Retries': 0, 'Restarts': 0, 'SiteHistory': ['Unknown'], 'ResidentSetSize': [0], 'SubmitTimes': [1768130324.0], 'StartTimes': [], 'EndTimes': [], 'TotalUserCpuTimeHistory': [0.0], 'TotalSysCpuTimeHistory': [0.0], 'WallDurations': [0], 'JobIds': ['138548793.0'], 'State': 'idle', 'RecordedSite': False}, '501': {'Retries': 0, 'Restarts': 0, 'SiteHistory': ['Unknown'], 'ResidentSetSize': [0], 'SubmitTimes': [1768130324.0], 'StartTimes': [], 'EndTimes': [], 'TotalUserCpuTimeHistory': [0.0], 'TotalSysCpuTimeHistory': [0.0], 'WallDurations': [0], 'JobIds': ['138548794.0'], 'State': 'idle', 'RecordedSite': False}, '508': {'Retries': 0, 'Restarts': 0, 'SiteHistory': ['Unknown'], 'ResidentSetSize': [0], 'SubmitTimes': [1768130324.0], 'StartTimes': [], 'EndTimes': [], 'TotalUserCpuTimeHistory': [0.0], 'TotalSysCpuTimeHistory': [0.0], 'WallDurations': [0], 'JobIds': ['138548795.0'], 'State': 'idle', 'RecordedSite': False}, '513': {'Retries': 0, 'Restarts': 0, 'SiteHistory': ['Unknown'], 'ResidentSetSize': [0], 'SubmitTimes': [1768130324.0], 'StartTimes': [], 'EndTimes': [], 'TotalUserCpuTimeHistory': [0.0], 'TotalSysCpuTimeHistory': [0.0], 'WallDurations': [0], 'JobIds': ['138548796.0'], 'State': 'idle', 'RecordedSite': False}, '509': {'Retries': 0, 'Restarts': 0, 'SiteHistory': ['Unknown'], 'ResidentSetSize': [0], 'SubmitTimes': [1768130324.0], 'StartTimes': [], 'EndTimes': [], 'TotalUserCpuTimeHistory': [0.0], 'TotalSysCpuTimeHistory': [0.0], 'WallDurations': [0], 'JobIds': ['138548797.0'], 'State': 'idle', 'RecordedSite': False}, '512': {'Retries': 0, 'Restarts': 0, 'SiteHistory': ['Unknown'], 'ResidentSetSize': [0], 'SubmitTimes': [1768130324.0], 'StartTimes': [], 'EndTimes': [], 'TotalUserCpuTimeHistory': [0.0], 'TotalSysCpuTimeHistory': [0.0], 'WallDurations': [0], 'JobIds': ['138548798.0'], 'State': 'idle', 'RecordedSite': False}, '511': {'Retries': 0, 'Restarts': 0, 'SiteHistory': ['Unknown'], 'ResidentSetSize': [0], 'SubmitTimes': [1768130324.0], 'StartTimes': [], 'EndTimes': [], 'TotalUserCpuTimeHistory': [0.0], 'TotalSysCpuTimeHistory': [0.0], 'WallDurations': [0], 'JobIds': ['138548799.0'], 'State': 'idle', 'RecordedSite': False}, '522': {'Retries': 0, 'Restarts': 0, 'SiteHistory': ['Unknown'], 'ResidentSetSize': [0], 'SubmitTimes': [1768130324.0], 'StartTimes': [], 'EndTimes': [], 'TotalUserCpuTimeHistory': [0.0], 'TotalSysCpuTimeHistory': [0.0], 'WallDurations': [0], 'JobIds': ['138548800.0'], 'State': 'idle', 'RecordedSite': False}, '515': {'Retries': 0, 'Restarts': 0, 'SiteHistory': ['Unknown'], 'ResidentSetSize': [0], 'SubmitTimes': [1768130324.0], 'StartTimes': [], 'EndTimes': [], 'TotalUserCpuTimeHistory': [0.0], 'TotalSysCpuTimeHistory': [0.0], 'WallDurations': [0], 'JobIds': ['138548801.0'], 'State': 'idle', 'RecordedSite': False}, '519': {'Retries': 0, 'Restarts': 0, 'SiteHistory': ['Unknown'], 'ResidentSetSize': [0], 'SubmitTimes': [1768130329.0], 'StartTimes': [], 'EndTimes': [], 'TotalUserCpuTimeHistory': [0.0], 'TotalSysCpuTimeHistory': [0.0], 'WallDurations': [0], 'JobIds': ['138548805.0'], 'State': 'idle', 'RecordedSite': False}, '518': {'Retries': 0, 'Restarts': 0, 'SiteHistory': ['Unknown'], 'ResidentSetSize': [0], 'SubmitTimes': [1768130329.0], 'StartTimes': [], 'EndTimes': [], 'TotalUserCpuTimeHistory': [0.0], 'TotalSysCpuTimeHistory': [0.0], 'WallDurations': [0], 'JobIds': ['138548806.0'], 'State': 'idle', 'RecordedSite': False}, '516': {'Retries': 0, 'Restarts': 0, 'SiteHistory': ['Unknown'], 'ResidentSetSize': [0], 'SubmitTimes': [1768130329.0], 'StartTimes': [], 'EndTimes': [], 'TotalUserCpuTimeHistory': [0.0], 'TotalSysCpuTimeHistory': [0.0], 'WallDurations': [0], 'JobIds': ['138548807.0'], 'State': 'idle', 'RecordedSite': False}, '517': {'Retries': 0, 'Restarts': 0, 'SiteHistory': ['Unknown'], 'ResidentSetSize': [0], 'SubmitTimes': [1768130329.0], 'StartTimes': [], 'EndTimes': [], 'TotalUserCpuTimeHistory': [0.0], 'TotalSysCpuTimeHistory': [0.0], 'WallDurations': [0], 'JobIds': ['138548808.0'], 'State': 'idle', 'RecordedSite': False}, '510': {'Retries': 0, 'Restarts': 0, 'SiteHistory': ['Unknown'], 'ResidentSetSize': [0], 'SubmitTimes': [1768130329.0], 'StartTimes': [], 'EndTimes': [], 'TotalUserCpuTimeHistory': [0.0], 'TotalSysCpuTimeHistory': [0.0], 'WallDurations': [0], 'JobIds': ['138548809.0'], 'State': 'idle', 'RecordedSite': False}, '514': {'Retries': 0, 'Restarts': 0, 'SiteHistory': ['Unknown'], 'ResidentSetSize': [0], 'SubmitTimes': [1768130329.0], 'StartTimes': [], 'EndTimes': [], 'TotalUserCpuTimeHistory': [0.0], 'TotalSysCpuTimeHistory': [0.0], 'WallDurations': [0], 'JobIds': ['138548810.0'], 'State': 'idle', 'RecordedSite': False}, '524': {'Retries': 0, 'Restarts': 0, 'SiteHistory': ['Unknown'], 'ResidentSetSize': [0], 'SubmitTimes': [1768130329.0], 'StartTimes': [], 'EndTimes': [], 'TotalUserCpuTimeHistory': [0.0], 'TotalSysCpuTimeHistory': [0.0], 'WallDurations': [0], 'JobIds': ['138548811.0'], 'State': 'idle', 'RecordedSite': False}, '523': {'Retries': 0, 'Restarts': 0, 'SiteHistory': ['Unknown'], 'ResidentSetSize': [0], 'SubmitTimes': [1768130329.0], 'StartTimes': [], 'EndTimes': [], 'TotalUserCpuTimeHistory': [0.0], 'TotalSysCpuTimeHistory': [0.0], 'WallDurations': [0], 'JobIds': ['138548812.0'], 'State': 'idle', 'RecordedSite': False}, '526': {'Retries': 0, 'Restarts': 0, 'SiteHistory': ['Unknown'], 'ResidentSetSize': [0], 'SubmitTimes': [1768130329.0], 'StartTimes': [], 'EndTimes': [], 'TotalUserCpuTimeHistory': [0.0], 'TotalSysCpuTimeHistory': [0.0], 'WallDurations': [0], 'JobIds': ['138548813.0'], 'State': 'idle', 'RecordedSite': False}, '525': {'Retries': 0, 'Restarts': 0, 'SiteHistory': ['Unknown'], 'ResidentSetSize': [0], 'SubmitTimes': [1768130329.0], 'StartTimes': [], 'EndTimes': [], 'TotalUserCpuTimeHistory': [0.0], 'TotalSysCpuTimeHistory': [0.0], 'WallDurations': [0], 'JobIds': ['138548814.0'], 'State': 'idle', 'RecordedSite': False}, '521': {'Retries': 0, 'Restarts': 0, 'SiteHistory': ['Unknown'], 'ResidentSetSize': [0], 'SubmitTimes': [1768130329.0], 'StartTimes': [], 'EndTimes': [], 'TotalUserCpuTimeHistory': [0.0], 'TotalSysCpuTimeHistory': [0.0], 'WallDurations': [0], 'JobIds': ['138548815.0'], 'State': 'idle', 'RecordedSite': False}, '520': {'Retries': 0, 'Restarts': 0, 'SiteHistory': ['Unknown'], 'ResidentSetSize': [0], 'SubmitTimes': [1768130329.0], 'StartTimes': [], 'EndTimes': [], 'TotalUserCpuTimeHistory': [0.0], 'TotalSysCpuTimeHistory': [0.0], 'WallDurations': [0], 'JobIds': ['138548816.0'], 'State': 'idle', 'RecordedSite': False}, '527': {'Retries': 0, 'Restarts': 0, 'SiteHistory': ['Unknown'], 'ResidentSetSize': [0], 'SubmitTimes': [1768130329.0], 'StartTimes': [], 'EndTimes': [], 'TotalUserCpuTimeHistory': [0.0], 'TotalSysCpuTimeHistory': [0.0], 'WallDurations': [0], 'JobIds': ['138548817.0'], 'State': 'idle', 'RecordedSite': False}, '530': {'Retries': 0, 'Restarts': 0, 'SiteHistory': ['Unknown'], 'ResidentSetSize': [0], 'SubmitTimes': [1768130330.0], 'StartTimes': [], 'EndTimes': [], 'TotalUserCpuTimeHistory': [0.0], 'TotalSysCpuTimeHistory': [0.0], 'WallDurations': [0], 'JobIds': ['138548818.0'], 'State': 'idle', 'RecordedSite': False}, '529': {'Retries': 0, 'Restarts': 0, 'SiteHistory': ['Unknown'], 'ResidentSetSize': [0], 'SubmitTimes': [1768130330.0], 'StartTimes': [], 'EndTimes': [], 'TotalUserCpuTimeHistory': [0.0], 'TotalSysCpuTimeHistory': [0.0], 'WallDurations': [0], 'JobIds': ['138548819.0'], 'State': 'idle', 'RecordedSite': False}, '532': {'Retries': 0, 'Restarts': 0, 'SiteHistory': ['Unknown'], 'ResidentSetSize': [0], 'SubmitTimes': [1768130330.0], 'StartTimes': [], 'EndTimes': [], 'TotalUserCpuTimeHistory': [0.0], 'TotalSysCpuTimeHistory': [0.0], 'WallDurations': [0], 'JobIds': ['138548820.0'], 'State': 'idle', 'RecordedSite': False}, '537': {'Retries': 0, 'Restarts': 0, 'SiteHistory': ['Unknown'], 'ResidentSetSize': [0], 'SubmitTimes': [1768130330.0], 'StartTimes': [], 'EndTimes': [], 'TotalUserCpuTimeHistory': [0.0], 'TotalSysCpuTimeHistory': [0.0], 'WallDurations': [0], 'JobIds': ['138548821.0'], 'State': 'idle', 'RecordedSite': False}, '528': {'Retries': 0, 'Restarts': 0, 'SiteHistory': ['Unknown'], 'ResidentSetSize': [0], 'SubmitTimes': [1768130330.0], 'StartTimes': [], 'EndTimes': [], 'TotalUserCpuTimeHistory': [0.0], 'TotalSysCpuTimeHistory': [0.0], 'WallDurations': [0], 'JobIds': ['138548822.0'], 'State': 'idle', 'RecordedSite': False}, '531': {'Retries': 0, 'Restarts': 0, 'SiteHistory': ['Unknown'], 'ResidentSetSize': [0], 'SubmitTimes': [1768130330.0], 'StartTimes': [], 'EndTimes': [], 'TotalUserCpuTimeHistory': [0.0], 'TotalSysCpuTimeHistory': [0.0], 'WallDurations': [0], 'JobIds': ['138548823.0'], 'State': 'idle', 'RecordedSite': False}, '534': {'Retries': 0, 'Restarts': 0, 'SiteHistory': ['Unknown'], 'ResidentSetSize': [0], 'SubmitTimes': [1768130330.0], 'StartTimes': [], 'EndTimes': [], 'TotalUserCpuTimeHistory': [0.0], 'TotalSysCpuTimeHistory': [0.0], 'WallDurations': [0], 'JobIds': ['138548825.0'], 'State': 'idle', 'RecordedSite': False}, '533': {'Retries': 0, 'Restarts': 0, 'SiteHistory': ['Unknown'], 'ResidentSetSize': [0], 'SubmitTimes': [1768130330.0], 'StartTimes': [], 'EndTimes': [], 'TotalUserCpuTimeHistory': [0.0], 'TotalSysCpuTimeHistory': [0.0], 'WallDurations': [0], 'JobIds': ['138548826.0'], 'State': 'idle', 'RecordedSite': False}, '535': {'Retries': 0, 'Restarts': 0, 'SiteHistory': ['Unknown'], 'ResidentSetSize': [0], 'SubmitTimes': [1768130330.0], 'StartTimes': [], 'EndTimes': [], 'TotalUserCpuTimeHistory': [0.0], 'TotalSysCpuTimeHistory': [0.0], 'WallDurations': [0], 'JobIds': ['138548827.0'], 'State': 'idle', 'RecordedSite': False}, '539': {'Retries': 0, 'Restarts': 0, 'SiteHistory': ['Unknown'], 'ResidentSetSize': [0], 'SubmitTimes': [1768130330.0], 'StartTimes': [], 'EndTimes': [], 'TotalUserCpuTimeHistory': [0.0], 'TotalSysCpuTimeHistory': [0.0], 'WallDurations': [0], 'JobIds': ['138548828.0'], 'State': 'idle', 'RecordedSite': False}, '538': {'Retries': 0, 'Restarts': 0, 'SiteHistory': ['Unknown'], 'ResidentSetSize': [0], 'SubmitTimes': [1768130330.0], 'StartTimes': [], 'EndTimes': [], 'TotalUserCpuTimeHistory': [0.0], 'TotalSysCpuTimeHistory': [0.0], 'WallDurations': [0], 'JobIds': ['138548829.0'], 'State': 'idle', 'RecordedSite': False}, '536': {'Retries': 0, 'Restarts': 0, 'SiteHistory': ['Unknown'], 'ResidentSetSize': [0], 'SubmitTimes': [1768130330.0], 'StartTimes': [], 'EndTimes': [], 'TotalUserCpuTimeHistory': [0.0], 'TotalSysCpuTimeHistory': [0.0], 'WallDurations': [0], 'JobIds': ['138548830.0'], 'State': 'idle', 'RecordedSite': False}, '544': {'Retries': 0, 'Restarts': 0, 'SiteHistory': ['Unknown'], 'ResidentSetSize': [0], 'SubmitTimes': [1768130331.0], 'StartTimes': [], 'EndTimes': [], 'TotalUserCpuTimeHistory': [0.0], 'TotalSysCpuTimeHistory': [0.0], 'WallDurations': [0], 'JobIds': ['138548831.0'], 'State': 'idle', 'RecordedSite': False}, '541': {'Retries': 0, 'Restarts': 0, 'SiteHistory': ['Unknown'], 'ResidentSetSize': [0], 'SubmitTimes': [1768130331.0], 'StartTimes': [], 'EndTimes': [], 'TotalUserCpuTimeHistory': [0.0], 'TotalSysCpuTimeHistory': [0.0], 'WallDurations': [0], 'JobIds': ['138548832.0'], 'State': 'idle', 'RecordedSite': False}, '543': {'Retries': 0, 'Restarts': 0, 'SiteHistory': ['Unknown'], 'ResidentSetSize': [0], 'SubmitTimes': [1768130331.0], 'StartTimes': [], 'EndTimes': [], 'TotalUserCpuTimeHistory': [0.0], 'TotalSysCpuTimeHistory': [0.0], 'WallDurations': [0], 'JobIds': ['138548833.0'], 'State': 'idle', 'RecordedSite': False}, '542': {'Retries': 0, 'Restarts': 0, 'SiteHistory': ['Unknown'], 'ResidentSetSize': [0], 'SubmitTimes': [1768130331.0], 'StartTimes': [], 'EndTimes': [], 'TotalUserCpuTimeHistory': [0.0], 'TotalSysCpuTimeHistory': [0.0], 'WallDurations': [0], 'JobIds': ['138548834.0'], 'State': 'idle', 'RecordedSite': False}, '540': {'Retries': 0, 'Restarts': 0, 'SiteHistory': ['Unknown'], 'ResidentSetSize': [0], 'SubmitTimes': [1768130331.0], 'StartTimes': [], 'EndTimes': [], 'TotalUserCpuTimeHistory': [0.0], 'TotalSysCpuTimeHistory': [0.0], 'WallDurations': [0], 'JobIds': ['138548835.0'], 'State': 'idle', 'RecordedSite': False}, '545': {'Retries': 0, 'Restarts': 0, 'SiteHistory': ['Unknown'], 'ResidentSetSize': [0], 'SubmitTimes': [1768130331.0], 'StartTimes': [], 'EndTimes': [], 'TotalUserCpuTimeHistory': [0.0], 'TotalSysCpuTimeHistory': [0.0], 'WallDurations': [0], 'JobIds': ['138548836.0'], 'State': 'idle', 'RecordedSite': False}, '550': {'Retries': 0, 'Restarts': 0, 'SiteHistory': ['Unknown'], 'ResidentSetSize': [0], 'SubmitTimes': [1768130331.0], 'StartTimes': [], 'EndTimes': [], 'TotalUserCpuTimeHistory': [0.0], 'TotalSysCpuTimeHistory': [0.0], 'WallDurations': [0], 'JobIds': ['138548837.0'], 'State': 'idle', 'RecordedSite': False}, '548': {'Retries': 0, 'Restarts': 0, 'SiteHistory': ['Unknown'], 'ResidentSetSize': [0], 'SubmitTimes': [1768130331.0], 'StartTimes': [], 'EndTimes': [], 'TotalUserCpuTimeHistory': [0.0], 'TotalSysCpuTimeHistory': [0.0], 'WallDurations': [0], 'JobIds': ['138548838.0'], 'State': 'idle', 'RecordedSite': False}, '551': {'Retries': 0, 'Restarts': 0, 'SiteHistory': ['Unknown'], 'ResidentSetSize': [0], 'SubmitTimes': [1768130331.0], 'StartTimes': [], 'EndTimes': [], 'TotalUserCpuTimeHistory': [0.0], 'TotalSysCpuTimeHistory': [0.0], 'WallDurations': [0], 'JobIds': ['138548839.0'], 'State': 'idle', 'RecordedSite': False}, '547': {'Retries': 0, 'Restarts': 0, 'SiteHistory': ['Unknown'], 'ResidentSetSize': [0], 'SubmitTimes': [1768130331.0], 'StartTimes': [], 'EndTimes': [], 'TotalUserCpuTimeHistory': [0.0], 'TotalSysCpuTimeHistory': [0.0], 'WallDurations': [0], 'JobIds': ['138548840.0'], 'State': 'idle', 'RecordedSite': False}, '546': {'Retries': 0, 'Restarts': 0, 'SiteHistory': ['Unknown'], 'ResidentSetSize': [0], 'SubmitTimes': [1768130331.0], 'StartTimes': [], 'EndTimes': [], 'TotalUserCpuTimeHistory': [0.0], 'TotalSysCpuTimeHistory': [0.0], 'WallDurations': [0], 'JobIds': ['138548841.0'], 'State': 'idle', 'RecordedSite': False}, '554': {'Retries': 0, 'Restarts': 0, 'SiteHistory': ['Unknown'], 'ResidentSetSize': [0], 'SubmitTimes': [1768130331.0], 'StartTimes': [], 'EndTimes': [], 'TotalUserCpuTimeHistory': [0.0], 'TotalSysCpuTimeHistory': [0.0], 'WallDurations': [0], 'JobIds': ['138548842.0'], 'State': 'idle', 'RecordedSite': False}, '555': {'Retries': 0, 'Restarts': 0, 'SiteHistory': ['Unknown'], 'ResidentSetSize': [0], 'SubmitTimes': [1768130332.0], 'StartTimes': [], 'EndTimes': [], 'TotalUserCpuTimeHistory': [0.0], 'TotalSysCpuTimeHistory': [0.0], 'WallDurations': [0], 'JobIds': ['138548843.0'], 'State': 'idle', 'RecordedSite': False}, '549': {'Retries': 0, 'Restarts': 0, 'SiteHistory': ['Unknown'], 'ResidentSetSize': [0], 'SubmitTimes': [1768130332.0], 'StartTimes': [], 'EndTimes': [], 'TotalUserCpuTimeHistory': [0.0], 'TotalSysCpuTimeHistory': [0.0], 'WallDurations': [0], 'JobIds': ['138548844.0'], 'State': 'idle', 'RecordedSite': False}, '559': {'Retries': 0, 'Restarts': 0, 'SiteHistory': ['Unknown'], 'ResidentSetSize': [0], 'SubmitTimes': [1768130332.0], 'StartTimes': [], 'EndTimes': [], 'TotalUserCpuTimeHistory': [0.0], 'TotalSysCpuTimeHistory': [0.0], 'WallDurations': [0], 'JobIds': ['138548845.0'], 'State': 'idle', 'RecordedSite': False}, '552': {'Retries': 0, 'Restarts': 0, 'SiteHistory': ['Unknown'], 'ResidentSetSize': [0], 'SubmitTimes': [1768130332.0], 'StartTimes': [], 'EndTimes': [], 'TotalUserCpuTimeHistory': [0.0], 'TotalSysCpuTimeHistory': [0.0], 'WallDurations': [0], 'JobIds': ['138548846.0'], 'State': 'idle', 'RecordedSite': False}, '553': {'Retries': 0, 'Restarts': 0, 'SiteHistory': ['Unknown'], 'ResidentSetSize': [0], 'SubmitTimes': [1768130332.0], 'StartTimes': [], 'EndTimes': [], 'TotalUserCpuTimeHistory': [0.0], 'TotalSysCpuTimeHistory': [0.0], 'WallDurations': [0], 'JobIds': ['138548847.0'], 'State': 'idle', 'RecordedSite': False}, '556': {'Retries': 0, 'Restarts': 0, 'SiteHistory': ['Unknown'], 'ResidentSetSize': [0], 'SubmitTimes': [1768130332.0], 'StartTimes': [], 'EndTimes': [], 'TotalUserCpuTimeHistory': [0.0], 'TotalSysCpuTimeHistory': [0.0], 'WallDurations': [0], 'JobIds': ['138548848.0'], 'State': 'idle', 'RecordedSite': False}, '557': {'Retries': 0, 'Restarts': 0, 'SiteHistory': ['Unknown'], 'ResidentSetSize': [0], 'SubmitTimes': [1768130332.0], 'StartTimes': [], 'EndTimes': [], 'TotalUserCpuTimeHistory': [0.0], 'TotalSysCpuTimeHistory': [0.0], 'WallDurations': [0], 'JobIds': ['138548849.0'], 'State': 'idle', 'RecordedSite': False}, '558': {'Retries': 0, 'Restarts': 0, 'SiteHistory': ['Unknown'], 'ResidentSetSize': [0], 'SubmitTimes': [1768130332.0], 'StartTimes': [], 'EndTimes': [], 'TotalUserCpuTimeHistory': [0.0], 'TotalSysCpuTimeHistory': [0.0], 'WallDurations': [0], 'JobIds': ['138548850.0'], 'State': 'idle', 'RecordedSite': False}, '560': {'Retries': 0, 'Restarts': 0, 'SiteHistory': ['Unknown'], 'ResidentSetSize': [0], 'SubmitTimes': [1768130332.0], 'StartTimes': [], 'EndTimes': [], 'TotalUserCpuTimeHistory': [0.0], 'TotalSysCpuTimeHistory': [0.0], 'WallDurations': [0], 'JobIds': ['138548851.0'], 'State': 'idle', 'RecordedSite': False}, '561': {'Retries': 0, 'Restarts': 0, 'SiteHistory': ['Unknown'], 'ResidentSetSize': [0], 'SubmitTimes': [1768130332.0], 'StartTimes': [], 'EndTimes': [], 'TotalUserCpuTimeHistory': [0.0], 'TotalSysCpuTimeHistory': [0.0], 'WallDurations': [0], 'JobIds': ['138548852.0'], 'State': 'idle', 'RecordedSite': False}, '562': {'Retries': 0, 'Restarts': 0, 'SiteHistory': ['Unknown'], 'ResidentSetSize': [0], 'SubmitTimes': [1768130332.0], 'StartTimes': [], 'EndTimes': [], 'TotalUserCpuTimeHistory': [0.0], 'TotalSysCpuTimeHistory': [0.0], 'WallDurations': [0], 'JobIds': ['138548853.0'], 'State': 'idle', 'RecordedSite': False}, '563': {'Retries': 0, 'Restarts': 0, 'SiteHistory': ['Unknown'], 'ResidentSetSize': [0], 'SubmitTimes': [1768130332.0], 'StartTimes': [], 'EndTimes': [], 'TotalUserCpuTimeHistory': [0.0], 'TotalSysCpuTimeHistory': [0.0], 'WallDurations': [0], 'JobIds': ['138548854.0'], 'State': 'idle', 'RecordedSite': False}, '564': {'Retries': 0, 'Restarts': 0, 'SiteHistory': ['Unknown'], 'ResidentSetSize': [0], 'SubmitTimes': [1768130332.0], 'StartTimes': [], 'EndTimes': [], 'TotalUserCpuTimeHistory': [0.0], 'TotalSysCpuTimeHistory': [0.0], 'WallDurations': [0], 'JobIds': ['138548855.0'], 'State': 'idle', 'RecordedSite': False}, '565': {'Retries': 0, 'Restarts': 0, 'SiteHistory': ['Unknown'], 'ResidentSetSize': [0], 'SubmitTimes': [1768130332.0], 'StartTimes': [], 'EndTimes': [], 'TotalUserCpuTimeHistory': [0.0], 'TotalSysCpuTimeHistory': [0.0], 'WallDurations': [0], 'JobIds': ['138548856.0'], 'State': 'idle', 'RecordedSite': False}, '566': {'Retries': 0, 'Restarts': 0, 'SiteHistory': ['Unknown'], 'ResidentSetSize': [0], 'SubmitTimes': [1768130332.0], 'StartTimes': [], 'EndTimes': [], 'TotalUserCpuTimeHistory': [0.0], 'TotalSysCpuTimeHistory': [0.0], 'WallDurations': [0], 'JobIds': ['138548857.0'], 'State': 'idle', 'RecordedSite': False}, '567': {'Retries': 0, 'Restarts': 0, 'SiteHistory': ['Unknown'], 'ResidentSetSize': [0], 'SubmitTimes': [1768130332.0], 'StartTimes': [], 'EndTimes': [], 'TotalUserCpuTimeHistory': [0.0], 'TotalSysCpuTimeHistory': [0.0], 'WallDurations': [0], 'JobIds': ['138548858.0'], 'State': 'idle', 'RecordedSite': False}, '568': {'Retries': 0, 'Restarts': 0, 'SiteHistory': ['Unknown'], 'ResidentSetSize': [0], 'SubmitTimes': [1768130332.0], 'StartTimes': [], 'EndTimes': [], 'TotalUserCpuTimeHistory': [0.0], 'TotalSysCpuTimeHistory': [0.0], 'WallDurations': [0], 'JobIds': ['138548859.0'], 'State': 'idle', 'RecordedSite': False}, '569': {'Retries': 0, 'Restarts': 0, 'SiteHistory': ['Unknown'], 'ResidentSetSize': [0], 'SubmitTimes': [1768130332.0], 'StartTimes': [], 'EndTimes': [], 'TotalUserCpuTimeHistory': [0.0], 'TotalSysCpuTimeHistory': [0.0], 'WallDurations': [0], 'JobIds': ['138548860.0'], 'State': 'idle', 'RecordedSite': False}, '570': {'Retries': 0, 'Restarts': 0, 'SiteHistory': ['Unknown'], 'ResidentSetSize': [0], 'SubmitTimes': [1768130332.0], 'StartTimes': [], 'EndTimes': [], 'TotalUserCpuTimeHistory': [0.0], 'TotalSysCpuTimeHistory': [0.0], 'WallDurations': [0], 'JobIds': ['138548861.0'], 'State': 'idle', 'RecordedSite': False}, '571': {'Retries': 0, 'Restarts': 0, 'SiteHistory': ['Unknown'], 'ResidentSetSize': [0], 'SubmitTimes': [1768130332.0], 'StartTimes': [], 'EndTimes': [], 'TotalUserCpuTimeHistory': [0.0], 'TotalSysCpuTimeHistory': [0.0], 'WallDurations': [0], 'JobIds': ['138548863.0'], 'State': 'idle', 'RecordedSite': False}, '572': {'Retries': 0, 'Restarts': 0, 'SiteHistory': ['Unknown'], 'ResidentSetSize': [0], 'SubmitTimes': [1768130332.0], 'StartTimes': [], 'EndTimes': [], 'TotalUserCpuTimeHistory': [0.0], 'TotalSysCpuTimeHistory': [0.0], 'WallDurations': [0], 'JobIds': ['138548864.0'], 'State': 'idle', 'RecordedSite': False}, '573': {'Retries': 0, 'Restarts': 0, 'SiteHistory': ['Unknown'], 'ResidentSetSize': [0], 'SubmitTimes': [1768130332.0], 'StartTimes': [], 'EndTimes': [], 'TotalUserCpuTimeHistory': [0.0], 'TotalSysCpuTimeHistory': [0.0], 'WallDurations': [0], 'JobIds': ['138548865.0'], 'State': 'idle', 'RecordedSite': False}, '574': {'Retries': 0, 'Restarts': 0, 'SiteHistory': ['Unknown'], 'ResidentSetSize': [0], 'SubmitTimes': [1768130332.0], 'StartTimes': [], 'EndTimes': [], 'TotalUserCpuTimeHistory': [0.0], 'TotalSysCpuTimeHistory': [0.0], 'WallDurations': [0], 'JobIds': ['138548866.0'], 'State': 'idle', 'RecordedSite': False}, '575': {'Retries': 0, 'Restarts': 0, 'SiteHistory': ['Unknown'], 'ResidentSetSize': [0], 'SubmitTimes': [1768130332.0], 'StartTimes': [], 'EndTimes': [], 'TotalUserCpuTimeHistory': [0.0], 'TotalSysCpuTimeHistory': [0.0], 'WallDurations': [0], 'JobIds': ['138548867.0'], 'State': 'idle', 'RecordedSite': False}, '576': {'Retries': 0, 'Restarts': 0, 'SiteHistory': ['Unknown'], 'ResidentSetSize': [0], 'SubmitTimes': [1768130332.0], 'StartTimes': [], 'EndTimes': [], 'TotalUserCpuTimeHistory': [0.0], 'TotalSysCpuTimeHistory': [0.0], 'WallDurations': [0], 'JobIds': ['138548868.0'], 'State': 'idle', 'RecordedSite': False}, '586': {'Retries': 0, 'Restarts': 0, 'SiteHistory': ['Unknown'], 'ResidentSetSize': [0], 'SubmitTimes': [1768130333.0], 'StartTimes': [], 'EndTimes': [], 'TotalUserCpuTimeHistory': [0.0], 'TotalSysCpuTimeHistory': [0.0], 'WallDurations': [0], 'JobIds': ['138548869.0'], 'State': 'idle', 'RecordedSite': False}, '579': {'Retries': 0, 'Restarts': 0, 'SiteHistory': ['Unknown'], 'ResidentSetSize': [0], 'SubmitTimes': [1768130333.0], 'StartTimes': [], 'EndTimes': [], 'TotalUserCpuTimeHistory': [0.0], 'TotalSysCpuTimeHistory': [0.0], 'WallDurations': [0], 'JobIds': ['138548870.0'], 'State': 'idle', 'RecordedSite': False}, '596': {'Retries': 0, 'Restarts': 0, 'SiteHistory': ['Unknown'], 'ResidentSetSize': [0], 'SubmitTimes': [1768130333.0], 'StartTimes': [], 'EndTimes': [], 'TotalUserCpuTimeHistory': [0.0], 'TotalSysCpuTimeHistory': [0.0], 'WallDurations': [0], 'JobIds': ['138548871.0'], 'State': 'idle', 'RecordedSite': False}, '590': {'Retries': 0, 'Restarts': 0, 'SiteHistory': ['Unknown'], 'ResidentSetSize': [0], 'SubmitTimes': [1768130333.0], 'StartTimes': [], 'EndTimes': [], 'TotalUserCpuTimeHistory': [0.0], 'TotalSysCpuTimeHistory': [0.0], 'WallDurations': [0], 'JobIds': ['138548872.0'], 'State': 'idle', 'RecordedSite': False}, '584': {'Retries': 0, 'Restarts': 0, 'SiteHistory': ['Unknown'], 'ResidentSetSize': [0], 'SubmitTimes': [1768130333.0], 'StartTimes': [], 'EndTimes': [], 'TotalUserCpuTimeHistory': [0.0], 'TotalSysCpuTimeHistory': [0.0], 'WallDurations': [0], 'JobIds': ['138548873.0'], 'State': 'idle', 'RecordedSite': False}, '591': {'Retries': 0, 'Restarts': 0, 'SiteHistory': ['Unknown'], 'ResidentSetSize': [0], 'SubmitTimes': [1768130333.0], 'StartTimes': [], 'EndTimes': [], 'TotalUserCpuTimeHistory': [0.0], 'TotalSysCpuTimeHistory': [0.0], 'WallDurations': [0], 'JobIds': ['138548874.0'], 'State': 'idle', 'RecordedSite': False}, '583': {'Retries': 0, 'Restarts': 0, 'SiteHistory': ['Unknown'], 'ResidentSetSize': [0], 'SubmitTimes': [1768130333.0], 'StartTimes': [], 'EndTimes': [], 'TotalUserCpuTimeHistory': [0.0], 'TotalSysCpuTimeHistory': [0.0], 'WallDurations': [0], 'JobIds': ['138548875.0'], 'State': 'idle', 'RecordedSite': False}, '582': {'Retries': 0, 'Restarts': 0, 'SiteHistory': ['Unknown'], 'ResidentSetSize': [0], 'SubmitTimes': [1768130333.0], 'StartTimes': [], 'EndTimes': [], 'TotalUserCpuTimeHistory': [0.0], 'TotalSysCpuTimeHistory': [0.0], 'WallDurations': [0], 'JobIds': ['138548876.0'], 'State': 'idle', 'RecordedSite': False}, '589': {'Retries': 0, 'Restarts': 0, 'SiteHistory': ['Unknown'], 'ResidentSetSize': [0], 'SubmitTimes': [1768130333.0], 'StartTimes': [], 'EndTimes': [], 'TotalUserCpuTimeHistory': [0.0], 'TotalSysCpuTimeHistory': [0.0], 'WallDurations': [0], 'JobIds': ['138548877.0'], 'State': 'idle', 'RecordedSite': False}, '595': {'Retries': 0, 'Restarts': 0, 'SiteHistory': ['Unknown'], 'ResidentSetSize': [0], 'SubmitTimes': [1768130333.0], 'StartTimes': [], 'EndTimes': [], 'TotalUserCpuTimeHistory': [0.0], 'TotalSysCpuTimeHistory': [0.0], 'WallDurations': [0], 'JobIds': ['138548878.0'], 'State': 'idle', 'RecordedSite': False}, '580': {'Retries': 0, 'Restarts': 0, 'SiteHistory': ['Unknown'], 'ResidentSetSize': [0], 'SubmitTimes': [1768130333.0], 'StartTimes': [], 'EndTimes': [], 'TotalUserCpuTimeHistory': [0.0], 'TotalSysCpuTimeHistory': [0.0], 'WallDurations': [0], 'JobIds': ['138548879.0'], 'State': 'idle', 'RecordedSite': False}, '587': {'Retries': 0, 'Restarts': 0, 'SiteHistory': ['Unknown'], 'ResidentSetSize': [0], 'SubmitTimes': [1768130333.0], 'StartTimes': [], 'EndTimes': [], 'TotalUserCpuTimeHistory': [0.0], 'TotalSysCpuTimeHistory': [0.0], 'WallDurations': [0], 'JobIds': ['138548880.0'], 'State': 'idle', 'RecordedSite': False}, '588': {'Retries': 0, 'Restarts': 0, 'SiteHistory': ['Unknown'], 'ResidentSetSize': [0], 'SubmitTimes': [1768130333.0], 'StartTimes': [], 'EndTimes': [], 'TotalUserCpuTimeHistory': [0.0], 'TotalSysCpuTimeHistory': [0.0], 'WallDurations': [0], 'JobIds': ['138548881.0'], 'State': 'idle', 'RecordedSite': False}, '585': {'Retries': 0, 'Restarts': 0, 'SiteHistory': ['Unknown'], 'ResidentSetSize': [0], 'SubmitTimes': [1768130333.0], 'StartTimes': [], 'EndTimes': [], 'TotalUserCpuTimeHistory': [0.0], 'TotalSysCpuTimeHistory': [0.0], 'WallDurations': [0], 'JobIds': ['138548882.0'], 'State': 'idle', 'RecordedSite': False}, '594': {'Retries': 0, 'Restarts': 0, 'SiteHistory': ['Unknown'], 'ResidentSetSize': [0], 'SubmitTimes': [1768130333.0], 'StartTimes': [], 'EndTimes': [], 'TotalUserCpuTimeHistory': [0.0], 'TotalSysCpuTimeHistory': [0.0], 'WallDurations': [0], 'JobIds': ['138548883.0'], 'State': 'idle', 'RecordedSite': False}, '578': {'Retries': 0, 'Restarts': 0, 'SiteHistory': ['Unknown'], 'ResidentSetSize': [0], 'SubmitTimes': [1768130333.0], 'StartTimes': [], 'EndTimes': [], 'TotalUserCpuTimeHistory': [0.0], 'TotalSysCpuTimeHistory': [0.0], 'WallDurations': [0], 'JobIds': ['138548884.0'], 'State': 'idle', 'RecordedSite': False}, '593': {'Retries': 0, 'Restarts': 0, 'SiteHistory': ['Unknown'], 'ResidentSetSize': [0], 'SubmitTimes': [1768130333.0], 'StartTimes': [], 'EndTimes': [], 'TotalUserCpuTimeHistory': [0.0], 'TotalSysCpuTimeHistory': [0.0], 'WallDurations': [0], 'JobIds': ['138548885.0'], 'State': 'idle', 'RecordedSite': False}, '581': {'Retries': 0, 'Restarts': 0, 'SiteHistory': ['Unknown'], 'ResidentSetSize': [0], 'SubmitTimes': [1768130333.0], 'StartTimes': [], 'EndTimes': [], 'TotalUserCpuTimeHistory': [0.0], 'TotalSysCpuTimeHistory': [0.0], 'WallDurations': [0], 'JobIds': ['138548886.0'], 'State': 'idle', 'RecordedSite': False}, '592': {'Retries': 0, 'Restarts': 0, 'SiteHistory': ['Unknown'], 'ResidentSetSize': [0], 'SubmitTimes': [1768130333.0], 'StartTimes': [], 'EndTimes': [], 'TotalUserCpuTimeHistory': [0.0], 'TotalSysCpuTimeHistory': [0.0], 'WallDurations': [0], 'JobIds': ['138548887.0'], 'State': 'idle', 'RecordedSite': False}, '597': {'Retries': 0, 'Restarts': 0, 'SiteHistory': ['Unknown'], 'ResidentSetSize': [0], 'SubmitTimes': [1768130333.0], 'StartTimes': [], 'EndTimes': [], 'TotalUserCpuTimeHistory': [0.0], 'TotalSysCpuTimeHistory': [0.0], 'WallDurations': [0], 'JobIds': ['138548888.0'], 'State': 'idle', 'RecordedSite': False}, '598': {'Retries': 0, 'Restarts': 0, 'SiteHistory': ['Unknown'], 'ResidentSetSize': [0], 'SubmitTimes': [1768130333.0], 'StartTimes': [], 'EndTimes': [], 'TotalUserCpuTimeHistory': [0.0], 'TotalSysCpuTimeHistory': [0.0], 'WallDurations': [0], 'JobIds': ['138548889.0'], 'State': 'idle', 'RecordedSite': False}, '599': {'Retries': 0, 'Restarts': 0, 'SiteHistory': ['Unknown'], 'ResidentSetSize': [0], 'SubmitTimes': [1768130334.0], 'StartTimes': [], 'EndTimes': [], 'TotalUserCpuTimeHistory': [0.0], 'TotalSysCpuTimeHistory': [0.0], 'WallDurations': [0], 'JobIds': ['138548890.0'], 'State': 'idle', 'RecordedSite': False}, '610': {'Retries': 0, 'Restarts': 0, 'SiteHistory': ['Unknown'], 'ResidentSetSize': [0], 'SubmitTimes': [1768130334.0], 'StartTimes': [], 'EndTimes': [], 'TotalUserCpuTimeHistory': [0.0], 'TotalSysCpuTimeHistory': [0.0], 'WallDurations': [0], 'JobIds': ['138548891.0'], 'State': 'idle', 'RecordedSite': False}, '605': {'Retries': 0, 'Restarts': 0, 'SiteHistory': ['Unknown'], 'ResidentSetSize': [0], 'SubmitTimes': [1768130334.0], 'StartTimes': [], 'EndTimes': [], 'TotalUserCpuTimeHistory': [0.0], 'TotalSysCpuTimeHistory': [0.0], 'WallDurations': [0], 'JobIds': ['138548892.0'], 'State': 'idle', 'RecordedSite': False}, '603': {'Retries': 0, 'Restarts': 0, 'SiteHistory': ['Unknown'], 'ResidentSetSize': [0], 'SubmitTimes': [1768130334.0], 'StartTimes': [], 'EndTimes': [], 'TotalUserCpuTimeHistory': [0.0], 'TotalSysCpuTimeHistory': [0.0], 'WallDurations': [0], 'JobIds': ['138548893.0'], 'State': 'idle', 'RecordedSite': False}, '612': {'Retries': 0, 'Restarts': 0, 'SiteHistory': ['Unknown'], 'ResidentSetSize': [0], 'SubmitTimes': [1768130334.0], 'StartTimes': [], 'EndTimes': [], 'TotalUserCpuTimeHistory': [0.0], 'TotalSysCpuTimeHistory': [0.0], 'WallDurations': [0], 'JobIds': ['138548894.0'], 'State': 'idle', 'RecordedSite': False}, '601': {'Retries': 0, 'Restarts': 0, 'SiteHistory': ['Unknown'], 'ResidentSetSize': [0], 'SubmitTimes': [1768130334.0], 'StartTimes': [], 'EndTimes': [], 'TotalUserCpuTimeHistory': [0.0], 'TotalSysCpuTimeHistory': [0.0], 'WallDurations': [0], 'JobIds': ['138548895.0'], 'State': 'idle', 'RecordedSite': False}, '602': {'Retries': 0, 'Restarts': 0, 'SiteHistory': ['Unknown'], 'ResidentSetSize': [0], 'SubmitTimes': [1768130334.0], 'StartTimes': [], 'EndTimes': [], 'TotalUserCpuTimeHistory': [0.0], 'TotalSysCpuTimeHistory': [0.0], 'WallDurations': [0], 'JobIds': ['138548896.0'], 'State': 'idle', 'RecordedSite': False}, '600': {'Retries': 0, 'Restarts': 0, 'SiteHistory': ['Unknown'], 'ResidentSetSize': [0], 'SubmitTimes': [1768130334.0], 'StartTimes': [], 'EndTimes': [], 'TotalUserCpuTimeHistory': [0.0], 'TotalSysCpuTimeHistory': [0.0], 'WallDurations': [0], 'JobIds': ['138548897.0'], 'State': 'idle', 'RecordedSite': False}, '609': {'Retries': 0, 'Restarts': 0, 'SiteHistory': ['Unknown'], 'ResidentSetSize': [0], 'SubmitTimes': [1768130334.0], 'StartTimes': [], 'EndTimes': [], 'TotalUserCpuTimeHistory': [0.0], 'TotalSysCpuTimeHistory': [0.0], 'WallDurations': [0], 'JobIds': ['138548898.0'], 'State': 'idle', 'RecordedSite': False}, '608': {'Retries': 0, 'Restarts': 0, 'SiteHistory': ['Unknown'], 'ResidentSetSize': [0], 'SubmitTimes': [1768130334.0], 'StartTimes': [], 'EndTimes': [], 'TotalUserCpuTimeHistory': [0.0], 'TotalSysCpuTimeHistory': [0.0], 'WallDurations': [0], 'JobIds': ['138548899.0'], 'State': 'idle', 'RecordedSite': False}, '614': {'Retries': 0, 'Restarts': 0, 'SiteHistory': ['Unknown'], 'ResidentSetSize': [0], 'SubmitTimes': [1768130334.0], 'StartTimes': [], 'EndTimes': [], 'TotalUserCpuTimeHistory': [0.0], 'TotalSysCpuTimeHistory': [0.0], 'WallDurations': [0], 'JobIds': ['138548900.0'], 'State': 'idle', 'RecordedSite': False}, '616': {'Retries': 0, 'Restarts': 0, 'SiteHistory': ['Unknown'], 'ResidentSetSize': [0], 'SubmitTimes': [1768130334.0], 'StartTimes': [], 'EndTimes': [], 'TotalUserCpuTimeHistory': [0.0], 'TotalSysCpuTimeHistory': [0.0], 'WallDurations': [0], 'JobIds': ['138548901.0'], 'State': 'idle', 'RecordedSite': False}, '615': {'Retries': 0, 'Restarts': 0, 'SiteHistory': ['Unknown'], 'ResidentSetSize': [0], 'SubmitTimes': [1768130334.0], 'StartTimes': [], 'EndTimes': [], 'TotalUserCpuTimeHistory': [0.0], 'TotalSysCpuTimeHistory': [0.0], 'WallDurations': [0], 'JobIds': ['138548902.0'], 'State': 'idle', 'RecordedSite': False}, '611': {'Retries': 0, 'Restarts': 0, 'SiteHistory': ['Unknown'], 'ResidentSetSize': [0], 'SubmitTimes': [1768130334.0], 'StartTimes': [], 'EndTimes': [], 'TotalUserCpuTimeHistory': [0.0], 'TotalSysCpuTimeHistory': [0.0], 'WallDurations': [0], 'JobIds': ['138548903.0'], 'State': 'idle', 'RecordedSite': False}, '606': {'Retries': 0, 'Restarts': 0, 'SiteHistory': ['Unknown'], 'ResidentSetSize': [0], 'SubmitTimes': [1768130334.0], 'StartTimes': [], 'EndTimes': [], 'TotalUserCpuTimeHistory': [0.0], 'TotalSysCpuTimeHistory': [0.0], 'WallDurations': [0], 'JobIds': ['138548904.0'], 'State': 'idle', 'RecordedSite': False}, '604': {'Retries': 0, 'Restarts': 0, 'SiteHistory': ['Unknown'], 'ResidentSetSize': [0], 'SubmitTimes': [1768130334.0], 'StartTimes': [], 'EndTimes': [], 'TotalUserCpuTimeHistory': [0.0], 'TotalSysCpuTimeHistory': [0.0], 'WallDurations': [0], 'JobIds': ['138548905.0'], 'State': 'idle', 'RecordedSite': False}, '607': {'Retries': 0, 'Restarts': 0, 'SiteHistory': ['Unknown'], 'ResidentSetSize': [0], 'SubmitTimes': [1768130335.0], 'StartTimes': [], 'EndTimes': [], 'TotalUserCpuTimeHistory': [0.0], 'TotalSysCpuTimeHistory': [0.0], 'WallDurations': [0], 'JobIds': ['138548906.0'], 'State': 'idle', 'RecordedSite': False}, '617': {'Retries': 0, 'Restarts': 0, 'SiteHistory': ['Unknown'], 'ResidentSetSize': [0], 'SubmitTimes': [1768130341.0], 'StartTimes': [], 'EndTimes': [], 'TotalUserCpuTimeHistory': [0.0], 'TotalSysCpuTimeHistory': [0.0], 'WallDurations': [0], 'JobIds': ['138548998.0'], 'State': 'idle', 'RecordedSite': False}, '613': {'Retries': 0, 'Restarts': 0, 'SiteHistory': ['Unknown'], 'ResidentSetSize': [0], 'SubmitTimes': [1768130341.0], 'StartTimes': [], 'EndTimes': [], 'TotalUserCpuTimeHistory': [0.0], 'TotalSysCpuTimeHistory': [0.0], 'WallDurations': [0], 'JobIds': ['138548999.0'], 'State': 'idle', 'RecordedSite': False}, '622': {'Retries': 0, 'Restarts': 0, 'SiteHistory': ['Unknown'], 'ResidentSetSize': [0], 'SubmitTimes': [1768130341.0], 'StartTimes': [], 'EndTimes': [], 'TotalUserCpuTimeHistory': [0.0], 'TotalSysCpuTimeHistory': [0.0], 'WallDurations': [0], 'JobIds': ['138549000.0'], 'State': 'idle', 'RecordedSite': False}, '618': {'Retries': 0, 'Restarts': 0, 'SiteHistory': ['Unknown'], 'ResidentSetSize': [0], 'SubmitTimes': [1768130341.0], 'StartTimes': [], 'EndTimes': [], 'TotalUserCpuTimeHistory': [0.0], 'TotalSysCpuTimeHistory': [0.0], 'WallDurations': [0], 'JobIds': ['138549001.0'], 'State': 'idle', 'RecordedSite': False}, '623': {'Retries': 0, 'Restarts': 0, 'SiteHistory': ['Unknown'], 'ResidentSetSize': [0], 'SubmitTimes': [1768130341.0], 'StartTimes': [], 'EndTimes': [], 'TotalUserCpuTimeHistory': [0.0], 'TotalSysCpuTimeHistory': [0.0], 'WallDurations': [0], 'JobIds': ['138549002.0'], 'State': 'idle', 'RecordedSite': False}, '619': {'Retries': 0, 'Restarts': 0, 'SiteHistory': ['Unknown'], 'ResidentSetSize': [0], 'SubmitTimes': [1768130341.0], 'StartTimes': [], 'EndTimes': [], 'TotalUserCpuTimeHistory': [0.0], 'TotalSysCpuTimeHistory': [0.0], 'WallDurations': [0], 'JobIds': ['138549003.0'], 'State': 'idle', 'RecordedSite': False}, '630': {'Retries': 0, 'Restarts': 0, 'SiteHistory': ['Unknown'], 'ResidentSetSize': [0], 'SubmitTimes': [1768130341.0], 'StartTimes': [], 'EndTimes': [], 'TotalUserCpuTimeHistory': [0.0], 'TotalSysCpuTimeHistory': [0.0], 'WallDurations': [0], 'JobIds': ['138549004.0'], 'State': 'idle', 'RecordedSite': False}, '627': {'Retries': 0, 'Restarts': 0, 'SiteHistory': ['Unknown'], 'ResidentSetSize': [0], 'SubmitTimes': [1768130341.0], 'StartTimes': [], 'EndTimes': [], 'TotalUserCpuTimeHistory': [0.0], 'TotalSysCpuTimeHistory': [0.0], 'WallDurations': [0], 'JobIds': ['138549005.0'], 'State': 'idle', 'RecordedSite': False}, '621': {'Retries': 0, 'Restarts': 0, 'SiteHistory': ['Unknown'], 'ResidentSetSize': [0], 'SubmitTimes': [1768130341.0], 'StartTimes': [], 'EndTimes': [], 'TotalUserCpuTimeHistory': [0.0], 'TotalSysCpuTimeHistory': [0.0], 'WallDurations': [0], 'JobIds': ['138549006.0'], 'State': 'idle', 'RecordedSite': False}, '620': {'Retries': 0, 'Restarts': 0, 'SiteHistory': ['Unknown'], 'ResidentSetSize': [0], 'SubmitTimes': [1768130341.0], 'StartTimes': [], 'EndTimes': [], 'TotalUserCpuTimeHistory': [0.0], 'TotalSysCpuTimeHistory': [0.0], 'WallDurations': [0], 'JobIds': ['138549007.0'], 'State': 'idle', 'RecordedSite': False}, '625': {'Retries': 0, 'Restarts': 0, 'SiteHistory': ['Unknown'], 'ResidentSetSize': [0], 'SubmitTimes': [1768130341.0], 'StartTimes': [], 'EndTimes': [], 'TotalUserCpuTimeHistory': [0.0], 'TotalSysCpuTimeHistory': [0.0], 'WallDurations': [0], 'JobIds': ['138549008.0'], 'State': 'idle', 'RecordedSite': False}, '626': {'Retries': 0, 'Restarts': 0, 'SiteHistory': ['Unknown'], 'ResidentSetSize': [0], 'SubmitTimes': [1768130341.0], 'StartTimes': [], 'EndTimes': [], 'TotalUserCpuTimeHistory': [0.0], 'TotalSysCpuTimeHistory': [0.0], 'WallDurations': [0], 'JobIds': ['138549009.0'], 'State': 'idle', 'RecordedSite': False}, '629': {'Retries': 0, 'Restarts': 0, 'SiteHistory': ['Unknown'], 'ResidentSetSize': [0], 'SubmitTimes': [1768130341.0], 'StartTimes': [], 'EndTimes': [], 'TotalUserCpuTimeHistory': [0.0], 'TotalSysCpuTimeHistory': [0.0], 'WallDurations': [0], 'JobIds': ['138549010.0'], 'State': 'idle', 'RecordedSite': False}, '624': {'Retries': 0, 'Restarts': 0, 'SiteHistory': ['Unknown'], 'ResidentSetSize': [0], 'SubmitTimes': [1768130341.0], 'StartTimes': [], 'EndTimes': [], 'TotalUserCpuTimeHistory': [0.0], 'TotalSysCpuTimeHistory': [0.0], 'WallDurations': [0], 'JobIds': ['138549011.0'], 'State': 'idle', 'RecordedSite': False}, '631': {'Retries': 0, 'Restarts': 0, 'SiteHistory': ['Unknown'], 'ResidentSetSize': [0], 'SubmitTimes': [1768130341.0], 'StartTimes': [], 'EndTimes': [], 'TotalUserCpuTimeHistory': [0.0], 'TotalSysCpuTimeHistory': [0.0], 'WallDurations': [0], 'JobIds': ['138549012.0'], 'State': 'idle', 'RecordedSite': False}, '628': {'Retries': 0, 'Restarts': 0, 'SiteHistory': ['Unknown'], 'ResidentSetSize': [0], 'SubmitTimes': [1768130341.0], 'StartTimes': [], 'EndTimes': [], 'TotalUserCpuTimeHistory': [0.0], 'TotalSysCpuTimeHistory': [0.0], 'WallDurations': [0], 'JobIds': ['138549013.0'], 'State': 'idle', 'RecordedSite': False}, '633': {'Retries': 0, 'Restarts': 0, 'SiteHistory': ['Unknown'], 'ResidentSetSize': [0], 'SubmitTimes': [1768130341.0], 'StartTimes': [], 'EndTimes': [], 'TotalUserCpuTimeHistory': [0.0], 'TotalSysCpuTimeHistory': [0.0], 'WallDurations': [0], 'JobIds': ['138549014.0'], 'State': 'idle', 'RecordedSite': False}, '635': {'Retries': 0, 'Restarts': 0, 'SiteHistory': ['Unknown'], 'ResidentSetSize': [0], 'SubmitTimes': [1768130341.0], 'StartTimes': [], 'EndTimes': [], 'TotalUserCpuTimeHistory': [0.0], 'TotalSysCpuTimeHistory': [0.0], 'WallDurations': [0], 'JobIds': ['138549015.0'], 'State': 'idle', 'RecordedSite': False}, '634': {'Retries': 0, 'Restarts': 0, 'SiteHistory': ['Unknown'], 'ResidentSetSize': [0], 'SubmitTimes': [1768130341.0], 'StartTimes': [], 'EndTimes': [], 'TotalUserCpuTimeHistory': [0.0], 'TotalSysCpuTimeHistory': [0.0], 'WallDurations': [0], 'JobIds': ['138549016.0'], 'State': 'idle', 'RecordedSite': False}, '638': {'Retries': 0, 'Restarts': 0, 'SiteHistory': ['Unknown'], 'ResidentSetSize': [0], 'SubmitTimes': [1768130341.0], 'StartTimes': [], 'EndTimes': [], 'TotalUserCpuTimeHistory': [0.0], 'TotalSysCpuTimeHistory': [0.0], 'WallDurations': [0], 'JobIds': ['138549017.0'], 'State': 'idle', 'RecordedSite': False}, '636': {'Retries': 0, 'Restarts': 0, 'SiteHistory': ['Unknown'], 'ResidentSetSize': [0], 'SubmitTimes': [1768130341.0], 'StartTimes': [], 'EndTimes': [], 'TotalUserCpuTimeHistory': [0.0], 'TotalSysCpuTimeHistory': [0.0], 'WallDurations': [0], 'JobIds': ['138549018.0'], 'State': 'idle', 'RecordedSite': False}, '637': {'Retries': 0, 'Restarts': 0, 'SiteHistory': ['Unknown'], 'ResidentSetSize': [0], 'SubmitTimes': [1768130342.0], 'StartTimes': [], 'EndTimes': [], 'TotalUserCpuTimeHistory': [0.0], 'TotalSysCpuTimeHistory': [0.0], 'WallDurations': [0], 'JobIds': ['138549019.0'], 'State': 'idle', 'RecordedSite': False}, '640': {'Retries': 0, 'Restarts': 0, 'SiteHistory': ['Unknown'], 'ResidentSetSize': [0], 'SubmitTimes': [1768130342.0], 'StartTimes': [], 'EndTimes': [], 'TotalUserCpuTimeHistory': [0.0], 'TotalSysCpuTimeHistory': [0.0], 'WallDurations': [0], 'JobIds': ['138549020.0'], 'State': 'idle', 'RecordedSite': False}, '642': {'Retries': 0, 'Restarts': 0, 'SiteHistory': ['Unknown'], 'ResidentSetSize': [0], 'SubmitTimes': [1768130342.0], 'StartTimes': [], 'EndTimes': [], 'TotalUserCpuTimeHistory': [0.0], 'TotalSysCpuTimeHistory': [0.0], 'WallDurations': [0], 'JobIds': ['138549023.0'], 'State': 'idle', 'RecordedSite': False}, '643': {'Retries': 0, 'Restarts': 0, 'SiteHistory': ['Unknown'], 'ResidentSetSize': [0], 'SubmitTimes': [1768130342.0], 'StartTimes': [], 'EndTimes': [], 'TotalUserCpuTimeHistory': [0.0], 'TotalSysCpuTimeHistory': [0.0], 'WallDurations': [0], 'JobIds': ['138549026.0'], 'State': 'idle', 'RecordedSite': False}, '645': {'Retries': 0, 'Restarts': 0, 'SiteHistory': ['Unknown'], 'ResidentSetSize': [0], 'SubmitTimes': [1768130342.0], 'StartTimes': [], 'EndTimes': [], 'TotalUserCpuTimeHistory': [0.0], 'TotalSysCpuTimeHistory': [0.0], 'WallDurations': [0], 'JobIds': ['138549029.0'], 'State': 'idle', 'RecordedSite': False}, '641': {'Retries': 0, 'Restarts': 0, 'SiteHistory': ['Unknown'], 'ResidentSetSize': [0], 'SubmitTimes': [1768130342.0], 'StartTimes': [], 'EndTimes': [], 'TotalUserCpuTimeHistory': [0.0], 'TotalSysCpuTimeHistory': [0.0], 'WallDurations': [0], 'JobIds': ['138549031.0'], 'State': 'idle', 'RecordedSite': False}, '632': {'Retries': 0, 'Restarts': 0, 'SiteHistory': ['Unknown'], 'ResidentSetSize': [0], 'SubmitTimes': [1768130342.0], 'StartTimes': [], 'EndTimes': [], 'TotalUserCpuTimeHistory': [0.0], 'TotalSysCpuTimeHistory': [0.0], 'WallDurations': [0], 'JobIds': ['138549034.0'], 'State': 'idle', 'RecordedSite': False}, '639': {'Retries': 0, 'Restarts': 0, 'SiteHistory': ['Unknown'], 'ResidentSetSize': [0], 'SubmitTimes': [1768130342.0], 'StartTimes': [], 'EndTimes': [], 'TotalUserCpuTimeHistory': [0.0], 'TotalSysCpuTimeHistory': [0.0], 'WallDurations': [0], 'JobIds': ['138549037.0'], 'State': 'idle', 'RecordedSite': False}, '649': {'Retries': 0, 'Restarts': 0, 'SiteHistory': ['Unknown'], 'ResidentSetSize': [0], 'SubmitTimes': [1768130342.0], 'StartTimes': [], 'EndTimes': [], 'TotalUserCpuTimeHistory': [0.0], 'TotalSysCpuTimeHistory': [0.0], 'WallDurations': [0], 'JobIds': ['138549040.0'], 'State': 'idle', 'RecordedSite': False}, '646': {'Retries': 0, 'Restarts': 0, 'SiteHistory': ['Unknown'], 'ResidentSetSize': [0], 'SubmitTimes': [1768130343.0], 'StartTimes': [], 'EndTimes': [], 'TotalUserCpuTimeHistory': [0.0], 'TotalSysCpuTimeHistory': [0.0], 'WallDurations': [0], 'JobIds': ['138549043.0'], 'State': 'idle', 'RecordedSite': False}, '652': {'Retries': 0, 'Restarts': 0, 'SiteHistory': ['Unknown'], 'ResidentSetSize': [0], 'SubmitTimes': [1768130343.0], 'StartTimes': [], 'EndTimes': [], 'TotalUserCpuTimeHistory': [0.0], 'TotalSysCpuTimeHistory': [0.0], 'WallDurations': [0], 'JobIds': ['138549046.0'], 'State': 'idle', 'RecordedSite': False}, '644': {'Retries': 0, 'Restarts': 0, 'SiteHistory': ['Unknown'], 'ResidentSetSize': [0], 'SubmitTimes': [1768130343.0], 'StartTimes': [], 'EndTimes': [], 'TotalUserCpuTimeHistory': [0.0], 'TotalSysCpuTimeHistory': [0.0], 'WallDurations': [0], 'JobIds': ['138549049.0'], 'State': 'idle', 'RecordedSite': False}, '647': {'Retries': 0, 'Restarts': 0, 'SiteHistory': ['Unknown'], 'ResidentSetSize': [0], 'SubmitTimes': [1768130343.0], 'StartTimes': [], 'EndTimes': [], 'TotalUserCpuTimeHistory': [0.0], 'TotalSysCpuTimeHistory': [0.0], 'WallDurations': [0], 'JobIds': ['138549052.0'], 'State': 'idle', 'RecordedSite': False}, '648': {'Retries': 0, 'Restarts': 0, 'SiteHistory': ['Unknown'], 'ResidentSetSize': [0], 'SubmitTimes': [1768130343.0], 'StartTimes': [], 'EndTimes': [], 'TotalUserCpuTimeHistory': [0.0], 'TotalSysCpuTimeHistory': [0.0], 'WallDurations': [0], 'JobIds': ['138549054.0'], 'State': 'idle', 'RecordedSite': False}, '650': {'Retries': 0, 'Restarts': 0, 'SiteHistory': ['Unknown'], 'ResidentSetSize': [0], 'SubmitTimes': [1768130343.0], 'StartTimes': [], 'EndTimes': [], 'TotalUserCpuTimeHistory': [0.0], 'TotalSysCpuTimeHistory': [0.0], 'WallDurations': [0], 'JobIds': ['138549057.0'], 'State': 'idle', 'RecordedSite': False}, '651': {'Retries': 0, 'Restarts': 0, 'SiteHistory': ['Unknown'], 'ResidentSetSize': [0], 'SubmitTimes': [1768130343.0], 'StartTimes': [], 'EndTimes': [], 'TotalUserCpuTimeHistory': [0.0], 'TotalSysCpuTimeHistory': [0.0], 'WallDurations': [0], 'JobIds': ['138549060.0'], 'State': 'idle', 'RecordedSite': False}, '653': {'Retries': 0, 'Restarts': 0, 'SiteHistory': ['Unknown'], 'ResidentSetSize': [0], 'SubmitTimes': [1768130343.0], 'StartTimes': [], 'EndTimes': [], 'TotalUserCpuTimeHistory': [0.0], 'TotalSysCpuTimeHistory': [0.0], 'WallDurations': [0], 'JobIds': ['138549063.0'], 'State': 'idle', 'RecordedSite': False}, '654': {'Retries': 0, 'Restarts': 0, 'SiteHistory': ['Unknown'], 'ResidentSetSize': [0], 'SubmitTimes': [1768130343.0], 'StartTimes': [], 'EndTimes': [], 'TotalUserCpuTimeHistory': [0.0], 'TotalSysCpuTimeHistory': [0.0], 'WallDurations': [0], 'JobIds': ['138549066.0'], 'State': 'idle', 'RecordedSite': False}, '655': {'Retries': 0, 'Restarts': 0, 'SiteHistory': ['Unknown'], 'ResidentSetSize': [0], 'SubmitTimes': [1768130343.0], 'StartTimes': [], 'EndTimes': [], 'TotalUserCpuTimeHistory': [0.0], 'TotalSysCpuTimeHistory': [0.0], 'WallDurations': [0], 'JobIds': ['138549071.0'], 'State': 'idle', 'RecordedSite': False}, '656': {'Retries': 0, 'Restarts': 0, 'SiteHistory': ['Unknown'], 'ResidentSetSize': [0], 'SubmitTimes': [1768130343.0], 'StartTimes': [], 'EndTimes': [], 'TotalUserCpuTimeHistory': [0.0], 'TotalSysCpuTimeHistory': [0.0], 'WallDurations': [0], 'JobIds': ['138549074.0'], 'State': 'idle', 'RecordedSite': False}, '657': {'Retries': 0, 'Restarts': 0, 'SiteHistory': ['Unknown'], 'ResidentSetSize': [0], 'SubmitTimes': [1768130343.0], 'StartTimes': [], 'EndTimes': [], 'TotalUserCpuTimeHistory': [0.0], 'TotalSysCpuTimeHistory': [0.0], 'WallDurations': [0], 'JobIds': ['138549077.0'], 'State': 'idle', 'RecordedSite': False}, '658': {'Retries': 0, 'Restarts': 0, 'SiteHistory': ['Unknown'], 'ResidentSetSize': [0], 'SubmitTimes': [1768130343.0], 'StartTimes': [], 'EndTimes': [], 'TotalUserCpuTimeHistory': [0.0], 'TotalSysCpuTimeHistory': [0.0], 'WallDurations': [0], 'JobIds': ['138549080.0'], 'State': 'idle', 'RecordedSite': False}, '659': {'Retries': 0, 'Restarts': 0, 'SiteHistory': ['Unknown'], 'ResidentSetSize': [0], 'SubmitTimes': [1768130343.0], 'StartTimes': [], 'EndTimes': [], 'TotalUserCpuTimeHistory': [0.0], 'TotalSysCpuTimeHistory': [0.0], 'WallDurations': [0], 'JobIds': ['138549084.0'], 'State': 'idle', 'RecordedSite': False}, '660': {'Retries': 0, 'Restarts': 0, 'SiteHistory': ['Unknown'], 'ResidentSetSize': [0], 'SubmitTimes': [1768130343.0], 'StartTimes': [], 'EndTimes': [], 'TotalUserCpuTimeHistory': [0.0], 'TotalSysCpuTimeHistory': [0.0], 'WallDurations': [0], 'JobIds': ['138549087.0'], 'State': 'idle', 'RecordedSite': False}, '661': {'Retries': 0, 'Restarts': 0, 'SiteHistory': ['Unknown'], 'ResidentSetSize': [0], 'SubmitTimes': [1768130343.0], 'StartTimes': [], 'EndTimes': [], 'TotalUserCpuTimeHistory': [0.0], 'TotalSysCpuTimeHistory': [0.0], 'WallDurations': [0], 'JobIds': ['138549090.0'], 'State': 'idle', 'RecordedSite': False}, '662': {'Retries': 0, 'Restarts': 0, 'SiteHistory': ['Unknown'], 'ResidentSetSize': [0], 'SubmitTimes': [1768130343.0], 'StartTimes': [], 'EndTimes': [], 'TotalUserCpuTimeHistory': [0.0], 'TotalSysCpuTimeHistory': [0.0], 'WallDurations': [0], 'JobIds': ['138549093.0'], 'State': 'idle', 'RecordedSite': False}, '663': {'Retries': 0, 'Restarts': 0, 'SiteHistory': ['Unknown'], 'ResidentSetSize': [0], 'SubmitTimes': [1768130343.0], 'StartTimes': [], 'EndTimes': [], 'TotalUserCpuTimeHistory': [0.0], 'TotalSysCpuTimeHistory': [0.0], 'WallDurations': [0], 'JobIds': ['138549096.0'], 'State': 'idle', 'RecordedSite': False}, '664': {'Retries': 0, 'Restarts': 0, 'SiteHistory': ['Unknown'], 'ResidentSetSize': [0], 'SubmitTimes': [1768130344.0], 'StartTimes': [], 'EndTimes': [], 'TotalUserCpuTimeHistory': [0.0], 'TotalSysCpuTimeHistory': [0.0], 'WallDurations': [0], 'JobIds': ['138549099.0'], 'State': 'idle', 'RecordedSite': False}, '665': {'Retries': 0, 'Restarts': 0, 'SiteHistory': ['Unknown'], 'ResidentSetSize': [0], 'SubmitTimes': [1768130344.0], 'StartTimes': [], 'EndTimes': [], 'TotalUserCpuTimeHistory': [0.0], 'TotalSysCpuTimeHistory': [0.0], 'WallDurations': [0], 'JobIds': ['138549102.0'], 'State': 'idle', 'RecordedSite': False}, '666': {'Retries': 0, 'Restarts': 0, 'SiteHistory': ['Unknown'], 'ResidentSetSize': [0], 'SubmitTimes': [1768130344.0], 'StartTimes': [], 'EndTimes': [], 'TotalUserCpuTimeHistory': [0.0], 'TotalSysCpuTimeHistory': [0.0], 'WallDurations': [0], 'JobIds': ['138549105.0'], 'State': 'idle', 'RecordedSite': False}, '682': {'Retries': 0, 'Restarts': 0, 'SiteHistory': ['Unknown'], 'ResidentSetSize': [0], 'SubmitTimes': [1768130344.0], 'StartTimes': [], 'EndTimes': [], 'TotalUserCpuTimeHistory': [0.0], 'TotalSysCpuTimeHistory': [0.0], 'WallDurations': [0], 'JobIds': ['138549108.0'], 'State': 'idle', 'RecordedSite': False}, '672': {'Retries': 0, 'Restarts': 0, 'SiteHistory': ['Unknown'], 'ResidentSetSize': [0], 'SubmitTimes': [1768130344.0], 'StartTimes': [], 'EndTimes': [], 'TotalUserCpuTimeHistory': [0.0], 'TotalSysCpuTimeHistory': [0.0], 'WallDurations': [0], 'JobIds': ['138549111.0'], 'State': 'idle', 'RecordedSite': False}, '669': {'Retries': 0, 'Restarts': 0, 'SiteHistory': ['Unknown'], 'ResidentSetSize': [0], 'SubmitTimes': [1768130344.0], 'StartTimes': [], 'EndTimes': [], 'TotalUserCpuTimeHistory': [0.0], 'TotalSysCpuTimeHistory': [0.0], 'WallDurations': [0], 'JobIds': ['138549114.0'], 'State': 'idle', 'RecordedSite': False}, '668': {'Retries': 0, 'Restarts': 0, 'SiteHistory': ['Unknown'], 'ResidentSetSize': [0], 'SubmitTimes': [1768130344.0], 'StartTimes': [], 'EndTimes': [], 'TotalUserCpuTimeHistory': [0.0], 'TotalSysCpuTimeHistory': [0.0], 'WallDurations': [0], 'JobIds': ['138549117.0'], 'State': 'idle', 'RecordedSite': False}, '671': {'Retries': 0, 'Restarts': 0, 'SiteHistory': ['Unknown'], 'ResidentSetSize': [0], 'SubmitTimes': [1768130344.0], 'StartTimes': [], 'EndTimes': [], 'TotalUserCpuTimeHistory': [0.0], 'TotalSysCpuTimeHistory': [0.0], 'WallDurations': [0], 'JobIds': ['138549120.0'], 'State': 'idle', 'RecordedSite': False}, '673': {'Retries': 0, 'Restarts': 0, 'SiteHistory': ['Unknown'], 'ResidentSetSize': [0], 'SubmitTimes': [1768130344.0], 'StartTimes': [], 'EndTimes': [], 'TotalUserCpuTimeHistory': [0.0], 'TotalSysCpuTimeHistory': [0.0], 'WallDurations': [0], 'JobIds': ['138549123.0'], 'State': 'idle', 'RecordedSite': False}, '683': {'Retries': 0, 'Restarts': 0, 'SiteHistory': ['Unknown'], 'ResidentSetSize': [0], 'SubmitTimes': [1768130344.0], 'StartTimes': [], 'EndTimes': [], 'TotalUserCpuTimeHistory': [0.0], 'TotalSysCpuTimeHistory': [0.0], 'WallDurations': [0], 'JobIds': ['138549126.0'], 'State': 'idle', 'RecordedSite': False}, '678': {'Retries': 0, 'Restarts': 0, 'SiteHistory': ['Unknown'], 'ResidentSetSize': [0], 'SubmitTimes': [1768130344.0], 'StartTimes': [], 'EndTimes': [], 'TotalUserCpuTimeHistory': [0.0], 'TotalSysCpuTimeHistory': [0.0], 'WallDurations': [0], 'JobIds': ['138549129.0'], 'State': 'idle', 'RecordedSite': False}, '680': {'Retries': 0, 'Restarts': 0, 'SiteHistory': ['Unknown'], 'ResidentSetSize': [0], 'SubmitTimes': [1768130344.0], 'StartTimes': [], 'EndTimes': [], 'TotalUserCpuTimeHistory': [0.0], 'TotalSysCpuTimeHistory': [0.0], 'WallDurations': [0], 'JobIds': ['138549131.0'], 'State': 'idle', 'RecordedSite': False}, '670': {'Retries': 0, 'Restarts': 0, 'SiteHistory': ['Unknown'], 'ResidentSetSize': [0], 'SubmitTimes': [1768130344.0], 'StartTimes': [], 'EndTimes': [], 'TotalUserCpuTimeHistory': [0.0], 'TotalSysCpuTimeHistory': [0.0], 'WallDurations': [0], 'JobIds': ['138549133.0'], 'State': 'idle', 'RecordedSite': False}, '684': {'Retries': 0, 'Restarts': 0, 'SiteHistory': ['Unknown'], 'ResidentSetSize': [0], 'SubmitTimes': [1768130344.0], 'StartTimes': [], 'EndTimes': [], 'TotalUserCpuTimeHistory': [0.0], 'TotalSysCpuTimeHistory': [0.0], 'WallDurations': [0], 'JobIds': ['138549135.0'], 'State': 'idle', 'RecordedSite': False}, '675': {'Retries': 0, 'Restarts': 0, 'SiteHistory': ['Unknown'], 'ResidentSetSize': [0], 'SubmitTimes': [1768130344.0], 'StartTimes': [], 'EndTimes': [], 'TotalUserCpuTimeHistory': [0.0], 'TotalSysCpuTimeHistory': [0.0], 'WallDurations': [0], 'JobIds': ['138549137.0'], 'State': 'idle', 'RecordedSite': False}, '687': {'Retries': 0, 'Restarts': 0, 'SiteHistory': ['Unknown'], 'ResidentSetSize': [0], 'SubmitTimes': [1768130344.0], 'StartTimes': [], 'EndTimes': [], 'TotalUserCpuTimeHistory': [0.0], 'TotalSysCpuTimeHistory': [0.0], 'WallDurations': [0], 'JobIds': ['138549139.0'], 'State': 'idle', 'RecordedSite': False}, '674': {'Retries': 0, 'Restarts': 0, 'SiteHistory': ['Unknown'], 'ResidentSetSize': [0], 'SubmitTimes': [1768130344.0], 'StartTimes': [], 'EndTimes': [], 'TotalUserCpuTimeHistory': [0.0], 'TotalSysCpuTimeHistory': [0.0], 'WallDurations': [0], 'JobIds': ['138549141.0'], 'State': 'idle', 'RecordedSite': False}, '677': {'Retries': 0, 'Restarts': 0, 'SiteHistory': ['Unknown'], 'ResidentSetSize': [0], 'SubmitTimes': [1768130344.0], 'StartTimes': [], 'EndTimes': [], 'TotalUserCpuTimeHistory': [0.0], 'TotalSysCpuTimeHistory': [0.0], 'WallDurations': [0], 'JobIds': ['138549142.0'], 'State': 'idle', 'RecordedSite': False}, '685': {'Retries': 0, 'Restarts': 0, 'SiteHistory': ['Unknown'], 'ResidentSetSize': [0], 'SubmitTimes': [1768130344.0], 'StartTimes': [], 'EndTimes': [], 'TotalUserCpuTimeHistory': [0.0], 'TotalSysCpuTimeHistory': [0.0], 'WallDurations': [0], 'JobIds': ['138549143.0'], 'State': 'idle', 'RecordedSite': False}, '676': {'Retries': 0, 'Restarts': 0, 'SiteHistory': ['Unknown'], 'ResidentSetSize': [0], 'SubmitTimes': [1768130344.0], 'StartTimes': [], 'EndTimes': [], 'TotalUserCpuTimeHistory': [0.0], 'TotalSysCpuTimeHistory': [0.0], 'WallDurations': [0], 'JobIds': ['138549144.0'], 'State': 'idle', 'RecordedSite': False}, '679': {'Retries': 0, 'Restarts': 0, 'SiteHistory': ['Unknown'], 'ResidentSetSize': [0], 'SubmitTimes': [1768130344.0], 'StartTimes': [], 'EndTimes': [], 'TotalUserCpuTimeHistory': [0.0], 'TotalSysCpuTimeHistory': [0.0], 'WallDurations': [0], 'JobIds': ['138549145.0'], 'State': 'idle', 'RecordedSite': False}, '681': {'Retries': 0, 'Restarts': 0, 'SiteHistory': ['Unknown'], 'ResidentSetSize': [0], 'SubmitTimes': [1768130344.0], 'StartTimes': [], 'EndTimes': [], 'TotalUserCpuTimeHistory': [0.0], 'TotalSysCpuTimeHistory': [0.0], 'WallDurations': [0], 'JobIds': ['138549146.0'], 'State': 'idle', 'RecordedSite': False}, '686': {'Retries': 0, 'Restarts': 0, 'SiteHistory': ['Unknown'], 'ResidentSetSize': [0], 'SubmitTimes': [1768130344.0], 'StartTimes': [], 'EndTimes': [], 'TotalUserCpuTimeHistory': [0.0], 'TotalSysCpuTimeHistory': [0.0], 'WallDurations': [0], 'JobIds': ['138549147.0'], 'State': 'idle', 'RecordedSite': False}, '690': {'Retries': 0, 'Restarts': 0, 'SiteHistory': ['Unknown'], 'ResidentSetSize': [0], 'SubmitTimes': [1768130344.0], 'StartTimes': [], 'EndTimes': [], 'TotalUserCpuTimeHistory': [0.0], 'TotalSysCpuTimeHistory': [0.0], 'WallDurations': [0], 'JobIds': ['138549148.0'], 'State': 'idle', 'RecordedSite': False}, '689': {'Retries': 0, 'Restarts': 0, 'SiteHistory': ['Unknown'], 'ResidentSetSize': [0], 'SubmitTimes': [1768130344.0], 'StartTimes': [], 'EndTimes': [], 'TotalUserCpuTimeHistory': [0.0], 'TotalSysCpuTimeHistory': [0.0], 'WallDurations': [0], 'JobIds': ['138549149.0'], 'State': 'idle', 'RecordedSite': False}, '693': {'Retries': 0, 'Restarts': 0, 'SiteHistory': ['Unknown'], 'ResidentSetSize': [0], 'SubmitTimes': [1768130344.0], 'StartTimes': [], 'EndTimes': [], 'TotalUserCpuTimeHistory': [0.0], 'TotalSysCpuTimeHistory': [0.0], 'WallDurations': [0], 'JobIds': ['138549150.0'], 'State': 'idle', 'RecordedSite': False}, '698': {'Retries': 0, 'Restarts': 0, 'SiteHistory': ['Unknown'], 'ResidentSetSize': [0], 'SubmitTimes': [1768130344.0], 'StartTimes': [], 'EndTimes': [], 'TotalUserCpuTimeHistory': [0.0], 'TotalSysCpuTimeHistory': [0.0], 'WallDurations': [0], 'JobIds': ['138549151.0'], 'State': 'idle', 'RecordedSite': False}, '695': {'Retries': 0, 'Restarts': 0, 'SiteHistory': ['Unknown'], 'ResidentSetSize': [0], 'SubmitTimes': [1768130345.0], 'StartTimes': [], 'EndTimes': [], 'TotalUserCpuTimeHistory': [0.0], 'TotalSysCpuTimeHistory': [0.0], 'WallDurations': [0], 'JobIds': ['138549152.0'], 'State': 'idle', 'RecordedSite': False}, '688': {'Retries': 0, 'Restarts': 0, 'SiteHistory': ['Unknown'], 'ResidentSetSize': [0], 'SubmitTimes': [1768130345.0], 'StartTimes': [], 'EndTimes': [], 'TotalUserCpuTimeHistory': [0.0], 'TotalSysCpuTimeHistory': [0.0], 'WallDurations': [0], 'JobIds': ['138549153.0'], 'State': 'idle', 'RecordedSite': False}, '696': {'Retries': 0, 'Restarts': 0, 'SiteHistory': ['Unknown'], 'ResidentSetSize': [0], 'SubmitTimes': [1768130345.0], 'StartTimes': [], 'EndTimes': [], 'TotalUserCpuTimeHistory': [0.0], 'TotalSysCpuTimeHistory': [0.0], 'WallDurations': [0], 'JobIds': ['138549154.0'], 'State': 'idle', 'RecordedSite': False}, '692': {'Retries': 0, 'Restarts': 0, 'SiteHistory': ['Unknown'], 'ResidentSetSize': [0], 'SubmitTimes': [1768130345.0], 'StartTimes': [], 'EndTimes': [], 'TotalUserCpuTimeHistory': [0.0], 'TotalSysCpuTimeHistory': [0.0], 'WallDurations': [0], 'JobIds': ['138549155.0'], 'State': 'idle', 'RecordedSite': False}, '697': {'Retries': 0, 'Restarts': 0, 'SiteHistory': ['Unknown'], 'ResidentSetSize': [0], 'SubmitTimes': [1768130345.0], 'StartTimes': [], 'EndTimes': [], 'TotalUserCpuTimeHistory': [0.0], 'TotalSysCpuTimeHistory': [0.0], 'WallDurations': [0], 'JobIds': ['138549156.0'], 'State': 'idle', 'RecordedSite': False}, '691': {'Retries': 0, 'Restarts': 0, 'SiteHistory': ['Unknown'], 'ResidentSetSize': [0], 'SubmitTimes': [1768130345.0], 'StartTimes': [], 'EndTimes': [], 'TotalUserCpuTimeHistory': [0.0], 'TotalSysCpuTimeHistory': [0.0], 'WallDurations': [0], 'JobIds': ['138549157.0'], 'State': 'idle', 'RecordedSite': False}, '699': {'Retries': 0, 'Restarts': 0, 'SiteHistory': ['Unknown'], 'ResidentSetSize': [0], 'SubmitTimes': [1768130345.0], 'StartTimes': [], 'EndTimes': [], 'TotalUserCpuTimeHistory': [0.0], 'TotalSysCpuTimeHistory': [0.0], 'WallDurations': [0], 'JobIds': ['138549158.0'], 'State': 'idle', 'RecordedSite': False}, '694': {'Retries': 0, 'Restarts': 0, 'SiteHistory': ['Unknown'], 'ResidentSetSize': [0], 'SubmitTimes': [1768130345.0], 'StartTimes': [], 'EndTimes': [], 'TotalUserCpuTimeHistory': [0.0], 'TotalSysCpuTimeHistory': [0.0], 'WallDurations': [0], 'JobIds': ['138549159.0'], 'State': 'idle', 'RecordedSite': False}, '704': {'Retries': 0, 'Restarts': 0, 'SiteHistory': ['Unknown'], 'ResidentSetSize': [0], 'SubmitTimes': [1768130345.0], 'StartTimes': [], 'EndTimes': [], 'TotalUserCpuTimeHistory': [0.0], 'TotalSysCpuTimeHistory': [0.0], 'WallDurations': [0], 'JobIds': ['138549160.0'], 'State': 'idle', 'RecordedSite': False}, '705': {'Retries': 0, 'Restarts': 0, 'SiteHistory': ['Unknown'], 'ResidentSetSize': [0], 'SubmitTimes': [1768130345.0], 'StartTimes': [], 'EndTimes': [], 'TotalUserCpuTimeHistory': [0.0], 'TotalSysCpuTimeHistory': [0.0], 'WallDurations': [0], 'JobIds': ['138549161.0'], 'State': 'idle', 'RecordedSite': False}, '700': {'Retries': 0, 'Restarts': 0, 'SiteHistory': ['Unknown'], 'ResidentSetSize': [0], 'SubmitTimes': [1768130345.0], 'StartTimes': [], 'EndTimes': [], 'TotalUserCpuTimeHistory': [0.0], 'TotalSysCpuTimeHistory': [0.0], 'WallDurations': [0], 'JobIds': ['138549162.0'], 'State': 'idle', 'RecordedSite': False}, '702': {'Retries': 0, 'Restarts': 0, 'SiteHistory': ['Unknown'], 'ResidentSetSize': [0], 'SubmitTimes': [1768130345.0], 'StartTimes': [], 'EndTimes': [], 'TotalUserCpuTimeHistory': [0.0], 'TotalSysCpuTimeHistory': [0.0], 'WallDurations': [0], 'JobIds': ['138549163.0'], 'State': 'idle', 'RecordedSite': False}, '703': {'Retries': 0, 'Restarts': 0, 'SiteHistory': ['Unknown'], 'ResidentSetSize': [0], 'SubmitTimes': [1768130345.0], 'StartTimes': [], 'EndTimes': [], 'TotalUserCpuTimeHistory': [0.0], 'TotalSysCpuTimeHistory': [0.0], 'WallDurations': [0], 'JobIds': ['138549164.0'], 'State': 'idle', 'RecordedSite': False}, '701': {'Retries': 0, 'Restarts': 0, 'SiteHistory': ['Unknown'], 'ResidentSetSize': [0], 'SubmitTimes': [1768130345.0], 'StartTimes': [], 'EndTimes': [], 'TotalUserCpuTimeHistory': [0.0], 'TotalSysCpuTimeHistory': [0.0], 'WallDurations': [0], 'JobIds': ['138549165.0'], 'State': 'idle', 'RecordedSite': False}, '706': {'Retries': 0, 'Restarts': 0, 'SiteHistory': ['Unknown'], 'ResidentSetSize': [0], 'SubmitTimes': [1768130345.0], 'StartTimes': [], 'EndTimes': [], 'TotalUserCpuTimeHistory': [0.0], 'TotalSysCpuTimeHistory': [0.0], 'WallDurations': [0], 'JobIds': ['138549166.0'], 'State': 'idle', 'RecordedSite': False}, '716': {'Retries': 0, 'Restarts': 0, 'SiteHistory': ['Unknown'], 'ResidentSetSize': [0], 'SubmitTimes': [1768130345.0], 'StartTimes': [], 'EndTimes': [], 'TotalUserCpuTimeHistory': [0.0], 'TotalSysCpuTimeHistory': [0.0], 'WallDurations': [0], 'JobIds': ['138549167.0'], 'State': 'idle', 'RecordedSite': False}, '717': {'Retries': 0, 'Restarts': 0, 'SiteHistory': ['Unknown'], 'ResidentSetSize': [0], 'SubmitTimes': [1768130345.0], 'StartTimes': [], 'EndTimes': [], 'TotalUserCpuTimeHistory': [0.0], 'TotalSysCpuTimeHistory': [0.0], 'WallDurations': [0], 'JobIds': ['138549168.0'], 'State': 'idle', 'RecordedSite': False}, '713': {'Retries': 0, 'Restarts': 0, 'SiteHistory': ['Unknown'], 'ResidentSetSize': [0], 'SubmitTimes': [1768130345.0], 'StartTimes': [], 'EndTimes': [], 'TotalUserCpuTimeHistory': [0.0], 'TotalSysCpuTimeHistory': [0.0], 'WallDurations': [0], 'JobIds': ['138549169.0'], 'State': 'idle', 'RecordedSite': False}, '707': {'Retries': 0, 'Restarts': 0, 'SiteHistory': ['Unknown'], 'ResidentSetSize': [0], 'SubmitTimes': [1768130345.0], 'StartTimes': [], 'EndTimes': [], 'TotalUserCpuTimeHistory': [0.0], 'TotalSysCpuTimeHistory': [0.0], 'WallDurations': [0], 'JobIds': ['138549170.0'], 'State': 'idle', 'RecordedSite': False}, '709': {'Retries': 0, 'Restarts': 0, 'SiteHistory': ['Unknown'], 'ResidentSetSize': [0], 'SubmitTimes': [1768130345.0], 'StartTimes': [], 'EndTimes': [], 'TotalUserCpuTimeHistory': [0.0], 'TotalSysCpuTimeHistory': [0.0], 'WallDurations': [0], 'JobIds': ['138549171.0'], 'State': 'idle', 'RecordedSite': False}, '724': {'Retries': 0, 'Restarts': 0, 'SiteHistory': ['Unknown'], 'ResidentSetSize': [0], 'SubmitTimes': [1768130345.0], 'StartTimes': [], 'EndTimes': [], 'TotalUserCpuTimeHistory': [0.0], 'TotalSysCpuTimeHistory': [0.0], 'WallDurations': [0], 'JobIds': ['138549172.0'], 'State': 'idle', 'RecordedSite': False}, '718': {'Retries': 0, 'Restarts': 0, 'SiteHistory': ['Unknown'], 'ResidentSetSize': [0], 'SubmitTimes': [1768130345.0], 'StartTimes': [], 'EndTimes': [], 'TotalUserCpuTimeHistory': [0.0], 'TotalSysCpuTimeHistory': [0.0], 'WallDurations': [0], 'JobIds': ['138549173.0'], 'State': 'idle', 'RecordedSite': False}, '725': {'Retries': 0, 'Restarts': 0, 'SiteHistory': ['Unknown'], 'ResidentSetSize': [0], 'SubmitTimes': [1768130345.0], 'StartTimes': [], 'EndTimes': [], 'TotalUserCpuTimeHistory': [0.0], 'TotalSysCpuTimeHistory': [0.0], 'WallDurations': [0], 'JobIds': ['138549174.0'], 'State': 'idle', 'RecordedSite': False}, '32': {'Retries': 0, 'Restarts': 0, 'SiteHistory': [], 'ResidentSetSize': [], 'SubmitTimes': [], 'StartTimes': [], 'EndTimes': [], 'TotalUserCpuTimeHistory': [], 'TotalSysCpuTimeHistory': [], 'WallDurations': [], 'JobIds': [], 'State': 'unsubmitted'}, '132': {'Retries': 0, 'Restarts': 0, 'SiteHistory': [], 'ResidentSetSize': [], 'SubmitTimes': [], 'StartTimes': [], 'EndTimes': [], 'TotalUserCpuTimeHistory': [], 'TotalSysCpuTimeHistory': [], 'WallDurations': [], 'JobIds': [], 'State': 'unsubmitted'}, '232': {'Retries': 0, 'Restarts': 0, 'SiteHistory': [], 'ResidentSetSize': [], 'SubmitTimes': [], 'StartTimes': [], 'EndTimes': [], 'TotalUserCpuTimeHistory': [], 'TotalSysCpuTimeHistory': [], 'WallDurations': [], 'JobIds': [], 'State': 'unsubmitted'}, '351': {'Retries': 0, 'Restarts': 0, 'SiteHistory': [], 'ResidentSetSize': [], 'SubmitTimes': [], 'StartTimes': [], 'EndTimes': [], 'TotalUserCpuTimeHistory': [], 'TotalSysCpuTimeHistory': [], 'WallDurations': [], 'JobIds': [], 'State': 'unsubmitted'}, '468': {'Retries': 0, 'Restarts': 0, 'SiteHistory': [], 'ResidentSetSize': [], 'SubmitTimes': [], 'StartTimes': [], 'EndTimes': [], 'TotalUserCpuTimeHistory': [], 'TotalSysCpuTimeHistory': [], 'WallDurations': [], 'JobIds': [], 'State': 'unsubmitted'}, '577': {'Retries': 0, 'Restarts': 0, 'SiteHistory': [], 'ResidentSetSize': [], 'SubmitTimes': [], 'StartTimes': [], 'EndTimes': [], 'TotalUserCpuTimeHistory': [], 'TotalSysCpuTimeHistory': [], 'WallDurations': [], 'JobIds': [], 'State': 'unsubmitted'}, '667': {'Retries': 0, 'Restarts': 0, 'SiteHistory': [], 'ResidentSetSize': [], 'SubmitTimes': [], 'StartTimes': [], 'EndTimes': [], 'TotalUserCpuTimeHistory': [], 'TotalSysCpuTimeHistory': [], 'WallDurations': [], 'JobIds': [], 'State': 'unsubmitted'}, '708': {'Retries': 0, 'Restarts': 0, 'SiteHistory': ['Unknown'], 'ResidentSetSize': [0], 'SubmitTimes': [1768130350.0], 'StartTimes': [], 'EndTimes': [], 'TotalUserCpuTimeHistory': [0.0], 'TotalSysCpuTimeHistory': [0.0], 'WallDurations': [0], 'JobIds': ['138549199.0'], 'State': 'idle', 'RecordedSite': False}, '710': {'Retries': 0, 'Restarts': 0, 'SiteHistory': ['Unknown'], 'ResidentSetSize': [0], 'SubmitTimes': [1768130350.0], 'StartTimes': [], 'EndTimes': [], 'TotalUserCpuTimeHistory': [0.0], 'TotalSysCpuTimeHistory': [0.0], 'WallDurations': [0], 'JobIds': ['138549196.0'], 'State': 'idle', 'RecordedSite': False}, '711': {'Retries': 0, 'Restarts': 0, 'SiteHistory': ['Unknown'], 'ResidentSetSize': [0], 'SubmitTimes': [1768130350.0], 'StartTimes': [], 'EndTimes': [], 'TotalUserCpuTimeHistory': [0.0], 'TotalSysCpuTimeHistory': [0.0], 'WallDurations': [0], 'JobIds': ['138549202.0'], 'State': 'idle', 'RecordedSite': False}, '712': {'Retries': 0, 'Restarts': 0, 'SiteHistory': ['Unknown'], 'ResidentSetSize': [0], 'SubmitTimes': [1768130350.0], 'StartTimes': [], 'EndTimes': [], 'TotalUserCpuTimeHistory': [0.0], 'TotalSysCpuTimeHistory': [0.0], 'WallDurations': [0], 'JobIds': ['138549205.0'], 'State': 'idle', 'RecordedSite': False}, '714': {'Retries': 0, 'Restarts': 0, 'SiteHistory': ['Unknown'], 'ResidentSetSize': [0], 'SubmitTimes': [1768130350.0], 'StartTimes': [], 'EndTimes': [], 'TotalUserCpuTimeHistory': [0.0], 'TotalSysCpuTimeHistory': [0.0], 'WallDurations': [0], 'JobIds': ['138549208.0'], 'State': 'idle', 'RecordedSite': False}, '715': {'Retries': 0, 'Restarts': 0, 'SiteHistory': ['Unknown'], 'ResidentSetSize': [0], 'SubmitTimes': [1768130350.0], 'StartTimes': [], 'EndTimes': [], 'TotalUserCpuTimeHistory': [0.0], 'TotalSysCpuTimeHistory': [0.0], 'WallDurations': [0], 'JobIds': ['138549210.0'], 'State': 'idle', 'RecordedSite': False}, '719': {'Retries': 0, 'Restarts': 0, 'SiteHistory': ['Unknown'], 'ResidentSetSize': [0], 'SubmitTimes': [1768130350.0], 'StartTimes': [], 'EndTimes': [], 'TotalUserCpuTimeHistory': [0.0], 'TotalSysCpuTimeHistory': [0.0], 'WallDurations': [0], 'JobIds': ['138549213.0'], 'State': 'idle', 'RecordedSite': False}, '720': {'Retries': 0, 'Restarts': 0, 'SiteHistory': ['Unknown'], 'ResidentSetSize': [0], 'SubmitTimes': [1768130350.0], 'StartTimes': [], 'EndTimes': [], 'TotalUserCpuTimeHistory': [0.0], 'TotalSysCpuTimeHistory': [0.0], 'WallDurations': [0], 'JobIds': ['138549216.0'], 'State': 'idle', 'RecordedSite': False}, '721': {'Retries': 0, 'Restarts': 0, 'SiteHistory': ['Unknown'], 'ResidentSetSize': [0], 'SubmitTimes': [1768130350.0], 'StartTimes': [], 'EndTimes': [], 'TotalUserCpuTimeHistory': [0.0], 'TotalSysCpuTimeHistory': [0.0], 'WallDurations': [0], 'JobIds': ['138549219.0'], 'State': 'idle', 'RecordedSite': False}, '722': {'Retries': 0, 'Restarts': 0, 'SiteHistory': ['Unknown'], 'ResidentSetSize': [0], 'SubmitTimes': [1768130350.0], 'StartTimes': [], 'EndTimes': [], 'TotalUserCpuTimeHistory': [0.0], 'TotalSysCpuTimeHistory': [0.0], 'WallDurations': [0], 'JobIds': ['138549222.0'], 'State': 'idle', 'RecordedSite': False}, '723': {'Retries': 0, 'Restarts': 0, 'SiteHistory': ['Unknown'], 'ResidentSetSize': [0], 'SubmitTimes': [1768130350.0], 'StartTimes': [], 'EndTimes': [], 'TotalUserCpuTimeHistory': [0.0], 'TotalSysCpuTimeHistory': [0.0], 'WallDurations': [0], 'JobIds': ['138549227.0'], 'State': 'idle', 'RecordedSite': False}, '726': {'Retries': 0, 'Restarts': 0, 'SiteHistory': ['Unknown'], 'ResidentSetSize': [0], 'SubmitTimes': [1768130350.0], 'StartTimes': [], 'EndTimes': [], 'TotalUserCpuTimeHistory': [0.0], 'TotalSysCpuTimeHistory': [0.0], 'WallDurations': [0], 'JobIds': ['138549230.0'], 'State': 'idle', 'RecordedSite': False}, '727': {'Retries': 0, 'Restarts': 0, 'SiteHistory': ['Unknown'], 'ResidentSetSize': [0], 'SubmitTimes': [1768130350.0], 'StartTimes': [], 'EndTimes': [], 'TotalUserCpuTimeHistory': [0.0], 'TotalSysCpuTimeHistory': [0.0], 'WallDurations': [0], 'JobIds': ['138549233.0'], 'State': 'idle', 'RecordedSite': False}, '728': {'Retries': 0, 'Restarts': 0, 'SiteHistory': ['Unknown'], 'ResidentSetSize': [0], 'SubmitTimes': [1768130351.0], 'StartTimes': [], 'EndTimes': [], 'TotalUserCpuTimeHistory': [0.0], 'TotalSysCpuTimeHistory': [0.0], 'WallDurations': [0], 'JobIds': ['138549236.0'], 'State': 'idle', 'RecordedSite': False}, '729': {'Retries': 0, 'Restarts': 0, 'SiteHistory': ['Unknown'], 'ResidentSetSize': [0], 'SubmitTimes': [1768130351.0], 'StartTimes': [], 'EndTimes': [], 'TotalUserCpuTimeHistory': [0.0], 'TotalSysCpuTimeHistory': [0.0], 'WallDurations': [0], 'JobIds': ['138549239.0'], 'State': 'idle', 'RecordedSite': False}, '730': {'Retries': 0, 'Restarts': 0, 'SiteHistory': ['Unknown'], 'ResidentSetSize': [0], 'SubmitTimes': [1768130351.0], 'StartTimes': [], 'EndTimes': [], 'TotalUserCpuTimeHistory': [0.0], 'TotalSysCpuTimeHistory': [0.0], 'WallDurations': [0], 'JobIds': ['138549242.0'], 'State': 'idle', 'RecordedSite': False}, '731': {'Retries': 0, 'Restarts': 0, 'SiteHistory': ['Unknown'], 'ResidentSetSize': [0], 'SubmitTimes': [1768130351.0], 'StartTimes': [], 'EndTimes': [], 'TotalUserCpuTimeHistory': [0.0], 'TotalSysCpuTimeHistory': [0.0], 'WallDurations': [0], 'JobIds': ['138549245.0'], 'State': 'idle', 'RecordedSite': False}, '732': {'Retries': 0, 'Restarts': 0, 'SiteHistory': ['Unknown'], 'ResidentSetSize': [0], 'SubmitTimes': [1768130351.0], 'StartTimes': [], 'EndTimes': [], 'TotalUserCpuTimeHistory': [0.0], 'TotalSysCpuTimeHistory': [0.0], 'WallDurations': [0], 'JobIds': ['138549248.0'], 'State': 'idle', 'RecordedSite': False}, '733': {'Retries': 0, 'Restarts': 0, 'SiteHistory': ['Unknown'], 'ResidentSetSize': [0], 'SubmitTimes': [1768130351.0], 'StartTimes': [], 'EndTimes': [], 'TotalUserCpuTimeHistory': [0.0], 'TotalSysCpuTimeHistory': [0.0], 'WallDurations': [0], 'JobIds': ['138549251.0'], 'State': 'idle', 'RecordedSite': False}, '734': {'Retries': 0, 'Restarts': 0, 'SiteHistory': ['Unknown'], 'ResidentSetSize': [0], 'SubmitTimes': [1768130351.0], 'StartTimes': [], 'EndTimes': [], 'TotalUserCpuTimeHistory': [0.0], 'TotalSysCpuTimeHistory': [0.0], 'WallDurations': [0], 'JobIds': ['138549254.0'], 'State': 'idle', 'RecordedSite': False}, '735': {'Retries': 0, 'Restarts': 0, 'SiteHistory': [], 'ResidentSetSize': [], 'SubmitTimes': [], 'StartTimes': [], 'EndTimes': [], 'TotalUserCpuTimeHistory': [], 'TotalSysCpuTimeHistory': [], 'WallDurations': [], 'JobIds': [], 'State': 'unsubmitted'}, '736': {'Retries': 0, 'Restarts': 0, 'SiteHistory': ['Unknown'], 'ResidentSetSize': [0], 'SubmitTimes': [1768130351.0], 'StartTimes': [], 'EndTimes': [], 'TotalUserCpuTimeHistory': [0.0], 'TotalSysCpuTimeHistory': [0.0], 'WallDurations': [0], 'JobIds': ['138549281.0'], 'State': 'idle', 'RecordedSite': False}, '737': {'Retries': 0, 'Restarts': 0, 'SiteHistory': ['Unknown'], 'ResidentSetSize': [0], 'SubmitTimes': [1768130351.0], 'StartTimes': [], 'EndTimes': [], 'TotalUserCpuTimeHistory': [0.0], 'TotalSysCpuTimeHistory': [0.0], 'WallDurations': [0], 'JobIds': ['138549260.0'], 'State': 'idle', 'RecordedSite': False}, '738': {'Retries': 0, 'Restarts': 0, 'SiteHistory': ['Unknown'], 'ResidentSetSize': [0], 'SubmitTimes': [1768130351.0], 'StartTimes': [], 'EndTimes': [], 'TotalUserCpuTimeHistory': [0.0], 'TotalSysCpuTimeHistory': [0.0], 'WallDurations': [0], 'JobIds': ['138549269.0'], 'State': 'idle', 'RecordedSite': False}, '739': {'Retries': 0, 'Restarts': 0, 'SiteHistory': ['Unknown'], 'ResidentSetSize': [0], 'SubmitTimes': [1768130351.0], 'StartTimes': [], 'EndTimes': [], 'TotalUserCpuTimeHistory': [0.0], 'TotalSysCpuTimeHistory': [0.0], 'WallDurations': [0], 'JobIds': ['138549266.0'], 'State': 'idle', 'RecordedSite': False}, '740': {'Retries': 0, 'Restarts': 0, 'SiteHistory': ['Unknown'], 'ResidentSetSize': [0], 'SubmitTimes': [1768130351.0], 'StartTimes': [], 'EndTimes': [], 'TotalUserCpuTimeHistory': [0.0], 'TotalSysCpuTimeHistory': [0.0], 'WallDurations': [0], 'JobIds': ['138549296.0'], 'State': 'idle', 'RecordedSite': False}, '741': {'Retries': 0, 'Restarts': 0, 'SiteHistory': ['Unknown'], 'ResidentSetSize': [0], 'SubmitTimes': [1768130351.0], 'StartTimes': [], 'EndTimes': [], 'TotalUserCpuTimeHistory': [0.0], 'TotalSysCpuTimeHistory': [0.0], 'WallDurations': [0], 'JobIds': ['138549257.0'], 'State': 'idle', 'RecordedSite': False}, '742': {'Retries': 0, 'Restarts': 0, 'SiteHistory': ['Unknown'], 'ResidentSetSize': [0], 'SubmitTimes': [1768130351.0], 'StartTimes': [], 'EndTimes': [], 'TotalUserCpuTimeHistory': [0.0], 'TotalSysCpuTimeHistory': [0.0], 'WallDurations': [0], 'JobIds': ['138549284.0'], 'State': 'idle', 'RecordedSite': False}, '743': {'Retries': 0, 'Restarts': 0, 'SiteHistory': ['Unknown'], 'ResidentSetSize': [0], 'SubmitTimes': [1768130351.0], 'StartTimes': [], 'EndTimes': [], 'TotalUserCpuTimeHistory': [0.0], 'TotalSysCpuTimeHistory': [0.0], 'WallDurations': [0], 'JobIds': ['138549306.0'], 'State': 'idle', 'RecordedSite': False}, '744': {'Retries': 0, 'Restarts': 0, 'SiteHistory': ['Unknown'], 'ResidentSetSize': [0], 'SubmitTimes': [1768130356.0], 'StartTimes': [], 'EndTimes': [], 'TotalUserCpuTimeHistory': [0.0], 'TotalSysCpuTimeHistory': [0.0], 'WallDurations': [0], 'JobIds': ['138549317.0'], 'State': 'idle', 'RecordedSite': False}, '745': {'Retries': 0, 'Restarts': 0, 'SiteHistory': ['Unknown'], 'ResidentSetSize': [0], 'SubmitTimes': [1768130351.0], 'StartTimes': [], 'EndTimes': [], 'TotalUserCpuTimeHistory': [0.0], 'TotalSysCpuTimeHistory': [0.0], 'WallDurations': [0], 'JobIds': ['138549311.0'], 'State': 'idle', 'RecordedSite': False}, '746': {'Retries': 0, 'Restarts': 0, 'SiteHistory': ['Unknown'], 'ResidentSetSize': [0], 'SubmitTimes': [1768130351.0], 'StartTimes': [], 'EndTimes': [], 'TotalUserCpuTimeHistory': [0.0], 'TotalSysCpuTimeHistory': [0.0], 'WallDurations': [0], 'JobIds': ['138549278.0'], 'State': 'idle', 'RecordedSite': False}, '747': {'Retries': 0, 'Restarts': 0, 'SiteHistory': ['Unknown'], 'ResidentSetSize': [0], 'SubmitTimes': [1768130351.0], 'StartTimes': [], 'EndTimes': [], 'TotalUserCpuTimeHistory': [0.0], 'TotalSysCpuTimeHistory': [0.0], 'WallDurations': [0], 'JobIds': ['138549275.0'], 'State': 'idle', 'RecordedSite': False}, '748': {'Retries': 0, 'Restarts': 0, 'SiteHistory': ['Unknown'], 'ResidentSetSize': [0], 'SubmitTimes': [1768130351.0], 'StartTimes': [], 'EndTimes': [], 'TotalUserCpuTimeHistory': [0.0], 'TotalSysCpuTimeHistory': [0.0], 'WallDurations': [0], 'JobIds': ['138549290.0'], 'State': 'idle', 'RecordedSite': False}, '749': {'Retries': 0, 'Restarts': 0, 'SiteHistory': ['Unknown'], 'ResidentSetSize': [0], 'SubmitTimes': [1768130356.0], 'StartTimes': [], 'EndTimes': [], 'TotalUserCpuTimeHistory': [0.0], 'TotalSysCpuTimeHistory': [0.0], 'WallDurations': [0], 'JobIds': ['138549321.0'], 'State': 'idle', 'RecordedSite': False}, '750': {'Retries': 0, 'Restarts': 0, 'SiteHistory': ['Unknown'], 'ResidentSetSize': [0], 'SubmitTimes': [1768130351.0], 'StartTimes': [], 'EndTimes': [], 'TotalUserCpuTimeHistory': [0.0], 'TotalSysCpuTimeHistory': [0.0], 'WallDurations': [0], 'JobIds': ['138549299.0'], 'State': 'idle', 'RecordedSite': False}, '751': {'Retries': 0, 'Restarts': 0, 'SiteHistory': ['Unknown'], 'ResidentSetSize': [0], 'SubmitTimes': [1768130351.0], 'StartTimes': [], 'EndTimes': [], 'TotalUserCpuTimeHistory': [0.0], 'TotalSysCpuTimeHistory': [0.0], 'WallDurations': [0], 'JobIds': ['138549263.0'], 'State': 'idle', 'RecordedSite': False}, '752': {'Retries': 0, 'Restarts': 0, 'SiteHistory': ['Unknown'], 'ResidentSetSize': [0], 'SubmitTimes': [1768130356.0], 'StartTimes': [], 'EndTimes': [], 'TotalUserCpuTimeHistory': [0.0], 'TotalSysCpuTimeHistory': [0.0], 'WallDurations': [0], 'JobIds': ['138549326.0'], 'State': 'idle', 'RecordedSite': False}, '753': {'Retries': 0, 'Restarts': 0, 'SiteHistory': ['Unknown'], 'ResidentSetSize': [0], 'SubmitTimes': [1768130351.0], 'StartTimes': [], 'EndTimes': [], 'TotalUserCpuTimeHistory': [0.0], 'TotalSysCpuTimeHistory': [0.0], 'WallDurations': [0], 'JobIds': ['138549272.0'], 'State': 'idle', 'RecordedSite': False}, '754': {'Retries': 0, 'Restarts': 0, 'SiteHistory': ['Unknown'], 'ResidentSetSize': [0], 'SubmitTimes': [1768130356.0], 'StartTimes': [], 'EndTimes': [], 'TotalUserCpuTimeHistory': [0.0], 'TotalSysCpuTimeHistory': [0.0], 'WallDurations': [0], 'JobIds': ['138549331.0'], 'State': 'idle', 'RecordedSite': False}, '755': {'Retries': 0, 'Restarts': 0, 'SiteHistory': ['Unknown'], 'ResidentSetSize': [0], 'SubmitTimes': [1768130351.0], 'StartTimes': [], 'EndTimes': [], 'TotalUserCpuTimeHistory': [0.0], 'TotalSysCpuTimeHistory': [0.0], 'WallDurations': [0], 'JobIds': ['138549287.0'], 'State': 'idle', 'RecordedSite': False}, '756': {'Retries': 0, 'Restarts': 0, 'SiteHistory': ['Unknown'], 'ResidentSetSize': [0], 'SubmitTimes': [1768130356.0], 'StartTimes': [], 'EndTimes': [], 'TotalUserCpuTimeHistory': [0.0], 'TotalSysCpuTimeHistory': [0.0], 'WallDurations': [0], 'JobIds': ['138549313.0'], 'State': 'idle', 'RecordedSite': False}, '757': {'Retries': 0, 'Restarts': 0, 'SiteHistory': ['Unknown'], 'ResidentSetSize': [0], 'SubmitTimes': [1768130356.0], 'StartTimes': [], 'EndTimes': [], 'TotalUserCpuTimeHistory': [0.0], 'TotalSysCpuTimeHistory': [0.0], 'WallDurations': [0], 'JobIds': ['138549335.0'], 'State': 'idle', 'RecordedSite': False}, '758': {'Retries': 0, 'Restarts': 0, 'SiteHistory': ['Unknown'], 'ResidentSetSize': [0], 'SubmitTimes': [1768130351.0], 'StartTimes': [], 'EndTimes': [], 'TotalUserCpuTimeHistory': [0.0], 'TotalSysCpuTimeHistory': [0.0], 'WallDurations': [0], 'JobIds': ['138549304.0'], 'State': 'idle', 'RecordedSite': False}, '759': {'Retries': 0, 'Restarts': 0, 'SiteHistory': ['Unknown'], 'ResidentSetSize': [0], 'SubmitTimes': [1768130351.0], 'StartTimes': [], 'EndTimes': [], 'TotalUserCpuTimeHistory': [0.0], 'TotalSysCpuTimeHistory': [0.0], 'WallDurations': [0], 'JobIds': ['138549302.0'], 'State': 'idle', 'RecordedSite': False}, '760': {'Retries': 0, 'Restarts': 0, 'SiteHistory': ['Unknown'], 'ResidentSetSize': [0], 'SubmitTimes': [1768130351.0], 'StartTimes': [], 'EndTimes': [], 'TotalUserCpuTimeHistory': [0.0], 'TotalSysCpuTimeHistory': [0.0], 'WallDurations': [0], 'JobIds': ['138549293.0'], 'State': 'idle', 'RecordedSite': False}, '761': {'Retries': 0, 'Restarts': 0, 'SiteHistory': ['Unknown'], 'ResidentSetSize': [0], 'SubmitTimes': [1768130356.0], 'StartTimes': [], 'EndTimes': [], 'TotalUserCpuTimeHistory': [0.0], 'TotalSysCpuTimeHistory': [0.0], 'WallDurations': [0], 'JobIds': ['138549339.0'], 'State': 'idle', 'RecordedSite': False}, '762': {'Retries': 0, 'Restarts': 0, 'SiteHistory': ['Unknown'], 'ResidentSetSize': [0], 'SubmitTimes': [1768130356.0], 'StartTimes': [], 'EndTimes': [], 'TotalUserCpuTimeHistory': [0.0], 'TotalSysCpuTimeHistory': [0.0], 'WallDurations': [0], 'JobIds': ['138549343.0'], 'State': 'idle', 'RecordedSite': False}, '763': {'Retries': 0, 'Restarts': 0, 'SiteHistory': ['Unknown'], 'ResidentSetSize': [0], 'SubmitTimes': [1768130356.0], 'StartTimes': [], 'EndTimes': [], 'TotalUserCpuTimeHistory': [0.0], 'TotalSysCpuTimeHistory': [0.0], 'WallDurations': [0], 'JobIds': ['138549346.0'], 'State': 'idle', 'RecordedSite': False}, '764': {'Retries': 0, 'Restarts': 0, 'SiteHistory': ['Unknown'], 'ResidentSetSize': [0], 'SubmitTimes': [1768130351.0], 'StartTimes': [], 'EndTimes': [], 'TotalUserCpuTimeHistory': [0.0], 'TotalSysCpuTimeHistory': [0.0], 'WallDurations': [0], 'JobIds': ['138549310.0'], 'State': 'idle', 'RecordedSite': False}, '765': {'Retries': 0, 'Restarts': 0, 'SiteHistory': ['Unknown'], 'ResidentSetSize': [0], 'SubmitTimes': [1768130356.0], 'StartTimes': [], 'EndTimes': [], 'TotalUserCpuTimeHistory': [0.0], 'TotalSysCpuTimeHistory': [0.0], 'WallDurations': [0], 'JobIds': ['138549349.0'], 'State': 'idle', 'RecordedSite': False}, '766': {'Retries': 0, 'Restarts': 0, 'SiteHistory': ['Unknown'], 'ResidentSetSize': [0], 'SubmitTimes': [1768130357.0], 'StartTimes': [], 'EndTimes': [], 'TotalUserCpuTimeHistory': [0.0], 'TotalSysCpuTimeHistory': [0.0], 'WallDurations': [0], 'JobIds': ['138549352.0'], 'State': 'idle', 'RecordedSite': False}, '767': {'Retries': 0, 'Restarts': 0, 'SiteHistory': ['Unknown'], 'ResidentSetSize': [0], 'SubmitTimes': [1768130351.0], 'StartTimes': [], 'EndTimes': [], 'TotalUserCpuTimeHistory': [0.0], 'TotalSysCpuTimeHistory': [0.0], 'WallDurations': [0], 'JobIds': ['138549308.0'], 'State': 'idle', 'RecordedSite': False}, '768': {'Retries': 0, 'Restarts': 0, 'SiteHistory': ['Unknown'], 'ResidentSetSize': [0], 'SubmitTimes': [1768130357.0], 'StartTimes': [], 'EndTimes': [], 'TotalUserCpuTimeHistory': [0.0], 'TotalSysCpuTimeHistory': [0.0], 'WallDurations': [0], 'JobIds': ['138549355.0'], 'State': 'idle', 'RecordedSite': False}, '769': {'Retries': 0, 'Restarts': 0, 'SiteHistory': ['Unknown'], 'ResidentSetSize': [0], 'SubmitTimes': [1768130357.0], 'StartTimes': [], 'EndTimes': [], 'TotalUserCpuTimeHistory': [0.0], 'TotalSysCpuTimeHistory': [0.0], 'WallDurations': [0], 'JobIds': ['138549359.0'], 'State': 'idle', 'RecordedSite': False}, '770': {'Retries': 0, 'Restarts': 0, 'SiteHistory': ['Unknown'], 'ResidentSetSize': [0], 'SubmitTimes': [1768130357.0], 'StartTimes': [], 'EndTimes': [], 'TotalUserCpuTimeHistory': [0.0], 'TotalSysCpuTimeHistory': [0.0], 'WallDurations': [0], 'JobIds': ['138549362.0'], 'State': 'idle', 'RecordedSite': False}, '771': {'Retries': 0, 'Restarts': 0, 'SiteHistory': ['Unknown'], 'ResidentSetSize': [0], 'SubmitTimes': [1768130357.0], 'StartTimes': [], 'EndTimes': [], 'TotalUserCpuTimeHistory': [0.0], 'TotalSysCpuTimeHistory': [0.0], 'WallDurations': [0], 'JobIds': ['138549365.0'], 'State': 'idle', 'RecordedSite': False}, '772': {'Retries': 0, 'Restarts': 0, 'SiteHistory': ['Unknown'], 'ResidentSetSize': [0], 'SubmitTimes': [1768130357.0], 'StartTimes': [], 'EndTimes': [], 'TotalUserCpuTimeHistory': [0.0], 'TotalSysCpuTimeHistory': [0.0], 'WallDurations': [0], 'JobIds': ['138549368.0'], 'State': 'idle', 'RecordedSite': False}, '773': {'Retries': 0, 'Restarts': 0, 'SiteHistory': ['Unknown'], 'ResidentSetSize': [0], 'SubmitTimes': [1768130357.0], 'StartTimes': [], 'EndTimes': [], 'TotalUserCpuTimeHistory': [0.0], 'TotalSysCpuTimeHistory': [0.0], 'WallDurations': [0], 'JobIds': ['138549371.0'], 'State': 'idle', 'RecordedSite': False}, '774': {'Retries': 0, 'Restarts': 0, 'SiteHistory': ['Unknown'], 'ResidentSetSize': [0], 'SubmitTimes': [1768130357.0], 'StartTimes': [], 'EndTimes': [], 'TotalUserCpuTimeHistory': [0.0], 'TotalSysCpuTimeHistory': [0.0], 'WallDurations': [0], 'JobIds': ['138549374.0'], 'State': 'idle', 'RecordedSite': False}, '775': {'Retries': 0, 'Restarts': 0, 'SiteHistory': ['Unknown'], 'ResidentSetSize': [0], 'SubmitTimes': [1768130357.0], 'StartTimes': [], 'EndTimes': [], 'TotalUserCpuTimeHistory': [0.0], 'TotalSysCpuTimeHistory': [0.0], 'WallDurations': [0], 'JobIds': ['138549377.0'], 'State': 'idle', 'RecordedSite': False}, '776': {'Retries': 0, 'Restarts': 0, 'SiteHistory': ['Unknown'], 'ResidentSetSize': [0], 'SubmitTimes': [1768130357.0], 'StartTimes': [], 'EndTimes': [], 'TotalUserCpuTimeHistory': [0.0], 'TotalSysCpuTimeHistory': [0.0], 'WallDurations': [0], 'JobIds': ['138549379.0'], 'State': 'idle', 'RecordedSite': False}, '777': {'Retries': 0, 'Restarts': 0, 'SiteHistory': [], 'ResidentSetSize': [], 'SubmitTimes': [], 'StartTimes': [], 'EndTimes': [], 'TotalUserCpuTimeHistory': [], 'TotalSysCpuTimeHistory': [], 'WallDurations': [], 'JobIds': [], 'State': 'unsubmitted'}, '778': {'Retries': 0, 'Restarts': 0, 'SiteHistory': ['Unknown'], 'ResidentSetSize': [0], 'SubmitTimes': [1768130357.0], 'StartTimes': [], 'EndTimes': [], 'TotalUserCpuTimeHistory': [0.0], 'TotalSysCpuTimeHistory': [0.0], 'WallDurations': [0], 'JobIds': ['138549398.0'], 'State': 'idle', 'RecordedSite': False}, '779': {'Retries': 0, 'Restarts': 0, 'SiteHistory': ['Unknown'], 'ResidentSetSize': [0], 'SubmitTimes': [1768130357.0], 'StartTimes': [], 'EndTimes': [], 'TotalUserCpuTimeHistory': [0.0], 'TotalSysCpuTimeHistory': [0.0], 'WallDurations': [0], 'JobIds': ['138549395.0'], 'State': 'idle', 'RecordedSite': False}, '780': {'Retries': 0, 'Restarts': 0, 'SiteHistory': ['Unknown'], 'ResidentSetSize': [0], 'SubmitTimes': [1768130358.0], 'StartTimes': [], 'EndTimes': [], 'TotalUserCpuTimeHistory': [0.0], 'TotalSysCpuTimeHistory': [0.0], 'WallDurations': [0], 'JobIds': ['138549413.0'], 'State': 'idle', 'RecordedSite': False}, '781': {'Retries': 0, 'Restarts': 0, 'SiteHistory': ['Unknown'], 'ResidentSetSize': [0], 'SubmitTimes': [1768130358.0], 'StartTimes': [], 'EndTimes': [], 'TotalUserCpuTimeHistory': [0.0], 'TotalSysCpuTimeHistory': [0.0], 'WallDurations': [0], 'JobIds': ['138549435.0'], 'State': 'idle', 'RecordedSite': False}, '782': {'Retries': 0, 'Restarts': 0, 'SiteHistory': ['Unknown'], 'ResidentSetSize': [0], 'SubmitTimes': [1768130357.0], 'StartTimes': [], 'EndTimes': [], 'TotalUserCpuTimeHistory': [0.0], 'TotalSysCpuTimeHistory': [0.0], 'WallDurations': [0], 'JobIds': ['138549404.0'], 'State': 'idle', 'RecordedSite': False}, '783': {'Retries': 0, 'Restarts': 0, 'SiteHistory': ['Unknown'], 'ResidentSetSize': [0], 'SubmitTimes': [1768130357.0], 'StartTimes': [], 'EndTimes': [], 'TotalUserCpuTimeHistory': [0.0], 'TotalSysCpuTimeHistory': [0.0], 'WallDurations': [0], 'JobIds': ['138549382.0'], 'State': 'idle', 'RecordedSite': False}, '784': {'Retries': 0, 'Restarts': 0, 'SiteHistory': ['Unknown'], 'ResidentSetSize': [0], 'SubmitTimes': [1768130357.0], 'StartTimes': [], 'EndTimes': [], 'TotalUserCpuTimeHistory': [0.0], 'TotalSysCpuTimeHistory': [0.0], 'WallDurations': [0], 'JobIds': ['138549401.0'], 'State': 'idle', 'RecordedSite': False}, '785': {'Retries': 0, 'Restarts': 0, 'SiteHistory': ['Unknown'], 'ResidentSetSize': [0], 'SubmitTimes': [1768130358.0], 'StartTimes': [], 'EndTimes': [], 'TotalUserCpuTimeHistory': [0.0], 'TotalSysCpuTimeHistory': [0.0], 'WallDurations': [0], 'JobIds': ['138549422.0'], 'State': 'idle', 'RecordedSite': False}, '786': {'Retries': 0, 'Restarts': 0, 'SiteHistory': ['Unknown'], 'ResidentSetSize': [0], 'SubmitTimes': [1768130357.0], 'StartTimes': [], 'EndTimes': [], 'TotalUserCpuTimeHistory': [0.0], 'TotalSysCpuTimeHistory': [0.0], 'WallDurations': [0], 'JobIds': ['138549387.0'], 'State': 'idle', 'RecordedSite': False}, '787': {'Retries': 0, 'Restarts': 0, 'SiteHistory': ['Unknown'], 'ResidentSetSize': [0], 'SubmitTimes': [1768130363.0], 'StartTimes': [], 'EndTimes': [], 'TotalUserCpuTimeHistory': [0.0], 'TotalSysCpuTimeHistory': [0.0], 'WallDurations': [0], 'JobIds': ['138549444.0'], 'State': 'idle', 'RecordedSite': False}, '788': {'Retries': 0, 'Restarts': 0, 'SiteHistory': ['Unknown'], 'ResidentSetSize': [0], 'SubmitTimes': [1768130357.0], 'StartTimes': [], 'EndTimes': [], 'TotalUserCpuTimeHistory': [0.0], 'TotalSysCpuTimeHistory': [0.0], 'WallDurations': [0], 'JobIds': ['138549390.0'], 'State': 'idle', 'RecordedSite': False}, '789': {'Retries': 0, 'Restarts': 0, 'SiteHistory': ['Unknown'], 'ResidentSetSize': [0], 'SubmitTimes': [1768130357.0], 'StartTimes': [], 'EndTimes': [], 'TotalUserCpuTimeHistory': [0.0], 'TotalSysCpuTimeHistory': [0.0], 'WallDurations': [0], 'JobIds': ['138549385.0'], 'State': 'idle', 'RecordedSite': False}, '790': {'Retries': 0, 'Restarts': 0, 'SiteHistory': ['Unknown'], 'ResidentSetSize': [0], 'SubmitTimes': [1768130358.0], 'StartTimes': [], 'EndTimes': [], 'TotalUserCpuTimeHistory': [0.0], 'TotalSysCpuTimeHistory': [0.0], 'WallDurations': [0], 'JobIds': ['138549419.0'], 'State': 'idle', 'RecordedSite': False}, '791': {'Retries': 0, 'Restarts': 0, 'SiteHistory': ['Unknown'], 'ResidentSetSize': [0], 'SubmitTimes': [1768130357.0], 'StartTimes': [], 'EndTimes': [], 'TotalUserCpuTimeHistory': [0.0], 'TotalSysCpuTimeHistory': [0.0], 'WallDurations': [0], 'JobIds': ['138549393.0'], 'State': 'idle', 'RecordedSite': False}, '792': {'Retries': 0, 'Restarts': 0, 'SiteHistory': ['Unknown'], 'ResidentSetSize': [0], 'SubmitTimes': [1768130363.0], 'StartTimes': [], 'EndTimes': [], 'TotalUserCpuTimeHistory': [0.0], 'TotalSysCpuTimeHistory': [0.0], 'WallDurations': [0], 'JobIds': ['138549447.0'], 'State': 'idle', 'RecordedSite': False}, '793': {'Retries': 0, 'Restarts': 0, 'SiteHistory': ['Unknown'], 'ResidentSetSize': [0], 'SubmitTimes': [1768130358.0], 'StartTimes': [], 'EndTimes': [], 'TotalUserCpuTimeHistory': [0.0], 'TotalSysCpuTimeHistory': [0.0], 'WallDurations': [0], 'JobIds': ['138549433.0'], 'State': 'idle', 'RecordedSite': False}, '794': {'Retries': 0, 'Restarts': 0, 'SiteHistory': ['Unknown'], 'ResidentSetSize': [0], 'SubmitTimes': [1768130358.0], 'StartTimes': [], 'EndTimes': [], 'TotalUserCpuTimeHistory': [0.0], 'TotalSysCpuTimeHistory': [0.0], 'WallDurations': [0], 'JobIds': ['138549416.0'], 'State': 'idle', 'RecordedSite': False}, '795': {'Retries': 0, 'Restarts': 0, 'SiteHistory': ['Unknown'], 'ResidentSetSize': [0], 'SubmitTimes': [1768130357.0], 'StartTimes': [], 'EndTimes': [], 'TotalUserCpuTimeHistory': [0.0], 'TotalSysCpuTimeHistory': [0.0], 'WallDurations': [0], 'JobIds': ['138549407.0'], 'State': 'idle', 'RecordedSite': False}, '796': {'Retries': 0, 'Restarts': 0, 'SiteHistory': ['Unknown'], 'ResidentSetSize': [0], 'SubmitTimes': [1768130357.0], 'StartTimes': [], 'EndTimes': [], 'TotalUserCpuTimeHistory': [0.0], 'TotalSysCpuTimeHistory': [0.0], 'WallDurations': [0], 'JobIds': ['138549410.0'], 'State': 'idle', 'RecordedSite': False}, '797': {'Retries': 0, 'Restarts': 0, 'SiteHistory': ['Unknown'], 'ResidentSetSize': [0], 'SubmitTimes': [1768130358.0], 'StartTimes': [], 'EndTimes': [], 'TotalUserCpuTimeHistory': [0.0], 'TotalSysCpuTimeHistory': [0.0], 'WallDurations': [0], 'JobIds': ['138549428.0'], 'State': 'idle', 'RecordedSite': False}, '798': {'Retries': 0, 'Restarts': 0, 'SiteHistory': ['Unknown'], 'ResidentSetSize': [0], 'SubmitTimes': [1768130358.0], 'StartTimes': [], 'EndTimes': [], 'TotalUserCpuTimeHistory': [0.0], 'TotalSysCpuTimeHistory': [0.0], 'WallDurations': [0], 'JobIds': ['138549425.0'], 'State': 'idle', 'RecordedSite': False}, '799': {'Retries': 0, 'Restarts': 0, 'SiteHistory': ['Unknown'], 'ResidentSetSize': [0], 'SubmitTimes': [1768130363.0], 'StartTimes': [], 'EndTimes': [], 'TotalUserCpuTimeHistory': [0.0], 'TotalSysCpuTimeHistory': [0.0], 'WallDurations': [0], 'JobIds': ['138549443.0'], 'State': 'idle', 'RecordedSite': False}, '800': {'Retries': 0, 'Restarts': 0, 'SiteHistory': ['Unknown'], 'ResidentSetSize': [0], 'SubmitTimes': [1768130358.0], 'StartTimes': [], 'EndTimes': [], 'TotalUserCpuTimeHistory': [0.0], 'TotalSysCpuTimeHistory': [0.0], 'WallDurations': [0], 'JobIds': ['138549431.0'], 'State': 'idle', 'RecordedSite': False}, '801': {'Retries': 0, 'Restarts': 0, 'SiteHistory': ['Unknown'], 'ResidentSetSize': [0], 'SubmitTimes': [1768130358.0], 'StartTimes': [], 'EndTimes': [], 'TotalUserCpuTimeHistory': [0.0], 'TotalSysCpuTimeHistory': [0.0], 'WallDurations': [0], 'JobIds': ['138549437.0'], 'State': 'idle', 'RecordedSite': False}, '802': {'Retries': 0, 'Restarts': 0, 'SiteHistory': ['Unknown'], 'ResidentSetSize': [0], 'SubmitTimes': [1768130363.0], 'StartTimes': [], 'EndTimes': [], 'TotalUserCpuTimeHistory': [0.0], 'TotalSysCpuTimeHistory': [0.0], 'WallDurations': [0], 'JobIds': ['138549450.0'], 'State': 'idle', 'RecordedSite': False}, '803': {'Retries': 0, 'Restarts': 0, 'SiteHistory': ['Unknown'], 'ResidentSetSize': [0], 'SubmitTimes': [1768130363.0], 'StartTimes': [], 'EndTimes': [], 'TotalUserCpuTimeHistory': [0.0], 'TotalSysCpuTimeHistory': [0.0], 'WallDurations': [0], 'JobIds': ['138549452.0'], 'State': 'idle', 'RecordedSite': False}, '804': {'Retries': 0, 'Restarts': 0, 'SiteHistory': ['Unknown'], 'ResidentSetSize': [0], 'SubmitTimes': [1768130363.0], 'StartTimes': [], 'EndTimes': [], 'TotalUserCpuTimeHistory': [0.0], 'TotalSysCpuTimeHistory': [0.0], 'WallDurations': [0], 'JobIds': ['138549454.0'], 'State': 'idle', 'RecordedSite': False}, '805': {'Retries': 0, 'Restarts': 0, 'SiteHistory': ['Unknown'], 'ResidentSetSize': [0], 'SubmitTimes': [1768130363.0], 'StartTimes': [], 'EndTimes': [], 'TotalUserCpuTimeHistory': [0.0], 'TotalSysCpuTimeHistory': [0.0], 'WallDurations': [0], 'JobIds': ['138549457.0'], 'State': 'idle', 'RecordedSite': False}, '806': {'Retries': 0, 'Restarts': 0, 'SiteHistory': ['Unknown'], 'ResidentSetSize': [0], 'SubmitTimes': [1768130363.0], 'StartTimes': [], 'EndTimes': [], 'TotalUserCpuTimeHistory': [0.0], 'TotalSysCpuTimeHistory': [0.0], 'WallDurations': [0], 'JobIds': ['138549459.0'], 'State': 'idle', 'RecordedSite': False}, '807': {'Retries': 0, 'Restarts': 0, 'SiteHistory': ['Unknown'], 'ResidentSetSize': [0], 'SubmitTimes': [1768130363.0], 'StartTimes': [], 'EndTimes': [], 'TotalUserCpuTimeHistory': [0.0], 'TotalSysCpuTimeHistory': [0.0], 'WallDurations': [0], 'JobIds': ['138549461.0'], 'State': 'idle', 'RecordedSite': False}, '808': {'Retries': 0, 'Restarts': 0, 'SiteHistory': ['Unknown'], 'ResidentSetSize': [0], 'SubmitTimes': [1768130363.0], 'StartTimes': [], 'EndTimes': [], 'TotalUserCpuTimeHistory': [0.0], 'TotalSysCpuTimeHistory': [0.0], 'WallDurations': [0], 'JobIds': ['138549464.0'], 'State': 'idle', 'RecordedSite': False}, '809': {'Retries': 0, 'Restarts': 0, 'SiteHistory': ['Unknown'], 'ResidentSetSize': [0], 'SubmitTimes': [1768130363.0], 'StartTimes': [], 'EndTimes': [], 'TotalUserCpuTimeHistory': [0.0], 'TotalSysCpuTimeHistory': [0.0], 'WallDurations': [0], 'JobIds': ['138549466.0'], 'State': 'idle', 'RecordedSite': False}, '810': {'Retries': 0, 'Restarts': 0, 'SiteHistory': ['Unknown'], 'ResidentSetSize': [0], 'SubmitTimes': [1768130363.0], 'StartTimes': [], 'EndTimes': [], 'TotalUserCpuTimeHistory': [0.0], 'TotalSysCpuTimeHistory': [0.0], 'WallDurations': [0], 'JobIds': ['138549468.0'], 'State': 'idle', 'RecordedSite': False}, '811': {'Retries': 0, 'Restarts': 0, 'SiteHistory': ['Unknown'], 'ResidentSetSize': [0], 'SubmitTimes': [1768130363.0], 'StartTimes': [], 'EndTimes': [], 'TotalUserCpuTimeHistory': [0.0], 'TotalSysCpuTimeHistory': [0.0], 'WallDurations': [0], 'JobIds': ['138549470.0'], 'State': 'idle', 'RecordedSite': False}, '812': {'Retries': 0, 'Restarts': 0, 'SiteHistory': ['Unknown'], 'ResidentSetSize': [0], 'SubmitTimes': [1768130363.0], 'StartTimes': [], 'EndTimes': [], 'TotalUserCpuTimeHistory': [0.0], 'TotalSysCpuTimeHistory': [0.0], 'WallDurations': [0], 'JobIds': ['138549473.0'], 'State': 'idle', 'RecordedSite': False}, '813': {'Retries': 0, 'Restarts': 0, 'SiteHistory': ['Unknown'], 'ResidentSetSize': [0], 'SubmitTimes': [1768130363.0], 'StartTimes': [], 'EndTimes': [], 'TotalUserCpuTimeHistory': [0.0], 'TotalSysCpuTimeHistory': [0.0], 'WallDurations': [0], 'JobIds': ['138549475.0'], 'State': 'idle', 'RecordedSite': False}, '814': {'Retries': 0, 'Restarts': 0, 'SiteHistory': ['Unknown'], 'ResidentSetSize': [0], 'SubmitTimes': [1768130363.0], 'StartTimes': [], 'EndTimes': [], 'TotalUserCpuTimeHistory': [0.0], 'TotalSysCpuTimeHistory': [0.0], 'WallDurations': [0], 'JobIds': ['138549477.0'], 'State': 'idle', 'RecordedSite': False}, '815': {'Retries': 0, 'Restarts': 0, 'SiteHistory': ['Unknown'], 'ResidentSetSize': [0], 'SubmitTimes': [1768130363.0], 'StartTimes': [], 'EndTimes': [], 'TotalUserCpuTimeHistory': [0.0], 'TotalSysCpuTimeHistory': [0.0], 'WallDurations': [0], 'JobIds': ['138549480.0'], 'State': 'idle', 'RecordedSite': False}, '816': {'Retries': 0, 'Restarts': 0, 'SiteHistory': ['Unknown'], 'ResidentSetSize': [0], 'SubmitTimes': [1768130364.0], 'StartTimes': [], 'EndTimes': [], 'TotalUserCpuTimeHistory': [0.0], 'TotalSysCpuTimeHistory': [0.0], 'WallDurations': [0], 'JobIds': ['138549482.0'], 'State': 'idle', 'RecordedSite': False}, '817': {'Retries': 0, 'Restarts': 0, 'SiteHistory': ['Unknown'], 'ResidentSetSize': [0], 'SubmitTimes': [1768130364.0], 'StartTimes': [], 'EndTimes': [], 'TotalUserCpuTimeHistory': [0.0], 'TotalSysCpuTimeHistory': [0.0], 'WallDurations': [0], 'JobIds': ['138549485.0'], 'State': 'idle', 'RecordedSite': False}, '818': {'Retries': 0, 'Restarts': 0, 'SiteHistory': ['Unknown'], 'ResidentSetSize': [0], 'SubmitTimes': [1768130364.0], 'StartTimes': [], 'EndTimes': [], 'TotalUserCpuTimeHistory': [0.0], 'TotalSysCpuTimeHistory': [0.0], 'WallDurations': [0], 'JobIds': ['138549489.0'], 'State': 'idle', 'RecordedSite': False}, '819': {'Retries': 0, 'Restarts': 0, 'SiteHistory': [], 'ResidentSetSize': [], 'SubmitTimes': [], 'StartTimes': [], 'EndTimes': [], 'TotalUserCpuTimeHistory': [], 'TotalSysCpuTimeHistory': [], 'WallDurations': [], 'JobIds': [], 'State': 'unsubmitted'}, '820': {'Retries': 0, 'Restarts': 0, 'SiteHistory': ['Unknown'], 'ResidentSetSize': [0], 'SubmitTimes': [1768130364.0], 'StartTimes': [], 'EndTimes': [], 'TotalUserCpuTimeHistory': [0.0], 'TotalSysCpuTimeHistory': [0.0], 'WallDurations': [0], 'JobIds': ['138549533.0'], 'State': 'idle', 'RecordedSite': False}, '821': {'Retries': 0, 'Restarts': 0, 'SiteHistory': ['Unknown'], 'ResidentSetSize': [0], 'SubmitTimes': [1768130364.0], 'StartTimes': [], 'EndTimes': [], 'TotalUserCpuTimeHistory': [0.0], 'TotalSysCpuTimeHistory': [0.0], 'WallDurations': [0], 'JobIds': ['138549526.0'], 'State': 'idle', 'RecordedSite': False}, '822': {'Retries': 0, 'Restarts': 0, 'SiteHistory': ['Unknown'], 'ResidentSetSize': [0], 'SubmitTimes': [1768130364.0], 'StartTimes': [], 'EndTimes': [], 'TotalUserCpuTimeHistory': [0.0], 'TotalSysCpuTimeHistory': [0.0], 'WallDurations': [0], 'JobIds': ['138549497.0'], 'State': 'idle', 'RecordedSite': False}, '823': {'Retries': 0, 'Restarts': 0, 'SiteHistory': ['Unknown'], 'ResidentSetSize': [0], 'SubmitTimes': [1768130364.0], 'StartTimes': [], 'EndTimes': [], 'TotalUserCpuTimeHistory': [0.0], 'TotalSysCpuTimeHistory': [0.0], 'WallDurations': [0], 'JobIds': ['138549520.0'], 'State': 'idle', 'RecordedSite': False}, '824': {'Retries': 0, 'Restarts': 0, 'SiteHistory': ['Unknown'], 'ResidentSetSize': [0], 'SubmitTimes': [1768130365.0], 'StartTimes': [], 'EndTimes': [], 'TotalUserCpuTimeHistory': [0.0], 'TotalSysCpuTimeHistory': [0.0], 'WallDurations': [0], 'JobIds': ['138549536.0'], 'State': 'idle', 'RecordedSite': False}, '825': {'Retries': 0, 'Restarts': 0, 'SiteHistory': ['Unknown'], 'ResidentSetSize': [0], 'SubmitTimes': [1768130364.0], 'StartTimes': [], 'EndTimes': [], 'TotalUserCpuTimeHistory': [0.0], 'TotalSysCpuTimeHistory': [0.0], 'WallDurations': [0], 'JobIds': ['138549517.0'], 'State': 'idle', 'RecordedSite': False}, '826': {'Retries': 0, 'Restarts': 0, 'SiteHistory': ['Unknown'], 'ResidentSetSize': [0], 'SubmitTimes': [1768130365.0], 'StartTimes': [], 'EndTimes': [], 'TotalUserCpuTimeHistory': [0.0], 'TotalSysCpuTimeHistory': [0.0], 'WallDurations': [0], 'JobIds': ['138549539.0'], 'State': 'idle', 'RecordedSite': False}, '827': {'Retries': 0, 'Restarts': 0, 'SiteHistory': ['Unknown'], 'ResidentSetSize': [0], 'SubmitTimes': [1768130364.0], 'StartTimes': [], 'EndTimes': [], 'TotalUserCpuTimeHistory': [0.0], 'TotalSysCpuTimeHistory': [0.0], 'WallDurations': [0], 'JobIds': ['138549500.0'], 'State': 'idle', 'RecordedSite': False}, '828': {'Retries': 0, 'Restarts': 0, 'SiteHistory': ['Unknown'], 'ResidentSetSize': [0], 'SubmitTimes': [1768130365.0], 'StartTimes': [], 'EndTimes': [], 'TotalUserCpuTimeHistory': [0.0], 'TotalSysCpuTimeHistory': [0.0], 'WallDurations': [0], 'JobIds': ['138549546.0'], 'State': 'idle', 'RecordedSite': False}, '829': {'Retries': 0, 'Restarts': 0, 'SiteHistory': ['Unknown'], 'ResidentSetSize': [0], 'SubmitTimes': [1768130364.0], 'StartTimes': [], 'EndTimes': [], 'TotalUserCpuTimeHistory': [0.0], 'TotalSysCpuTimeHistory': [0.0], 'WallDurations': [0], 'JobIds': ['138549494.0'], 'State': 'idle', 'RecordedSite': False}, '830': {'Retries': 0, 'Restarts': 0, 'SiteHistory': ['Unknown'], 'ResidentSetSize': [0], 'SubmitTimes': [1768130365.0], 'StartTimes': [], 'EndTimes': [], 'TotalUserCpuTimeHistory': [0.0], 'TotalSysCpuTimeHistory': [0.0], 'WallDurations': [0], 'JobIds': ['138549542.0'], 'State': 'idle', 'RecordedSite': False}, '831': {'Retries': 0, 'Restarts': 0, 'SiteHistory': ['Unknown'], 'ResidentSetSize': [0], 'SubmitTimes': [1768130364.0], 'StartTimes': [], 'EndTimes': [], 'TotalUserCpuTimeHistory': [0.0], 'TotalSysCpuTimeHistory': [0.0], 'WallDurations': [0], 'JobIds': ['138549523.0'], 'State': 'idle', 'RecordedSite': False}, '832': {'Retries': 0, 'Restarts': 0, 'SiteHistory': ['Unknown'], 'ResidentSetSize': [0], 'SubmitTimes': [1768130364.0], 'StartTimes': [], 'EndTimes': [], 'TotalUserCpuTimeHistory': [0.0], 'TotalSysCpuTimeHistory': [0.0], 'WallDurations': [0], 'JobIds': ['138549492.0'], 'State': 'idle', 'RecordedSite': False}, '833': {'Retries': 0, 'Restarts': 0, 'SiteHistory': ['Unknown'], 'ResidentSetSize': [0], 'SubmitTimes': [1768130366.0], 'StartTimes': [], 'EndTimes': [], 'TotalUserCpuTimeHistory': [0.0], 'TotalSysCpuTimeHistory': [0.0], 'WallDurations': [0], 'JobIds': ['138549555.0'], 'State': 'idle', 'RecordedSite': False}, '834': {'Retries': 0, 'Restarts': 0, 'SiteHistory': ['Unknown'], 'ResidentSetSize': [0], 'SubmitTimes': [1768130365.0], 'StartTimes': [], 'EndTimes': [], 'TotalUserCpuTimeHistory': [0.0], 'TotalSysCpuTimeHistory': [0.0], 'WallDurations': [0], 'JobIds': ['138549549.0'], 'State': 'idle', 'RecordedSite': False}, '835': {'Retries': 0, 'Restarts': 0, 'SiteHistory': ['Unknown'], 'ResidentSetSize': [0], 'SubmitTimes': [1768130364.0], 'StartTimes': [], 'EndTimes': [], 'TotalUserCpuTimeHistory': [0.0], 'TotalSysCpuTimeHistory': [0.0], 'WallDurations': [0], 'JobIds': ['138549504.0'], 'State': 'idle', 'RecordedSite': False}, '836': {'Retries': 0, 'Restarts': 0, 'SiteHistory': ['Unknown'], 'ResidentSetSize': [0], 'SubmitTimes': [1768130364.0], 'StartTimes': [], 'EndTimes': [], 'TotalUserCpuTimeHistory': [0.0], 'TotalSysCpuTimeHistory': [0.0], 'WallDurations': [0], 'JobIds': ['138549507.0'], 'State': 'idle', 'RecordedSite': False}, '837': {'Retries': 0, 'Restarts': 0, 'SiteHistory': ['Unknown'], 'ResidentSetSize': [0], 'SubmitTimes': [1768130364.0], 'StartTimes': [], 'EndTimes': [], 'TotalUserCpuTimeHistory': [0.0], 'TotalSysCpuTimeHistory': [0.0], 'WallDurations': [0], 'JobIds': ['138549529.0'], 'State': 'idle', 'RecordedSite': False}, '838': {'Retries': 0, 'Restarts': 0, 'SiteHistory': ['Unknown'], 'ResidentSetSize': [0], 'SubmitTimes': [1768130364.0], 'StartTimes': [], 'EndTimes': [], 'TotalUserCpuTimeHistory': [0.0], 'TotalSysCpuTimeHistory': [0.0], 'WallDurations': [0], 'JobIds': ['138549514.0'], 'State': 'idle', 'RecordedSite': False}, '839': {'Retries': 0, 'Restarts': 0, 'SiteHistory': ['Unknown'], 'ResidentSetSize': [0], 'SubmitTimes': [1768130364.0], 'StartTimes': [], 'EndTimes': [], 'TotalUserCpuTimeHistory': [0.0], 'TotalSysCpuTimeHistory': [0.0], 'WallDurations': [0], 'JobIds': ['138549510.0'], 'State': 'idle', 'RecordedSite': False}, '840': {'Retries': 0, 'Restarts': 0, 'SiteHistory': ['Unknown'], 'ResidentSetSize': [0], 'SubmitTimes': [1768130366.0], 'StartTimes': [], 'EndTimes': [], 'TotalUserCpuTimeHistory': [0.0], 'TotalSysCpuTimeHistory': [0.0], 'WallDurations': [0], 'JobIds': ['138549552.0'], 'State': 'idle', 'RecordedSite': False}, '841': {'Retries': 0, 'Restarts': 0, 'SiteHistory': ['Unknown'], 'ResidentSetSize': [0], 'SubmitTimes': [1768130371.0], 'StartTimes': [], 'EndTimes': [], 'TotalUserCpuTimeHistory': [0.0], 'TotalSysCpuTimeHistory': [0.0], 'WallDurations': [0], 'JobIds': ['138549587.0'], 'State': 'idle', 'RecordedSite': False}, '842': {'Retries': 0, 'Restarts': 0, 'SiteHistory': ['Unknown'], 'ResidentSetSize': [0], 'SubmitTimes': [1768130371.0], 'StartTimes': [], 'EndTimes': [], 'TotalUserCpuTimeHistory': [0.0], 'TotalSysCpuTimeHistory': [0.0], 'WallDurations': [0], 'JobIds': ['138549590.0'], 'State': 'idle', 'RecordedSite': False}, '843': {'Retries': 0, 'Restarts': 0, 'SiteHistory': ['Unknown'], 'ResidentSetSize': [0], 'SubmitTimes': [1768130371.0], 'StartTimes': [], 'EndTimes': [], 'TotalUserCpuTimeHistory': [0.0], 'TotalSysCpuTimeHistory': [0.0], 'WallDurations': [0], 'JobIds': ['138549594.0'], 'State': 'idle', 'RecordedSite': False}, '844': {'Retries': 0, 'Restarts': 0, 'SiteHistory': ['Unknown'], 'ResidentSetSize': [0], 'SubmitTimes': [1768130366.0], 'StartTimes': [], 'EndTimes': [], 'TotalUserCpuTimeHistory': [0.0], 'TotalSysCpuTimeHistory': [0.0], 'WallDurations': [0], 'JobIds': ['138549558.0'], 'State': 'idle', 'RecordedSite': False}, '845': {'Retries': 0, 'Restarts': 0, 'SiteHistory': ['Unknown'], 'ResidentSetSize': [0], 'SubmitTimes': [1768130371.0], 'StartTimes': [], 'EndTimes': [], 'TotalUserCpuTimeHistory': [0.0], 'TotalSysCpuTimeHistory': [0.0], 'WallDurations': [0], 'JobIds': ['138549583.0'], 'State': 'idle', 'RecordedSite': False}, '846': {'Retries': 0, 'Restarts': 0, 'SiteHistory': ['Unknown'], 'ResidentSetSize': [0], 'SubmitTimes': [1768130366.0], 'StartTimes': [], 'EndTimes': [], 'TotalUserCpuTimeHistory': [0.0], 'TotalSysCpuTimeHistory': [0.0], 'WallDurations': [0], 'JobIds': ['138549564.0'], 'State': 'idle', 'RecordedSite': False}, '847': {'Retries': 0, 'Restarts': 0, 'SiteHistory': ['Unknown'], 'ResidentSetSize': [0], 'SubmitTimes': [1768130366.0], 'StartTimes': [], 'EndTimes': [], 'TotalUserCpuTimeHistory': [0.0], 'TotalSysCpuTimeHistory': [0.0], 'WallDurations': [0], 'JobIds': ['138549561.0'], 'State': 'idle', 'RecordedSite': False}, '848': {'Retries': 0, 'Restarts': 0, 'SiteHistory': ['Unknown'], 'ResidentSetSize': [0], 'SubmitTimes': [1768130366.0], 'StartTimes': [], 'EndTimes': [], 'TotalUserCpuTimeHistory': [0.0], 'TotalSysCpuTimeHistory': [0.0], 'WallDurations': [0], 'JobIds': ['138549567.0'], 'State': 'idle', 'RecordedSite': False}, '849': {'Retries': 0, 'Restarts': 0, 'SiteHistory': ['Unknown'], 'ResidentSetSize': [0], 'SubmitTimes': [1768130371.0], 'StartTimes': [], 'EndTimes': [], 'TotalUserCpuTimeHistory': [0.0], 'TotalSysCpuTimeHistory': [0.0], 'WallDurations': [0], 'JobIds': ['138549598.0'], 'State': 'idle', 'RecordedSite': False}, '850': {'Retries': 0, 'Restarts': 0, 'SiteHistory': ['Unknown'], 'ResidentSetSize': [0], 'SubmitTimes': [1768130371.0], 'StartTimes': [], 'EndTimes': [], 'TotalUserCpuTimeHistory': [0.0], 'TotalSysCpuTimeHistory': [0.0], 'WallDurations': [0], 'JobIds': ['138549602.0'], 'State': 'idle', 'RecordedSite': False}, '851': {'Retries': 0, 'Restarts': 0, 'SiteHistory': ['Unknown'], 'ResidentSetSize': [0], 'SubmitTimes': [1768130366.0], 'StartTimes': [], 'EndTimes': [], 'TotalUserCpuTimeHistory': [0.0], 'TotalSysCpuTimeHistory': [0.0], 'WallDurations': [0], 'JobIds': ['138549570.0'], 'State': 'idle', 'RecordedSite': False}, '852': {'Retries': 0, 'Restarts': 0, 'SiteHistory': ['Unknown'], 'ResidentSetSize': [0], 'SubmitTimes': [1768130371.0], 'StartTimes': [], 'EndTimes': [], 'TotalUserCpuTimeHistory': [0.0], 'TotalSysCpuTimeHistory': [0.0], 'WallDurations': [0], 'JobIds': ['138549606.0'], 'State': 'idle', 'RecordedSite': False}, '853': {'Retries': 0, 'Restarts': 0, 'SiteHistory': ['Unknown'], 'ResidentSetSize': [0], 'SubmitTimes': [1768130371.0], 'StartTimes': [], 'EndTimes': [], 'TotalUserCpuTimeHistory': [0.0], 'TotalSysCpuTimeHistory': [0.0], 'WallDurations': [0], 'JobIds': ['138549610.0'], 'State': 'idle', 'RecordedSite': False}, '854': {'Retries': 0, 'Restarts': 0, 'SiteHistory': ['Unknown'], 'ResidentSetSize': [0], 'SubmitTimes': [1768130371.0], 'StartTimes': [], 'EndTimes': [], 'TotalUserCpuTimeHistory': [0.0], 'TotalSysCpuTimeHistory': [0.0], 'WallDurations': [0], 'JobIds': ['138549614.0'], 'State': 'idle', 'RecordedSite': False}, '855': {'Retries': 0, 'Restarts': 0, 'SiteHistory': ['Unknown'], 'ResidentSetSize': [0], 'SubmitTimes': [1768130371.0], 'StartTimes': [], 'EndTimes': [], 'TotalUserCpuTimeHistory': [0.0], 'TotalSysCpuTimeHistory': [0.0], 'WallDurations': [0], 'JobIds': ['138549617.0'], 'State': 'idle', 'RecordedSite': False}, '856': {'Retries': 0, 'Restarts': 0, 'SiteHistory': ['Unknown'], 'ResidentSetSize': [0], 'SubmitTimes': [1768130371.0], 'StartTimes': [], 'EndTimes': [], 'TotalUserCpuTimeHistory': [0.0], 'TotalSysCpuTimeHistory': [0.0], 'WallDurations': [0], 'JobIds': ['138549620.0'], 'State': 'idle', 'RecordedSite': False}, '857': {'Retries': 0, 'Restarts': 0, 'SiteHistory': ['Unknown'], 'ResidentSetSize': [0], 'SubmitTimes': [1768130371.0], 'StartTimes': [], 'EndTimes': [], 'TotalUserCpuTimeHistory': [0.0], 'TotalSysCpuTimeHistory': [0.0], 'WallDurations': [0], 'JobIds': ['138549623.0'], 'State': 'idle', 'RecordedSite': False}, '858': {'Retries': 0, 'Restarts': 0, 'SiteHistory': ['Unknown'], 'ResidentSetSize': [0], 'SubmitTimes': [1768130371.0], 'StartTimes': [], 'EndTimes': [], 'TotalUserCpuTimeHistory': [0.0], 'TotalSysCpuTimeHistory': [0.0], 'WallDurations': [0], 'JobIds': ['138549625.0'], 'State': 'idle', 'RecordedSite': False}, '859': {'Retries': 0, 'Restarts': 0, 'SiteHistory': ['Unknown'], 'ResidentSetSize': [0], 'SubmitTimes': [1768130371.0], 'StartTimes': [], 'EndTimes': [], 'TotalUserCpuTimeHistory': [0.0], 'TotalSysCpuTimeHistory': [0.0], 'WallDurations': [0], 'JobIds': ['138549627.0'], 'State': 'idle', 'RecordedSite': False}, '860': {'Retries': 0, 'Restarts': 0, 'SiteHistory': ['Unknown'], 'ResidentSetSize': [0], 'SubmitTimes': [1768130372.0], 'StartTimes': [], 'EndTimes': [], 'TotalUserCpuTimeHistory': [0.0], 'TotalSysCpuTimeHistory': [0.0], 'WallDurations': [0], 'JobIds': ['138549630.0'], 'State': 'idle', 'RecordedSite': False}, '861': {'Retries': 0, 'Restarts': 0, 'SiteHistory': ['Unknown'], 'ResidentSetSize': [0], 'SubmitTimes': [1768130372.0], 'StartTimes': [], 'EndTimes': [], 'TotalUserCpuTimeHistory': [0.0], 'TotalSysCpuTimeHistory': [0.0], 'WallDurations': [0], 'JobIds': ['138549633.0'], 'State': 'idle', 'RecordedSite': False}, '862': {'Retries': 0, 'Restarts': 0, 'SiteHistory': ['Unknown'], 'ResidentSetSize': [0], 'SubmitTimes': [1768130372.0], 'StartTimes': [], 'EndTimes': [], 'TotalUserCpuTimeHistory': [0.0], 'TotalSysCpuTimeHistory': [0.0], 'WallDurations': [0], 'JobIds': ['138549635.0'], 'State': 'idle', 'RecordedSite': False}, '863': {'Retries': 0, 'Restarts': 0, 'SiteHistory': ['Unknown'], 'ResidentSetSize': [0], 'SubmitTimes': [1768130372.0], 'StartTimes': [], 'EndTimes': [], 'TotalUserCpuTimeHistory': [0.0], 'TotalSysCpuTimeHistory': [0.0], 'WallDurations': [0], 'JobIds': ['138549638.0'], 'State': 'idle', 'RecordedSite': False}, '864': {'Retries': 0, 'Restarts': 0, 'SiteHistory': ['Unknown'], 'ResidentSetSize': [0], 'SubmitTimes': [1768130372.0], 'StartTimes': [], 'EndTimes': [], 'TotalUserCpuTimeHistory': [0.0], 'TotalSysCpuTimeHistory': [0.0], 'WallDurations': [0], 'JobIds': ['138549639.0'], 'State': 'idle', 'RecordedSite': False}, '865': {'Retries': 0, 'Restarts': 0, 'SiteHistory': ['Unknown'], 'ResidentSetSize': [0], 'SubmitTimes': [1768130372.0], 'StartTimes': [], 'EndTimes': [], 'TotalUserCpuTimeHistory': [0.0], 'TotalSysCpuTimeHistory': [0.0], 'WallDurations': [0], 'JobIds': ['138549642.0'], 'State': 'idle', 'RecordedSite': False}, '866': {'Retries': 0, 'Restarts': 0, 'SiteHistory': [], 'ResidentSetSize': [], 'SubmitTimes': [], 'StartTimes': [], 'EndTimes': [], 'TotalUserCpuTimeHistory': [], 'TotalSysCpuTimeHistory': [], 'WallDurations': [], 'JobIds': [], 'State': 'unsubmitted'}, '867': {'Retries': 0, 'Restarts': 0, 'SiteHistory': ['Unknown'], 'ResidentSetSize': [0], 'SubmitTimes': [1768130373.0], 'StartTimes': [], 'EndTimes': [], 'TotalUserCpuTimeHistory': [0.0], 'TotalSysCpuTimeHistory': [0.0], 'WallDurations': [0], 'JobIds': ['138549700.0'], 'State': 'idle', 'RecordedSite': False}, '868': {'Retries': 0, 'Restarts': 0, 'SiteHistory': ['Unknown'], 'ResidentSetSize': [0], 'SubmitTimes': [1768130373.0], 'StartTimes': [], 'EndTimes': [], 'TotalUserCpuTimeHistory': [0.0], 'TotalSysCpuTimeHistory': [0.0], 'WallDurations': [0], 'JobIds': ['138549669.0'], 'State': 'idle', 'RecordedSite': False}, '869': {'Retries': 0, 'Restarts': 0, 'SiteHistory': ['Unknown'], 'ResidentSetSize': [0], 'SubmitTimes': [1768130373.0], 'StartTimes': [], 'EndTimes': [], 'TotalUserCpuTimeHistory': [0.0], 'TotalSysCpuTimeHistory': [0.0], 'WallDurations': [0], 'JobIds': ['138549705.0'], 'State': 'idle', 'RecordedSite': False}, '870': {'Retries': 0, 'Restarts': 0, 'SiteHistory': ['Unknown'], 'ResidentSetSize': [0], 'SubmitTimes': [1768130373.0], 'StartTimes': [], 'EndTimes': [], 'TotalUserCpuTimeHistory': [0.0], 'TotalSysCpuTimeHistory': [0.0], 'WallDurations': [0], 'JobIds': ['138549707.0'], 'State': 'idle', 'RecordedSite': False}, '871': {'Retries': 0, 'Restarts': 0, 'SiteHistory': ['Unknown'], 'ResidentSetSize': [0], 'SubmitTimes': [1768130372.0], 'StartTimes': [], 'EndTimes': [], 'TotalUserCpuTimeHistory': [0.0], 'TotalSysCpuTimeHistory': [0.0], 'WallDurations': [0], 'JobIds': ['138549663.0'], 'State': 'idle', 'RecordedSite': False}, '872': {'Retries': 0, 'Restarts': 0, 'SiteHistory': ['Unknown'], 'ResidentSetSize': [0], 'SubmitTimes': [1768130372.0], 'StartTimes': [], 'EndTimes': [], 'TotalUserCpuTimeHistory': [0.0], 'TotalSysCpuTimeHistory': [0.0], 'WallDurations': [0], 'JobIds': ['138549654.0'], 'State': 'idle', 'RecordedSite': False}, '873': {'Retries': 0, 'Restarts': 0, 'SiteHistory': ['Unknown'], 'ResidentSetSize': [0], 'SubmitTimes': [1768130372.0], 'StartTimes': [], 'EndTimes': [], 'TotalUserCpuTimeHistory': [0.0], 'TotalSysCpuTimeHistory': [0.0], 'WallDurations': [0], 'JobIds': ['138549660.0'], 'State': 'idle', 'RecordedSite': False}, '874': {'Retries': 0, 'Restarts': 0, 'SiteHistory': ['Unknown'], 'ResidentSetSize': [0], 'SubmitTimes': [1768130373.0], 'StartTimes': [], 'EndTimes': [], 'TotalUserCpuTimeHistory': [0.0], 'TotalSysCpuTimeHistory': [0.0], 'WallDurations': [0], 'JobIds': ['138549675.0'], 'State': 'idle', 'RecordedSite': False}, '875': {'Retries': 0, 'Restarts': 0, 'SiteHistory': ['Unknown'], 'ResidentSetSize': [0], 'SubmitTimes': [1768130372.0], 'StartTimes': [], 'EndTimes': [], 'TotalUserCpuTimeHistory': [0.0], 'TotalSysCpuTimeHistory': [0.0], 'WallDurations': [0], 'JobIds': ['138549657.0'], 'State': 'idle', 'RecordedSite': False}, '876': {'Retries': 0, 'Restarts': 0, 'SiteHistory': ['Unknown'], 'ResidentSetSize': [0], 'SubmitTimes': [1768130372.0], 'StartTimes': [], 'EndTimes': [], 'TotalUserCpuTimeHistory': [0.0], 'TotalSysCpuTimeHistory': [0.0], 'WallDurations': [0], 'JobIds': ['138549651.0'], 'State': 'idle', 'RecordedSite': False}, '877': {'Retries': 0, 'Restarts': 0, 'SiteHistory': ['Unknown'], 'ResidentSetSize': [0], 'SubmitTimes': [1768130372.0], 'StartTimes': [], 'EndTimes': [], 'TotalUserCpuTimeHistory': [0.0], 'TotalSysCpuTimeHistory': [0.0], 'WallDurations': [0], 'JobIds': ['138549648.0'], 'State': 'idle', 'RecordedSite': False}, '878': {'Retries': 0, 'Restarts': 0, 'SiteHistory': ['Unknown'], 'ResidentSetSize': [0], 'SubmitTimes': [1768130373.0], 'StartTimes': [], 'EndTimes': [], 'TotalUserCpuTimeHistory': [0.0], 'TotalSysCpuTimeHistory': [0.0], 'WallDurations': [0], 'JobIds': ['138549681.0'], 'State': 'idle', 'RecordedSite': False}, '879': {'Retries': 0, 'Restarts': 0, 'SiteHistory': ['Unknown'], 'ResidentSetSize': [0], 'SubmitTimes': [1768130372.0], 'StartTimes': [], 'EndTimes': [], 'TotalUserCpuTimeHistory': [0.0], 'TotalSysCpuTimeHistory': [0.0], 'WallDurations': [0], 'JobIds': ['138549645.0'], 'State': 'idle', 'RecordedSite': False}, '880': {'Retries': 0, 'Restarts': 0, 'SiteHistory': ['Unknown'], 'ResidentSetSize': [0], 'SubmitTimes': [1768130373.0], 'StartTimes': [], 'EndTimes': [], 'TotalUserCpuTimeHistory': [0.0], 'TotalSysCpuTimeHistory': [0.0], 'WallDurations': [0], 'JobIds': ['138549672.0'], 'State': 'idle', 'RecordedSite': False}, '881': {'Retries': 0, 'Restarts': 0, 'SiteHistory': ['Unknown'], 'ResidentSetSize': [0], 'SubmitTimes': [1768130373.0], 'StartTimes': [], 'EndTimes': [], 'TotalUserCpuTimeHistory': [0.0], 'TotalSysCpuTimeHistory': [0.0], 'WallDurations': [0], 'JobIds': ['138549684.0'], 'State': 'idle', 'RecordedSite': False}, '882': {'Retries': 0, 'Restarts': 0, 'SiteHistory': ['Unknown'], 'ResidentSetSize': [0], 'SubmitTimes': [1768130373.0], 'StartTimes': [], 'EndTimes': [], 'TotalUserCpuTimeHistory': [0.0], 'TotalSysCpuTimeHistory': [0.0], 'WallDurations': [0], 'JobIds': ['138549678.0'], 'State': 'idle', 'RecordedSite': False}, '883': {'Retries': 0, 'Restarts': 0, 'SiteHistory': ['Unknown'], 'ResidentSetSize': [0], 'SubmitTimes': [1768130373.0], 'StartTimes': [], 'EndTimes': [], 'TotalUserCpuTimeHistory': [0.0], 'TotalSysCpuTimeHistory': [0.0], 'WallDurations': [0], 'JobIds': ['138549711.0'], 'State': 'idle', 'RecordedSite': False}, '884': {'Retries': 0, 'Restarts': 0, 'SiteHistory': ['Unknown'], 'ResidentSetSize': [0], 'SubmitTimes': [1768130373.0], 'StartTimes': [], 'EndTimes': [], 'TotalUserCpuTimeHistory': [0.0], 'TotalSysCpuTimeHistory': [0.0], 'WallDurations': [0], 'JobIds': ['138549691.0'], 'State': 'idle', 'RecordedSite': False}, '885': {'Retries': 0, 'Restarts': 0, 'SiteHistory': ['Unknown'], 'ResidentSetSize': [0], 'SubmitTimes': [1768130373.0], 'StartTimes': [], 'EndTimes': [], 'TotalUserCpuTimeHistory': [0.0], 'TotalSysCpuTimeHistory': [0.0], 'WallDurations': [0], 'JobIds': ['138549666.0'], 'State': 'idle', 'RecordedSite': False}, '886': {'Retries': 0, 'Restarts': 0, 'SiteHistory': ['Unknown'], 'ResidentSetSize': [0], 'SubmitTimes': [1768130373.0], 'StartTimes': [], 'EndTimes': [], 'TotalUserCpuTimeHistory': [0.0], 'TotalSysCpuTimeHistory': [0.0], 'WallDurations': [0], 'JobIds': ['138549708.0'], 'State': 'idle', 'RecordedSite': False}, '887': {'Retries': 0, 'Restarts': 0, 'SiteHistory': ['Unknown'], 'ResidentSetSize': [0], 'SubmitTimes': [1768130373.0], 'StartTimes': [], 'EndTimes': [], 'TotalUserCpuTimeHistory': [0.0], 'TotalSysCpuTimeHistory': [0.0], 'WallDurations': [0], 'JobIds': ['138549687.0'], 'State': 'idle', 'RecordedSite': False}, '888': {'Retries': 0, 'Restarts': 0, 'SiteHistory': ['Unknown'], 'ResidentSetSize': [0], 'SubmitTimes': [1768130378.0], 'StartTimes': [], 'EndTimes': [], 'TotalUserCpuTimeHistory': [0.0], 'TotalSysCpuTimeHistory': [0.0], 'WallDurations': [0], 'JobIds': ['138549721.0'], 'State': 'idle', 'RecordedSite': False}, '889': {'Retries': 0, 'Restarts': 0, 'SiteHistory': ['Unknown'], 'ResidentSetSize': [0], 'SubmitTimes': [1768130373.0], 'StartTimes': [], 'EndTimes': [], 'TotalUserCpuTimeHistory': [0.0], 'TotalSysCpuTimeHistory': [0.0], 'WallDurations': [0], 'JobIds': ['138549697.0'], 'State': 'idle', 'RecordedSite': False}, '890': {'Retries': 0, 'Restarts': 0, 'SiteHistory': ['Unknown'], 'ResidentSetSize': [0], 'SubmitTimes': [1768130373.0], 'StartTimes': [], 'EndTimes': [], 'TotalUserCpuTimeHistory': [0.0], 'TotalSysCpuTimeHistory': [0.0], 'WallDurations': [0], 'JobIds': ['138549703.0'], 'State': 'idle', 'RecordedSite': False}, '891': {'Retries': 0, 'Restarts': 0, 'SiteHistory': ['Unknown'], 'ResidentSetSize': [0], 'SubmitTimes': [1768130373.0], 'StartTimes': [], 'EndTimes': [], 'TotalUserCpuTimeHistory': [0.0], 'TotalSysCpuTimeHistory': [0.0], 'WallDurations': [0], 'JobIds': ['138549713.0'], 'State': 'idle', 'RecordedSite': False}, '892': {'Retries': 0, 'Restarts': 0, 'SiteHistory': ['Unknown'], 'ResidentSetSize': [0], 'SubmitTimes': [1768130373.0], 'StartTimes': [], 'EndTimes': [], 'TotalUserCpuTimeHistory': [0.0], 'TotalSysCpuTimeHistory': [0.0], 'WallDurations': [0], 'JobIds': ['138549706.0'], 'State': 'idle', 'RecordedSite': False}, '893': {'Retries': 0, 'Restarts': 0, 'SiteHistory': ['Unknown'], 'ResidentSetSize': [0], 'SubmitTimes': [1768130373.0], 'StartTimes': [], 'EndTimes': [], 'TotalUserCpuTimeHistory': [0.0], 'TotalSysCpuTimeHistory': [0.0], 'WallDurations': [0], 'JobIds': ['138549694.0'], 'State': 'idle', 'RecordedSite': False}, '894': {'Retries': 0, 'Restarts': 0, 'SiteHistory': ['Unknown'], 'ResidentSetSize': [0], 'SubmitTimes': [1768130373.0], 'StartTimes': [], 'EndTimes': [], 'TotalUserCpuTimeHistory': [0.0], 'TotalSysCpuTimeHistory': [0.0], 'WallDurations': [0], 'JobIds': ['138549709.0'], 'State': 'idle', 'RecordedSite': False}, '895': {'Retries': 0, 'Restarts': 0, 'SiteHistory': ['Unknown'], 'ResidentSetSize': [0], 'SubmitTimes': [1768130378.0], 'StartTimes': [], 'EndTimes': [], 'TotalUserCpuTimeHistory': [0.0], 'TotalSysCpuTimeHistory': [0.0], 'WallDurations': [0], 'JobIds': ['138549724.0'], 'State': 'idle', 'RecordedSite': False}, '896': {'Retries': 0, 'Restarts': 0, 'SiteHistory': ['Unknown'], 'ResidentSetSize': [0], 'SubmitTimes': [1768130373.0], 'StartTimes': [], 'EndTimes': [], 'TotalUserCpuTimeHistory': [0.0], 'TotalSysCpuTimeHistory': [0.0], 'WallDurations': [0], 'JobIds': ['138549714.0'], 'State': 'idle', 'RecordedSite': False}, '897': {'Retries': 0, 'Restarts': 0, 'SiteHistory': ['Unknown'], 'ResidentSetSize': [0], 'SubmitTimes': [1768130378.0], 'StartTimes': [], 'EndTimes': [], 'TotalUserCpuTimeHistory': [0.0], 'TotalSysCpuTimeHistory': [0.0], 'WallDurations': [0], 'JobIds': ['138549726.0'], 'State': 'idle', 'RecordedSite': False}, '898': {'Retries': 0, 'Restarts': 0, 'SiteHistory': ['Unknown'], 'ResidentSetSize': [0], 'SubmitTimes': [1768130373.0], 'StartTimes': [], 'EndTimes': [], 'TotalUserCpuTimeHistory': [0.0], 'TotalSysCpuTimeHistory': [0.0], 'WallDurations': [0], 'JobIds': ['138549710.0'], 'State': 'idle', 'RecordedSite': False}, '899': {'Retries': 0, 'Restarts': 0, 'SiteHistory': ['Unknown'], 'ResidentSetSize': [0], 'SubmitTimes': [1768130378.0], 'StartTimes': [], 'EndTimes': [], 'TotalUserCpuTimeHistory': [0.0], 'TotalSysCpuTimeHistory': [0.0], 'WallDurations': [0], 'JobIds': ['138549717.0'], 'State': 'idle', 'RecordedSite': False}, '900': {'Retries': 0, 'Restarts': 0, 'SiteHistory': ['Unknown'], 'ResidentSetSize': [0], 'SubmitTimes': [1768130373.0], 'StartTimes': [], 'EndTimes': [], 'TotalUserCpuTimeHistory': [0.0], 'TotalSysCpuTimeHistory': [0.0], 'WallDurations': [0], 'JobIds': ['138549712.0'], 'State': 'idle', 'RecordedSite': False}, '901': {'Retries': 0, 'Restarts': 0, 'SiteHistory': ['Unknown'], 'ResidentSetSize': [0], 'SubmitTimes': [1768130378.0], 'StartTimes': [], 'EndTimes': [], 'TotalUserCpuTimeHistory': [0.0], 'TotalSysCpuTimeHistory': [0.0], 'WallDurations': [0], 'JobIds': ['138549729.0'], 'State': 'idle', 'RecordedSite': False}, '902': {'Retries': 0, 'Restarts': 0, 'SiteHistory': ['Unknown'], 'ResidentSetSize': [0], 'SubmitTimes': [1768130378.0], 'StartTimes': [], 'EndTimes': [], 'TotalUserCpuTimeHistory': [0.0], 'TotalSysCpuTimeHistory': [0.0], 'WallDurations': [0], 'JobIds': ['138549732.0'], 'State': 'idle', 'RecordedSite': False}, '903': {'Retries': 0, 'Restarts': 0, 'SiteHistory': ['Unknown'], 'ResidentSetSize': [0], 'SubmitTimes': [1768130378.0], 'StartTimes': [], 'EndTimes': [], 'TotalUserCpuTimeHistory': [0.0], 'TotalSysCpuTimeHistory': [0.0], 'WallDurations': [0], 'JobIds': ['138549735.0'], 'State': 'idle', 'RecordedSite': False}, '904': {'Retries': 0, 'Restarts': 0, 'SiteHistory': ['Unknown'], 'ResidentSetSize': [0], 'SubmitTimes': [1768130378.0], 'StartTimes': [], 'EndTimes': [], 'TotalUserCpuTimeHistory': [0.0], 'TotalSysCpuTimeHistory': [0.0], 'WallDurations': [0], 'JobIds': ['138549738.0'], 'State': 'idle', 'RecordedSite': False}, '905': {'Retries': 0, 'Restarts': 0, 'SiteHistory': ['Unknown'], 'ResidentSetSize': [0], 'SubmitTimes': [1768130379.0], 'StartTimes': [], 'EndTimes': [], 'TotalUserCpuTimeHistory': [0.0], 'TotalSysCpuTimeHistory': [0.0], 'WallDurations': [0], 'JobIds': ['138549741.0'], 'State': 'idle', 'RecordedSite': False}, '906': {'Retries': 0, 'Restarts': 0, 'SiteHistory': ['Unknown'], 'ResidentSetSize': [0], 'SubmitTimes': [1768130379.0], 'StartTimes': [], 'EndTimes': [], 'TotalUserCpuTimeHistory': [0.0], 'TotalSysCpuTimeHistory': [0.0], 'WallDurations': [0], 'JobIds': ['138549744.0'], 'State': 'idle', 'RecordedSite': False}, '907': {'Retries': 0, 'Restarts': 0, 'SiteHistory': ['Unknown'], 'ResidentSetSize': [0], 'SubmitTimes': [1768130379.0], 'StartTimes': [], 'EndTimes': [], 'TotalUserCpuTimeHistory': [0.0], 'TotalSysCpuTimeHistory': [0.0], 'WallDurations': [0], 'JobIds': ['138549746.0'], 'State': 'idle', 'RecordedSite': False}, '908': {'Retries': 0, 'Restarts': 0, 'SiteHistory': ['Unknown'], 'ResidentSetSize': [0], 'SubmitTimes': [1768130379.0], 'StartTimes': [], 'EndTimes': [], 'TotalUserCpuTimeHistory': [0.0], 'TotalSysCpuTimeHistory': [0.0], 'WallDurations': [0], 'JobIds': ['138549749.0'], 'State': 'idle', 'RecordedSite': False}, '909': {'Retries': 0, 'Restarts': 0, 'SiteHistory': ['Unknown'], 'ResidentSetSize': [0], 'SubmitTimes': [1768130379.0], 'StartTimes': [], 'EndTimes': [], 'TotalUserCpuTimeHistory': [0.0], 'TotalSysCpuTimeHistory': [0.0], 'WallDurations': [0], 'JobIds': ['138549751.0'], 'State': 'idle', 'RecordedSite': False}, '910': {'Retries': 0, 'Restarts': 0, 'SiteHistory': ['Unknown'], 'ResidentSetSize': [0], 'SubmitTimes': [1768130379.0], 'StartTimes': [], 'EndTimes': [], 'TotalUserCpuTimeHistory': [0.0], 'TotalSysCpuTimeHistory': [0.0], 'WallDurations': [0], 'JobIds': ['138549754.0'], 'State': 'idle', 'RecordedSite': False}, '911': {'Retries': 0, 'Restarts': 0, 'SiteHistory': ['Unknown'], 'ResidentSetSize': [0], 'SubmitTimes': [1768130379.0], 'StartTimes': [], 'EndTimes': [], 'TotalUserCpuTimeHistory': [0.0], 'TotalSysCpuTimeHistory': [0.0], 'WallDurations': [0], 'JobIds': ['138549757.0'], 'State': 'idle', 'RecordedSite': False}, '912': {'Retries': 0, 'Restarts': 0, 'SiteHistory': ['Unknown'], 'ResidentSetSize': [0], 'SubmitTimes': [1768130379.0], 'StartTimes': [], 'EndTimes': [], 'TotalUserCpuTimeHistory': [0.0], 'TotalSysCpuTimeHistory': [0.0], 'WallDurations': [0], 'JobIds': ['138549760.0'], 'State': 'idle', 'RecordedSite': False}, '913': {'Retries': 0, 'Restarts': 0, 'SiteHistory': ['Unknown'], 'ResidentSetSize': [0], 'SubmitTimes': [1768130379.0], 'StartTimes': [], 'EndTimes': [], 'TotalUserCpuTimeHistory': [0.0], 'TotalSysCpuTimeHistory': [0.0], 'WallDurations': [0], 'JobIds': ['138549763.0'], 'State': 'idle', 'RecordedSite': False}, '914': {'Retries': 0, 'Restarts': 0, 'SiteHistory': ['Unknown'], 'ResidentSetSize': [0], 'SubmitTimes': [1768130379.0], 'StartTimes': [], 'EndTimes': [], 'TotalUserCpuTimeHistory': [0.0], 'TotalSysCpuTimeHistory': [0.0], 'WallDurations': [0], 'JobIds': ['138549766.0'], 'State': 'idle', 'RecordedSite': False}, '915': {'Retries': 0, 'Restarts': 0, 'SiteHistory': ['Unknown'], 'ResidentSetSize': [0], 'SubmitTimes': [1768130379.0], 'StartTimes': [], 'EndTimes': [], 'TotalUserCpuTimeHistory': [0.0], 'TotalSysCpuTimeHistory': [0.0], 'WallDurations': [0], 'JobIds': ['138549769.0'], 'State': 'idle', 'RecordedSite': False}, '916': {'Retries': 0, 'Restarts': 0, 'SiteHistory': ['Unknown'], 'ResidentSetSize': [0], 'SubmitTimes': [1768130379.0], 'StartTimes': [], 'EndTimes': [], 'TotalUserCpuTimeHistory': [0.0], 'TotalSysCpuTimeHistory': [0.0], 'WallDurations': [0], 'JobIds': ['138549772.0'], 'State': 'idle', 'RecordedSite': False}, '917': {'Retries': 0, 'Restarts': 0, 'SiteHistory': [], 'ResidentSetSize': [], 'SubmitTimes': [], 'StartTimes': [], 'EndTimes': [], 'TotalUserCpuTimeHistory': [], 'TotalSysCpuTimeHistory': [], 'WallDurations': [], 'JobIds': [], 'State': 'unsubmitted'}, '918': {'Retries': 0, 'Restarts': 0, 'SiteHistory': ['Unknown'], 'ResidentSetSize': [0], 'SubmitTimes': [1768130379.0], 'StartTimes': [], 'EndTimes': [], 'TotalUserCpuTimeHistory': [0.0], 'TotalSysCpuTimeHistory': [0.0], 'WallDurations': [0], 'JobIds': ['138549778.0'], 'State': 'idle', 'RecordedSite': False}, '919': {'Retries': 0, 'Restarts': 0, 'SiteHistory': ['Unknown'], 'ResidentSetSize': [0], 'SubmitTimes': [1768130379.0], 'StartTimes': [], 'EndTimes': [], 'TotalUserCpuTimeHistory': [0.0], 'TotalSysCpuTimeHistory': [0.0], 'WallDurations': [0], 'JobIds': ['138549787.0'], 'State': 'idle', 'RecordedSite': False}, '920': {'Retries': 0, 'Restarts': 0, 'SiteHistory': ['Unknown'], 'ResidentSetSize': [0], 'SubmitTimes': [1768130379.0], 'StartTimes': [], 'EndTimes': [], 'TotalUserCpuTimeHistory': [0.0], 'TotalSysCpuTimeHistory': [0.0], 'WallDurations': [0], 'JobIds': ['138549790.0'], 'State': 'idle', 'RecordedSite': False}, '921': {'Retries': 0, 'Restarts': 0, 'SiteHistory': ['Unknown'], 'ResidentSetSize': [0], 'SubmitTimes': [1768130379.0], 'StartTimes': [], 'EndTimes': [], 'TotalUserCpuTimeHistory': [0.0], 'TotalSysCpuTimeHistory': [0.0], 'WallDurations': [0], 'JobIds': ['138549805.0'], 'State': 'idle', 'RecordedSite': False}, '922': {'Retries': 0, 'Restarts': 0, 'SiteHistory': ['Unknown'], 'ResidentSetSize': [0], 'SubmitTimes': [1768130379.0], 'StartTimes': [], 'EndTimes': [], 'TotalUserCpuTimeHistory': [0.0], 'TotalSysCpuTimeHistory': [0.0], 'WallDurations': [0], 'JobIds': ['138549775.0'], 'State': 'idle', 'RecordedSite': False}, '923': {'Retries': 0, 'Restarts': 0, 'SiteHistory': ['Unknown'], 'ResidentSetSize': [0], 'SubmitTimes': [1768130385.0], 'StartTimes': [], 'EndTimes': [], 'TotalUserCpuTimeHistory': [0.0], 'TotalSysCpuTimeHistory': [0.0], 'WallDurations': [0], 'JobIds': ['138549853.0'], 'State': 'idle', 'RecordedSite': False}, '924': {'Retries': 0, 'Restarts': 0, 'SiteHistory': ['Unknown'], 'ResidentSetSize': [0], 'SubmitTimes': [1768130380.0], 'StartTimes': [], 'EndTimes': [], 'TotalUserCpuTimeHistory': [0.0], 'TotalSysCpuTimeHistory': [0.0], 'WallDurations': [0], 'JobIds': ['138549823.0'], 'State': 'idle', 'RecordedSite': False}, '925': {'Retries': 0, 'Restarts': 0, 'SiteHistory': ['Unknown'], 'ResidentSetSize': [0], 'SubmitTimes': [1768130379.0], 'StartTimes': [], 'EndTimes': [], 'TotalUserCpuTimeHistory': [0.0], 'TotalSysCpuTimeHistory': [0.0], 'WallDurations': [0], 'JobIds': ['138549784.0'], 'State': 'idle', 'RecordedSite': False}, '926': {'Retries': 0, 'Restarts': 0, 'SiteHistory': ['Unknown'], 'ResidentSetSize': [0], 'SubmitTimes': [1768130379.0], 'StartTimes': [], 'EndTimes': [], 'TotalUserCpuTimeHistory': [0.0], 'TotalSysCpuTimeHistory': [0.0], 'WallDurations': [0], 'JobIds': ['138549811.0'], 'State': 'idle', 'RecordedSite': False}, '927': {'Retries': 0, 'Restarts': 0, 'SiteHistory': ['Unknown'], 'ResidentSetSize': [0], 'SubmitTimes': [1768130379.0], 'StartTimes': [], 'EndTimes': [], 'TotalUserCpuTimeHistory': [0.0], 'TotalSysCpuTimeHistory': [0.0], 'WallDurations': [0], 'JobIds': ['138549781.0'], 'State': 'idle', 'RecordedSite': False}, '928': {'Retries': 0, 'Restarts': 0, 'SiteHistory': ['Unknown'], 'ResidentSetSize': [0], 'SubmitTimes': [1768130379.0], 'StartTimes': [], 'EndTimes': [], 'TotalUserCpuTimeHistory': [0.0], 'TotalSysCpuTimeHistory': [0.0], 'WallDurations': [0], 'JobIds': ['138549808.0'], 'State': 'idle', 'RecordedSite': False}, '929': {'Retries': 0, 'Restarts': 0, 'SiteHistory': ['Unknown'], 'ResidentSetSize': [0], 'SubmitTimes': [1768130380.0], 'StartTimes': [], 'EndTimes': [], 'TotalUserCpuTimeHistory': [0.0], 'TotalSysCpuTimeHistory': [0.0], 'WallDurations': [0], 'JobIds': ['138549814.0'], 'State': 'idle', 'RecordedSite': False}, '930': {'Retries': 0, 'Restarts': 0, 'SiteHistory': ['Unknown'], 'ResidentSetSize': [0], 'SubmitTimes': [1768130379.0], 'StartTimes': [], 'EndTimes': [], 'TotalUserCpuTimeHistory': [0.0], 'TotalSysCpuTimeHistory': [0.0], 'WallDurations': [0], 'JobIds': ['138549793.0'], 'State': 'idle', 'RecordedSite': False}, '931': {'Retries': 0, 'Restarts': 0, 'SiteHistory': ['Unknown'], 'ResidentSetSize': [0], 'SubmitTimes': [1768130379.0], 'StartTimes': [], 'EndTimes': [], 'TotalUserCpuTimeHistory': [0.0], 'TotalSysCpuTimeHistory': [0.0], 'WallDurations': [0], 'JobIds': ['138549796.0'], 'State': 'idle', 'RecordedSite': False}, '932': {'Retries': 0, 'Restarts': 0, 'SiteHistory': ['Unknown'], 'ResidentSetSize': [0], 'SubmitTimes': [1768130380.0], 'StartTimes': [], 'EndTimes': [], 'TotalUserCpuTimeHistory': [0.0], 'TotalSysCpuTimeHistory': [0.0], 'WallDurations': [0], 'JobIds': ['138549820.0'], 'State': 'idle', 'RecordedSite': False}, '933': {'Retries': 0, 'Restarts': 0, 'SiteHistory': ['Unknown'], 'ResidentSetSize': [0], 'SubmitTimes': [1768130379.0], 'StartTimes': [], 'EndTimes': [], 'TotalUserCpuTimeHistory': [0.0], 'TotalSysCpuTimeHistory': [0.0], 'WallDurations': [0], 'JobIds': ['138549799.0'], 'State': 'idle', 'RecordedSite': False}, '934': {'Retries': 0, 'Restarts': 0, 'SiteHistory': ['Unknown'], 'ResidentSetSize': [0], 'SubmitTimes': [1768130385.0], 'StartTimes': [], 'EndTimes': [], 'TotalUserCpuTimeHistory': [0.0], 'TotalSysCpuTimeHistory': [0.0], 'WallDurations': [0], 'JobIds': ['138549856.0'], 'State': 'idle', 'RecordedSite': False}, '935': {'Retries': 0, 'Restarts': 0, 'SiteHistory': ['Unknown'], 'ResidentSetSize': [0], 'SubmitTimes': [1768130380.0], 'StartTimes': [], 'EndTimes': [], 'TotalUserCpuTimeHistory': [0.0], 'TotalSysCpuTimeHistory': [0.0], 'WallDurations': [0], 'JobIds': ['138549826.0'], 'State': 'idle', 'RecordedSite': False}, '936': {'Retries': 0, 'Restarts': 0, 'SiteHistory': ['Unknown'], 'ResidentSetSize': [0], 'SubmitTimes': [1768130379.0], 'StartTimes': [], 'EndTimes': [], 'TotalUserCpuTimeHistory': [0.0], 'TotalSysCpuTimeHistory': [0.0], 'WallDurations': [0], 'JobIds': ['138549802.0'], 'State': 'idle', 'RecordedSite': False}, '937': {'Retries': 0, 'Restarts': 0, 'SiteHistory': ['Unknown'], 'ResidentSetSize': [0], 'SubmitTimes': [1768130385.0], 'StartTimes': [], 'EndTimes': [], 'TotalUserCpuTimeHistory': [0.0], 'TotalSysCpuTimeHistory': [0.0], 'WallDurations': [0], 'JobIds': ['138549859.0'], 'State': 'idle', 'RecordedSite': False}, '938': {'Retries': 0, 'Restarts': 0, 'SiteHistory': ['Unknown'], 'ResidentSetSize': [0], 'SubmitTimes': [1768130380.0], 'StartTimes': [], 'EndTimes': [], 'TotalUserCpuTimeHistory': [0.0], 'TotalSysCpuTimeHistory': [0.0], 'WallDurations': [0], 'JobIds': ['138549817.0'], 'State': 'idle', 'RecordedSite': False}, '939': {'Retries': 0, 'Restarts': 0, 'SiteHistory': ['Unknown'], 'ResidentSetSize': [0], 'SubmitTimes': [1768130385.0], 'StartTimes': [], 'EndTimes': [], 'TotalUserCpuTimeHistory': [0.0], 'TotalSysCpuTimeHistory': [0.0], 'WallDurations': [0], 'JobIds': ['138549849.0'], 'State': 'idle', 'RecordedSite': False}, '940': {'Retries': 0, 'Restarts': 0, 'SiteHistory': ['Unknown'], 'ResidentSetSize': [0], 'SubmitTimes': [1768130385.0], 'StartTimes': [], 'EndTimes': [], 'TotalUserCpuTimeHistory': [0.0], 'TotalSysCpuTimeHistory': [0.0], 'WallDurations': [0], 'JobIds': ['138549862.0'], 'State': 'idle', 'RecordedSite': False}, '941': {'Retries': 0, 'Restarts': 0, 'SiteHistory': ['Unknown'], 'ResidentSetSize': [0], 'SubmitTimes': [1768130385.0], 'StartTimes': [], 'EndTimes': [], 'TotalUserCpuTimeHistory': [0.0], 'TotalSysCpuTimeHistory': [0.0], 'WallDurations': [0], 'JobIds': ['138549865.0'], 'State': 'idle', 'RecordedSite': False}, '942': {'Retries': 0, 'Restarts': 0, 'SiteHistory': ['Unknown'], 'ResidentSetSize': [0], 'SubmitTimes': [1768130385.0], 'StartTimes': [], 'EndTimes': [], 'TotalUserCpuTimeHistory': [0.0], 'TotalSysCpuTimeHistory': [0.0], 'WallDurations': [0], 'JobIds': ['138549868.0'], 'State': 'idle', 'RecordedSite': False}, '943': {'Retries': 0, 'Restarts': 0, 'SiteHistory': ['Unknown'], 'ResidentSetSize': [0], 'SubmitTimes': [1768130385.0], 'StartTimes': [], 'EndTimes': [], 'TotalUserCpuTimeHistory': [0.0], 'TotalSysCpuTimeHistory': [0.0], 'WallDurations': [0], 'JobIds': ['138549872.0'], 'State': 'idle', 'RecordedSite': False}, '944': {'Retries': 0, 'Restarts': 0, 'SiteHistory': ['Unknown'], 'ResidentSetSize': [0], 'SubmitTimes': [1768130385.0], 'StartTimes': [], 'EndTimes': [], 'TotalUserCpuTimeHistory': [0.0], 'TotalSysCpuTimeHistory': [0.0], 'WallDurations': [0], 'JobIds': ['138549876.0'], 'State': 'idle', 'RecordedSite': False}, '945': {'Retries': 0, 'Restarts': 0, 'SiteHistory': ['Unknown'], 'ResidentSetSize': [0], 'SubmitTimes': [1768130385.0], 'StartTimes': [], 'EndTimes': [], 'TotalUserCpuTimeHistory': [0.0], 'TotalSysCpuTimeHistory': [0.0], 'WallDurations': [0], 'JobIds': ['138549882.0'], 'State': 'idle', 'RecordedSite': False}, '946': {'Retries': 0, 'Restarts': 0, 'SiteHistory': ['Unknown'], 'ResidentSetSize': [0], 'SubmitTimes': [1768130385.0], 'StartTimes': [], 'EndTimes': [], 'TotalUserCpuTimeHistory': [0.0], 'TotalSysCpuTimeHistory': [0.0], 'WallDurations': [0], 'JobIds': ['138549886.0'], 'State': 'idle', 'RecordedSite': False}, '947': {'Retries': 0, 'Restarts': 0, 'SiteHistory': ['Unknown'], 'ResidentSetSize': [0], 'SubmitTimes': [1768130386.0], 'StartTimes': [], 'EndTimes': [], 'TotalUserCpuTimeHistory': [0.0], 'TotalSysCpuTimeHistory': [0.0], 'WallDurations': [0], 'JobIds': ['138549891.0'], 'State': 'idle', 'RecordedSite': False}, '948': {'Retries': 0, 'Restarts': 0, 'SiteHistory': ['Unknown'], 'ResidentSetSize': [0], 'SubmitTimes': [1768130386.0], 'StartTimes': [], 'EndTimes': [], 'TotalUserCpuTimeHistory': [0.0], 'TotalSysCpuTimeHistory': [0.0], 'WallDurations': [0], 'JobIds': ['138549894.0'], 'State': 'idle', 'RecordedSite': False}, '949': {'Retries': 0, 'Restarts': 0, 'SiteHistory': ['Unknown'], 'ResidentSetSize': [0], 'SubmitTimes': [1768130386.0], 'StartTimes': [], 'EndTimes': [], 'TotalUserCpuTimeHistory': [0.0], 'TotalSysCpuTimeHistory': [0.0], 'WallDurations': [0], 'JobIds': ['138549898.0'], 'State': 'idle', 'RecordedSite': False}, '950': {'Retries': 0, 'Restarts': 0, 'SiteHistory': ['Unknown'], 'ResidentSetSize': [0], 'SubmitTimes': [1768130386.0], 'StartTimes': [], 'EndTimes': [], 'TotalUserCpuTimeHistory': [0.0], 'TotalSysCpuTimeHistory': [0.0], 'WallDurations': [0], 'JobIds': ['138549901.0'], 'State': 'idle', 'RecordedSite': False}, '951': {'Retries': 0, 'Restarts': 0, 'SiteHistory': ['Unknown'], 'ResidentSetSize': [0], 'SubmitTimes': [1768130386.0], 'StartTimes': [], 'EndTimes': [], 'TotalUserCpuTimeHistory': [0.0], 'TotalSysCpuTimeHistory': [0.0], 'WallDurations': [0], 'JobIds': ['138549904.0'], 'State': 'idle', 'RecordedSite': False}, '952': {'Retries': 0, 'Restarts': 0, 'SiteHistory': ['Unknown'], 'ResidentSetSize': [0], 'SubmitTimes': [1768130386.0], 'StartTimes': [], 'EndTimes': [], 'TotalUserCpuTimeHistory': [0.0], 'TotalSysCpuTimeHistory': [0.0], 'WallDurations': [0], 'JobIds': ['138549907.0'], 'State': 'idle', 'RecordedSite': False}, '953': {'Retries': 0, 'Restarts': 0, 'SiteHistory': ['Unknown'], 'ResidentSetSize': [0], 'SubmitTimes': [1768130386.0], 'StartTimes': [], 'EndTimes': [], 'TotalUserCpuTimeHistory': [0.0], 'TotalSysCpuTimeHistory': [0.0], 'WallDurations': [0], 'JobIds': ['138549910.0'], 'State': 'idle', 'RecordedSite': False}, '954': {'Retries': 0, 'Restarts': 0, 'SiteHistory': ['Unknown'], 'ResidentSetSize': [0], 'SubmitTimes': [1768130386.0], 'StartTimes': [], 'EndTimes': [], 'TotalUserCpuTimeHistory': [0.0], 'TotalSysCpuTimeHistory': [0.0], 'WallDurations': [0], 'JobIds': ['138549913.0'], 'State': 'idle', 'RecordedSite': False}, '955': {'Retries': 0, 'Restarts': 0, 'SiteHistory': ['Unknown'], 'ResidentSetSize': [0], 'SubmitTimes': [1768130387.0], 'StartTimes': [], 'EndTimes': [], 'TotalUserCpuTimeHistory': [0.0], 'TotalSysCpuTimeHistory': [0.0], 'WallDurations': [0], 'JobIds': ['138549916.0'], 'State': 'idle', 'RecordedSite': False}, '956': {'Retries': 0, 'Restarts': 0, 'SiteHistory': [], 'ResidentSetSize': [], 'SubmitTimes': [], 'StartTimes': [], 'EndTimes': [], 'TotalUserCpuTimeHistory': [], 'TotalSysCpuTimeHistory': [], 'WallDurations': [], 'JobIds': [], 'State': 'unsubmitted'}, '957': {'Retries': 0, 'Restarts': 0, 'SiteHistory': ['Unknown'], 'ResidentSetSize': [0], 'SubmitTimes': [1768130387.0], 'StartTimes': [], 'EndTimes': [], 'TotalUserCpuTimeHistory': [0.0], 'TotalSysCpuTimeHistory': [0.0], 'WallDurations': [0], 'JobIds': ['138549954.0'], 'State': 'idle', 'RecordedSite': False}, '958': {'Retries': 0, 'Restarts': 0, 'SiteHistory': ['Unknown'], 'ResidentSetSize': [0], 'SubmitTimes': [1768130387.0], 'StartTimes': [], 'EndTimes': [], 'TotalUserCpuTimeHistory': [0.0], 'TotalSysCpuTimeHistory': [0.0], 'WallDurations': [0], 'JobIds': ['138549925.0'], 'State': 'idle', 'RecordedSite': False}, '959': {'Retries': 0, 'Restarts': 0, 'SiteHistory': ['Unknown'], 'ResidentSetSize': [0], 'SubmitTimes': [1768130387.0], 'StartTimes': [], 'EndTimes': [], 'TotalUserCpuTimeHistory': [0.0], 'TotalSysCpuTimeHistory': [0.0], 'WallDurations': [0], 'JobIds': ['138549922.0'], 'State': 'idle', 'RecordedSite': False}, '960': {'Retries': 0, 'Restarts': 0, 'SiteHistory': ['Unknown'], 'ResidentSetSize': [0], 'SubmitTimes': [1768130387.0], 'StartTimes': [], 'EndTimes': [], 'TotalUserCpuTimeHistory': [0.0], 'TotalSysCpuTimeHistory': [0.0], 'WallDurations': [0], 'JobIds': ['138549948.0'], 'State': 'idle', 'RecordedSite': False}, '961': {'Retries': 0, 'Restarts': 0, 'SiteHistory': ['Unknown'], 'ResidentSetSize': [0], 'SubmitTimes': [1768130387.0], 'StartTimes': [], 'EndTimes': [], 'TotalUserCpuTimeHistory': [0.0], 'TotalSysCpuTimeHistory': [0.0], 'WallDurations': [0], 'JobIds': ['138549946.0'], 'State': 'idle', 'RecordedSite': False}, '962': {'Retries': 0, 'Restarts': 0, 'SiteHistory': ['Unknown'], 'ResidentSetSize': [0], 'SubmitTimes': [1768130387.0], 'StartTimes': [], 'EndTimes': [], 'TotalUserCpuTimeHistory': [0.0], 'TotalSysCpuTimeHistory': [0.0], 'WallDurations': [0], 'JobIds': ['138549943.0'], 'State': 'idle', 'RecordedSite': False}, '963': {'Retries': 0, 'Restarts': 0, 'SiteHistory': ['Unknown'], 'ResidentSetSize': [0], 'SubmitTimes': [1768130387.0], 'StartTimes': [], 'EndTimes': [], 'TotalUserCpuTimeHistory': [0.0], 'TotalSysCpuTimeHistory': [0.0], 'WallDurations': [0], 'JobIds': ['138549919.0'], 'State': 'idle', 'RecordedSite': False}, '964': {'Retries': 0, 'Restarts': 0, 'SiteHistory': ['Unknown'], 'ResidentSetSize': [0], 'SubmitTimes': [1768130387.0], 'StartTimes': [], 'EndTimes': [], 'TotalUserCpuTimeHistory': [0.0], 'TotalSysCpuTimeHistory': [0.0], 'WallDurations': [0], 'JobIds': ['138549962.0'], 'State': 'idle', 'RecordedSite': False}, '965': {'Retries': 0, 'Restarts': 0, 'SiteHistory': ['Unknown'], 'ResidentSetSize': [0], 'SubmitTimes': [1768130388.0], 'StartTimes': [], 'EndTimes': [], 'TotalUserCpuTimeHistory': [0.0], 'TotalSysCpuTimeHistory': [0.0], 'WallDurations': [0], 'JobIds': ['138549972.0'], 'State': 'idle', 'RecordedSite': False}, '966': {'Retries': 0, 'Restarts': 0, 'SiteHistory': ['Unknown'], 'ResidentSetSize': [0], 'SubmitTimes': [1768130387.0], 'StartTimes': [], 'EndTimes': [], 'TotalUserCpuTimeHistory': [0.0], 'TotalSysCpuTimeHistory': [0.0], 'WallDurations': [0], 'JobIds': ['138549964.0'], 'State': 'idle', 'RecordedSite': False}, '967': {'Retries': 0, 'Restarts': 0, 'SiteHistory': ['Unknown'], 'ResidentSetSize': [0], 'SubmitTimes': [1768130387.0], 'StartTimes': [], 'EndTimes': [], 'TotalUserCpuTimeHistory': [0.0], 'TotalSysCpuTimeHistory': [0.0], 'WallDurations': [0], 'JobIds': ['138549928.0'], 'State': 'idle', 'RecordedSite': False}, '968': {'Retries': 0, 'Restarts': 0, 'SiteHistory': ['Unknown'], 'ResidentSetSize': [0], 'SubmitTimes': [1768130387.0], 'StartTimes': [], 'EndTimes': [], 'TotalUserCpuTimeHistory': [0.0], 'TotalSysCpuTimeHistory': [0.0], 'WallDurations': [0], 'JobIds': ['138549940.0'], 'State': 'idle', 'RecordedSite': False}, '969': {'Retries': 0, 'Restarts': 0, 'SiteHistory': ['Unknown'], 'ResidentSetSize': [0], 'SubmitTimes': [1768130387.0], 'StartTimes': [], 'EndTimes': [], 'TotalUserCpuTimeHistory': [0.0], 'TotalSysCpuTimeHistory': [0.0], 'WallDurations': [0], 'JobIds': ['138549952.0'], 'State': 'idle', 'RecordedSite': False}, '970': {'Retries': 0, 'Restarts': 0, 'SiteHistory': ['Unknown'], 'ResidentSetSize': [0], 'SubmitTimes': [1768130388.0], 'StartTimes': [], 'EndTimes': [], 'TotalUserCpuTimeHistory': [0.0], 'TotalSysCpuTimeHistory': [0.0], 'WallDurations': [0], 'JobIds': ['138549977.0'], 'State': 'idle', 'RecordedSite': False}, '971': {'Retries': 0, 'Restarts': 0, 'SiteHistory': ['Unknown'], 'ResidentSetSize': [0], 'SubmitTimes': [1768130387.0], 'StartTimes': [], 'EndTimes': [], 'TotalUserCpuTimeHistory': [0.0], 'TotalSysCpuTimeHistory': [0.0], 'WallDurations': [0], 'JobIds': ['138549958.0'], 'State': 'idle', 'RecordedSite': False}, '972': {'Retries': 0, 'Restarts': 0, 'SiteHistory': ['Unknown'], 'ResidentSetSize': [0], 'SubmitTimes': [1768130387.0], 'StartTimes': [], 'EndTimes': [], 'TotalUserCpuTimeHistory': [0.0], 'TotalSysCpuTimeHistory': [0.0], 'WallDurations': [0], 'JobIds': ['138549950.0'], 'State': 'idle', 'RecordedSite': False}, '973': {'Retries': 0, 'Restarts': 0, 'SiteHistory': ['Unknown'], 'ResidentSetSize': [0], 'SubmitTimes': [1768130387.0], 'StartTimes': [], 'EndTimes': [], 'TotalUserCpuTimeHistory': [0.0], 'TotalSysCpuTimeHistory': [0.0], 'WallDurations': [0], 'JobIds': ['138549956.0'], 'State': 'idle', 'RecordedSite': False}, '974': {'Retries': 0, 'Restarts': 0, 'SiteHistory': ['Unknown'], 'ResidentSetSize': [0], 'SubmitTimes': [1768130387.0], 'StartTimes': [], 'EndTimes': [], 'TotalUserCpuTimeHistory': [0.0], 'TotalSysCpuTimeHistory': [0.0], 'WallDurations': [0], 'JobIds': ['138549934.0'], 'State': 'idle', 'RecordedSite': False}, '975': {'Retries': 0, 'Restarts': 0, 'SiteHistory': ['Unknown'], 'ResidentSetSize': [0], 'SubmitTimes': [1768130387.0], 'StartTimes': [], 'EndTimes': [], 'TotalUserCpuTimeHistory': [0.0], 'TotalSysCpuTimeHistory': [0.0], 'WallDurations': [0], 'JobIds': ['138549931.0'], 'State': 'idle', 'RecordedSite': False}, '976': {'Retries': 0, 'Restarts': 0, 'SiteHistory': ['Unknown'], 'ResidentSetSize': [0], 'SubmitTimes': [1768130387.0], 'StartTimes': [], 'EndTimes': [], 'TotalUserCpuTimeHistory': [0.0], 'TotalSysCpuTimeHistory': [0.0], 'WallDurations': [0], 'JobIds': ['138549960.0'], 'State': 'idle', 'RecordedSite': False}, '977': {'Retries': 0, 'Restarts': 0, 'SiteHistory': ['Unknown'], 'ResidentSetSize': [0], 'SubmitTimes': [1768130387.0], 'StartTimes': [], 'EndTimes': [], 'TotalUserCpuTimeHistory': [0.0], 'TotalSysCpuTimeHistory': [0.0], 'WallDurations': [0], 'JobIds': ['138549937.0'], 'State': 'idle', 'RecordedSite': False}, '978': {'Retries': 0, 'Restarts': 0, 'SiteHistory': ['Unknown'], 'ResidentSetSize': [0], 'SubmitTimes': [1768130388.0], 'StartTimes': [], 'EndTimes': [], 'TotalUserCpuTimeHistory': [0.0], 'TotalSysCpuTimeHistory': [0.0], 'WallDurations': [0], 'JobIds': ['138549975.0'], 'State': 'idle', 'RecordedSite': False}, '979': {'Retries': 0, 'Restarts': 0, 'SiteHistory': ['Unknown'], 'ResidentSetSize': [0], 'SubmitTimes': [1768130388.0], 'StartTimes': [], 'EndTimes': [], 'TotalUserCpuTimeHistory': [0.0], 'TotalSysCpuTimeHistory': [0.0], 'WallDurations': [0], 'JobIds': ['138549978.0'], 'State': 'idle', 'RecordedSite': False}, '980': {'Retries': 0, 'Restarts': 0, 'SiteHistory': ['Unknown'], 'ResidentSetSize': [0], 'SubmitTimes': [1768130387.0], 'StartTimes': [], 'EndTimes': [], 'TotalUserCpuTimeHistory': [0.0], 'TotalSysCpuTimeHistory': [0.0], 'WallDurations': [0], 'JobIds': ['138549970.0'], 'State': 'idle', 'RecordedSite': False}, '981': {'Retries': 0, 'Restarts': 0, 'SiteHistory': ['Unknown'], 'ResidentSetSize': [0], 'SubmitTimes': [1768130387.0], 'StartTimes': [], 'EndTimes': [], 'TotalUserCpuTimeHistory': [0.0], 'TotalSysCpuTimeHistory': [0.0], 'WallDurations': [0], 'JobIds': ['138549966.0'], 'State': 'idle', 'RecordedSite': False}, '982': {'Retries': 0, 'Restarts': 0, 'SiteHistory': ['Unknown'], 'ResidentSetSize': [0], 'SubmitTimes': [1768130393.0], 'StartTimes': [], 'EndTimes': [], 'TotalUserCpuTimeHistory': [0.0], 'TotalSysCpuTimeHistory': [0.0], 'WallDurations': [0], 'JobIds': ['138550002.0'], 'State': 'idle', 'RecordedSite': False}, '983': {'Retries': 0, 'Restarts': 0, 'SiteHistory': ['Unknown'], 'ResidentSetSize': [0], 'SubmitTimes': [1768130388.0], 'StartTimes': [], 'EndTimes': [], 'TotalUserCpuTimeHistory': [0.0], 'TotalSysCpuTimeHistory': [0.0], 'WallDurations': [0], 'JobIds': ['138549983.0'], 'State': 'idle', 'RecordedSite': False}, '984': {'Retries': 0, 'Restarts': 0, 'SiteHistory': ['Unknown'], 'ResidentSetSize': [0], 'SubmitTimes': [1768130387.0], 'StartTimes': [], 'EndTimes': [], 'TotalUserCpuTimeHistory': [0.0], 'TotalSysCpuTimeHistory': [0.0], 'WallDurations': [0], 'JobIds': ['138549968.0'], 'State': 'idle', 'RecordedSite': False}, '985': {'Retries': 0, 'Restarts': 0, 'SiteHistory': ['Unknown'], 'ResidentSetSize': [0], 'SubmitTimes': [1768130388.0], 'StartTimes': [], 'EndTimes': [], 'TotalUserCpuTimeHistory': [0.0], 'TotalSysCpuTimeHistory': [0.0], 'WallDurations': [0], 'JobIds': ['138549981.0'], 'State': 'idle', 'RecordedSite': False}, '986': {'Retries': 0, 'Restarts': 0, 'SiteHistory': ['Unknown'], 'ResidentSetSize': [0], 'SubmitTimes': [1768130393.0], 'StartTimes': [], 'EndTimes': [], 'TotalUserCpuTimeHistory': [0.0], 'TotalSysCpuTimeHistory': [0.0], 'WallDurations': [0], 'JobIds': ['138550006.0'], 'State': 'idle', 'RecordedSite': False}, '987': {'Retries': 0, 'Restarts': 0, 'SiteHistory': ['Unknown'], 'ResidentSetSize': [0], 'SubmitTimes': [1768130393.0], 'StartTimes': [], 'EndTimes': [], 'TotalUserCpuTimeHistory': [0.0], 'TotalSysCpuTimeHistory': [0.0], 'WallDurations': [0], 'JobIds': ['138549999.0'], 'State': 'idle', 'RecordedSite': False}, '988': {'Retries': 0, 'Restarts': 0, 'SiteHistory': ['Unknown'], 'ResidentSetSize': [0], 'SubmitTimes': [1768130388.0], 'StartTimes': [], 'EndTimes': [], 'TotalUserCpuTimeHistory': [0.0], 'TotalSysCpuTimeHistory': [0.0], 'WallDurations': [0], 'JobIds': ['138549987.0'], 'State': 'idle', 'RecordedSite': False}, '989': {'Retries': 0, 'Restarts': 0, 'SiteHistory': ['Unknown'], 'ResidentSetSize': [0], 'SubmitTimes': [1768130388.0], 'StartTimes': [], 'EndTimes': [], 'TotalUserCpuTimeHistory': [0.0], 'TotalSysCpuTimeHistory': [0.0], 'WallDurations': [0], 'JobIds': ['138549985.0'], 'State': 'idle', 'RecordedSite': False}, '990': {'Retries': 0, 'Restarts': 0, 'SiteHistory': ['Unknown'], 'ResidentSetSize': [0], 'SubmitTimes': [1768130393.0], 'StartTimes': [], 'EndTimes': [], 'TotalUserCpuTimeHistory': [0.0], 'TotalSysCpuTimeHistory': [0.0], 'WallDurations': [0], 'JobIds': ['138550009.0'], 'State': 'idle', 'RecordedSite': False}, '991': {'Retries': 0, 'Restarts': 0, 'SiteHistory': ['Unknown'], 'ResidentSetSize': [0], 'SubmitTimes': [1768130388.0], 'StartTimes': [], 'EndTimes': [], 'TotalUserCpuTimeHistory': [0.0], 'TotalSysCpuTimeHistory': [0.0], 'WallDurations': [0], 'JobIds': ['138549980.0'], 'State': 'idle', 'RecordedSite': False}, '992': {'Retries': 0, 'Restarts': 0, 'SiteHistory': ['Unknown'], 'ResidentSetSize': [0], 'SubmitTimes': [1768130393.0], 'StartTimes': [], 'EndTimes': [], 'TotalUserCpuTimeHistory': [0.0], 'TotalSysCpuTimeHistory': [0.0], 'WallDurations': [0], 'JobIds': ['138550010.0'], 'State': 'idle', 'RecordedSite': False}, '993': {'Retries': 0, 'Restarts': 0, 'SiteHistory': ['Unknown'], 'ResidentSetSize': [0], 'SubmitTimes': [1768130393.0], 'StartTimes': [], 'EndTimes': [], 'TotalUserCpuTimeHistory': [0.0], 'TotalSysCpuTimeHistory': [0.0], 'WallDurations': [0], 'JobIds': ['138550013.0'], 'State': 'idle', 'RecordedSite': False}, '994': {'Retries': 0, 'Restarts': 0, 'SiteHistory': ['Unknown'], 'ResidentSetSize': [0], 'SubmitTimes': [1768130393.0], 'StartTimes': [], 'EndTimes': [], 'TotalUserCpuTimeHistory': [0.0], 'TotalSysCpuTimeHistory': [0.0], 'WallDurations': [0], 'JobIds': ['138550015.0'], 'State': 'idle', 'RecordedSite': False}, '995': {'Retries': 0, 'Restarts': 0, 'SiteHistory': ['Unknown'], 'ResidentSetSize': [0], 'SubmitTimes': [1768130393.0], 'StartTimes': [], 'EndTimes': [], 'TotalUserCpuTimeHistory': [0.0], 'TotalSysCpuTimeHistory': [0.0], 'WallDurations': [0], 'JobIds': ['138550018.0'], 'State': 'idle', 'RecordedSite': False}, '996': {'Retries': 0, 'Restarts': 0, 'SiteHistory': ['Unknown'], 'ResidentSetSize': [0], 'SubmitTimes': [1768130393.0], 'StartTimes': [], 'EndTimes': [], 'TotalUserCpuTimeHistory': [0.0], 'TotalSysCpuTimeHistory': [0.0], 'WallDurations': [0], 'JobIds': ['138550021.0'], 'State': 'idle', 'RecordedSite': False}, '997': {'Retries': 0, 'Restarts': 0, 'SiteHistory': ['Unknown'], 'ResidentSetSize': [0], 'SubmitTimes': [1768130393.0], 'StartTimes': [], 'EndTimes': [], 'TotalUserCpuTimeHistory': [0.0], 'TotalSysCpuTimeHistory': [0.0], 'WallDurations': [0], 'JobIds': ['138550024.0'], 'State': 'idle', 'RecordedSite': False}, '998': {'Retries': 0, 'Restarts': 0, 'SiteHistory': ['Unknown'], 'ResidentSetSize': [0], 'SubmitTimes': [1768130394.0], 'StartTimes': [], 'EndTimes': [], 'TotalUserCpuTimeHistory': [0.0], 'TotalSysCpuTimeHistory': [0.0], 'WallDurations': [0], 'JobIds': ['138550027.0'], 'State': 'idle', 'RecordedSite': False}, '999': {'Retries': 0, 'Restarts': 0, 'SiteHistory': ['Unknown'], 'ResidentSetSize': [0], 'SubmitTimes': [1768130394.0], 'StartTimes': [], 'EndTimes': [], 'TotalUserCpuTimeHistory': [0.0], 'TotalSysCpuTimeHistory': [0.0], 'WallDurations': [0], 'JobIds': ['138550030.0'], 'State': 'idle', 'RecordedSite': False}, '1000': {'Retries': 0, 'Restarts': 0, 'SiteHistory': ['Unknown'], 'ResidentSetSize': [0], 'SubmitTimes': [1768130394.0], 'StartTimes': [], 'EndTimes': [], 'TotalUserCpuTimeHistory': [0.0], 'TotalSysCpuTimeHistory': [0.0], 'WallDurations': [0], 'JobIds': ['138550033.0'], 'State': 'idle', 'RecordedSite': False}, '1001': {'Retries': 0, 'Restarts': 0, 'SiteHistory': ['Unknown'], 'ResidentSetSize': [0], 'SubmitTimes': [1768130394.0], 'StartTimes': [], 'EndTimes': [], 'TotalUserCpuTimeHistory': [0.0], 'TotalSysCpuTimeHistory': [0.0], 'WallDurations': [0], 'JobIds': ['138550036.0'], 'State': 'idle', 'RecordedSite': False}, '1002': {'Retries': 0, 'Restarts': 0, 'SiteHistory': ['Unknown'], 'ResidentSetSize': [0], 'SubmitTimes': [1768130394.0], 'StartTimes': [], 'EndTimes': [], 'TotalUserCpuTimeHistory': [0.0], 'TotalSysCpuTimeHistory': [0.0], 'WallDurations': [0], 'JobIds': ['138550039.0'], 'State': 'idle', 'RecordedSite': False}, '1003': {'Retries': 0, 'Restarts': 0, 'SiteHistory': ['Unknown'], 'ResidentSetSize': [0], 'SubmitTimes': [1768130394.0], 'StartTimes': [], 'EndTimes': [], 'TotalUserCpuTimeHistory': [0.0], 'TotalSysCpuTimeHistory': [0.0], 'WallDurations': [0], 'JobIds': ['138550042.0'], 'State': 'idle', 'RecordedSite': False}, '1004': {'Retries': 0, 'Restarts': 0, 'SiteHistory': ['Unknown'], 'ResidentSetSize': [0], 'SubmitTimes': [1768130394.0], 'StartTimes': [], 'EndTimes': [], 'TotalUserCpuTimeHistory': [0.0], 'TotalSysCpuTimeHistory': [0.0], 'WallDurations': [0], 'JobIds': ['138550045.0'], 'State': 'idle', 'RecordedSite': False}, '1005': {'Retries': 0, 'Restarts': 0, 'SiteHistory': ['Unknown'], 'ResidentSetSize': [0], 'SubmitTimes': [1768130394.0], 'StartTimes': [], 'EndTimes': [], 'TotalUserCpuTimeHistory': [0.0], 'TotalSysCpuTimeHistory': [0.0], 'WallDurations': [0], 'JobIds': ['138550048.0'], 'State': 'idle', 'RecordedSite': False}, '1006': {'Retries': 0, 'Restarts': 0, 'SiteHistory': ['Unknown'], 'ResidentSetSize': [0], 'SubmitTimes': [1768130394.0], 'StartTimes': [], 'EndTimes': [], 'TotalUserCpuTimeHistory': [0.0], 'TotalSysCpuTimeHistory': [0.0], 'WallDurations': [0], 'JobIds': ['138550051.0'], 'State': 'idle', 'RecordedSite': False}, '1007': {'Retries': 0, 'Restarts': 0, 'SiteHistory': ['Unknown'], 'ResidentSetSize': [0], 'SubmitTimes': [1768130394.0], 'StartTimes': [], 'EndTimes': [], 'TotalUserCpuTimeHistory': [0.0], 'TotalSysCpuTimeHistory': [0.0], 'WallDurations': [0], 'JobIds': ['138550054.0'], 'State': 'idle', 'RecordedSite': False}, '1008': {'Retries': 0, 'Restarts': 0, 'SiteHistory': [], 'ResidentSetSize': [], 'SubmitTimes': [], 'StartTimes': [], 'EndTimes': [], 'TotalUserCpuTimeHistory': [], 'TotalSysCpuTimeHistory': [], 'WallDurations': [], 'JobIds': [], 'State': 'unsubmitted'}, '1009': {'Retries': 0, 'Restarts': 0, 'SiteHistory': ['Unknown'], 'ResidentSetSize': [0], 'SubmitTimes': [1768130394.0], 'StartTimes': [], 'EndTimes': [], 'TotalUserCpuTimeHistory': [0.0], 'TotalSysCpuTimeHistory': [0.0], 'WallDurations': [0], 'JobIds': ['138550069.0'], 'State': 'idle', 'RecordedSite': False}, '1010': {'Retries': 0, 'Restarts': 0, 'SiteHistory': ['Unknown'], 'ResidentSetSize': [0], 'SubmitTimes': [1768130394.0], 'StartTimes': [], 'EndTimes': [], 'TotalUserCpuTimeHistory': [0.0], 'TotalSysCpuTimeHistory': [0.0], 'WallDurations': [0], 'JobIds': ['138550072.0'], 'State': 'idle', 'RecordedSite': False}, '1011': {'Retries': 0, 'Restarts': 0, 'SiteHistory': [], 'ResidentSetSize': [], 'SubmitTimes': [], 'StartTimes': [], 'EndTimes': [], 'TotalUserCpuTimeHistory': [], 'TotalSysCpuTimeHistory': [], 'WallDurations': [], 'JobIds': [], 'State': 'unsubmitted'}, '1012': {'Retries': 0, 'Restarts': 0, 'SiteHistory': ['Unknown'], 'ResidentSetSize': [0], 'SubmitTimes': [1768130394.0], 'StartTimes': [], 'EndTimes': [], 'TotalUserCpuTimeHistory': [0.0], 'TotalSysCpuTimeHistory': [0.0], 'WallDurations': [0], 'JobIds': ['138550105.0'], 'State': 'idle', 'RecordedSite': False}, '1013': {'Retries': 0, 'Restarts': 0, 'SiteHistory': ['Unknown'], 'ResidentSetSize': [0], 'SubmitTimes': [1768130394.0], 'StartTimes': [], 'EndTimes': [], 'TotalUserCpuTimeHistory': [0.0], 'TotalSysCpuTimeHistory': [0.0], 'WallDurations': [0], 'JobIds': ['138550111.0'], 'State': 'idle', 'RecordedSite': False}, '1014': {'Retries': 0, 'Restarts': 0, 'SiteHistory': ['Unknown'], 'ResidentSetSize': [0], 'SubmitTimes': [1768130394.0], 'StartTimes': [], 'EndTimes': [], 'TotalUserCpuTimeHistory': [0.0], 'TotalSysCpuTimeHistory': [0.0], 'WallDurations': [0], 'JobIds': ['138550057.0'], 'State': 'idle', 'RecordedSite': False}, '1015': {'Retries': 0, 'Restarts': 0, 'SiteHistory': ['Unknown'], 'ResidentSetSize': [0], 'SubmitTimes': [1768130394.0], 'StartTimes': [], 'EndTimes': [], 'TotalUserCpuTimeHistory': [0.0], 'TotalSysCpuTimeHistory': [0.0], 'WallDurations': [0], 'JobIds': ['138550075.0'], 'State': 'idle', 'RecordedSite': False}, '1016': {'Retries': 0, 'Restarts': 0, 'SiteHistory': ['Unknown'], 'ResidentSetSize': [0], 'SubmitTimes': [1768130394.0], 'StartTimes': [], 'EndTimes': [], 'TotalUserCpuTimeHistory': [0.0], 'TotalSysCpuTimeHistory': [0.0], 'WallDurations': [0], 'JobIds': ['138550093.0'], 'State': 'idle', 'RecordedSite': False}, '1017': {'Retries': 0, 'Restarts': 0, 'SiteHistory': ['Unknown'], 'ResidentSetSize': [0], 'SubmitTimes': [1768130394.0], 'StartTimes': [], 'EndTimes': [], 'TotalUserCpuTimeHistory': [0.0], 'TotalSysCpuTimeHistory': [0.0], 'WallDurations': [0], 'JobIds': ['138550060.0'], 'State': 'idle', 'RecordedSite': False}, '1018': {'Retries': 0, 'Restarts': 0, 'SiteHistory': ['Unknown'], 'ResidentSetSize': [0], 'SubmitTimes': [1768130394.0], 'StartTimes': [], 'EndTimes': [], 'TotalUserCpuTimeHistory': [0.0], 'TotalSysCpuTimeHistory': [0.0], 'WallDurations': [0], 'JobIds': ['138550117.0'], 'State': 'idle', 'RecordedSite': False}, '1019': {'Retries': 0, 'Restarts': 0, 'SiteHistory': ['Unknown'], 'ResidentSetSize': [0], 'SubmitTimes': [1768130394.0], 'StartTimes': [], 'EndTimes': [], 'TotalUserCpuTimeHistory': [0.0], 'TotalSysCpuTimeHistory': [0.0], 'WallDurations': [0], 'JobIds': ['138550081.0'], 'State': 'idle', 'RecordedSite': False}, '1020': {'Retries': 0, 'Restarts': 0, 'SiteHistory': ['Unknown'], 'ResidentSetSize': [0], 'SubmitTimes': [1768130394.0], 'StartTimes': [], 'EndTimes': [], 'TotalUserCpuTimeHistory': [0.0], 'TotalSysCpuTimeHistory': [0.0], 'WallDurations': [0], 'JobIds': ['138550087.0'], 'State': 'idle', 'RecordedSite': False}, '1021': {'Retries': 0, 'Restarts': 0, 'SiteHistory': ['Unknown'], 'ResidentSetSize': [0], 'SubmitTimes': [1768130394.0], 'StartTimes': [], 'EndTimes': [], 'TotalUserCpuTimeHistory': [0.0], 'TotalSysCpuTimeHistory': [0.0], 'WallDurations': [0], 'JobIds': ['138550066.0'], 'State': 'idle', 'RecordedSite': False}, '1022': {'Retries': 0, 'Restarts': 0, 'SiteHistory': ['Unknown'], 'ResidentSetSize': [0], 'SubmitTimes': [1768130394.0], 'StartTimes': [], 'EndTimes': [], 'TotalUserCpuTimeHistory': [0.0], 'TotalSysCpuTimeHistory': [0.0], 'WallDurations': [0], 'JobIds': ['138550063.0'], 'State': 'idle', 'RecordedSite': False}, '1023': {'Retries': 0, 'Restarts': 0, 'SiteHistory': ['Unknown'], 'ResidentSetSize': [0], 'SubmitTimes': [1768130394.0], 'StartTimes': [], 'EndTimes': [], 'TotalUserCpuTimeHistory': [0.0], 'TotalSysCpuTimeHistory': [0.0], 'WallDurations': [0], 'JobIds': ['138550102.0'], 'State': 'idle', 'RecordedSite': False}, '1024': {'Retries': 0, 'Restarts': 0, 'SiteHistory': ['Unknown'], 'ResidentSetSize': [0], 'SubmitTimes': [1768130394.0], 'StartTimes': [], 'EndTimes': [], 'TotalUserCpuTimeHistory': [0.0], 'TotalSysCpuTimeHistory': [0.0], 'WallDurations': [0], 'JobIds': ['138550084.0'], 'State': 'idle', 'RecordedSite': False}, '1025': {'Retries': 0, 'Restarts': 0, 'SiteHistory': ['Unknown'], 'ResidentSetSize': [0], 'SubmitTimes': [1768130394.0], 'StartTimes': [], 'EndTimes': [], 'TotalUserCpuTimeHistory': [0.0], 'TotalSysCpuTimeHistory': [0.0], 'WallDurations': [0], 'JobIds': ['138550078.0'], 'State': 'idle', 'RecordedSite': False}, '1026': {'Retries': 0, 'Restarts': 0, 'SiteHistory': ['Unknown'], 'ResidentSetSize': [0], 'SubmitTimes': [1768130394.0], 'StartTimes': [], 'EndTimes': [], 'TotalUserCpuTimeHistory': [0.0], 'TotalSysCpuTimeHistory': [0.0], 'WallDurations': [0], 'JobIds': ['138550099.0'], 'State': 'idle', 'RecordedSite': False}, '1027': {'Retries': 0, 'Restarts': 0, 'SiteHistory': ['Unknown'], 'ResidentSetSize': [0], 'SubmitTimes': [1768130394.0], 'StartTimes': [], 'EndTimes': [], 'TotalUserCpuTimeHistory': [0.0], 'TotalSysCpuTimeHistory': [0.0], 'WallDurations': [0], 'JobIds': ['138550090.0'], 'State': 'idle', 'RecordedSite': False}, '1028': {'Retries': 0, 'Restarts': 0, 'SiteHistory': ['Unknown'], 'ResidentSetSize': [0], 'SubmitTimes': [1768130394.0], 'StartTimes': [], 'EndTimes': [], 'TotalUserCpuTimeHistory': [0.0], 'TotalSysCpuTimeHistory': [0.0], 'WallDurations': [0], 'JobIds': ['138550096.0'], 'State': 'idle', 'RecordedSite': False}, '1029': {'Retries': 0, 'Restarts': 0, 'SiteHistory': ['Unknown'], 'ResidentSetSize': [0], 'SubmitTimes': [1768130394.0], 'StartTimes': [], 'EndTimes': [], 'TotalUserCpuTimeHistory': [0.0], 'TotalSysCpuTimeHistory': [0.0], 'WallDurations': [0], 'JobIds': ['138550108.0'], 'State': 'idle', 'RecordedSite': False}, '1030': {'Retries': 0, 'Restarts': 0, 'SiteHistory': [], 'ResidentSetSize': [], 'SubmitTimes': [], 'StartTimes': [], 'EndTimes': [], 'TotalUserCpuTimeHistory': [], 'TotalSysCpuTimeHistory': [], 'WallDurations': [], 'JobIds': [], 'State': 'unsubmitted'}, '1031': {'Retries': 0, 'Restarts': 0, 'SiteHistory': ['Unknown'], 'ResidentSetSize': [0], 'SubmitTimes': [1768130394.0], 'StartTimes': [], 'EndTimes': [], 'TotalUserCpuTimeHistory': [0.0], 'TotalSysCpuTimeHistory': [0.0], 'WallDurations': [0], 'JobIds': ['138550114.0'], 'State': 'idle', 'RecordedSite': False}, '1032': {'Retries': 0, 'Restarts': 0, 'SiteHistory': [], 'ResidentSetSize': [], 'SubmitTimes': [], 'StartTimes': [], 'EndTimes': [], 'TotalUserCpuTimeHistory': [], 'TotalSysCpuTimeHistory': [], 'WallDurations': [], 'JobIds': [], 'State': 'unsubmitted'}, '1033': {'Retries': 0, 'Restarts': 0, 'SiteHistory': [], 'ResidentSetSize': [], 'SubmitTimes': [], 'StartTimes': [], 'EndTimes': [], 'TotalUserCpuTimeHistory': [], 'TotalSysCpuTimeHistory': [], 'WallDurations': [], 'JobIds': [], 'State': 'unsubmitted'}, '1034': {'Retries': 0, 'Restarts': 0, 'SiteHistory': [], 'ResidentSetSize': [], 'SubmitTimes': [], 'StartTimes': [], 'EndTimes': [], 'TotalUserCpuTimeHistory': [], 'TotalSysCpuTimeHistory': [], 'WallDurations': [], 'JobIds': [], 'State': 'unsubmitted'}, '1035': {'Retries': 0, 'Restarts': 0, 'SiteHistory': ['Unknown'], 'ResidentSetSize': [0], 'SubmitTimes': [1768130394.0], 'StartTimes': [], 'EndTimes': [], 'TotalUserCpuTimeHistory': [0.0], 'TotalSysCpuTimeHistory': [0.0], 'WallDurations': [0], 'JobIds': ['138550119.0'], 'State': 'idle', 'RecordedSite': False}, '1036': {'Retries': 0, 'Restarts': 0, 'SiteHistory': [], 'ResidentSetSize': [], 'SubmitTimes': [], 'StartTimes': [], 'EndTimes': [], 'TotalUserCpuTimeHistory': [], 'TotalSysCpuTimeHistory': [], 'WallDurations': [], 'JobIds': [], 'State': 'unsubmitted'}, '1037': {'Retries': 0, 'Restarts': 0, 'SiteHistory': [], 'ResidentSetSize': [], 'SubmitTimes': [], 'StartTimes': [], 'EndTimes': [], 'TotalUserCpuTimeHistory': [], 'TotalSysCpuTimeHistory': [], 'WallDurations': [], 'JobIds': [], 'State': 'unsubmitted'}, '1038': {'Retries': 0, 'Restarts': 0, 'SiteHistory': [], 'ResidentSetSize': [], 'SubmitTimes': [], 'StartTimes': [], 'EndTimes': [], 'TotalUserCpuTimeHistory': [], 'TotalSysCpuTimeHistory': [], 'WallDurations': [], 'JobIds': [], 'State': 'unsubmitted'}, '1039': {'Retries': 0, 'Restarts': 0, 'SiteHistory': [], 'ResidentSetSize': [], 'SubmitTimes': [], 'StartTimes': [], 'EndTimes': [], 'TotalUserCpuTimeHistory': [], 'TotalSysCpuTimeHistory': [], 'WallDurations': [], 'JobIds': [], 'State': 'unsubmitted'}, '1040': {'Retries': 0, 'Restarts': 0, 'SiteHistory': [], 'ResidentSetSize': [], 'SubmitTimes': [], 'StartTimes': [], 'EndTimes': [], 'TotalUserCpuTimeHistory': [], 'TotalSysCpuTimeHistory': [], 'WallDurations': [], 'JobIds': [], 'State': 'unsubmitted'}, '1041': {'Retries': 0, 'Restarts': 0, 'SiteHistory': [], 'ResidentSetSize': [], 'SubmitTimes': [], 'StartTimes': [], 'EndTimes': [], 'TotalUserCpuTimeHistory': [], 'TotalSysCpuTimeHistory': [], 'WallDurations': [], 'JobIds': [], 'State': 'unsubmitted'}, '1042': {'Retries': 0, 'Restarts': 0, 'SiteHistory': [], 'ResidentSetSize': [], 'SubmitTimes': [], 'StartTimes': [], 'EndTimes': [], 'TotalUserCpuTimeHistory': [], 'TotalSysCpuTimeHistory': [], 'WallDurations': [], 'JobIds': [], 'State': 'unsubmitted'}, '1043': {'Retries': 0, 'Restarts': 0, 'SiteHistory': [], 'ResidentSetSize': [], 'SubmitTimes': [], 'StartTimes': [], 'EndTimes': [], 'TotalUserCpuTimeHistory': [], 'TotalSysCpuTimeHistory': [], 'WallDurations': [], 'JobIds': [], 'State': 'unsubmitted'}, '1044': {'Retries': 0, 'Restarts': 0, 'SiteHistory': [], 'ResidentSetSize': [], 'SubmitTimes': [], 'StartTimes': [], 'EndTimes': [], 'TotalUserCpuTimeHistory': [], 'TotalSysCpuTimeHistory': [], 'WallDurations': [], 'JobIds': [], 'State': 'unsubmitted'}, '1045': {'Retries': 0, 'Restarts': 0, 'SiteHistory': [], 'ResidentSetSize': [], 'SubmitTimes': [], 'StartTimes': [], 'EndTimes': [], 'TotalUserCpuTimeHistory': [], 'TotalSysCpuTimeHistory': [], 'WallDurations': [], 'JobIds': [], 'State': 'unsubmitted'}, '1046': {'Retries': 0, 'Restarts': 0, 'SiteHistory': [], 'ResidentSetSize': [], 'SubmitTimes': [], 'StartTimes': [], 'EndTimes': [], 'TotalUserCpuTimeHistory': [], 'TotalSysCpuTimeHistory': [], 'WallDurations': [], 'JobIds': [], 'State': 'unsubmitted'}, '1047': {'Retries': 0, 'Restarts': 0, 'SiteHistory': [], 'ResidentSetSize': [], 'SubmitTimes': [], 'StartTimes': [], 'EndTimes': [], 'TotalUserCpuTimeHistory': [], 'TotalSysCpuTimeHistory': [], 'WallDurations': [], 'JobIds': [], 'State': 'unsubmitted'}, '1048': {'Retries': 0, 'Restarts': 0, 'SiteHistory': [], 'ResidentSetSize': [], 'SubmitTimes': [], 'StartTimes': [], 'EndTimes': [], 'TotalUserCpuTimeHistory': [], 'TotalSysCpuTimeHistory': [], 'WallDurations': [], 'JobIds': [], 'State': 'unsubmitted'}, '1049': {'Retries': 0, 'Restarts': 0, 'SiteHistory': [], 'ResidentSetSize': [], 'SubmitTimes': [], 'StartTimes': [], 'EndTimes': [], 'TotalUserCpuTimeHistory': [], 'TotalSysCpuTimeHistory': [], 'WallDurations': [], 'JobIds': [], 'State': 'unsubmitted'}, '1050': {'Retries': 0, 'Restarts': 0, 'SiteHistory': [], 'ResidentSetSize': [], 'SubmitTimes': [], 'StartTimes': [], 'EndTimes': [], 'TotalUserCpuTimeHistory': [], 'TotalSysCpuTimeHistory': [], 'WallDurations': [], 'JobIds': [], 'State': 'unsubmitted'}, '1051': {'Retries': 0, 'Restarts': 0, 'SiteHistory': [], 'ResidentSetSize': [], 'SubmitTimes': [], 'StartTimes': [], 'EndTimes': [], 'TotalUserCpuTimeHistory': [], 'TotalSysCpuTimeHistory': [], 'WallDurations': [], 'JobIds': [], 'State': 'unsubmitted'}, '1052': {'Retries': 0, 'Restarts': 0, 'SiteHistory': [], 'ResidentSetSize': [], 'SubmitTimes': [], 'StartTimes': [], 'EndTimes': [], 'TotalUserCpuTimeHistory': [], 'TotalSysCpuTimeHistory': [], 'WallDurations': [], 'JobIds': [], 'State': 'unsubmitted'}, '1053': {'Retries': 0, 'Restarts': 0, 'SiteHistory': [], 'ResidentSetSize': [], 'SubmitTimes': [], 'StartTimes': [], 'EndTimes': [], 'TotalUserCpuTimeHistory': [], 'TotalSysCpuTimeHistory': [], 'WallDurations': [], 'JobIds': [], 'State': 'unsubmitted'}, '1054': {'Retries': 0, 'Restarts': 0, 'SiteHistory': [], 'ResidentSetSize': [], 'SubmitTimes': [], 'StartTimes': [], 'EndTimes': [], 'TotalUserCpuTimeHistory': [], 'TotalSysCpuTimeHistory': [], 'WallDurations': [], 'JobIds': [], 'State': 'unsubmitted'}, '1055': {'Retries': 0, 'Restarts': 0, 'SiteHistory': [], 'ResidentSetSize': [], 'SubmitTimes': [], 'StartTimes': [], 'EndTimes': [], 'TotalUserCpuTimeHistory': [], 'TotalSysCpuTimeHistory': [], 'WallDurations': [], 'JobIds': [], 'State': 'unsubmitted'}, '1056': {'Retries': 0, 'Restarts': 0, 'SiteHistory': [], 'ResidentSetSize': [], 'SubmitTimes': [], 'StartTimes': [], 'EndTimes': [], 'TotalUserCpuTimeHistory': [], 'TotalSysCpuTimeHistory': [], 'WallDurations': [], 'JobIds': [], 'State': 'unsubmitted'}, '1057': {'Retries': 0, 'Restarts': 0, 'SiteHistory': [], 'ResidentSetSize': [], 'SubmitTimes': [], 'StartTimes': [], 'EndTimes': [], 'TotalUserCpuTimeHistory': [], 'TotalSysCpuTimeHistory': [], 'WallDurations': [], 'JobIds': [], 'State': 'unsubmitted'}, '1058': {'Retries': 0, 'Restarts': 0, 'SiteHistory': [], 'ResidentSetSize': [], 'SubmitTimes': [], 'StartTimes': [], 'EndTimes': [], 'TotalUserCpuTimeHistory': [], 'TotalSysCpuTimeHistory': [], 'WallDurations': [], 'JobIds': [], 'State': 'unsubmitted'}, '1059': {'Retries': 0, 'Restarts': 0, 'SiteHistory': [], 'ResidentSetSize': [], 'SubmitTimes': [], 'StartTimes': [], 'EndTimes': [], 'TotalUserCpuTimeHistory': [], 'TotalSysCpuTimeHistory': [], 'WallDurations': [], 'JobIds': [], 'State': 'unsubmitted'}, '1060': {'Retries': 0, 'Restarts': 0, 'SiteHistory': [], 'ResidentSetSize': [], 'SubmitTimes': [], 'StartTimes': [], 'EndTimes': [], 'TotalUserCpuTimeHistory': [], 'TotalSysCpuTimeHistory': [], 'WallDurations': [], 'JobIds': [], 'State': 'unsubmitted'}, '1061': {'Retries': 0, 'Restarts': 0, 'SiteHistory': [], 'ResidentSetSize': [], 'SubmitTimes': [], 'StartTimes': [], 'EndTimes': [], 'TotalUserCpuTimeHistory': [], 'TotalSysCpuTimeHistory': [], 'WallDurations': [], 'JobIds': [], 'State': 'unsubmitted'}, '1062': {'Retries': 0, 'Restarts': 0, 'SiteHistory': [], 'ResidentSetSize': [], 'SubmitTimes': [], 'StartTimes': [], 'EndTimes': [], 'TotalUserCpuTimeHistory': [], 'TotalSysCpuTimeHistory': [], 'WallDurations': [], 'JobIds': [], 'State': 'unsubmitted'}, '1063': {'Retries': 0, 'Restarts': 0, 'SiteHistory': [], 'ResidentSetSize': [], 'SubmitTimes': [], 'StartTimes': [], 'EndTimes': [], 'TotalUserCpuTimeHistory': [], 'TotalSysCpuTimeHistory': [], 'WallDurations': [], 'JobIds': [], 'State': 'unsubmitted'}, '1064': {'Retries': 0, 'Restarts': 0, 'SiteHistory': [], 'ResidentSetSize': [], 'SubmitTimes': [], 'StartTimes': [], 'EndTimes': [], 'TotalUserCpuTimeHistory': [], 'TotalSysCpuTimeHistory': [], 'WallDurations': [], 'JobIds': [], 'State': 'unsubmitted'}, '1065': {'Retries': 0, 'Restarts': 0, 'SiteHistory': [], 'ResidentSetSize': [], 'SubmitTimes': [], 'StartTimes': [], 'EndTimes': [], 'TotalUserCpuTimeHistory': [], 'TotalSysCpuTimeHistory': [], 'WallDurations': [], 'JobIds': [], 'State': 'unsubmitted'}, '1066': {'Retries': 0, 'Restarts': 0, 'SiteHistory': [], 'ResidentSetSize': [], 'SubmitTimes': [], 'StartTimes': [], 'EndTimes': [], 'TotalUserCpuTimeHistory': [], 'TotalSysCpuTimeHistory': [], 'WallDurations': [], 'JobIds': [], 'State': 'unsubmitted'}, '1067': {'Retries': 0, 'Restarts': 0, 'SiteHistory': [], 'ResidentSetSize': [], 'SubmitTimes': [], 'StartTimes': [], 'EndTimes': [], 'TotalUserCpuTimeHistory': [], 'TotalSysCpuTimeHistory': [], 'WallDurations': [], 'JobIds': [], 'State': 'unsubmitted'}, '1068': {'Retries': 0, 'Restarts': 0, 'SiteHistory': [], 'ResidentSetSize': [], 'SubmitTimes': [], 'StartTimes': [], 'EndTimes': [], 'TotalUserCpuTimeHistory': [], 'TotalSysCpuTimeHistory': [], 'WallDurations': [], 'JobIds': [], 'State': 'unsubmitted'}, '1069': {'Retries': 0, 'Restarts': 0, 'SiteHistory': [], 'ResidentSetSize': [], 'SubmitTimes': [], 'StartTimes': [], 'EndTimes': [], 'TotalUserCpuTimeHistory': [], 'TotalSysCpuTimeHistory': [], 'WallDurations': [], 'JobIds': [], 'State': 'unsubmitted'}, '1070': {'Retries': 0, 'Restarts': 0, 'SiteHistory': [], 'ResidentSetSize': [], 'SubmitTimes': [], 'StartTimes': [], 'EndTimes': [], 'TotalUserCpuTimeHistory': [], 'TotalSysCpuTimeHistory': [], 'WallDurations': [], 'JobIds': [], 'State': 'unsubmitted'}, '1071': {'Retries': 0, 'Restarts': 0, 'SiteHistory': [], 'ResidentSetSize': [], 'SubmitTimes': [], 'StartTimes': [], 'EndTimes': [], 'TotalUserCpuTimeHistory': [], 'TotalSysCpuTimeHistory': [], 'WallDurations': [], 'JobIds': [], 'State': 'unsubmitted'}, '1072': {'Retries': 0, 'Restarts': 0, 'SiteHistory': [], 'ResidentSetSize': [], 'SubmitTimes': [], 'StartTimes': [], 'EndTimes': [], 'TotalUserCpuTimeHistory': [], 'TotalSysCpuTimeHistory': [], 'WallDurations': [], 'JobIds': [], 'State': 'unsubmitted'}, '1073': {'Retries': 0, 'Restarts': 0, 'SiteHistory': [], 'ResidentSetSize': [], 'SubmitTimes': [], 'StartTimes': [], 'EndTimes': [], 'TotalUserCpuTimeHistory': [], 'TotalSysCpuTimeHistory': [], 'WallDurations': [], 'JobIds': [], 'State': 'unsubmitted'}, '1074': {'Retries': 0, 'Restarts': 0, 'SiteHistory': [], 'ResidentSetSize': [], 'SubmitTimes': [], 'StartTimes': [], 'EndTimes': [], 'TotalUserCpuTimeHistory': [], 'TotalSysCpuTimeHistory': [], 'WallDurations': [], 'JobIds': [], 'State': 'unsubmitted'}, '1075': {'Retries': 0, 'Restarts': 0, 'SiteHistory': [], 'ResidentSetSize': [], 'SubmitTimes': [], 'StartTimes': [], 'EndTimes': [], 'TotalUserCpuTimeHistory': [], 'TotalSysCpuTimeHistory': [], 'WallDurations': [], 'JobIds': [], 'State': 'unsubmitted'}, '1076': {'Retries': 0, 'Restarts': 0, 'SiteHistory': [], 'ResidentSetSize': [], 'SubmitTimes': [], 'StartTimes': [], 'EndTimes': [], 'TotalUserCpuTimeHistory': [], 'TotalSysCpuTimeHistory': [], 'WallDurations': [], 'JobIds': [], 'State': 'unsubmitted'}, '1077': {'Retries': 0, 'Restarts': 0, 'SiteHistory': [], 'ResidentSetSize': [], 'SubmitTimes': [], 'StartTimes': [], 'EndTimes': [], 'TotalUserCpuTimeHistory': [], 'TotalSysCpuTimeHistory': [], 'WallDurations': [], 'JobIds': [], 'State': 'unsubmitted'}, '1078': {'Retries': 0, 'Restarts': 0, 'SiteHistory': [], 'ResidentSetSize': [], 'SubmitTimes': [], 'StartTimes': [], 'EndTimes': [], 'TotalUserCpuTimeHistory': [], 'TotalSysCpuTimeHistory': [], 'WallDurations': [], 'JobIds': [], 'State': 'unsubmitted'}, '1079': {'Retries': 0, 'Restarts': 0, 'SiteHistory': [], 'ResidentSetSize': [], 'SubmitTimes': [], 'StartTimes': [], 'EndTimes': [], 'TotalUserCpuTimeHistory': [], 'TotalSysCpuTimeHistory': [], 'WallDurations': [], 'JobIds': [], 'State': 'unsubmitted'}, '1080': {'Retries': 0, 'Restarts': 0, 'SiteHistory': [], 'ResidentSetSize': [], 'SubmitTimes': [], 'StartTimes': [], 'EndTimes': [], 'TotalUserCpuTimeHistory': [], 'TotalSysCpuTimeHistory': [], 'WallDurations': [], 'JobIds': [], 'State': 'unsubmitted'}, '1081': {'Retries': 0, 'Restarts': 0, 'SiteHistory': [], 'ResidentSetSize': [], 'SubmitTimes': [], 'StartTimes': [], 'EndTimes': [], 'TotalUserCpuTimeHistory': [], 'TotalSysCpuTimeHistory': [], 'WallDurations': [], 'JobIds': [], 'State': 'unsubmitted'}, '1082': {'Retries': 0, 'Restarts': 0, 'SiteHistory': [], 'ResidentSetSize': [], 'SubmitTimes': [], 'StartTimes': [], 'EndTimes': [], 'TotalUserCpuTimeHistory': [], 'TotalSysCpuTimeHistory': [], 'WallDurations': [], 'JobIds': [], 'State': 'unsubmitted'}, '1083': {'Retries': 0, 'Restarts': 0, 'SiteHistory': [], 'ResidentSetSize': [], 'SubmitTimes': [], 'StartTimes': [], 'EndTimes': [], 'TotalUserCpuTimeHistory': [], 'TotalSysCpuTimeHistory': [], 'WallDurations': [], 'JobIds': [], 'State': 'unsubmitted'}, '1084': {'Retries': 0, 'Restarts': 0, 'SiteHistory': [], 'ResidentSetSize': [], 'SubmitTimes': [], 'StartTimes': [], 'EndTimes': [], 'TotalUserCpuTimeHistory': [], 'TotalSysCpuTimeHistory': [], 'WallDurations': [], 'JobIds': [], 'State': 'unsubmitted'}, '1085': {'Retries': 0, 'Restarts': 0, 'SiteHistory': [], 'ResidentSetSize': [], 'SubmitTimes': [], 'StartTimes': [], 'EndTimes': [], 'TotalUserCpuTimeHistory': [], 'TotalSysCpuTimeHistory': [], 'WallDurations': [], 'JobIds': [], 'State': 'unsubmitted'}, '1086': {'Retries': 0, 'Restarts': 0, 'SiteHistory': [], 'ResidentSetSize': [], 'SubmitTimes': [], 'StartTimes': [], 'EndTimes': [], 'TotalUserCpuTimeHistory': [], 'TotalSysCpuTimeHistory': [], 'WallDurations': [], 'JobIds': [], 'State': 'unsubmitted'}, '1087': {'Retries': 0, 'Restarts': 0, 'SiteHistory': [], 'ResidentSetSize': [], 'SubmitTimes': [], 'StartTimes': [], 'EndTimes': [], 'TotalUserCpuTimeHistory': [], 'TotalSysCpuTimeHistory': [], 'WallDurations': [], 'JobIds': [], 'State': 'unsubmitted'}, '1088': {'Retries': 0, 'Restarts': 0, 'SiteHistory': [], 'ResidentSetSize': [], 'SubmitTimes': [], 'StartTimes': [], 'EndTimes': [], 'TotalUserCpuTimeHistory': [], 'TotalSysCpuTimeHistory': [], 'WallDurations': [], 'JobIds': [], 'State': 'unsubmitted'}, '1089': {'Retries': 0, 'Restarts': 0, 'SiteHistory': [], 'ResidentSetSize': [], 'SubmitTimes': [], 'StartTimes': [], 'EndTimes': [], 'TotalUserCpuTimeHistory': [], 'TotalSysCpuTimeHistory': [], 'WallDurations': [], 'JobIds': [], 'State': 'unsubmitted'}, '1090': {'Retries': 0, 'Restarts': 0, 'SiteHistory': [], 'ResidentSetSize': [], 'SubmitTimes': [], 'StartTimes': [], 'EndTimes': [], 'TotalUserCpuTimeHistory': [], 'TotalSysCpuTimeHistory': [], 'WallDurations': [], 'JobIds': [], 'State': 'unsubmitted'}, '1091': {'Retries': 0, 'Restarts': 0, 'SiteHistory': [], 'ResidentSetSize': [], 'SubmitTimes': [], 'StartTimes': [], 'EndTimes': [], 'TotalUserCpuTimeHistory': [], 'TotalSysCpuTimeHistory': [], 'WallDurations': [], 'JobIds': [], 'State': 'unsubmitted'}, '1092': {'Retries': 0, 'Restarts': 0, 'SiteHistory': [], 'ResidentSetSize': [], 'SubmitTimes': [], 'StartTimes': [], 'EndTimes': [], 'TotalUserCpuTimeHistory': [], 'TotalSysCpuTimeHistory': [], 'WallDurations': [], 'JobIds': [], 'State': 'unsubmitted'}, '1093': {'Retries': 0, 'Restarts': 0, 'SiteHistory': [], 'ResidentSetSize': [], 'SubmitTimes': [], 'StartTimes': [], 'EndTimes': [], 'TotalUserCpuTimeHistory': [], 'TotalSysCpuTimeHistory': [], 'WallDurations': [], 'JobIds': [], 'State': 'unsubmitted'}, '1094': {'Retries': 0, 'Restarts': 0, 'SiteHistory': [], 'ResidentSetSize': [], 'SubmitTimes': [], 'StartTimes': [], 'EndTimes': [], 'TotalUserCpuTimeHistory': [], 'TotalSysCpuTimeHistory': [], 'WallDurations': [], 'JobIds': [], 'State': 'unsubmitted'}, '1095': {'Retries': 0, 'Restarts': 0, 'SiteHistory': [], 'ResidentSetSize': [], 'SubmitTimes': [], 'StartTimes': [], 'EndTimes': [], 'TotalUserCpuTimeHistory': [], 'TotalSysCpuTimeHistory': [], 'WallDurations': [], 'JobIds': [], 'State': 'unsubmitted'}, '1096': {'Retries': 0, 'Restarts': 0, 'SiteHistory': [], 'ResidentSetSize': [], 'SubmitTimes': [], 'StartTimes': [], 'EndTimes': [], 'TotalUserCpuTimeHistory': [], 'TotalSysCpuTimeHistory': [], 'WallDurations': [], 'JobIds': [], 'State': 'unsubmitted'}, '1097': {'Retries': 0, 'Restarts': 0, 'SiteHistory': [], 'ResidentSetSize': [], 'SubmitTimes': [], 'StartTimes': [], 'EndTimes': [], 'TotalUserCpuTimeHistory': [], 'TotalSysCpuTimeHistory': [], 'WallDurations': [], 'JobIds': [], 'State': 'unsubmitted'}, '1098': {'Retries': 0, 'Restarts': 0, 'SiteHistory': [], 'ResidentSetSize': [], 'SubmitTimes': [], 'StartTimes': [], 'EndTimes': [], 'TotalUserCpuTimeHistory': [], 'TotalSysCpuTimeHistory': [], 'WallDurations': [], 'JobIds': [], 'State': 'unsubmitted'}, '1099': {'Retries': 0, 'Restarts': 0, 'SiteHistory': [], 'ResidentSetSize': [], 'SubmitTimes': [], 'StartTimes': [], 'EndTimes': [], 'TotalUserCpuTimeHistory': [], 'TotalSysCpuTimeHistory': [], 'WallDurations': [], 'JobIds': [], 'State': 'unsubmitted'}, '1100': {'Retries': 0, 'Restarts': 0, 'SiteHistory': [], 'ResidentSetSize': [], 'SubmitTimes': [], 'StartTimes': [], 'EndTimes': [], 'TotalUserCpuTimeHistory': [], 'TotalSysCpuTimeHistory': [], 'WallDurations': [], 'JobIds': [], 'State': 'unsubmitted'}, '1101': {'Retries': 0, 'Restarts': 0, 'SiteHistory': [], 'ResidentSetSize': [], 'SubmitTimes': [], 'StartTimes': [], 'EndTimes': [], 'TotalUserCpuTimeHistory': [], 'TotalSysCpuTimeHistory': [], 'WallDurations': [], 'JobIds': [], 'State': 'unsubmitted'}, '1102': {'Retries': 0, 'Restarts': 0, 'SiteHistory': [], 'ResidentSetSize': [], 'SubmitTimes': [], 'StartTimes': [], 'EndTimes': [], 'TotalUserCpuTimeHistory': [], 'TotalSysCpuTimeHistory': [], 'WallDurations': [], 'JobIds': [], 'State': 'unsubmitted'}, '1103': {'Retries': 0, 'Restarts': 0, 'SiteHistory': [], 'ResidentSetSize': [], 'SubmitTimes': [], 'StartTimes': [], 'EndTimes': [], 'TotalUserCpuTimeHistory': [], 'TotalSysCpuTimeHistory': [], 'WallDurations': [], 'JobIds': [], 'State': 'unsubmitted'}, '1104': {'Retries': 0, 'Restarts': 0, 'SiteHistory': [], 'ResidentSetSize': [], 'SubmitTimes': [], 'StartTimes': [], 'EndTimes': [], 'TotalUserCpuTimeHistory': [], 'TotalSysCpuTimeHistory': [], 'WallDurations': [], 'JobIds': [], 'State': 'unsubmitted'}, '1105': {'Retries': 0, 'Restarts': 0, 'SiteHistory': [], 'ResidentSetSize': [], 'SubmitTimes': [], 'StartTimes': [], 'EndTimes': [], 'TotalUserCpuTimeHistory': [], 'TotalSysCpuTimeHistory': [], 'WallDurations': [], 'JobIds': [], 'State': 'unsubmitted'}, '1106': {'Retries': 0, 'Restarts': 0, 'SiteHistory': [], 'ResidentSetSize': [], 'SubmitTimes': [], 'StartTimes': [], 'EndTimes': [], 'TotalUserCpuTimeHistory': [], 'TotalSysCpuTimeHistory': [], 'WallDurations': [], 'JobIds': [], 'State': 'unsubmitted'}, '1107': {'Retries': 0, 'Restarts': 0, 'SiteHistory': [], 'ResidentSetSize': [], 'SubmitTimes': [], 'StartTimes': [], 'EndTimes': [], 'TotalUserCpuTimeHistory': [], 'TotalSysCpuTimeHistory': [], 'WallDurations': [], 'JobIds': [], 'State': 'unsubmitted'}, '1108': {'Retries': 0, 'Restarts': 0, 'SiteHistory': [], 'ResidentSetSize': [], 'SubmitTimes': [], 'StartTimes': [], 'EndTimes': [], 'TotalUserCpuTimeHistory': [], 'TotalSysCpuTimeHistory': [], 'WallDurations': [], 'JobIds': [], 'State': 'unsubmitted'}, '1109': {'Retries': 0, 'Restarts': 0, 'SiteHistory': [], 'ResidentSetSize': [], 'SubmitTimes': [], 'StartTimes': [], 'EndTimes': [], 'TotalUserCpuTimeHistory': [], 'TotalSysCpuTimeHistory': [], 'WallDurations': [], 'JobIds': [], 'State': 'unsubmitted'}, '1110': {'Retries': 0, 'Restarts': 0, 'SiteHistory': [], 'ResidentSetSize': [], 'SubmitTimes': [], 'StartTimes': [], 'EndTimes': [], 'TotalUserCpuTimeHistory': [], 'TotalSysCpuTimeHistory': [], 'WallDurations': [], 'JobIds': [], 'State': 'unsubmitted'}, '1111': {'Retries': 0, 'Restarts': 0, 'SiteHistory': [], 'ResidentSetSize': [], 'SubmitTimes': [], 'StartTimes': [], 'EndTimes': [], 'TotalUserCpuTimeHistory': [], 'TotalSysCpuTimeHistory': [], 'WallDurations': [], 'JobIds': [], 'State': 'unsubmitted'}, '1112': {'Retries': 0, 'Restarts': 0, 'SiteHistory': [], 'ResidentSetSize': [], 'SubmitTimes': [], 'StartTimes': [], 'EndTimes': [], 'TotalUserCpuTimeHistory': [], 'TotalSysCpuTimeHistory': [], 'WallDurations': [], 'JobIds': [], 'State': 'unsubmitted'}, '1113': {'Retries': 0, 'Restarts': 0, 'SiteHistory': [], 'ResidentSetSize': [], 'SubmitTimes': [], 'StartTimes': [], 'EndTimes': [], 'TotalUserCpuTimeHistory': [], 'TotalSysCpuTimeHistory': [], 'WallDurations': [], 'JobIds': [], 'State': 'unsubmitted'}, '1114': {'Retries': 0, 'Restarts': 0, 'SiteHistory': [], 'ResidentSetSize': [], 'SubmitTimes': [], 'StartTimes': [], 'EndTimes': [], 'TotalUserCpuTimeHistory': [], 'TotalSysCpuTimeHistory': [], 'WallDurations': [], 'JobIds': [], 'State': 'unsubmitted'}, '1115': {'Retries': 0, 'Restarts': 0, 'SiteHistory': [], 'ResidentSetSize': [], 'SubmitTimes': [], 'StartTimes': [], 'EndTimes': [], 'TotalUserCpuTimeHistory': [], 'TotalSysCpuTimeHistory': [], 'WallDurations': [], 'JobIds': [], 'State': 'unsubmitted'}, '1116': {'Retries': 0, 'Restarts': 0, 'SiteHistory': [], 'ResidentSetSize': [], 'SubmitTimes': [], 'StartTimes': [], 'EndTimes': [], 'TotalUserCpuTimeHistory': [], 'TotalSysCpuTimeHistory': [], 'WallDurations': [], 'JobIds': [], 'State': 'unsubmitted'}, '1117': {'Retries': 0, 'Restarts': 0, 'SiteHistory': [], 'ResidentSetSize': [], 'SubmitTimes': [], 'StartTimes': [], 'EndTimes': [], 'TotalUserCpuTimeHistory': [], 'TotalSysCpuTimeHistory': [], 'WallDurations': [], 'JobIds': [], 'State': 'unsubmitted'}, '1118': {'Retries': 0, 'Restarts': 0, 'SiteHistory': [], 'ResidentSetSize': [], 'SubmitTimes': [], 'StartTimes': [], 'EndTimes': [], 'TotalUserCpuTimeHistory': [], 'TotalSysCpuTimeHistory': [], 'WallDurations': [], 'JobIds': [], 'State': 'unsubmitted'}, '1119': {'Retries': 0, 'Restarts': 0, 'SiteHistory': [], 'ResidentSetSize': [], 'SubmitTimes': [], 'StartTimes': [], 'EndTimes': [], 'TotalUserCpuTimeHistory': [], 'TotalSysCpuTimeHistory': [], 'WallDurations': [], 'JobIds': [], 'State': 'unsubmitted'}, '1120': {'Retries': 0, 'Restarts': 0, 'SiteHistory': [], 'ResidentSetSize': [], 'SubmitTimes': [], 'StartTimes': [], 'EndTimes': [], 'TotalUserCpuTimeHistory': [], 'TotalSysCpuTimeHistory': [], 'WallDurations': [], 'JobIds': [], 'State': 'unsubmitted'}, '1121': {'Retries': 0, 'Restarts': 0, 'SiteHistory': [], 'ResidentSetSize': [], 'SubmitTimes': [], 'StartTimes': [], 'EndTimes': [], 'TotalUserCpuTimeHistory': [], 'TotalSysCpuTimeHistory': [], 'WallDurations': [], 'JobIds': [], 'State': 'unsubmitted'}, '1122': {'Retries': 0, 'Restarts': 0, 'SiteHistory': [], 'ResidentSetSize': [], 'SubmitTimes': [], 'StartTimes': [], 'EndTimes': [], 'TotalUserCpuTimeHistory': [], 'TotalSysCpuTimeHistory': [], 'WallDurations': [], 'JobIds': [], 'State': 'unsubmitted'}, '1123': {'Retries': 0, 'Restarts': 0, 'SiteHistory': [], 'ResidentSetSize': [], 'SubmitTimes': [], 'StartTimes': [], 'EndTimes': [], 'TotalUserCpuTimeHistory': [], 'TotalSysCpuTimeHistory': [], 'WallDurations': [], 'JobIds': [], 'State': 'unsubmitted'}, '1124': {'Retries': 0, 'Restarts': 0, 'SiteHistory': [], 'ResidentSetSize': [], 'SubmitTimes': [], 'StartTimes': [], 'EndTimes': [], 'TotalUserCpuTimeHistory': [], 'TotalSysCpuTimeHistory': [], 'WallDurations': [], 'JobIds': [], 'State': 'unsubmitted'}, '1125': {'Retries': 0, 'Restarts': 0, 'SiteHistory': [], 'ResidentSetSize': [], 'SubmitTimes': [], 'StartTimes': [], 'EndTimes': [], 'TotalUserCpuTimeHistory': [], 'TotalSysCpuTimeHistory': [], 'WallDurations': [], 'JobIds': [], 'State': 'unsubmitted'}, '1126': {'Retries': 0, 'Restarts': 0, 'SiteHistory': [], 'ResidentSetSize': [], 'SubmitTimes': [], 'StartTimes': [], 'EndTimes': [], 'TotalUserCpuTimeHistory': [], 'TotalSysCpuTimeHistory': [], 'WallDurations': [], 'JobIds': [], 'State': 'unsubmitted'}, '1127': {'Retries': 0, 'Restarts': 0, 'SiteHistory': [], 'ResidentSetSize': [], 'SubmitTimes': [], 'StartTimes': [], 'EndTimes': [], 'TotalUserCpuTimeHistory': [], 'TotalSysCpuTimeHistory': [], 'WallDurations': [], 'JobIds': [], 'State': 'unsubmitted'}, '1128': {'Retries': 0, 'Restarts': 0, 'SiteHistory': [], 'ResidentSetSize': [], 'SubmitTimes': [], 'StartTimes': [], 'EndTimes': [], 'TotalUserCpuTimeHistory': [], 'TotalSysCpuTimeHistory': [], 'WallDurations': [], 'JobIds': [], 'State': 'unsubmitted'}, '1129': {'Retries': 0, 'Restarts': 0, 'SiteHistory': [], 'ResidentSetSize': [], 'SubmitTimes': [], 'StartTimes': [], 'EndTimes': [], 'TotalUserCpuTimeHistory': [], 'TotalSysCpuTimeHistory': [], 'WallDurations': [], 'JobIds': [], 'State': 'unsubmitted'}, '1130': {'Retries': 0, 'Restarts': 0, 'SiteHistory': [], 'ResidentSetSize': [], 'SubmitTimes': [], 'StartTimes': [], 'EndTimes': [], 'TotalUserCpuTimeHistory': [], 'TotalSysCpuTimeHistory': [], 'WallDurations': [], 'JobIds': [], 'State': 'unsubmitted'}, '1131': {'Retries': 0, 'Restarts': 0, 'SiteHistory': [], 'ResidentSetSize': [], 'SubmitTimes': [], 'StartTimes': [], 'EndTimes': [], 'TotalUserCpuTimeHistory': [], 'TotalSysCpuTimeHistory': [], 'WallDurations': [], 'JobIds': [], 'State': 'unsubmitted'}, '1132': {'Retries': 0, 'Restarts': 0, 'SiteHistory': [], 'ResidentSetSize': [], 'SubmitTimes': [], 'StartTimes': [], 'EndTimes': [], 'TotalUserCpuTimeHistory': [], 'TotalSysCpuTimeHistory': [], 'WallDurations': [], 'JobIds': [], 'State': 'unsubmitted'}, '1133': {'Retries': 0, 'Restarts': 0, 'SiteHistory': [], 'ResidentSetSize': [], 'SubmitTimes': [], 'StartTimes': [], 'EndTimes': [], 'TotalUserCpuTimeHistory': [], 'TotalSysCpuTimeHistory': [], 'WallDurations': [], 'JobIds': [], 'State': 'unsubmitted'}, '1134': {'Retries': 0, 'Restarts': 0, 'SiteHistory': [], 'ResidentSetSize': [], 'SubmitTimes': [], 'StartTimes': [], 'EndTimes': [], 'TotalUserCpuTimeHistory': [], 'TotalSysCpuTimeHistory': [], 'WallDurations': [], 'JobIds': [], 'State': 'unsubmitted'}, '1135': {'Retries': 0, 'Restarts': 0, 'SiteHistory': [], 'ResidentSetSize': [], 'SubmitTimes': [], 'StartTimes': [], 'EndTimes': [], 'TotalUserCpuTimeHistory': [], 'TotalSysCpuTimeHistory': [], 'WallDurations': [], 'JobIds': [], 'State': 'unsubmitted'}, '1136': {'Retries': 0, 'Restarts': 0, 'SiteHistory': [], 'ResidentSetSize': [], 'SubmitTimes': [], 'StartTimes': [], 'EndTimes': [], 'TotalUserCpuTimeHistory': [], 'TotalSysCpuTimeHistory': [], 'WallDurations': [], 'JobIds': [], 'State': 'unsubmitted'}, '1137': {'Retries': 0, 'Restarts': 0, 'SiteHistory': [], 'ResidentSetSize': [], 'SubmitTimes': [], 'StartTimes': [], 'EndTimes': [], 'TotalUserCpuTimeHistory': [], 'TotalSysCpuTimeHistory': [], 'WallDurations': [], 'JobIds': [], 'State': 'unsubmitted'}, '1138': {'Retries': 0, 'Restarts': 0, 'SiteHistory': [], 'ResidentSetSize': [], 'SubmitTimes': [], 'StartTimes': [], 'EndTimes': [], 'TotalUserCpuTimeHistory': [], 'TotalSysCpuTimeHistory': [], 'WallDurations': [], 'JobIds': [], 'State': 'unsubmitted'}, '1139': {'Retries': 0, 'Restarts': 0, 'SiteHistory': [], 'ResidentSetSize': [], 'SubmitTimes': [], 'StartTimes': [], 'EndTimes': [], 'TotalUserCpuTimeHistory': [], 'TotalSysCpuTimeHistory': [], 'WallDurations': [], 'JobIds': [], 'State': 'unsubmitted'}, '1140': {'Retries': 0, 'Restarts': 0, 'SiteHistory': [], 'ResidentSetSize': [], 'SubmitTimes': [], 'StartTimes': [], 'EndTimes': [], 'TotalUserCpuTimeHistory': [], 'TotalSysCpuTimeHistory': [], 'WallDurations': [], 'JobIds': [], 'State': 'unsubmitted'}, '1141': {'Retries': 0, 'Restarts': 0, 'SiteHistory': [], 'ResidentSetSize': [], 'SubmitTimes': [], 'StartTimes': [], 'EndTimes': [], 'TotalUserCpuTimeHistory': [], 'TotalSysCpuTimeHistory': [], 'WallDurations': [], 'JobIds': [], 'State': 'unsubmitted'}, '1142': {'Retries': 0, 'Restarts': 0, 'SiteHistory': [], 'ResidentSetSize': [], 'SubmitTimes': [], 'StartTimes': [], 'EndTimes': [], 'TotalUserCpuTimeHistory': [], 'TotalSysCpuTimeHistory': [], 'WallDurations': [], 'JobIds': [], 'State': 'unsubmitted'}, '1143': {'Retries': 0, 'Restarts': 0, 'SiteHistory': [], 'ResidentSetSize': [], 'SubmitTimes': [], 'StartTimes': [], 'EndTimes': [], 'TotalUserCpuTimeHistory': [], 'TotalSysCpuTimeHistory': [], 'WallDurations': [], 'JobIds': [], 'State': 'unsubmitted'}, '1144': {'Retries': 0, 'Restarts': 0, 'SiteHistory': [], 'ResidentSetSize': [], 'SubmitTimes': [], 'StartTimes': [], 'EndTimes': [], 'TotalUserCpuTimeHistory': [], 'TotalSysCpuTimeHistory': [], 'WallDurations': [], 'JobIds': [], 'State': 'unsubmitted'}, '1145': {'Retries': 0, 'Restarts': 0, 'SiteHistory': [], 'ResidentSetSize': [], 'SubmitTimes': [], 'StartTimes': [], 'EndTimes': [], 'TotalUserCpuTimeHistory': [], 'TotalSysCpuTimeHistory': [], 'WallDurations': [], 'JobIds': [], 'State': 'unsubmitted'}, '1146': {'Retries': 0, 'Restarts': 0, 'SiteHistory': [], 'ResidentSetSize': [], 'SubmitTimes': [], 'StartTimes': [], 'EndTimes': [], 'TotalUserCpuTimeHistory': [], 'TotalSysCpuTimeHistory': [], 'WallDurations': [], 'JobIds': [], 'State': 'unsubmitted'}, '1147': {'Retries': 0, 'Restarts': 0, 'SiteHistory': [], 'ResidentSetSize': [], 'SubmitTimes': [], 'StartTimes': [], 'EndTimes': [], 'TotalUserCpuTimeHistory': [], 'TotalSysCpuTimeHistory': [], 'WallDurations': [], 'JobIds': [], 'State': 'unsubmitted'}, '1148': {'Retries': 0, 'Restarts': 0, 'SiteHistory': [], 'ResidentSetSize': [], 'SubmitTimes': [], 'StartTimes': [], 'EndTimes': [], 'TotalUserCpuTimeHistory': [], 'TotalSysCpuTimeHistory': [], 'WallDurations': [], 'JobIds': [], 'State': 'unsubmitted'}, '1149': {'Retries': 0, 'Restarts': 0, 'SiteHistory': [], 'ResidentSetSize': [], 'SubmitTimes': [], 'StartTimes': [], 'EndTimes': [], 'TotalUserCpuTimeHistory': [], 'TotalSysCpuTimeHistory': [], 'WallDurations': [], 'JobIds': [], 'State': 'unsubmitted'}, '1150': {'Retries': 0, 'Restarts': 0, 'SiteHistory': [], 'ResidentSetSize': [], 'SubmitTimes': [], 'StartTimes': [], 'EndTimes': [], 'TotalUserCpuTimeHistory': [], 'TotalSysCpuTimeHistory': [], 'WallDurations': [], 'JobIds': [], 'State': 'unsubmitted'}, '1151': {'Retries': 0, 'Restarts': 0, 'SiteHistory': [], 'ResidentSetSize': [], 'SubmitTimes': [], 'StartTimes': [], 'EndTimes': [], 'TotalUserCpuTimeHistory': [], 'TotalSysCpuTimeHistory': [], 'WallDurations': [], 'JobIds': [], 'State': 'unsubmitted'}, '1152': {'Retries': 0, 'Restarts': 0, 'SiteHistory': [], 'ResidentSetSize': [], 'SubmitTimes': [], 'StartTimes': [], 'EndTimes': [], 'TotalUserCpuTimeHistory': [], 'TotalSysCpuTimeHistory': [], 'WallDurations': [], 'JobIds': [], 'State': 'unsubmitted'}, '1153': {'Retries': 0, 'Restarts': 0, 'SiteHistory': [], 'ResidentSetSize': [], 'SubmitTimes': [], 'StartTimes': [], 'EndTimes': [], 'TotalUserCpuTimeHistory': [], 'TotalSysCpuTimeHistory': [], 'WallDurations': [], 'JobIds': [], 'State': 'unsubmitted'}, '1154': {'Retries': 0, 'Restarts': 0, 'SiteHistory': [], 'ResidentSetSize': [], 'SubmitTimes': [], 'StartTimes': [], 'EndTimes': [], 'TotalUserCpuTimeHistory': [], 'TotalSysCpuTimeHistory': [], 'WallDurations': [], 'JobIds': [], 'State': 'unsubmitted'}, '1155': {'Retries': 0, 'Restarts': 0, 'SiteHistory': [], 'ResidentSetSize': [], 'SubmitTimes': [], 'StartTimes': [], 'EndTimes': [], 'TotalUserCpuTimeHistory': [], 'TotalSysCpuTimeHistory': [], 'WallDurations': [], 'JobIds': [], 'State': 'unsubmitted'}, '1156': {'Retries': 0, 'Restarts': 0, 'SiteHistory': [], 'ResidentSetSize': [], 'SubmitTimes': [], 'StartTimes': [], 'EndTimes': [], 'TotalUserCpuTimeHistory': [], 'TotalSysCpuTimeHistory': [], 'WallDurations': [], 'JobIds': [], 'State': 'unsubmitted'}, '1157': {'Retries': 0, 'Restarts': 0, 'SiteHistory': [], 'ResidentSetSize': [], 'SubmitTimes': [], 'StartTimes': [], 'EndTimes': [], 'TotalUserCpuTimeHistory': [], 'TotalSysCpuTimeHistory': [], 'WallDurations': [], 'JobIds': [], 'State': 'unsubmitted'}, '1158': {'Retries': 0, 'Restarts': 0, 'SiteHistory': [], 'ResidentSetSize': [], 'SubmitTimes': [], 'StartTimes': [], 'EndTimes': [], 'TotalUserCpuTimeHistory': [], 'TotalSysCpuTimeHistory': [], 'WallDurations': [], 'JobIds': [], 'State': 'unsubmitted'}, '1159': {'Retries': 0, 'Restarts': 0, 'SiteHistory': [], 'ResidentSetSize': [], 'SubmitTimes': [], 'StartTimes': [], 'EndTimes': [], 'TotalUserCpuTimeHistory': [], 'TotalSysCpuTimeHistory': [], 'WallDurations': [], 'JobIds': [], 'State': 'unsubmitted'}, '1160': {'Retries': 0, 'Restarts': 0, 'SiteHistory': [], 'ResidentSetSize': [], 'SubmitTimes': [], 'StartTimes': [], 'EndTimes': [], 'TotalUserCpuTimeHistory': [], 'TotalSysCpuTimeHistory': [], 'WallDurations': [], 'JobIds': [], 'State': 'unsubmitted'}, '1161': {'Retries': 0, 'Restarts': 0, 'SiteHistory': [], 'ResidentSetSize': [], 'SubmitTimes': [], 'StartTimes': [], 'EndTimes': [], 'TotalUserCpuTimeHistory': [], 'TotalSysCpuTimeHistory': [], 'WallDurations': [], 'JobIds': [], 'State': 'unsubmitted'}, '1162': {'Retries': 0, 'Restarts': 0, 'SiteHistory': [], 'ResidentSetSize': [], 'SubmitTimes': [], 'StartTimes': [], 'EndTimes': [], 'TotalUserCpuTimeHistory': [], 'TotalSysCpuTimeHistory': [], 'WallDurations': [], 'JobIds': [], 'State': 'unsubmitted'}, '1163': {'Retries': 0, 'Restarts': 0, 'SiteHistory': [], 'ResidentSetSize': [], 'SubmitTimes': [], 'StartTimes': [], 'EndTimes': [], 'TotalUserCpuTimeHistory': [], 'TotalSysCpuTimeHistory': [], 'WallDurations': [], 'JobIds': [], 'State': 'unsubmitted'}, '1164': {'Retries': 0, 'Restarts': 0, 'SiteHistory': [], 'ResidentSetSize': [], 'SubmitTimes': [], 'StartTimes': [], 'EndTimes': [], 'TotalUserCpuTimeHistory': [], 'TotalSysCpuTimeHistory': [], 'WallDurations': [], 'JobIds': [], 'State': 'unsubmitted'}, '1165': {'Retries': 0, 'Restarts': 0, 'SiteHistory': [], 'ResidentSetSize': [], 'SubmitTimes': [], 'StartTimes': [], 'EndTimes': [], 'TotalUserCpuTimeHistory': [], 'TotalSysCpuTimeHistory': [], 'WallDurations': [], 'JobIds': [], 'State': 'unsubmitted'}, '1166': {'Retries': 0, 'Restarts': 0, 'SiteHistory': [], 'ResidentSetSize': [], 'SubmitTimes': [], 'StartTimes': [], 'EndTimes': [], 'TotalUserCpuTimeHistory': [], 'TotalSysCpuTimeHistory': [], 'WallDurations': [], 'JobIds': [], 'State': 'unsubmitted'}, '1167': {'Retries': 0, 'Restarts': 0, 'SiteHistory': [], 'ResidentSetSize': [], 'SubmitTimes': [], 'StartTimes': [], 'EndTimes': [], 'TotalUserCpuTimeHistory': [], 'TotalSysCpuTimeHistory': [], 'WallDurations': [], 'JobIds': [], 'State': 'unsubmitted'}, '1168': {'Retries': 0, 'Restarts': 0, 'SiteHistory': [], 'ResidentSetSize': [], 'SubmitTimes': [], 'StartTimes': [], 'EndTimes': [], 'TotalUserCpuTimeHistory': [], 'TotalSysCpuTimeHistory': [], 'WallDurations': [], 'JobIds': [], 'State': 'unsubmitted'}, '1169': {'Retries': 0, 'Restarts': 0, 'SiteHistory': [], 'ResidentSetSize': [], 'SubmitTimes': [], 'StartTimes': [], 'EndTimes': [], 'TotalUserCpuTimeHistory': [], 'TotalSysCpuTimeHistory': [], 'WallDurations': [], 'JobIds': [], 'State': 'unsubmitted'}, '1170': {'Retries': 0, 'Restarts': 0, 'SiteHistory': [], 'ResidentSetSize': [], 'SubmitTimes': [], 'StartTimes': [], 'EndTimes': [], 'TotalUserCpuTimeHistory': [], 'TotalSysCpuTimeHistory': [], 'WallDurations': [], 'JobIds': [], 'State': 'unsubmitted'}, '1171': {'Retries': 0, 'Restarts': 0, 'SiteHistory': [], 'ResidentSetSize': [], 'SubmitTimes': [], 'StartTimes': [], 'EndTimes': [], 'TotalUserCpuTimeHistory': [], 'TotalSysCpuTimeHistory': [], 'WallDurations': [], 'JobIds': [], 'State': 'unsubmitted'}, '1172': {'Retries': 0, 'Restarts': 0, 'SiteHistory': [], 'ResidentSetSize': [], 'SubmitTimes': [], 'StartTimes': [], 'EndTimes': [], 'TotalUserCpuTimeHistory': [], 'TotalSysCpuTimeHistory': [], 'WallDurations': [], 'JobIds': [], 'State': 'unsubmitted'}, '1173': {'Retries': 0, 'Restarts': 0, 'SiteHistory': [], 'ResidentSetSize': [], 'SubmitTimes': [], 'StartTimes': [], 'EndTimes': [], 'TotalUserCpuTimeHistory': [], 'TotalSysCpuTimeHistory': [], 'WallDurations': [], 'JobIds': [], 'State': 'unsubmitted'}, '1174': {'Retries': 0, 'Restarts': 0, 'SiteHistory': [], 'ResidentSetSize': [], 'SubmitTimes': [], 'StartTimes': [], 'EndTimes': [], 'TotalUserCpuTimeHistory': [], 'TotalSysCpuTimeHistory': [], 'WallDurations': [], 'JobIds': [], 'State': 'unsubmitted'}, '1175': {'Retries': 0, 'Restarts': 0, 'SiteHistory': [], 'ResidentSetSize': [], 'SubmitTimes': [], 'StartTimes': [], 'EndTimes': [], 'TotalUserCpuTimeHistory': [], 'TotalSysCpuTimeHistory': [], 'WallDurations': [], 'JobIds': [], 'State': 'unsubmitted'}, '1176': {'Retries': 0, 'Restarts': 0, 'SiteHistory': [], 'ResidentSetSize': [], 'SubmitTimes': [], 'StartTimes': [], 'EndTimes': [], 'TotalUserCpuTimeHistory': [], 'TotalSysCpuTimeHistory': [], 'WallDurations': [], 'JobIds': [], 'State': 'unsubmitted'}, '1177': {'Retries': 0, 'Restarts': 0, 'SiteHistory': [], 'ResidentSetSize': [], 'SubmitTimes': [], 'StartTimes': [], 'EndTimes': [], 'TotalUserCpuTimeHistory': [], 'TotalSysCpuTimeHistory': [], 'WallDurations': [], 'JobIds': [], 'State': 'unsubmitted'}, '1178': {'Retries': 0, 'Restarts': 0, 'SiteHistory': [], 'ResidentSetSize': [], 'SubmitTimes': [], 'StartTimes': [], 'EndTimes': [], 'TotalUserCpuTimeHistory': [], 'TotalSysCpuTimeHistory': [], 'WallDurations': [], 'JobIds': [], 'State': 'unsubmitted'}, '1179': {'Retries': 0, 'Restarts': 0, 'SiteHistory': [], 'ResidentSetSize': [], 'SubmitTimes': [], 'StartTimes': [], 'EndTimes': [], 'TotalUserCpuTimeHistory': [], 'TotalSysCpuTimeHistory': [], 'WallDurations': [], 'JobIds': [], 'State': 'unsubmitted'}, '1180': {'Retries': 0, 'Restarts': 0, 'SiteHistory': [], 'ResidentSetSize': [], 'SubmitTimes': [], 'StartTimes': [], 'EndTimes': [], 'TotalUserCpuTimeHistory': [], 'TotalSysCpuTimeHistory': [], 'WallDurations': [], 'JobIds': [], 'State': 'unsubmitted'}, '1181': {'Retries': 0, 'Restarts': 0, 'SiteHistory': [], 'ResidentSetSize': [], 'SubmitTimes': [], 'StartTimes': [], 'EndTimes': [], 'TotalUserCpuTimeHistory': [], 'TotalSysCpuTimeHistory': [], 'WallDurations': [], 'JobIds': [], 'State': 'unsubmitted'}, '1182': {'Retries': 0, 'Restarts': 0, 'SiteHistory': [], 'ResidentSetSize': [], 'SubmitTimes': [], 'StartTimes': [], 'EndTimes': [], 'TotalUserCpuTimeHistory': [], 'TotalSysCpuTimeHistory': [], 'WallDurations': [], 'JobIds': [], 'State': 'unsubmitted'}, '1183': {'Retries': 0, 'Restarts': 0, 'SiteHistory': [], 'ResidentSetSize': [], 'SubmitTimes': [], 'StartTimes': [], 'EndTimes': [], 'TotalUserCpuTimeHistory': [], 'TotalSysCpuTimeHistory': [], 'WallDurations': [], 'JobIds': [], 'State': 'unsubmitted'}, '1184': {'Retries': 0, 'Restarts': 0, 'SiteHistory': [], 'ResidentSetSize': [], 'SubmitTimes': [], 'StartTimes': [], 'EndTimes': [], 'TotalUserCpuTimeHistory': [], 'TotalSysCpuTimeHistory': [], 'WallDurations': [], 'JobIds': [], 'State': 'unsubmitted'}, '1185': {'Retries': 0, 'Restarts': 0, 'SiteHistory': [], 'ResidentSetSize': [], 'SubmitTimes': [], 'StartTimes': [], 'EndTimes': [], 'TotalUserCpuTimeHistory': [], 'TotalSysCpuTimeHistory': [], 'WallDurations': [], 'JobIds': [], 'State': 'unsubmitted'}, '1186': {'Retries': 0, 'Restarts': 0, 'SiteHistory': [], 'ResidentSetSize': [], 'SubmitTimes': [], 'StartTimes': [], 'EndTimes': [], 'TotalUserCpuTimeHistory': [], 'TotalSysCpuTimeHistory': [], 'WallDurations': [], 'JobIds': [], 'State': 'unsubmitted'}, '1187': {'Retries': 0, 'Restarts': 0, 'SiteHistory': [], 'ResidentSetSize': [], 'SubmitTimes': [], 'StartTimes': [], 'EndTimes': [], 'TotalUserCpuTimeHistory': [], 'TotalSysCpuTimeHistory': [], 'WallDurations': [], 'JobIds': [], 'State': 'unsubmitted'}, '1188': {'Retries': 0, 'Restarts': 0, 'SiteHistory': [], 'ResidentSetSize': [], 'SubmitTimes': [], 'StartTimes': [], 'EndTimes': [], 'TotalUserCpuTimeHistory': [], 'TotalSysCpuTimeHistory': [], 'WallDurations': [], 'JobIds': [], 'State': 'unsubmitted'}, '1189': {'Retries': 0, 'Restarts': 0, 'SiteHistory': [], 'ResidentSetSize': [], 'SubmitTimes': [], 'StartTimes': [], 'EndTimes': [], 'TotalUserCpuTimeHistory': [], 'TotalSysCpuTimeHistory': [], 'WallDurations': [], 'JobIds': [], 'State': 'unsubmitted'}, '1190': {'Retries': 0, 'Restarts': 0, 'SiteHistory': [], 'ResidentSetSize': [], 'SubmitTimes': [], 'StartTimes': [], 'EndTimes': [], 'TotalUserCpuTimeHistory': [], 'TotalSysCpuTimeHistory': [], 'WallDurations': [], 'JobIds': [], 'State': 'unsubmitted'}, '1191': {'Retries': 0, 'Restarts': 0, 'SiteHistory': [], 'ResidentSetSize': [], 'SubmitTimes': [], 'StartTimes': [], 'EndTimes': [], 'TotalUserCpuTimeHistory': [], 'TotalSysCpuTimeHistory': [], 'WallDurations': [], 'JobIds': [], 'State': 'unsubmitted'}, '1192': {'Retries': 0, 'Restarts': 0, 'SiteHistory': [], 'ResidentSetSize': [], 'SubmitTimes': [], 'StartTimes': [], 'EndTimes': [], 'TotalUserCpuTimeHistory': [], 'TotalSysCpuTimeHistory': [], 'WallDurations': [], 'JobIds': [], 'State': 'unsubmitted'}, '1193': {'Retries': 0, 'Restarts': 0, 'SiteHistory': [], 'ResidentSetSize': [], 'SubmitTimes': [], 'StartTimes': [], 'EndTimes': [], 'TotalUserCpuTimeHistory': [], 'TotalSysCpuTimeHistory': [], 'WallDurations': [], 'JobIds': [], 'State': 'unsubmitted'}, '1194': {'Retries': 0, 'Restarts': 0, 'SiteHistory': [], 'ResidentSetSize': [], 'SubmitTimes': [], 'StartTimes': [], 'EndTimes': [], 'TotalUserCpuTimeHistory': [], 'TotalSysCpuTimeHistory': [], 'WallDurations': [], 'JobIds': [], 'State': 'unsubmitted'}, '1195': {'Retries': 0, 'Restarts': 0, 'SiteHistory': [], 'ResidentSetSize': [], 'SubmitTimes': [], 'StartTimes': [], 'EndTimes': [], 'TotalUserCpuTimeHistory': [], 'TotalSysCpuTimeHistory': [], 'WallDurations': [], 'JobIds': [], 'State': 'unsubmitted'}, '1196': {'Retries': 0, 'Restarts': 0, 'SiteHistory': [], 'ResidentSetSize': [], 'SubmitTimes': [], 'StartTimes': [], 'EndTimes': [], 'TotalUserCpuTimeHistory': [], 'TotalSysCpuTimeHistory': [], 'WallDurations': [], 'JobIds': [], 'State': 'unsubmitted'}, '1197': {'Retries': 0, 'Restarts': 0, 'SiteHistory': [], 'ResidentSetSize': [], 'SubmitTimes': [], 'StartTimes': [], 'EndTimes': [], 'TotalUserCpuTimeHistory': [], 'TotalSysCpuTimeHistory': [], 'WallDurations': [], 'JobIds': [], 'State': 'unsubmitted'}, '1198': {'Retries': 0, 'Restarts': 0, 'SiteHistory': [], 'ResidentSetSize': [], 'SubmitTimes': [], 'StartTimes': [], 'EndTimes': [], 'TotalUserCpuTimeHistory': [], 'TotalSysCpuTimeHistory': [], 'WallDurations': [], 'JobIds': [], 'State': 'unsubmitted'}, '1199': {'Retries': 0, 'Restarts': 0, 'SiteHistory': [], 'ResidentSetSize': [], 'SubmitTimes': [], 'StartTimes': [], 'EndTimes': [], 'TotalUserCpuTimeHistory': [], 'TotalSysCpuTimeHistory': [], 'WallDurations': [], 'JobIds': [], 'State': 'unsubmitted'}, '1200': {'Retries': 0, 'Restarts': 0, 'SiteHistory': [], 'ResidentSetSize': [], 'SubmitTimes': [], 'StartTimes': [], 'EndTimes': [], 'TotalUserCpuTimeHistory': [], 'TotalSysCpuTimeHistory': [], 'WallDurations': [], 'JobIds': [], 'State': 'unsubmitted'}, '1201': {'Retries': 0, 'Restarts': 0, 'SiteHistory': [], 'ResidentSetSize': [], 'SubmitTimes': [], 'StartTimes': [], 'EndTimes': [], 'TotalUserCpuTimeHistory': [], 'TotalSysCpuTimeHistory': [], 'WallDurations': [], 'JobIds': [], 'State': 'unsubmitted'}, '1202': {'Retries': 0, 'Restarts': 0, 'SiteHistory': [], 'ResidentSetSize': [], 'SubmitTimes': [], 'StartTimes': [], 'EndTimes': [], 'TotalUserCpuTimeHistory': [], 'TotalSysCpuTimeHistory': [], 'WallDurations': [], 'JobIds': [], 'State': 'unsubmitted'}, '1203': {'Retries': 0, 'Restarts': 0, 'SiteHistory': [], 'ResidentSetSize': [], 'SubmitTimes': [], 'StartTimes': [], 'EndTimes': [], 'TotalUserCpuTimeHistory': [], 'TotalSysCpuTimeHistory': [], 'WallDurations': [], 'JobIds': [], 'State': 'unsubmitted'}, '1204': {'Retries': 0, 'Restarts': 0, 'SiteHistory': [], 'ResidentSetSize': [], 'SubmitTimes': [], 'StartTimes': [], 'EndTimes': [], 'TotalUserCpuTimeHistory': [], 'TotalSysCpuTimeHistory': [], 'WallDurations': [], 'JobIds': [], 'State': 'unsubmitted'}, '1205': {'Retries': 0, 'Restarts': 0, 'SiteHistory': [], 'ResidentSetSize': [], 'SubmitTimes': [], 'StartTimes': [], 'EndTimes': [], 'TotalUserCpuTimeHistory': [], 'TotalSysCpuTimeHistory': [], 'WallDurations': [], 'JobIds': [], 'State': 'unsubmitted'}, '1206': {'Retries': 0, 'Restarts': 0, 'SiteHistory': [], 'ResidentSetSize': [], 'SubmitTimes': [], 'StartTimes': [], 'EndTimes': [], 'TotalUserCpuTimeHistory': [], 'TotalSysCpuTimeHistory': [], 'WallDurations': [], 'JobIds': [], 'State': 'unsubmitted'}, '1207': {'Retries': 0, 'Restarts': 0, 'SiteHistory': [], 'ResidentSetSize': [], 'SubmitTimes': [], 'StartTimes': [], 'EndTimes': [], 'TotalUserCpuTimeHistory': [], 'TotalSysCpuTimeHistory': [], 'WallDurations': [], 'JobIds': [], 'State': 'unsubmitted'}, '1208': {'Retries': 0, 'Restarts': 0, 'SiteHistory': [], 'ResidentSetSize': [], 'SubmitTimes': [], 'StartTimes': [], 'EndTimes': [], 'TotalUserCpuTimeHistory': [], 'TotalSysCpuTimeHistory': [], 'WallDurations': [], 'JobIds': [], 'State': 'unsubmitted'}, '1209': {'Retries': 0, 'Restarts': 0, 'SiteHistory': [], 'ResidentSetSize': [], 'SubmitTimes': [], 'StartTimes': [], 'EndTimes': [], 'TotalUserCpuTimeHistory': [], 'TotalSysCpuTimeHistory': [], 'WallDurations': [], 'JobIds': [], 'State': 'unsubmitted'}, '1210': {'Retries': 0, 'Restarts': 0, 'SiteHistory': [], 'ResidentSetSize': [], 'SubmitTimes': [], 'StartTimes': [], 'EndTimes': [], 'TotalUserCpuTimeHistory': [], 'TotalSysCpuTimeHistory': [], 'WallDurations': [], 'JobIds': [], 'State': 'unsubmitted'}, '1211': {'Retries': 0, 'Restarts': 0, 'SiteHistory': [], 'ResidentSetSize': [], 'SubmitTimes': [], 'StartTimes': [], 'EndTimes': [], 'TotalUserCpuTimeHistory': [], 'TotalSysCpuTimeHistory': [], 'WallDurations': [], 'JobIds': [], 'State': 'unsubmitted'}, '1212': {'Retries': 0, 'Restarts': 0, 'SiteHistory': [], 'ResidentSetSize': [], 'SubmitTimes': [], 'StartTimes': [], 'EndTimes': [], 'TotalUserCpuTimeHistory': [], 'TotalSysCpuTimeHistory': [], 'WallDurations': [], 'JobIds': [], 'State': 'unsubmitted'}, '1213': {'Retries': 0, 'Restarts': 0, 'SiteHistory': [], 'ResidentSetSize': [], 'SubmitTimes': [], 'StartTimes': [], 'EndTimes': [], 'TotalUserCpuTimeHistory': [], 'TotalSysCpuTimeHistory': [], 'WallDurations': [], 'JobIds': [], 'State': 'unsubmitted'}, '1214': {'Retries': 0, 'Restarts': 0, 'SiteHistory': [], 'ResidentSetSize': [], 'SubmitTimes': [], 'StartTimes': [], 'EndTimes': [], 'TotalUserCpuTimeHistory': [], 'TotalSysCpuTimeHistory': [], 'WallDurations': [], 'JobIds': [], 'State': 'unsubmitted'}, '1215': {'Retries': 0, 'Restarts': 0, 'SiteHistory': [], 'ResidentSetSize': [], 'SubmitTimes': [], 'StartTimes': [], 'EndTimes': [], 'TotalUserCpuTimeHistory': [], 'TotalSysCpuTimeHistory': [], 'WallDurations': [], 'JobIds': [], 'State': 'unsubmitted'}, '1216': {'Retries': 0, 'Restarts': 0, 'SiteHistory': [], 'ResidentSetSize': [], 'SubmitTimes': [], 'StartTimes': [], 'EndTimes': [], 'TotalUserCpuTimeHistory': [], 'TotalSysCpuTimeHistory': [], 'WallDurations': [], 'JobIds': [], 'State': 'unsubmitted'}, '1217': {'Retries': 0, 'Restarts': 0, 'SiteHistory': [], 'ResidentSetSize': [], 'SubmitTimes': [], 'StartTimes': [], 'EndTimes': [], 'TotalUserCpuTimeHistory': [], 'TotalSysCpuTimeHistory': [], 'WallDurations': [], 'JobIds': [], 'State': 'unsubmitted'}, '1218': {'Retries': 0, 'Restarts': 0, 'SiteHistory': [], 'ResidentSetSize': [], 'SubmitTimes': [], 'StartTimes': [], 'EndTimes': [], 'TotalUserCpuTimeHistory': [], 'TotalSysCpuTimeHistory': [], 'WallDurations': [], 'JobIds': [], 'State': 'unsubmitted'}, '1219': {'Retries': 0, 'Restarts': 0, 'SiteHistory': [], 'ResidentSetSize': [], 'SubmitTimes': [], 'StartTimes': [], 'EndTimes': [], 'TotalUserCpuTimeHistory': [], 'TotalSysCpuTimeHistory': [], 'WallDurations': [], 'JobIds': [], 'State': 'unsubmitted'}, '1220': {'Retries': 0, 'Restarts': 0, 'SiteHistory': [], 'ResidentSetSize': [], 'SubmitTimes': [], 'StartTimes': [], 'EndTimes': [], 'TotalUserCpuTimeHistory': [], 'TotalSysCpuTimeHistory': [], 'WallDurations': [], 'JobIds': [], 'State': 'unsubmitted'}, '1221': {'Retries': 0, 'Restarts': 0, 'SiteHistory': [], 'ResidentSetSize': [], 'SubmitTimes': [], 'StartTimes': [], 'EndTimes': [], 'TotalUserCpuTimeHistory': [], 'TotalSysCpuTimeHistory': [], 'WallDurations': [], 'JobIds': [], 'State': 'unsubmitted'}, '1222': {'Retries': 0, 'Restarts': 0, 'SiteHistory': [], 'ResidentSetSize': [], 'SubmitTimes': [], 'StartTimes': [], 'EndTimes': [], 'TotalUserCpuTimeHistory': [], 'TotalSysCpuTimeHistory': [], 'WallDurations': [], 'JobIds': [], 'State': 'unsubmitted'}, '1223': {'Retries': 0, 'Restarts': 0, 'SiteHistory': [], 'ResidentSetSize': [], 'SubmitTimes': [], 'StartTimes': [], 'EndTimes': [], 'TotalUserCpuTimeHistory': [], 'TotalSysCpuTimeHistory': [], 'WallDurations': [], 'JobIds': [], 'State': 'unsubmitted'}, '1224': {'Retries': 0, 'Restarts': 0, 'SiteHistory': [], 'ResidentSetSize': [], 'SubmitTimes': [], 'StartTimes': [], 'EndTimes': [], 'TotalUserCpuTimeHistory': [], 'TotalSysCpuTimeHistory': [], 'WallDurations': [], 'JobIds': [], 'State': 'unsubmitted'}, '1225': {'Retries': 0, 'Restarts': 0, 'SiteHistory': [], 'ResidentSetSize': [], 'SubmitTimes': [], 'StartTimes': [], 'EndTimes': [], 'TotalUserCpuTimeHistory': [], 'TotalSysCpuTimeHistory': [], 'WallDurations': [], 'JobIds': [], 'State': 'unsubmitted'}, '1226': {'Retries': 0, 'Restarts': 0, 'SiteHistory': [], 'ResidentSetSize': [], 'SubmitTimes': [], 'StartTimes': [], 'EndTimes': [], 'TotalUserCpuTimeHistory': [], 'TotalSysCpuTimeHistory': [], 'WallDurations': [], 'JobIds': [], 'State': 'unsubmitted'}, '1227': {'Retries': 0, 'Restarts': 0, 'SiteHistory': [], 'ResidentSetSize': [], 'SubmitTimes': [], 'StartTimes': [], 'EndTimes': [], 'TotalUserCpuTimeHistory': [], 'TotalSysCpuTimeHistory': [], 'WallDurations': [], 'JobIds': [], 'State': 'unsubmitted'}, '1228': {'Retries': 0, 'Restarts': 0, 'SiteHistory': [], 'ResidentSetSize': [], 'SubmitTimes': [], 'StartTimes': [], 'EndTimes': [], 'TotalUserCpuTimeHistory': [], 'TotalSysCpuTimeHistory': [], 'WallDurations': [], 'JobIds': [], 'State': 'unsubmitted'}, '1229': {'Retries': 0, 'Restarts': 0, 'SiteHistory': [], 'ResidentSetSize': [], 'SubmitTimes': [], 'StartTimes': [], 'EndTimes': [], 'TotalUserCpuTimeHistory': [], 'TotalSysCpuTimeHistory': [], 'WallDurations': [], 'JobIds': [], 'State': 'unsubmitted'}, '1230': {'Retries': 0, 'Restarts': 0, 'SiteHistory': [], 'ResidentSetSize': [], 'SubmitTimes': [], 'StartTimes': [], 'EndTimes': [], 'TotalUserCpuTimeHistory': [], 'TotalSysCpuTimeHistory': [], 'WallDurations': [], 'JobIds': [], 'State': 'unsubmitted'}, '1231': {'Retries': 0, 'Restarts': 0, 'SiteHistory': [], 'ResidentSetSize': [], 'SubmitTimes': [], 'StartTimes': [], 'EndTimes': [], 'TotalUserCpuTimeHistory': [], 'TotalSysCpuTimeHistory': [], 'WallDurations': [], 'JobIds': [], 'State': 'unsubmitted'}, '1232': {'Retries': 0, 'Restarts': 0, 'SiteHistory': [], 'ResidentSetSize': [], 'SubmitTimes': [], 'StartTimes': [], 'EndTimes': [], 'TotalUserCpuTimeHistory': [], 'TotalSysCpuTimeHistory': [], 'WallDurations': [], 'JobIds': [], 'State': 'unsubmitted'}, '1233': {'Retries': 0, 'Restarts': 0, 'SiteHistory': [], 'ResidentSetSize': [], 'SubmitTimes': [], 'StartTimes': [], 'EndTimes': [], 'TotalUserCpuTimeHistory': [], 'TotalSysCpuTimeHistory': [], 'WallDurations': [], 'JobIds': [], 'State': 'unsubmitted'}, '1234': {'Retries': 0, 'Restarts': 0, 'SiteHistory': [], 'ResidentSetSize': [], 'SubmitTimes': [], 'StartTimes': [], 'EndTimes': [], 'TotalUserCpuTimeHistory': [], 'TotalSysCpuTimeHistory': [], 'WallDurations': [], 'JobIds': [], 'State': 'unsubmitted'}, '1235': {'Retries': 0, 'Restarts': 0, 'SiteHistory': [], 'ResidentSetSize': [], 'SubmitTimes': [], 'StartTimes': [], 'EndTimes': [], 'TotalUserCpuTimeHistory': [], 'TotalSysCpuTimeHistory': [], 'WallDurations': [], 'JobIds': [], 'State': 'unsubmitted'}, '1236': {'Retries': 0, 'Restarts': 0, 'SiteHistory': [], 'ResidentSetSize': [], 'SubmitTimes': [], 'StartTimes': [], 'EndTimes': [], 'TotalUserCpuTimeHistory': [], 'TotalSysCpuTimeHistory': [], 'WallDurations': [], 'JobIds': [], 'State': 'unsubmitted'}, '1237': {'Retries': 0, 'Restarts': 0, 'SiteHistory': [], 'ResidentSetSize': [], 'SubmitTimes': [], 'StartTimes': [], 'EndTimes': [], 'TotalUserCpuTimeHistory': [], 'TotalSysCpuTimeHistory': [], 'WallDurations': [], 'JobIds': [], 'State': 'unsubmitted'}, '1238': {'Retries': 0, 'Restarts': 0, 'SiteHistory': [], 'ResidentSetSize': [], 'SubmitTimes': [], 'StartTimes': [], 'EndTimes': [], 'TotalUserCpuTimeHistory': [], 'TotalSysCpuTimeHistory': [], 'WallDurations': [], 'JobIds': [], 'State': 'unsubmitted'}, '1239': {'Retries': 0, 'Restarts': 0, 'SiteHistory': [], 'ResidentSetSize': [], 'SubmitTimes': [], 'StartTimes': [], 'EndTimes': [], 'TotalUserCpuTimeHistory': [], 'TotalSysCpuTimeHistory': [], 'WallDurations': [], 'JobIds': [], 'State': 'unsubmitted'}, '1240': {'Retries': 0, 'Restarts': 0, 'SiteHistory': [], 'ResidentSetSize': [], 'SubmitTimes': [], 'StartTimes': [], 'EndTimes': [], 'TotalUserCpuTimeHistory': [], 'TotalSysCpuTimeHistory': [], 'WallDurations': [], 'JobIds': [], 'State': 'unsubmitted'}, '1241': {'Retries': 0, 'Restarts': 0, 'SiteHistory': [], 'ResidentSetSize': [], 'SubmitTimes': [], 'StartTimes': [], 'EndTimes': [], 'TotalUserCpuTimeHistory': [], 'TotalSysCpuTimeHistory': [], 'WallDurations': [], 'JobIds': [], 'State': 'unsubmitted'}, '1242': {'Retries': 0, 'Restarts': 0, 'SiteHistory': [], 'ResidentSetSize': [], 'SubmitTimes': [], 'StartTimes': [], 'EndTimes': [], 'TotalUserCpuTimeHistory': [], 'TotalSysCpuTimeHistory': [], 'WallDurations': [], 'JobIds': [], 'State': 'unsubmitted'}, '1243': {'Retries': 0, 'Restarts': 0, 'SiteHistory': [], 'ResidentSetSize': [], 'SubmitTimes': [], 'StartTimes': [], 'EndTimes': [], 'TotalUserCpuTimeHistory': [], 'TotalSysCpuTimeHistory': [], 'WallDurations': [], 'JobIds': [], 'State': 'unsubmitted'}, '1244': {'Retries': 0, 'Restarts': 0, 'SiteHistory': [], 'ResidentSetSize': [], 'SubmitTimes': [], 'StartTimes': [], 'EndTimes': [], 'TotalUserCpuTimeHistory': [], 'TotalSysCpuTimeHistory': [], 'WallDurations': [], 'JobIds': [], 'State': 'unsubmitted'}, '1245': {'Retries': 0, 'Restarts': 0, 'SiteHistory': [], 'ResidentSetSize': [], 'SubmitTimes': [], 'StartTimes': [], 'EndTimes': [], 'TotalUserCpuTimeHistory': [], 'TotalSysCpuTimeHistory': [], 'WallDurations': [], 'JobIds': [], 'State': 'unsubmitted'}, '1246': {'Retries': 0, 'Restarts': 0, 'SiteHistory': [], 'ResidentSetSize': [], 'SubmitTimes': [], 'StartTimes': [], 'EndTimes': [], 'TotalUserCpuTimeHistory': [], 'TotalSysCpuTimeHistory': [], 'WallDurations': [], 'JobIds': [], 'State': 'unsubmitted'}, '1247': {'Retries': 0, 'Restarts': 0, 'SiteHistory': [], 'ResidentSetSize': [], 'SubmitTimes': [], 'StartTimes': [], 'EndTimes': [], 'TotalUserCpuTimeHistory': [], 'TotalSysCpuTimeHistory': [], 'WallDurations': [], 'JobIds': [], 'State': 'unsubmitted'}, '1248': {'Retries': 0, 'Restarts': 0, 'SiteHistory': [], 'ResidentSetSize': [], 'SubmitTimes': [], 'StartTimes': [], 'EndTimes': [], 'TotalUserCpuTimeHistory': [], 'TotalSysCpuTimeHistory': [], 'WallDurations': [], 'JobIds': [], 'State': 'unsubmitted'}, '1249': {'Retries': 0, 'Restarts': 0, 'SiteHistory': [], 'ResidentSetSize': [], 'SubmitTimes': [], 'StartTimes': [], 'EndTimes': [], 'TotalUserCpuTimeHistory': [], 'TotalSysCpuTimeHistory': [], 'WallDurations': [], 'JobIds': [], 'State': 'unsubmitted'}, '1250': {'Retries': 0, 'Restarts': 0, 'SiteHistory': [], 'ResidentSetSize': [], 'SubmitTimes': [], 'StartTimes': [], 'EndTimes': [], 'TotalUserCpuTimeHistory': [], 'TotalSysCpuTimeHistory': [], 'WallDurations': [], 'JobIds': [], 'State': 'unsubmitted'}, '1251': {'Retries': 0, 'Restarts': 0, 'SiteHistory': [], 'ResidentSetSize': [], 'SubmitTimes': [], 'StartTimes': [], 'EndTimes': [], 'TotalUserCpuTimeHistory': [], 'TotalSysCpuTimeHistory': [], 'WallDurations': [], 'JobIds': [], 'State': 'unsubmitted'}, '1252': {'Retries': 0, 'Restarts': 0, 'SiteHistory': [], 'ResidentSetSize': [], 'SubmitTimes': [], 'StartTimes': [], 'EndTimes': [], 'TotalUserCpuTimeHistory': [], 'TotalSysCpuTimeHistory': [], 'WallDurations': [], 'JobIds': [], 'State': 'unsubmitted'}, '1253': {'Retries': 0, 'Restarts': 0, 'SiteHistory': [], 'ResidentSetSize': [], 'SubmitTimes': [], 'StartTimes': [], 'EndTimes': [], 'TotalUserCpuTimeHistory': [], 'TotalSysCpuTimeHistory': [], 'WallDurations': [], 'JobIds': [], 'State': 'unsubmitted'}, '1254': {'Retries': 0, 'Restarts': 0, 'SiteHistory': [], 'ResidentSetSize': [], 'SubmitTimes': [], 'StartTimes': [], 'EndTimes': [], 'TotalUserCpuTimeHistory': [], 'TotalSysCpuTimeHistory': [], 'WallDurations': [], 'JobIds': [], 'State': 'unsubmitted'}, '1255': {'Retries': 0, 'Restarts': 0, 'SiteHistory': [], 'ResidentSetSize': [], 'SubmitTimes': [], 'StartTimes': [], 'EndTimes': [], 'TotalUserCpuTimeHistory': [], 'TotalSysCpuTimeHistory': [], 'WallDurations': [], 'JobIds': [], 'State': 'unsubmitted'}, '1256': {'Retries': 0, 'Restarts': 0, 'SiteHistory': [], 'ResidentSetSize': [], 'SubmitTimes': [], 'StartTimes': [], 'EndTimes': [], 'TotalUserCpuTimeHistory': [], 'TotalSysCpuTimeHistory': [], 'WallDurations': [], 'JobIds': [], 'State': 'unsubmitted'}, '1257': {'Retries': 0, 'Restarts': 0, 'SiteHistory': [], 'ResidentSetSize': [], 'SubmitTimes': [], 'StartTimes': [], 'EndTimes': [], 'TotalUserCpuTimeHistory': [], 'TotalSysCpuTimeHistory': [], 'WallDurations': [], 'JobIds': [], 'State': 'unsubmitted'}, '1258': {'Retries': 0, 'Restarts': 0, 'SiteHistory': [], 'ResidentSetSize': [], 'SubmitTimes': [], 'StartTimes': [], 'EndTimes': [], 'TotalUserCpuTimeHistory': [], 'TotalSysCpuTimeHistory': [], 'WallDurations': [], 'JobIds': [], 'State': 'unsubmitted'}, '1259': {'Retries': 0, 'Restarts': 0, 'SiteHistory': [], 'ResidentSetSize': [], 'SubmitTimes': [], 'StartTimes': [], 'EndTimes': [], 'TotalUserCpuTimeHistory': [], 'TotalSysCpuTimeHistory': [], 'WallDurations': [], 'JobIds': [], 'State': 'unsubmitted'}, '1260': {'Retries': 0, 'Restarts': 0, 'SiteHistory': [], 'ResidentSetSize': [], 'SubmitTimes': [], 'StartTimes': [], 'EndTimes': [], 'TotalUserCpuTimeHistory': [], 'TotalSysCpuTimeHistory': [], 'WallDurations': [], 'JobIds': [], 'State': 'unsubmitted'}, '1261': {'Retries': 0, 'Restarts': 0, 'SiteHistory': [], 'ResidentSetSize': [], 'SubmitTimes': [], 'StartTimes': [], 'EndTimes': [], 'TotalUserCpuTimeHistory': [], 'TotalSysCpuTimeHistory': [], 'WallDurations': [], 'JobIds': [], 'State': 'unsubmitted'}, '1262': {'Retries': 0, 'Restarts': 0, 'SiteHistory': [], 'ResidentSetSize': [], 'SubmitTimes': [], 'StartTimes': [], 'EndTimes': [], 'TotalUserCpuTimeHistory': [], 'TotalSysCpuTimeHistory': [], 'WallDurations': [], 'JobIds': [], 'State': 'unsubmitted'}, '1263': {'Retries': 0, 'Restarts': 0, 'SiteHistory': [], 'ResidentSetSize': [], 'SubmitTimes': [], 'StartTimes': [], 'EndTimes': [], 'TotalUserCpuTimeHistory': [], 'TotalSysCpuTimeHistory': [], 'WallDurations': [], 'JobIds': [], 'State': 'unsubmitted'}, '1264': {'Retries': 0, 'Restarts': 0, 'SiteHistory': [], 'ResidentSetSize': [], 'SubmitTimes': [], 'StartTimes': [], 'EndTimes': [], 'TotalUserCpuTimeHistory': [], 'TotalSysCpuTimeHistory': [], 'WallDurations': [], 'JobIds': [], 'State': 'unsubmitted'}, '1265': {'Retries': 0, 'Restarts': 0, 'SiteHistory': [], 'ResidentSetSize': [], 'SubmitTimes': [], 'StartTimes': [], 'EndTimes': [], 'TotalUserCpuTimeHistory': [], 'TotalSysCpuTimeHistory': [], 'WallDurations': [], 'JobIds': [], 'State': 'unsubmitted'}, '1266': {'Retries': 0, 'Restarts': 0, 'SiteHistory': [], 'ResidentSetSize': [], 'SubmitTimes': [], 'StartTimes': [], 'EndTimes': [], 'TotalUserCpuTimeHistory': [], 'TotalSysCpuTimeHistory': [], 'WallDurations': [], 'JobIds': [], 'State': 'unsubmitted'}, '1267': {'Retries': 0, 'Restarts': 0, 'SiteHistory': [], 'ResidentSetSize': [], 'SubmitTimes': [], 'StartTimes': [], 'EndTimes': [], 'TotalUserCpuTimeHistory': [], 'TotalSysCpuTimeHistory': [], 'WallDurations': [], 'JobIds': [], 'State': 'unsubmitted'}, '1268': {'Retries': 0, 'Restarts': 0, 'SiteHistory': [], 'ResidentSetSize': [], 'SubmitTimes': [], 'StartTimes': [], 'EndTimes': [], 'TotalUserCpuTimeHistory': [], 'TotalSysCpuTimeHistory': [], 'WallDurations': [], 'JobIds': [], 'State': 'unsubmitted'}, '1269': {'Retries': 0, 'Restarts': 0, 'SiteHistory': [], 'ResidentSetSize': [], 'SubmitTimes': [], 'StartTimes': [], 'EndTimes': [], 'TotalUserCpuTimeHistory': [], 'TotalSysCpuTimeHistory': [], 'WallDurations': [], 'JobIds': [], 'State': 'unsubmitted'}, '1270': {'Retries': 0, 'Restarts': 0, 'SiteHistory': [], 'ResidentSetSize': [], 'SubmitTimes': [], 'StartTimes': [], 'EndTimes': [], 'TotalUserCpuTimeHistory': [], 'TotalSysCpuTimeHistory': [], 'WallDurations': [], 'JobIds': [], 'State': 'unsubmitted'}, '1271': {'Retries': 0, 'Restarts': 0, 'SiteHistory': [], 'ResidentSetSize': [], 'SubmitTimes': [], 'StartTimes': [], 'EndTimes': [], 'TotalUserCpuTimeHistory': [], 'TotalSysCpuTimeHistory': [], 'WallDurations': [], 'JobIds': [], 'State': 'unsubmitted'}, '1272': {'Retries': 0, 'Restarts': 0, 'SiteHistory': [], 'ResidentSetSize': [], 'SubmitTimes': [], 'StartTimes': [], 'EndTimes': [], 'TotalUserCpuTimeHistory': [], 'TotalSysCpuTimeHistory': [], 'WallDurations': [], 'JobIds': [], 'State': 'unsubmitted'}, '1273': {'Retries': 0, 'Restarts': 0, 'SiteHistory': [], 'ResidentSetSize': [], 'SubmitTimes': [], 'StartTimes': [], 'EndTimes': [], 'TotalUserCpuTimeHistory': [], 'TotalSysCpuTimeHistory': [], 'WallDurations': [], 'JobIds': [], 'State': 'unsubmitted'}, '1274': {'Retries': 0, 'Restarts': 0, 'SiteHistory': [], 'ResidentSetSize': [], 'SubmitTimes': [], 'StartTimes': [], 'EndTimes': [], 'TotalUserCpuTimeHistory': [], 'TotalSysCpuTimeHistory': [], 'WallDurations': [], 'JobIds': [], 'State': 'unsubmitted'}, '1275': {'Retries': 0, 'Restarts': 0, 'SiteHistory': [], 'ResidentSetSize': [], 'SubmitTimes': [], 'StartTimes': [], 'EndTimes': [], 'TotalUserCpuTimeHistory': [], 'TotalSysCpuTimeHistory': [], 'WallDurations': [], 'JobIds': [], 'State': 'unsubmitted'}, '1276': {'Retries': 0, 'Restarts': 0, 'SiteHistory': [], 'ResidentSetSize': [], 'SubmitTimes': [], 'StartTimes': [], 'EndTimes': [], 'TotalUserCpuTimeHistory': [], 'TotalSysCpuTimeHistory': [], 'WallDurations': [], 'JobIds': [], 'State': 'unsubmitted'}, '1277': {'Retries': 0, 'Restarts': 0, 'SiteHistory': [], 'ResidentSetSize': [], 'SubmitTimes': [], 'StartTimes': [], 'EndTimes': [], 'TotalUserCpuTimeHistory': [], 'TotalSysCpuTimeHistory': [], 'WallDurations': [], 'JobIds': [], 'State': 'unsubmitted'}, '1278': {'Retries': 0, 'Restarts': 0, 'SiteHistory': [], 'ResidentSetSize': [], 'SubmitTimes': [], 'StartTimes': [], 'EndTimes': [], 'TotalUserCpuTimeHistory': [], 'TotalSysCpuTimeHistory': [], 'WallDurations': [], 'JobIds': [], 'State': 'unsubmitted'}, '1279': {'Retries': 0, 'Restarts': 0, 'SiteHistory': [], 'ResidentSetSize': [], 'SubmitTimes': [], 'StartTimes': [], 'EndTimes': [], 'TotalUserCpuTimeHistory': [], 'TotalSysCpuTimeHistory': [], 'WallDurations': [], 'JobIds': [], 'State': 'unsubmitted'}, '1280': {'Retries': 0, 'Restarts': 0, 'SiteHistory': [], 'ResidentSetSize': [], 'SubmitTimes': [], 'StartTimes': [], 'EndTimes': [], 'TotalUserCpuTimeHistory': [], 'TotalSysCpuTimeHistory': [], 'WallDurations': [], 'JobIds': [], 'State': 'unsubmitted'}, '1281': {'Retries': 0, 'Restarts': 0, 'SiteHistory': [], 'ResidentSetSize': [], 'SubmitTimes': [], 'StartTimes': [], 'EndTimes': [], 'TotalUserCpuTimeHistory': [], 'TotalSysCpuTimeHistory': [], 'WallDurations': [], 'JobIds': [], 'State': 'unsubmitted'}, '1282': {'Retries': 0, 'Restarts': 0, 'SiteHistory': [], 'ResidentSetSize': [], 'SubmitTimes': [], 'StartTimes': [], 'EndTimes': [], 'TotalUserCpuTimeHistory': [], 'TotalSysCpuTimeHistory': [], 'WallDurations': [], 'JobIds': [], 'State': 'unsubmitted'}, '1283': {'Retries': 0, 'Restarts': 0, 'SiteHistory': [], 'ResidentSetSize': [], 'SubmitTimes': [], 'StartTimes': [], 'EndTimes': [], 'TotalUserCpuTimeHistory': [], 'TotalSysCpuTimeHistory': [], 'WallDurations': [], 'JobIds': [], 'State': 'unsubmitted'}, '1284': {'Retries': 0, 'Restarts': 0, 'SiteHistory': [], 'ResidentSetSize': [], 'SubmitTimes': [], 'StartTimes': [], 'EndTimes': [], 'TotalUserCpuTimeHistory': [], 'TotalSysCpuTimeHistory': [], 'WallDurations': [], 'JobIds': [], 'State': 'unsubmitted'}, '1285': {'Retries': 0, 'Restarts': 0, 'SiteHistory': [], 'ResidentSetSize': [], 'SubmitTimes': [], 'StartTimes': [], 'EndTimes': [], 'TotalUserCpuTimeHistory': [], 'TotalSysCpuTimeHistory': [], 'WallDurations': [], 'JobIds': [], 'State': 'unsubmitted'}, '1286': {'Retries': 0, 'Restarts': 0, 'SiteHistory': [], 'ResidentSetSize': [], 'SubmitTimes': [], 'StartTimes': [], 'EndTimes': [], 'TotalUserCpuTimeHistory': [], 'TotalSysCpuTimeHistory': [], 'WallDurations': [], 'JobIds': [], 'State': 'unsubmitted'}, '1287': {'Retries': 0, 'Restarts': 0, 'SiteHistory': [], 'ResidentSetSize': [], 'SubmitTimes': [], 'StartTimes': [], 'EndTimes': [], 'TotalUserCpuTimeHistory': [], 'TotalSysCpuTimeHistory': [], 'WallDurations': [], 'JobIds': [], 'State': 'unsubmitted'}, '1288': {'Retries': 0, 'Restarts': 0, 'SiteHistory': [], 'ResidentSetSize': [], 'SubmitTimes': [], 'StartTimes': [], 'EndTimes': [], 'TotalUserCpuTimeHistory': [], 'TotalSysCpuTimeHistory': [], 'WallDurations': [], 'JobIds': [], 'State': 'unsubmitted'}, '1289': {'Retries': 0, 'Restarts': 0, 'SiteHistory': [], 'ResidentSetSize': [], 'SubmitTimes': [], 'StartTimes': [], 'EndTimes': [], 'TotalUserCpuTimeHistory': [], 'TotalSysCpuTimeHistory': [], 'WallDurations': [], 'JobIds': [], 'State': 'unsubmitted'}, '1290': {'Retries': 0, 'Restarts': 0, 'SiteHistory': [], 'ResidentSetSize': [], 'SubmitTimes': [], 'StartTimes': [], 'EndTimes': [], 'TotalUserCpuTimeHistory': [], 'TotalSysCpuTimeHistory': [], 'WallDurations': [], 'JobIds': [], 'State': 'unsubmitted'}, '1291': {'Retries': 0, 'Restarts': 0, 'SiteHistory': [], 'ResidentSetSize': [], 'SubmitTimes': [], 'StartTimes': [], 'EndTimes': [], 'TotalUserCpuTimeHistory': [], 'TotalSysCpuTimeHistory': [], 'WallDurations': [], 'JobIds': [], 'State': 'unsubmitted'}, '1292': {'Retries': 0, 'Restarts': 0, 'SiteHistory': [], 'ResidentSetSize': [], 'SubmitTimes': [], 'StartTimes': [], 'EndTimes': [], 'TotalUserCpuTimeHistory': [], 'TotalSysCpuTimeHistory': [], 'WallDurations': [], 'JobIds': [], 'State': 'unsubmitted'}, '1293': {'Retries': 0, 'Restarts': 0, 'SiteHistory': [], 'ResidentSetSize': [], 'SubmitTimes': [], 'StartTimes': [], 'EndTimes': [], 'TotalUserCpuTimeHistory': [], 'TotalSysCpuTimeHistory': [], 'WallDurations': [], 'JobIds': [], 'State': 'unsubmitted'}, '1294': {'Retries': 0, 'Restarts': 0, 'SiteHistory': [], 'ResidentSetSize': [], 'SubmitTimes': [], 'StartTimes': [], 'EndTimes': [], 'TotalUserCpuTimeHistory': [], 'TotalSysCpuTimeHistory': [], 'WallDurations': [], 'JobIds': [], 'State': 'unsubmitted'}, '1295': {'Retries': 0, 'Restarts': 0, 'SiteHistory': [], 'ResidentSetSize': [], 'SubmitTimes': [], 'StartTimes': [], 'EndTimes': [], 'TotalUserCpuTimeHistory': [], 'TotalSysCpuTimeHistory': [], 'WallDurations': [], 'JobIds': [], 'State': 'unsubmitted'}, '1296': {'Retries': 0, 'Restarts': 0, 'SiteHistory': [], 'ResidentSetSize': [], 'SubmitTimes': [], 'StartTimes': [], 'EndTimes': [], 'TotalUserCpuTimeHistory': [], 'TotalSysCpuTimeHistory': [], 'WallDurations': [], 'JobIds': [], 'State': 'unsubmitted'}, '1297': {'Retries': 0, 'Restarts': 0, 'SiteHistory': [], 'ResidentSetSize': [], 'SubmitTimes': [], 'StartTimes': [], 'EndTimes': [], 'TotalUserCpuTimeHistory': [], 'TotalSysCpuTimeHistory': [], 'WallDurations': [], 'JobIds': [], 'State': 'unsubmitted'}, '1298': {'Retries': 0, 'Restarts': 0, 'SiteHistory': [], 'ResidentSetSize': [], 'SubmitTimes': [], 'StartTimes': [], 'EndTimes': [], 'TotalUserCpuTimeHistory': [], 'TotalSysCpuTimeHistory': [], 'WallDurations': [], 'JobIds': [], 'State': 'unsubmitted'}, '1299': {'Retries': 0, 'Restarts': 0, 'SiteHistory': [], 'ResidentSetSize': [], 'SubmitTimes': [], 'StartTimes': [], 'EndTimes': [], 'TotalUserCpuTimeHistory': [], 'TotalSysCpuTimeHistory': [], 'WallDurations': [], 'JobIds': [], 'State': 'unsubmitted'}, '1300': {'Retries': 0, 'Restarts': 0, 'SiteHistory': [], 'ResidentSetSize': [], 'SubmitTimes': [], 'StartTimes': [], 'EndTimes': [], 'TotalUserCpuTimeHistory': [], 'TotalSysCpuTimeHistory': [], 'WallDurations': [], 'JobIds': [], 'State': 'unsubmitted'}, '1301': {'Retries': 0, 'Restarts': 0, 'SiteHistory': [], 'ResidentSetSize': [], 'SubmitTimes': [], 'StartTimes': [], 'EndTimes': [], 'TotalUserCpuTimeHistory': [], 'TotalSysCpuTimeHistory': [], 'WallDurations': [], 'JobIds': [], 'State': 'unsubmitted'}, '1302': {'Retries': 0, 'Restarts': 0, 'SiteHistory': [], 'ResidentSetSize': [], 'SubmitTimes': [], 'StartTimes': [], 'EndTimes': [], 'TotalUserCpuTimeHistory': [], 'TotalSysCpuTimeHistory': [], 'WallDurations': [], 'JobIds': [], 'State': 'unsubmitted'}, '1303': {'Retries': 0, 'Restarts': 0, 'SiteHistory': [], 'ResidentSetSize': [], 'SubmitTimes': [], 'StartTimes': [], 'EndTimes': [], 'TotalUserCpuTimeHistory': [], 'TotalSysCpuTimeHistory': [], 'WallDurations': [], 'JobIds': [], 'State': 'unsubmitted'}, '1304': {'Retries': 0, 'Restarts': 0, 'SiteHistory': [], 'ResidentSetSize': [], 'SubmitTimes': [], 'StartTimes': [], 'EndTimes': [], 'TotalUserCpuTimeHistory': [], 'TotalSysCpuTimeHistory': [], 'WallDurations': [], 'JobIds': [], 'State': 'unsubmitted'}, '1305': {'Retries': 0, 'Restarts': 0, 'SiteHistory': [], 'ResidentSetSize': [], 'SubmitTimes': [], 'StartTimes': [], 'EndTimes': [], 'TotalUserCpuTimeHistory': [], 'TotalSysCpuTimeHistory': [], 'WallDurations': [], 'JobIds': [], 'State': 'unsubmitted'}, '1306': {'Retries': 0, 'Restarts': 0, 'SiteHistory': [], 'ResidentSetSize': [], 'SubmitTimes': [], 'StartTimes': [], 'EndTimes': [], 'TotalUserCpuTimeHistory': [], 'TotalSysCpuTimeHistory': [], 'WallDurations': [], 'JobIds': [], 'State': 'unsubmitted'}, '1307': {'Retries': 0, 'Restarts': 0, 'SiteHistory': [], 'ResidentSetSize': [], 'SubmitTimes': [], 'StartTimes': [], 'EndTimes': [], 'TotalUserCpuTimeHistory': [], 'TotalSysCpuTimeHistory': [], 'WallDurations': [], 'JobIds': [], 'State': 'unsubmitted'}, '1308': {'Retries': 0, 'Restarts': 0, 'SiteHistory': [], 'ResidentSetSize': [], 'SubmitTimes': [], 'StartTimes': [], 'EndTimes': [], 'TotalUserCpuTimeHistory': [], 'TotalSysCpuTimeHistory': [], 'WallDurations': [], 'JobIds': [], 'State': 'unsubmitted'}, '1309': {'Retries': 0, 'Restarts': 0, 'SiteHistory': [], 'ResidentSetSize': [], 'SubmitTimes': [], 'StartTimes': [], 'EndTimes': [], 'TotalUserCpuTimeHistory': [], 'TotalSysCpuTimeHistory': [], 'WallDurations': [], 'JobIds': [], 'State': 'unsubmitted'}, '1310': {'Retries': 0, 'Restarts': 0, 'SiteHistory': [], 'ResidentSetSize': [], 'SubmitTimes': [], 'StartTimes': [], 'EndTimes': [], 'TotalUserCpuTimeHistory': [], 'TotalSysCpuTimeHistory': [], 'WallDurations': [], 'JobIds': [], 'State': 'unsubmitted'}, '1311': {'Retries': 0, 'Restarts': 0, 'SiteHistory': [], 'ResidentSetSize': [], 'SubmitTimes': [], 'StartTimes': [], 'EndTimes': [], 'TotalUserCpuTimeHistory': [], 'TotalSysCpuTimeHistory': [], 'WallDurations': [], 'JobIds': [], 'State': 'unsubmitted'}, '1312': {'Retries': 0, 'Restarts': 0, 'SiteHistory': [], 'ResidentSetSize': [], 'SubmitTimes': [], 'StartTimes': [], 'EndTimes': [], 'TotalUserCpuTimeHistory': [], 'TotalSysCpuTimeHistory': [], 'WallDurations': [], 'JobIds': [], 'State': 'unsubmitted'}, '1313': {'Retries': 0, 'Restarts': 0, 'SiteHistory': [], 'ResidentSetSize': [], 'SubmitTimes': [], 'StartTimes': [], 'EndTimes': [], 'TotalUserCpuTimeHistory': [], 'TotalSysCpuTimeHistory': [], 'WallDurations': [], 'JobIds': [], 'State': 'unsubmitted'}, '1314': {'Retries': 0, 'Restarts': 0, 'SiteHistory': [], 'ResidentSetSize': [], 'SubmitTimes': [], 'StartTimes': [], 'EndTimes': [], 'TotalUserCpuTimeHistory': [], 'TotalSysCpuTimeHistory': [], 'WallDurations': [], 'JobIds': [], 'State': 'unsubmitted'}, '1315': {'Retries': 0, 'Restarts': 0, 'SiteHistory': [], 'ResidentSetSize': [], 'SubmitTimes': [], 'StartTimes': [], 'EndTimes': [], 'TotalUserCpuTimeHistory': [], 'TotalSysCpuTimeHistory': [], 'WallDurations': [], 'JobIds': [], 'State': 'unsubmitted'}, '1316': {'Retries': 0, 'Restarts': 0, 'SiteHistory': [], 'ResidentSetSize': [], 'SubmitTimes': [], 'StartTimes': [], 'EndTimes': [], 'TotalUserCpuTimeHistory': [], 'TotalSysCpuTimeHistory': [], 'WallDurations': [], 'JobIds': [], 'State': 'unsubmitted'}, '1317': {'Retries': 0, 'Restarts': 0, 'SiteHistory': [], 'ResidentSetSize': [], 'SubmitTimes': [], 'StartTimes': [], 'EndTimes': [], 'TotalUserCpuTimeHistory': [], 'TotalSysCpuTimeHistory': [], 'WallDurations': [], 'JobIds': [], 'State': 'unsubmitted'}, '1318': {'Retries': 0, 'Restarts': 0, 'SiteHistory': [], 'ResidentSetSize': [], 'SubmitTimes': [], 'StartTimes': [], 'EndTimes': [], 'TotalUserCpuTimeHistory': [], 'TotalSysCpuTimeHistory': [], 'WallDurations': [], 'JobIds': [], 'State': 'unsubmitted'}, '1319': {'Retries': 0, 'Restarts': 0, 'SiteHistory': [], 'ResidentSetSize': [], 'SubmitTimes': [], 'StartTimes': [], 'EndTimes': [], 'TotalUserCpuTimeHistory': [], 'TotalSysCpuTimeHistory': [], 'WallDurations': [], 'JobIds': [], 'State': 'unsubmitted'}, '1320': {'Retries': 0, 'Restarts': 0, 'SiteHistory': [], 'ResidentSetSize': [], 'SubmitTimes': [], 'StartTimes': [], 'EndTimes': [], 'TotalUserCpuTimeHistory': [], 'TotalSysCpuTimeHistory': [], 'WallDurations': [], 'JobIds': [], 'State': 'unsubmitted'}, '1321': {'Retries': 0, 'Restarts': 0, 'SiteHistory': [], 'ResidentSetSize': [], 'SubmitTimes': [], 'StartTimes': [], 'EndTimes': [], 'TotalUserCpuTimeHistory': [], 'TotalSysCpuTimeHistory': [], 'WallDurations': [], 'JobIds': [], 'State': 'unsubmitted'}, '1322': {'Retries': 0, 'Restarts': 0, 'SiteHistory': [], 'ResidentSetSize': [], 'SubmitTimes': [], 'StartTimes': [], 'EndTimes': [], 'TotalUserCpuTimeHistory': [], 'TotalSysCpuTimeHistory': [], 'WallDurations': [], 'JobIds': [], 'State': 'unsubmitted'}, '1323': {'Retries': 0, 'Restarts': 0, 'SiteHistory': [], 'ResidentSetSize': [], 'SubmitTimes': [], 'StartTimes': [], 'EndTimes': [], 'TotalUserCpuTimeHistory': [], 'TotalSysCpuTimeHistory': [], 'WallDurations': [], 'JobIds': [], 'State': 'unsubmitted'}, '1324': {'Retries': 0, 'Restarts': 0, 'SiteHistory': [], 'ResidentSetSize': [], 'SubmitTimes': [], 'StartTimes': [], 'EndTimes': [], 'TotalUserCpuTimeHistory': [], 'TotalSysCpuTimeHistory': [], 'WallDurations': [], 'JobIds': [], 'State': 'unsubmitted'}, '1325': {'Retries': 0, 'Restarts': 0, 'SiteHistory': [], 'ResidentSetSize': [], 'SubmitTimes': [], 'StartTimes': [], 'EndTimes': [], 'TotalUserCpuTimeHistory': [], 'TotalSysCpuTimeHistory': [], 'WallDurations': [], 'JobIds': [], 'State': 'unsubmitted'}, '1326': {'Retries': 0, 'Restarts': 0, 'SiteHistory': [], 'ResidentSetSize': [], 'SubmitTimes': [], 'StartTimes': [], 'EndTimes': [], 'TotalUserCpuTimeHistory': [], 'TotalSysCpuTimeHistory': [], 'WallDurations': [], 'JobIds': [], 'State': 'unsubmitted'}, '1327': {'Retries': 0, 'Restarts': 0, 'SiteHistory': [], 'ResidentSetSize': [], 'SubmitTimes': [], 'StartTimes': [], 'EndTimes': [], 'TotalUserCpuTimeHistory': [], 'TotalSysCpuTimeHistory': [], 'WallDurations': [], 'JobIds': [], 'State': 'unsubmitted'}, '1328': {'Retries': 0, 'Restarts': 0, 'SiteHistory': [], 'ResidentSetSize': [], 'SubmitTimes': [], 'StartTimes': [], 'EndTimes': [], 'TotalUserCpuTimeHistory': [], 'TotalSysCpuTimeHistory': [], 'WallDurations': [], 'JobIds': [], 'State': 'unsubmitted'}, '1329': {'Retries': 0, 'Restarts': 0, 'SiteHistory': [], 'ResidentSetSize': [], 'SubmitTimes': [], 'StartTimes': [], 'EndTimes': [], 'TotalUserCpuTimeHistory': [], 'TotalSysCpuTimeHistory': [], 'WallDurations': [], 'JobIds': [], 'State': 'unsubmitted'}, '1330': {'Retries': 0, 'Restarts': 0, 'SiteHistory': [], 'ResidentSetSize': [], 'SubmitTimes': [], 'StartTimes': [], 'EndTimes': [], 'TotalUserCpuTimeHistory': [], 'TotalSysCpuTimeHistory': [], 'WallDurations': [], 'JobIds': [], 'State': 'unsubmitted'}, '1331': {'Retries': 0, 'Restarts': 0, 'SiteHistory': [], 'ResidentSetSize': [], 'SubmitTimes': [], 'StartTimes': [], 'EndTimes': [], 'TotalUserCpuTimeHistory': [], 'TotalSysCpuTimeHistory': [], 'WallDurations': [], 'JobIds': [], 'State': 'unsubmitted'}, '1332': {'Retries': 0, 'Restarts': 0, 'SiteHistory': [], 'ResidentSetSize': [], 'SubmitTimes': [], 'StartTimes': [], 'EndTimes': [], 'TotalUserCpuTimeHistory': [], 'TotalSysCpuTimeHistory': [], 'WallDurations': [], 'JobIds': [], 'State': 'unsubmitted'}, '1333': {'Retries': 0, 'Restarts': 0, 'SiteHistory': [], 'ResidentSetSize': [], 'SubmitTimes': [], 'StartTimes': [], 'EndTimes': [], 'TotalUserCpuTimeHistory': [], 'TotalSysCpuTimeHistory': [], 'WallDurations': [], 'JobIds': [], 'State': 'unsubmitted'}, '1334': {'Retries': 0, 'Restarts': 0, 'SiteHistory': [], 'ResidentSetSize': [], 'SubmitTimes': [], 'StartTimes': [], 'EndTimes': [], 'TotalUserCpuTimeHistory': [], 'TotalSysCpuTimeHistory': [], 'WallDurations': [], 'JobIds': [], 'State': 'unsubmitted'}, '1335': {'Retries': 0, 'Restarts': 0, 'SiteHistory': [], 'ResidentSetSize': [], 'SubmitTimes': [], 'StartTimes': [], 'EndTimes': [], 'TotalUserCpuTimeHistory': [], 'TotalSysCpuTimeHistory': [], 'WallDurations': [], 'JobIds': [], 'State': 'unsubmitted'}, '1336': {'Retries': 0, 'Restarts': 0, 'SiteHistory': [], 'ResidentSetSize': [], 'SubmitTimes': [], 'StartTimes': [], 'EndTimes': [], 'TotalUserCpuTimeHistory': [], 'TotalSysCpuTimeHistory': [], 'WallDurations': [], 'JobIds': [], 'State': 'unsubmitted'}, '1337': {'Retries': 0, 'Restarts': 0, 'SiteHistory': [], 'ResidentSetSize': [], 'SubmitTimes': [], 'StartTimes': [], 'EndTimes': [], 'TotalUserCpuTimeHistory': [], 'TotalSysCpuTimeHistory': [], 'WallDurations': [], 'JobIds': [], 'State': 'unsubmitted'}, '1338': {'Retries': 0, 'Restarts': 0, 'SiteHistory': [], 'ResidentSetSize': [], 'SubmitTimes': [], 'StartTimes': [], 'EndTimes': [], 'TotalUserCpuTimeHistory': [], 'TotalSysCpuTimeHistory': [], 'WallDurations': [], 'JobIds': [], 'State': 'unsubmitted'}, '1339': {'Retries': 0, 'Restarts': 0, 'SiteHistory': [], 'ResidentSetSize': [], 'SubmitTimes': [], 'StartTimes': [], 'EndTimes': [], 'TotalUserCpuTimeHistory': [], 'TotalSysCpuTimeHistory': [], 'WallDurations': [], 'JobIds': [], 'State': 'unsubmitted'}, '1340': {'Retries': 0, 'Restarts': 0, 'SiteHistory': [], 'ResidentSetSize': [], 'SubmitTimes': [], 'StartTimes': [], 'EndTimes': [], 'TotalUserCpuTimeHistory': [], 'TotalSysCpuTimeHistory': [], 'WallDurations': [], 'JobIds': [], 'State': 'unsubmitted'}, '1341': {'Retries': 0, 'Restarts': 0, 'SiteHistory': [], 'ResidentSetSize': [], 'SubmitTimes': [], 'StartTimes': [], 'EndTimes': [], 'TotalUserCpuTimeHistory': [], 'TotalSysCpuTimeHistory': [], 'WallDurations': [], 'JobIds': [], 'State': 'unsubmitted'}, '1342': {'Retries': 0, 'Restarts': 0, 'SiteHistory': [], 'ResidentSetSize': [], 'SubmitTimes': [], 'StartTimes': [], 'EndTimes': [], 'TotalUserCpuTimeHistory': [], 'TotalSysCpuTimeHistory': [], 'WallDurations': [], 'JobIds': [], 'State': 'unsubmitted'}, '1343': {'Retries': 0, 'Restarts': 0, 'SiteHistory': [], 'ResidentSetSize': [], 'SubmitTimes': [], 'StartTimes': [], 'EndTimes': [], 'TotalUserCpuTimeHistory': [], 'TotalSysCpuTimeHistory': [], 'WallDurations': [], 'JobIds': [], 'State': 'unsubmitted'}, '1344': {'Retries': 0, 'Restarts': 0, 'SiteHistory': [], 'ResidentSetSize': [], 'SubmitTimes': [], 'StartTimes': [], 'EndTimes': [], 'TotalUserCpuTimeHistory': [], 'TotalSysCpuTimeHistory': [], 'WallDurations': [], 'JobIds': [], 'State': 'unsubmitted'}, '1345': {'Retries': 0, 'Restarts': 0, 'SiteHistory': [], 'ResidentSetSize': [], 'SubmitTimes': [], 'StartTimes': [], 'EndTimes': [], 'TotalUserCpuTimeHistory': [], 'TotalSysCpuTimeHistory': [], 'WallDurations': [], 'JobIds': [], 'State': 'unsubmitted'}, '1346': {'Retries': 0, 'Restarts': 0, 'SiteHistory': [], 'ResidentSetSize': [], 'SubmitTimes': [], 'StartTimes': [], 'EndTimes': [], 'TotalUserCpuTimeHistory': [], 'TotalSysCpuTimeHistory': [], 'WallDurations': [], 'JobIds': [], 'State': 'unsubmitted'}, '1347': {'Retries': 0, 'Restarts': 0, 'SiteHistory': [], 'ResidentSetSize': [], 'SubmitTimes': [], 'StartTimes': [], 'EndTimes': [], 'TotalUserCpuTimeHistory': [], 'TotalSysCpuTimeHistory': [], 'WallDurations': [], 'JobIds': [], 'State': 'unsubmitted'}, '1348': {'Retries': 0, 'Restarts': 0, 'SiteHistory': [], 'ResidentSetSize': [], 'SubmitTimes': [], 'StartTimes': [], 'EndTimes': [], 'TotalUserCpuTimeHistory': [], 'TotalSysCpuTimeHistory': [], 'WallDurations': [], 'JobIds': [], 'State': 'unsubmitted'}, '1349': {'Retries': 0, 'Restarts': 0, 'SiteHistory': [], 'ResidentSetSize': [], 'SubmitTimes': [], 'StartTimes': [], 'EndTimes': [], 'TotalUserCpuTimeHistory': [], 'TotalSysCpuTimeHistory': [], 'WallDurations': [], 'JobIds': [], 'State': 'unsubmitted'}, '1350': {'Retries': 0, 'Restarts': 0, 'SiteHistory': [], 'ResidentSetSize': [], 'SubmitTimes': [], 'StartTimes': [], 'EndTimes': [], 'TotalUserCpuTimeHistory': [], 'TotalSysCpuTimeHistory': [], 'WallDurations': [], 'JobIds': [], 'State': 'unsubmitted'}, '1351': {'Retries': 0, 'Restarts': 0, 'SiteHistory': [], 'ResidentSetSize': [], 'SubmitTimes': [], 'StartTimes': [], 'EndTimes': [], 'TotalUserCpuTimeHistory': [], 'TotalSysCpuTimeHistory': [], 'WallDurations': [], 'JobIds': [], 'State': 'unsubmitted'}, '1352': {'Retries': 0, 'Restarts': 0, 'SiteHistory': [], 'ResidentSetSize': [], 'SubmitTimes': [], 'StartTimes': [], 'EndTimes': [], 'TotalUserCpuTimeHistory': [], 'TotalSysCpuTimeHistory': [], 'WallDurations': [], 'JobIds': [], 'State': 'unsubmitted'}, '1353': {'Retries': 0, 'Restarts': 0, 'SiteHistory': [], 'ResidentSetSize': [], 'SubmitTimes': [], 'StartTimes': [], 'EndTimes': [], 'TotalUserCpuTimeHistory': [], 'TotalSysCpuTimeHistory': [], 'WallDurations': [], 'JobIds': [], 'State': 'unsubmitted'}, '1354': {'Retries': 0, 'Restarts': 0, 'SiteHistory': [], 'ResidentSetSize': [], 'SubmitTimes': [], 'StartTimes': [], 'EndTimes': [], 'TotalUserCpuTimeHistory': [], 'TotalSysCpuTimeHistory': [], 'WallDurations': [], 'JobIds': [], 'State': 'unsubmitted'}, '1355': {'Retries': 0, 'Restarts': 0, 'SiteHistory': [], 'ResidentSetSize': [], 'SubmitTimes': [], 'StartTimes': [], 'EndTimes': [], 'TotalUserCpuTimeHistory': [], 'TotalSysCpuTimeHistory': [], 'WallDurations': [], 'JobIds': [], 'State': 'unsubmitted'}, '1356': {'Retries': 0, 'Restarts': 0, 'SiteHistory': [], 'ResidentSetSize': [], 'SubmitTimes': [], 'StartTimes': [], 'EndTimes': [], 'TotalUserCpuTimeHistory': [], 'TotalSysCpuTimeHistory': [], 'WallDurations': [], 'JobIds': [], 'State': 'unsubmitted'}, '1357': {'Retries': 0, 'Restarts': 0, 'SiteHistory': [], 'ResidentSetSize': [], 'SubmitTimes': [], 'StartTimes': [], 'EndTimes': [], 'TotalUserCpuTimeHistory': [], 'TotalSysCpuTimeHistory': [], 'WallDurations': [], 'JobIds': [], 'State': 'unsubmitted'}, '1358': {'Retries': 0, 'Restarts': 0, 'SiteHistory': [], 'ResidentSetSize': [], 'SubmitTimes': [], 'StartTimes': [], 'EndTimes': [], 'TotalUserCpuTimeHistory': [], 'TotalSysCpuTimeHistory': [], 'WallDurations': [], 'JobIds': [], 'State': 'unsubmitted'}, '1359': {'Retries': 0, 'Restarts': 0, 'SiteHistory': [], 'ResidentSetSize': [], 'SubmitTimes': [], 'StartTimes': [], 'EndTimes': [], 'TotalUserCpuTimeHistory': [], 'TotalSysCpuTimeHistory': [], 'WallDurations': [], 'JobIds': [], 'State': 'unsubmitted'}, '1360': {'Retries': 0, 'Restarts': 0, 'SiteHistory': [], 'ResidentSetSize': [], 'SubmitTimes': [], 'StartTimes': [], 'EndTimes': [], 'TotalUserCpuTimeHistory': [], 'TotalSysCpuTimeHistory': [], 'WallDurations': [], 'JobIds': [], 'State': 'unsubmitted'}, '1361': {'Retries': 0, 'Restarts': 0, 'SiteHistory': [], 'ResidentSetSize': [], 'SubmitTimes': [], 'StartTimes': [], 'EndTimes': [], 'TotalUserCpuTimeHistory': [], 'TotalSysCpuTimeHistory': [], 'WallDurations': [], 'JobIds': [], 'State': 'unsubmitted'}, '1362': {'Retries': 0, 'Restarts': 0, 'SiteHistory': [], 'ResidentSetSize': [], 'SubmitTimes': [], 'StartTimes': [], 'EndTimes': [], 'TotalUserCpuTimeHistory': [], 'TotalSysCpuTimeHistory': [], 'WallDurations': [], 'JobIds': [], 'State': 'unsubmitted'}, '1363': {'Retries': 0, 'Restarts': 0, 'SiteHistory': [], 'ResidentSetSize': [], 'SubmitTimes': [], 'StartTimes': [], 'EndTimes': [], 'TotalUserCpuTimeHistory': [], 'TotalSysCpuTimeHistory': [], 'WallDurations': [], 'JobIds': [], 'State': 'unsubmitted'}, '1364': {'Retries': 0, 'Restarts': 0, 'SiteHistory': [], 'ResidentSetSize': [], 'SubmitTimes': [], 'StartTimes': [], 'EndTimes': [], 'TotalUserCpuTimeHistory': [], 'TotalSysCpuTimeHistory': [], 'WallDurations': [], 'JobIds': [], 'State': 'unsubmitted'}, '1365': {'Retries': 0, 'Restarts': 0, 'SiteHistory': [], 'ResidentSetSize': [], 'SubmitTimes': [], 'StartTimes': [], 'EndTimes': [], 'TotalUserCpuTimeHistory': [], 'TotalSysCpuTimeHistory': [], 'WallDurations': [], 'JobIds': [], 'State': 'unsubmitted'}, '1366': {'Retries': 0, 'Restarts': 0, 'SiteHistory': [], 'ResidentSetSize': [], 'SubmitTimes': [], 'StartTimes': [], 'EndTimes': [], 'TotalUserCpuTimeHistory': [], 'TotalSysCpuTimeHistory': [], 'WallDurations': [], 'JobIds': [], 'State': 'unsubmitted'}, '1367': {'Retries': 0, 'Restarts': 0, 'SiteHistory': [], 'ResidentSetSize': [], 'SubmitTimes': [], 'StartTimes': [], 'EndTimes': [], 'TotalUserCpuTimeHistory': [], 'TotalSysCpuTimeHistory': [], 'WallDurations': [], 'JobIds': [], 'State': 'unsubmitted'}, '1368': {'Retries': 0, 'Restarts': 0, 'SiteHistory': [], 'ResidentSetSize': [], 'SubmitTimes': [], 'StartTimes': [], 'EndTimes': [], 'TotalUserCpuTimeHistory': [], 'TotalSysCpuTimeHistory': [], 'WallDurations': [], 'JobIds': [], 'State': 'unsubmitted'}, '1369': {'Retries': 0, 'Restarts': 0, 'SiteHistory': [], 'ResidentSetSize': [], 'SubmitTimes': [], 'StartTimes': [], 'EndTimes': [], 'TotalUserCpuTimeHistory': [], 'TotalSysCpuTimeHistory': [], 'WallDurations': [], 'JobIds': [], 'State': 'unsubmitted'}, '1370': {'Retries': 0, 'Restarts': 0, 'SiteHistory': [], 'ResidentSetSize': [], 'SubmitTimes': [], 'StartTimes': [], 'EndTimes': [], 'TotalUserCpuTimeHistory': [], 'TotalSysCpuTimeHistory': [], 'WallDurations': [], 'JobIds': [], 'State': 'unsubmitted'}, '1371': {'Retries': 0, 'Restarts': 0, 'SiteHistory': [], 'ResidentSetSize': [], 'SubmitTimes': [], 'StartTimes': [], 'EndTimes': [], 'TotalUserCpuTimeHistory': [], 'TotalSysCpuTimeHistory': [], 'WallDurations': [], 'JobIds': [], 'State': 'unsubmitted'}, '1372': {'Retries': 0, 'Restarts': 0, 'SiteHistory': [], 'ResidentSetSize': [], 'SubmitTimes': [], 'StartTimes': [], 'EndTimes': [], 'TotalUserCpuTimeHistory': [], 'TotalSysCpuTimeHistory': [], 'WallDurations': [], 'JobIds': [], 'State': 'unsubmitted'}, '1373': {'Retries': 0, 'Restarts': 0, 'SiteHistory': [], 'ResidentSetSize': [], 'SubmitTimes': [], 'StartTimes': [], 'EndTimes': [], 'TotalUserCpuTimeHistory': [], 'TotalSysCpuTimeHistory': [], 'WallDurations': [], 'JobIds': [], 'State': 'unsubmitted'}, '1374': {'Retries': 0, 'Restarts': 0, 'SiteHistory': [], 'ResidentSetSize': [], 'SubmitTimes': [], 'StartTimes': [], 'EndTimes': [], 'TotalUserCpuTimeHistory': [], 'TotalSysCpuTimeHistory': [], 'WallDurations': [], 'JobIds': [], 'State': 'unsubmitted'}, '1375': {'Retries': 0, 'Restarts': 0, 'SiteHistory': [], 'ResidentSetSize': [], 'SubmitTimes': [], 'StartTimes': [], 'EndTimes': [], 'TotalUserCpuTimeHistory': [], 'TotalSysCpuTimeHistory': [], 'WallDurations': [], 'JobIds': [], 'State': 'unsubmitted'}, '1376': {'Retries': 0, 'Restarts': 0, 'SiteHistory': [], 'ResidentSetSize': [], 'SubmitTimes': [], 'StartTimes': [], 'EndTimes': [], 'TotalUserCpuTimeHistory': [], 'TotalSysCpuTimeHistory': [], 'WallDurations': [], 'JobIds': [], 'State': 'unsubmitted'}, '1377': {'Retries': 0, 'Restarts': 0, 'SiteHistory': [], 'ResidentSetSize': [], 'SubmitTimes': [], 'StartTimes': [], 'EndTimes': [], 'TotalUserCpuTimeHistory': [], 'TotalSysCpuTimeHistory': [], 'WallDurations': [], 'JobIds': [], 'State': 'unsubmitted'}, '1378': {'Retries': 0, 'Restarts': 0, 'SiteHistory': [], 'ResidentSetSize': [], 'SubmitTimes': [], 'StartTimes': [], 'EndTimes': [], 'TotalUserCpuTimeHistory': [], 'TotalSysCpuTimeHistory': [], 'WallDurations': [], 'JobIds': [], 'State': 'unsubmitted'}, '1379': {'Retries': 0, 'Restarts': 0, 'SiteHistory': [], 'ResidentSetSize': [], 'SubmitTimes': [], 'StartTimes': [], 'EndTimes': [], 'TotalUserCpuTimeHistory': [], 'TotalSysCpuTimeHistory': [], 'WallDurations': [], 'JobIds': [], 'State': 'unsubmitted'}, '1380': {'Retries': 0, 'Restarts': 0, 'SiteHistory': [], 'ResidentSetSize': [], 'SubmitTimes': [], 'StartTimes': [], 'EndTimes': [], 'TotalUserCpuTimeHistory': [], 'TotalSysCpuTimeHistory': [], 'WallDurations': [], 'JobIds': [], 'State': 'unsubmitted'}, '1381': {'Retries': 0, 'Restarts': 0, 'SiteHistory': [], 'ResidentSetSize': [], 'SubmitTimes': [], 'StartTimes': [], 'EndTimes': [], 'TotalUserCpuTimeHistory': [], 'TotalSysCpuTimeHistory': [], 'WallDurations': [], 'JobIds': [], 'State': 'unsubmitted'}, '1382': {'Retries': 0, 'Restarts': 0, 'SiteHistory': [], 'ResidentSetSize': [], 'SubmitTimes': [], 'StartTimes': [], 'EndTimes': [], 'TotalUserCpuTimeHistory': [], 'TotalSysCpuTimeHistory': [], 'WallDurations': [], 'JobIds': [], 'State': 'unsubmitted'}, '1383': {'Retries': 0, 'Restarts': 0, 'SiteHistory': [], 'ResidentSetSize': [], 'SubmitTimes': [], 'StartTimes': [], 'EndTimes': [], 'TotalUserCpuTimeHistory': [], 'TotalSysCpuTimeHistory': [], 'WallDurations': [], 'JobIds': [], 'State': 'unsubmitted'}, '1384': {'Retries': 0, 'Restarts': 0, 'SiteHistory': [], 'ResidentSetSize': [], 'SubmitTimes': [], 'StartTimes': [], 'EndTimes': [], 'TotalUserCpuTimeHistory': [], 'TotalSysCpuTimeHistory': [], 'WallDurations': [], 'JobIds': [], 'State': 'unsubmitted'}, '1385': {'Retries': 0, 'Restarts': 0, 'SiteHistory': [], 'ResidentSetSize': [], 'SubmitTimes': [], 'StartTimes': [], 'EndTimes': [], 'TotalUserCpuTimeHistory': [], 'TotalSysCpuTimeHistory': [], 'WallDurations': [], 'JobIds': [], 'State': 'unsubmitted'}, '1386': {'Retries': 0, 'Restarts': 0, 'SiteHistory': [], 'ResidentSetSize': [], 'SubmitTimes': [], 'StartTimes': [], 'EndTimes': [], 'TotalUserCpuTimeHistory': [], 'TotalSysCpuTimeHistory': [], 'WallDurations': [], 'JobIds': [], 'State': 'unsubmitted'}, '1387': {'Retries': 0, 'Restarts': 0, 'SiteHistory': [], 'ResidentSetSize': [], 'SubmitTimes': [], 'StartTimes': [], 'EndTimes': [], 'TotalUserCpuTimeHistory': [], 'TotalSysCpuTimeHistory': [], 'WallDurations': [], 'JobIds': [], 'State': 'unsubmitted'}, '1388': {'Retries': 0, 'Restarts': 0, 'SiteHistory': [], 'ResidentSetSize': [], 'SubmitTimes': [], 'StartTimes': [], 'EndTimes': [], 'TotalUserCpuTimeHistory': [], 'TotalSysCpuTimeHistory': [], 'WallDurations': [], 'JobIds': [], 'State': 'unsubmitted'}, '1389': {'Retries': 0, 'Restarts': 0, 'SiteHistory': [], 'ResidentSetSize': [], 'SubmitTimes': [], 'StartTimes': [], 'EndTimes': [], 'TotalUserCpuTimeHistory': [], 'TotalSysCpuTimeHistory': [], 'WallDurations': [], 'JobIds': [], 'State': 'unsubmitted'}, '1390': {'Retries': 0, 'Restarts': 0, 'SiteHistory': [], 'ResidentSetSize': [], 'SubmitTimes': [], 'StartTimes': [], 'EndTimes': [], 'TotalUserCpuTimeHistory': [], 'TotalSysCpuTimeHistory': [], 'WallDurations': [], 'JobIds': [], 'State': 'unsubmitted'}, '1391': {'Retries': 0, 'Restarts': 0, 'SiteHistory': [], 'ResidentSetSize': [], 'SubmitTimes': [], 'StartTimes': [], 'EndTimes': [], 'TotalUserCpuTimeHistory': [], 'TotalSysCpuTimeHistory': [], 'WallDurations': [], 'JobIds': [], 'State': 'unsubmitted'}, '1392': {'Retries': 0, 'Restarts': 0, 'SiteHistory': [], 'ResidentSetSize': [], 'SubmitTimes': [], 'StartTimes': [], 'EndTimes': [], 'TotalUserCpuTimeHistory': [], 'TotalSysCpuTimeHistory': [], 'WallDurations': [], 'JobIds': [], 'State': 'unsubmitted'}, '1393': {'Retries': 0, 'Restarts': 0, 'SiteHistory': [], 'ResidentSetSize': [], 'SubmitTimes': [], 'StartTimes': [], 'EndTimes': [], 'TotalUserCpuTimeHistory': [], 'TotalSysCpuTimeHistory': [], 'WallDurations': [], 'JobIds': [], 'State': 'unsubmitted'}, '1394': {'Retries': 0, 'Restarts': 0, 'SiteHistory': [], 'ResidentSetSize': [], 'SubmitTimes': [], 'StartTimes': [], 'EndTimes': [], 'TotalUserCpuTimeHistory': [], 'TotalSysCpuTimeHistory': [], 'WallDurations': [], 'JobIds': [], 'State': 'unsubmitted'}, '1395': {'Retries': 0, 'Restarts': 0, 'SiteHistory': [], 'ResidentSetSize': [], 'SubmitTimes': [], 'StartTimes': [], 'EndTimes': [], 'TotalUserCpuTimeHistory': [], 'TotalSysCpuTimeHistory': [], 'WallDurations': [], 'JobIds': [], 'State': 'unsubmitted'}, '1396': {'Retries': 0, 'Restarts': 0, 'SiteHistory': [], 'ResidentSetSize': [], 'SubmitTimes': [], 'StartTimes': [], 'EndTimes': [], 'TotalUserCpuTimeHistory': [], 'TotalSysCpuTimeHistory': [], 'WallDurations': [], 'JobIds': [], 'State': 'unsubmitted'}, '1397': {'Retries': 0, 'Restarts': 0, 'SiteHistory': [], 'ResidentSetSize': [], 'SubmitTimes': [], 'StartTimes': [], 'EndTimes': [], 'TotalUserCpuTimeHistory': [], 'TotalSysCpuTimeHistory': [], 'WallDurations': [], 'JobIds': [], 'State': 'unsubmitted'}, '1398': {'Retries': 0, 'Restarts': 0, 'SiteHistory': [], 'ResidentSetSize': [], 'SubmitTimes': [], 'StartTimes': [], 'EndTimes': [], 'TotalUserCpuTimeHistory': [], 'TotalSysCpuTimeHistory': [], 'WallDurations': [], 'JobIds': [], 'State': 'unsubmitted'}, '1399': {'Retries': 0, 'Restarts': 0, 'SiteHistory': [], 'ResidentSetSize': [], 'SubmitTimes': [], 'StartTimes': [], 'EndTimes': [], 'TotalUserCpuTimeHistory': [], 'TotalSysCpuTimeHistory': [], 'WallDurations': [], 'JobIds': [], 'State': 'unsubmitted'}, '1400': {'Retries': 0, 'Restarts': 0, 'SiteHistory': [], 'ResidentSetSize': [], 'SubmitTimes': [], 'StartTimes': [], 'EndTimes': [], 'TotalUserCpuTimeHistory': [], 'TotalSysCpuTimeHistory': [], 'WallDurations': [], 'JobIds': [], 'State': 'unsubmitted'}, '1401': {'Retries': 0, 'Restarts': 0, 'SiteHistory': [], 'ResidentSetSize': [], 'SubmitTimes': [], 'StartTimes': [], 'EndTimes': [], 'TotalUserCpuTimeHistory': [], 'TotalSysCpuTimeHistory': [], 'WallDurations': [], 'JobIds': [], 'State': 'unsubmitted'}, '1402': {'Retries': 0, 'Restarts': 0, 'SiteHistory': [], 'ResidentSetSize': [], 'SubmitTimes': [], 'StartTimes': [], 'EndTimes': [], 'TotalUserCpuTimeHistory': [], 'TotalSysCpuTimeHistory': [], 'WallDurations': [], 'JobIds': [], 'State': 'unsubmitted'}, '1403': {'Retries': 0, 'Restarts': 0, 'SiteHistory': [], 'ResidentSetSize': [], 'SubmitTimes': [], 'StartTimes': [], 'EndTimes': [], 'TotalUserCpuTimeHistory': [], 'TotalSysCpuTimeHistory': [], 'WallDurations': [], 'JobIds': [], 'State': 'unsubmitted'}, '1404': {'Retries': 0, 'Restarts': 0, 'SiteHistory': [], 'ResidentSetSize': [], 'SubmitTimes': [], 'StartTimes': [], 'EndTimes': [], 'TotalUserCpuTimeHistory': [], 'TotalSysCpuTimeHistory': [], 'WallDurations': [], 'JobIds': [], 'State': 'unsubmitted'}, '1405': {'Retries': 0, 'Restarts': 0, 'SiteHistory': [], 'ResidentSetSize': [], 'SubmitTimes': [], 'StartTimes': [], 'EndTimes': [], 'TotalUserCpuTimeHistory': [], 'TotalSysCpuTimeHistory': [], 'WallDurations': [], 'JobIds': [], 'State': 'unsubmitted'}, '1406': {'Retries': 0, 'Restarts': 0, 'SiteHistory': [], 'ResidentSetSize': [], 'SubmitTimes': [], 'StartTimes': [], 'EndTimes': [], 'TotalUserCpuTimeHistory': [], 'TotalSysCpuTimeHistory': [], 'WallDurations': [], 'JobIds': [], 'State': 'unsubmitted'}, '1407': {'Retries': 0, 'Restarts': 0, 'SiteHistory': [], 'ResidentSetSize': [], 'SubmitTimes': [], 'StartTimes': [], 'EndTimes': [], 'TotalUserCpuTimeHistory': [], 'TotalSysCpuTimeHistory': [], 'WallDurations': [], 'JobIds': [], 'State': 'unsubmitted'}, '1408': {'Retries': 0, 'Restarts': 0, 'SiteHistory': [], 'ResidentSetSize': [], 'SubmitTimes': [], 'StartTimes': [], 'EndTimes': [], 'TotalUserCpuTimeHistory': [], 'TotalSysCpuTimeHistory': [], 'WallDurations': [], 'JobIds': [], 'State': 'unsubmitted'}, '1409': {'Retries': 0, 'Restarts': 0, 'SiteHistory': [], 'ResidentSetSize': [], 'SubmitTimes': [], 'StartTimes': [], 'EndTimes': [], 'TotalUserCpuTimeHistory': [], 'TotalSysCpuTimeHistory': [], 'WallDurations': [], 'JobIds': [], 'State': 'unsubmitted'}, '1410': {'Retries': 0, 'Restarts': 0, 'SiteHistory': [], 'ResidentSetSize': [], 'SubmitTimes': [], 'StartTimes': [], 'EndTimes': [], 'TotalUserCpuTimeHistory': [], 'TotalSysCpuTimeHistory': [], 'WallDurations': [], 'JobIds': [], 'State': 'unsubmitted'}, '1411': {'Retries': 0, 'Restarts': 0, 'SiteHistory': [], 'ResidentSetSize': [], 'SubmitTimes': [], 'StartTimes': [], 'EndTimes': [], 'TotalUserCpuTimeHistory': [], 'TotalSysCpuTimeHistory': [], 'WallDurations': [], 'JobIds': [], 'State': 'unsubmitted'}, '1412': {'Retries': 0, 'Restarts': 0, 'SiteHistory': [], 'ResidentSetSize': [], 'SubmitTimes': [], 'StartTimes': [], 'EndTimes': [], 'TotalUserCpuTimeHistory': [], 'TotalSysCpuTimeHistory': [], 'WallDurations': [], 'JobIds': [], 'State': 'unsubmitted'}, '1413': {'Retries': 0, 'Restarts': 0, 'SiteHistory': [], 'ResidentSetSize': [], 'SubmitTimes': [], 'StartTimes': [], 'EndTimes': [], 'TotalUserCpuTimeHistory': [], 'TotalSysCpuTimeHistory': [], 'WallDurations': [], 'JobIds': [], 'State': 'unsubmitted'}, '1414': {'Retries': 0, 'Restarts': 0, 'SiteHistory': [], 'ResidentSetSize': [], 'SubmitTimes': [], 'StartTimes': [], 'EndTimes': [], 'TotalUserCpuTimeHistory': [], 'TotalSysCpuTimeHistory': [], 'WallDurations': [], 'JobIds': [], 'State': 'unsubmitted'}, '1415': {'Retries': 0, 'Restarts': 0, 'SiteHistory': [], 'ResidentSetSize': [], 'SubmitTimes': [], 'StartTimes': [], 'EndTimes': [], 'TotalUserCpuTimeHistory': [], 'TotalSysCpuTimeHistory': [], 'WallDurations': [], 'JobIds': [], 'State': 'unsubmitted'}, '1416': {'Retries': 0, 'Restarts': 0, 'SiteHistory': [], 'ResidentSetSize': [], 'SubmitTimes': [], 'StartTimes': [], 'EndTimes': [], 'TotalUserCpuTimeHistory': [], 'TotalSysCpuTimeHistory': [], 'WallDurations': [], 'JobIds': [], 'State': 'unsubmitted'}, '1417': {'Retries': 0, 'Restarts': 0, 'SiteHistory': [], 'ResidentSetSize': [], 'SubmitTimes': [], 'StartTimes': [], 'EndTimes': [], 'TotalUserCpuTimeHistory': [], 'TotalSysCpuTimeHistory': [], 'WallDurations': [], 'JobIds': [], 'State': 'unsubmitted'}, '1418': {'Retries': 0, 'Restarts': 0, 'SiteHistory': [], 'ResidentSetSize': [], 'SubmitTimes': [], 'StartTimes': [], 'EndTimes': [], 'TotalUserCpuTimeHistory': [], 'TotalSysCpuTimeHistory': [], 'WallDurations': [], 'JobIds': [], 'State': 'unsubmitted'}, '1419': {'Retries': 0, 'Restarts': 0, 'SiteHistory': [], 'ResidentSetSize': [], 'SubmitTimes': [], 'StartTimes': [], 'EndTimes': [], 'TotalUserCpuTimeHistory': [], 'TotalSysCpuTimeHistory': [], 'WallDurations': [], 'JobIds': [], 'State': 'unsubmitted'}, '1420': {'Retries': 0, 'Restarts': 0, 'SiteHistory': [], 'ResidentSetSize': [], 'SubmitTimes': [], 'StartTimes': [], 'EndTimes': [], 'TotalUserCpuTimeHistory': [], 'TotalSysCpuTimeHistory': [], 'WallDurations': [], 'JobIds': [], 'State': 'unsubmitted'}, '1421': {'Retries': 0, 'Restarts': 0, 'SiteHistory': [], 'ResidentSetSize': [], 'SubmitTimes': [], 'StartTimes': [], 'EndTimes': [], 'TotalUserCpuTimeHistory': [], 'TotalSysCpuTimeHistory': [], 'WallDurations': [], 'JobIds': [], 'State': 'unsubmitted'}, '1422': {'Retries': 0, 'Restarts': 0, 'SiteHistory': [], 'ResidentSetSize': [], 'SubmitTimes': [], 'StartTimes': [], 'EndTimes': [], 'TotalUserCpuTimeHistory': [], 'TotalSysCpuTimeHistory': [], 'WallDurations': [], 'JobIds': [], 'State': 'unsubmitted'}, '1423': {'Retries': 0, 'Restarts': 0, 'SiteHistory': [], 'ResidentSetSize': [], 'SubmitTimes': [], 'StartTimes': [], 'EndTimes': [], 'TotalUserCpuTimeHistory': [], 'TotalSysCpuTimeHistory': [], 'WallDurations': [], 'JobIds': [], 'State': 'unsubmitted'}, '1424': {'Retries': 0, 'Restarts': 0, 'SiteHistory': [], 'ResidentSetSize': [], 'SubmitTimes': [], 'StartTimes': [], 'EndTimes': [], 'TotalUserCpuTimeHistory': [], 'TotalSysCpuTimeHistory': [], 'WallDurations': [], 'JobIds': [], 'State': 'unsubmitted'}, '1425': {'Retries': 0, 'Restarts': 0, 'SiteHistory': [], 'ResidentSetSize': [], 'SubmitTimes': [], 'StartTimes': [], 'EndTimes': [], 'TotalUserCpuTimeHistory': [], 'TotalSysCpuTimeHistory': [], 'WallDurations': [], 'JobIds': [], 'State': 'unsubmitted'}, '1426': {'Retries': 0, 'Restarts': 0, 'SiteHistory': [], 'ResidentSetSize': [], 'SubmitTimes': [], 'StartTimes': [], 'EndTimes': [], 'TotalUserCpuTimeHistory': [], 'TotalSysCpuTimeHistory': [], 'WallDurations': [], 'JobIds': [], 'State': 'unsubmitted'}, '1427': {'Retries': 0, 'Restarts': 0, 'SiteHistory': [], 'ResidentSetSize': [], 'SubmitTimes': [], 'StartTimes': [], 'EndTimes': [], 'TotalUserCpuTimeHistory': [], 'TotalSysCpuTimeHistory': [], 'WallDurations': [], 'JobIds': [], 'State': 'unsubmitted'}, '1428': {'Retries': 0, 'Restarts': 0, 'SiteHistory': [], 'ResidentSetSize': [], 'SubmitTimes': [], 'StartTimes': [], 'EndTimes': [], 'TotalUserCpuTimeHistory': [], 'TotalSysCpuTimeHistory': [], 'WallDurations': [], 'JobIds': [], 'State': 'unsubmitted'}, '1429': {'Retries': 0, 'Restarts': 0, 'SiteHistory': [], 'ResidentSetSize': [], 'SubmitTimes': [], 'StartTimes': [], 'EndTimes': [], 'TotalUserCpuTimeHistory': [], 'TotalSysCpuTimeHistory': [], 'WallDurations': [], 'JobIds': [], 'State': 'unsubmitted'}, '1430': {'Retries': 0, 'Restarts': 0, 'SiteHistory': [], 'ResidentSetSize': [], 'SubmitTimes': [], 'StartTimes': [], 'EndTimes': [], 'TotalUserCpuTimeHistory': [], 'TotalSysCpuTimeHistory': [], 'WallDurations': [], 'JobIds': [], 'State': 'unsubmitted'}, '1431': {'Retries': 0, 'Restarts': 0, 'SiteHistory': [], 'ResidentSetSize': [], 'SubmitTimes': [], 'StartTimes': [], 'EndTimes': [], 'TotalUserCpuTimeHistory': [], 'TotalSysCpuTimeHistory': [], 'WallDurations': [], 'JobIds': [], 'State': 'unsubmitted'}, '1432': {'Retries': 0, 'Restarts': 0, 'SiteHistory': [], 'ResidentSetSize': [], 'SubmitTimes': [], 'StartTimes': [], 'EndTimes': [], 'TotalUserCpuTimeHistory': [], 'TotalSysCpuTimeHistory': [], 'WallDurations': [], 'JobIds': [], 'State': 'unsubmitted'}, '1433': {'Retries': 0, 'Restarts': 0, 'SiteHistory': [], 'ResidentSetSize': [], 'SubmitTimes': [], 'StartTimes': [], 'EndTimes': [], 'TotalUserCpuTimeHistory': [], 'TotalSysCpuTimeHistory': [], 'WallDurations': [], 'JobIds': [], 'State': 'unsubmitted'}, '1434': {'Retries': 0, 'Restarts': 0, 'SiteHistory': [], 'ResidentSetSize': [], 'SubmitTimes': [], 'StartTimes': [], 'EndTimes': [], 'TotalUserCpuTimeHistory': [], 'TotalSysCpuTimeHistory': [], 'WallDurations': [], 'JobIds': [], 'State': 'unsubmitted'}, '1435': {'Retries': 0, 'Restarts': 0, 'SiteHistory': [], 'ResidentSetSize': [], 'SubmitTimes': [], 'StartTimes': [], 'EndTimes': [], 'TotalUserCpuTimeHistory': [], 'TotalSysCpuTimeHistory': [], 'WallDurations': [], 'JobIds': [], 'State': 'unsubmitted'}, '1436': {'Retries': 0, 'Restarts': 0, 'SiteHistory': [], 'ResidentSetSize': [], 'SubmitTimes': [], 'StartTimes': [], 'EndTimes': [], 'TotalUserCpuTimeHistory': [], 'TotalSysCpuTimeHistory': [], 'WallDurations': [], 'JobIds': [], 'State': 'unsubmitted'}, '1437': {'Retries': 0, 'Restarts': 0, 'SiteHistory': [], 'ResidentSetSize': [], 'SubmitTimes': [], 'StartTimes': [], 'EndTimes': [], 'TotalUserCpuTimeHistory': [], 'TotalSysCpuTimeHistory': [], 'WallDurations': [], 'JobIds': [], 'State': 'unsubmitted'}, '1438': {'Retries': 0, 'Restarts': 0, 'SiteHistory': [], 'ResidentSetSize': [], 'SubmitTimes': [], 'StartTimes': [], 'EndTimes': [], 'TotalUserCpuTimeHistory': [], 'TotalSysCpuTimeHistory': [], 'WallDurations': [], 'JobIds': [], 'State': 'unsubmitted'}, '1439': {'Retries': 0, 'Restarts': 0, 'SiteHistory': [], 'ResidentSetSize': [], 'SubmitTimes': [], 'StartTimes': [], 'EndTimes': [], 'TotalUserCpuTimeHistory': [], 'TotalSysCpuTimeHistory': [], 'WallDurations': [], 'JobIds': [], 'State': 'unsubmitted'}, '1440': {'Retries': 0, 'Restarts': 0, 'SiteHistory': [], 'ResidentSetSize': [], 'SubmitTimes': [], 'StartTimes': [], 'EndTimes': [], 'TotalUserCpuTimeHistory': [], 'TotalSysCpuTimeHistory': [], 'WallDurations': [], 'JobIds': [], 'State': 'unsubmitted'}, '1441': {'Retries': 0, 'Restarts': 0, 'SiteHistory': [], 'ResidentSetSize': [], 'SubmitTimes': [], 'StartTimes': [], 'EndTimes': [], 'TotalUserCpuTimeHistory': [], 'TotalSysCpuTimeHistory': [], 'WallDurations': [], 'JobIds': [], 'State': 'unsubmitted'}, '1442': {'Retries': 0, 'Restarts': 0, 'SiteHistory': [], 'ResidentSetSize': [], 'SubmitTimes': [], 'StartTimes': [], 'EndTimes': [], 'TotalUserCpuTimeHistory': [], 'TotalSysCpuTimeHistory': [], 'WallDurations': [], 'JobIds': [], 'State': 'unsubmitted'}, '1443': {'Retries': 0, 'Restarts': 0, 'SiteHistory': [], 'ResidentSetSize': [], 'SubmitTimes': [], 'StartTimes': [], 'EndTimes': [], 'TotalUserCpuTimeHistory': [], 'TotalSysCpuTimeHistory': [], 'WallDurations': [], 'JobIds': [], 'State': 'unsubmitted'}, '1444': {'Retries': 0, 'Restarts': 0, 'SiteHistory': [], 'ResidentSetSize': [], 'SubmitTimes': [], 'StartTimes': [], 'EndTimes': [], 'TotalUserCpuTimeHistory': [], 'TotalSysCpuTimeHistory': [], 'WallDurations': [], 'JobIds': [], 'State': 'unsubmitted'}, '1445': {'Retries': 0, 'Restarts': 0, 'SiteHistory': [], 'ResidentSetSize': [], 'SubmitTimes': [], 'StartTimes': [], 'EndTimes': [], 'TotalUserCpuTimeHistory': [], 'TotalSysCpuTimeHistory': [], 'WallDurations': [], 'JobIds': [], 'State': 'unsubmitted'}, '1446': {'Retries': 0, 'Restarts': 0, 'SiteHistory': [], 'ResidentSetSize': [], 'SubmitTimes': [], 'StartTimes': [], 'EndTimes': [], 'TotalUserCpuTimeHistory': [], 'TotalSysCpuTimeHistory': [], 'WallDurations': [], 'JobIds': [], 'State': 'unsubmitted'}, '1447': {'Retries': 0, 'Restarts': 0, 'SiteHistory': [], 'ResidentSetSize': [], 'SubmitTimes': [], 'StartTimes': [], 'EndTimes': [], 'TotalUserCpuTimeHistory': [], 'TotalSysCpuTimeHistory': [], 'WallDurations': [], 'JobIds': [], 'State': 'unsubmitted'}, '1448': {'Retries': 0, 'Restarts': 0, 'SiteHistory': [], 'ResidentSetSize': [], 'SubmitTimes': [], 'StartTimes': [], 'EndTimes': [], 'TotalUserCpuTimeHistory': [], 'TotalSysCpuTimeHistory': [], 'WallDurations': [], 'JobIds': [], 'State': 'unsubmitted'}, '1449': {'Retries': 0, 'Restarts': 0, 'SiteHistory': [], 'ResidentSetSize': [], 'SubmitTimes': [], 'StartTimes': [], 'EndTimes': [], 'TotalUserCpuTimeHistory': [], 'TotalSysCpuTimeHistory': [], 'WallDurations': [], 'JobIds': [], 'State': 'unsubmitted'}, '1450': {'Retries': 0, 'Restarts': 0, 'SiteHistory': [], 'ResidentSetSize': [], 'SubmitTimes': [], 'StartTimes': [], 'EndTimes': [], 'TotalUserCpuTimeHistory': [], 'TotalSysCpuTimeHistory': [], 'WallDurations': [], 'JobIds': [], 'State': 'unsubmitted'}, '1451': {'Retries': 0, 'Restarts': 0, 'SiteHistory': [], 'ResidentSetSize': [], 'SubmitTimes': [], 'StartTimes': [], 'EndTimes': [], 'TotalUserCpuTimeHistory': [], 'TotalSysCpuTimeHistory': [], 'WallDurations': [], 'JobIds': [], 'State': 'unsubmitted'}, '1452': {'Retries': 0, 'Restarts': 0, 'SiteHistory': [], 'ResidentSetSize': [], 'SubmitTimes': [], 'StartTimes': [], 'EndTimes': [], 'TotalUserCpuTimeHistory': [], 'TotalSysCpuTimeHistory': [], 'WallDurations': [], 'JobIds': [], 'State': 'unsubmitted'}, '1453': {'Retries': 0, 'Restarts': 0, 'SiteHistory': [], 'ResidentSetSize': [], 'SubmitTimes': [], 'StartTimes': [], 'EndTimes': [], 'TotalUserCpuTimeHistory': [], 'TotalSysCpuTimeHistory': [], 'WallDurations': [], 'JobIds': [], 'State': 'unsubmitted'}, '1454': {'Retries': 0, 'Restarts': 0, 'SiteHistory': [], 'ResidentSetSize': [], 'SubmitTimes': [], 'StartTimes': [], 'EndTimes': [], 'TotalUserCpuTimeHistory': [], 'TotalSysCpuTimeHistory': [], 'WallDurations': [], 'JobIds': [], 'State': 'unsubmitted'}, '1455': {'Retries': 0, 'Restarts': 0, 'SiteHistory': [], 'ResidentSetSize': [], 'SubmitTimes': [], 'StartTimes': [], 'EndTimes': [], 'TotalUserCpuTimeHistory': [], 'TotalSysCpuTimeHistory': [], 'WallDurations': [], 'JobIds': [], 'State': 'unsubmitted'}, '1456': {'Retries': 0, 'Restarts': 0, 'SiteHistory': [], 'ResidentSetSize': [], 'SubmitTimes': [], 'StartTimes': [], 'EndTimes': [], 'TotalUserCpuTimeHistory': [], 'TotalSysCpuTimeHistory': [], 'WallDurations': [], 'JobIds': [], 'State': 'unsubmitted'}, '1457': {'Retries': 0, 'Restarts': 0, 'SiteHistory': [], 'ResidentSetSize': [], 'SubmitTimes': [], 'StartTimes': [], 'EndTimes': [], 'TotalUserCpuTimeHistory': [], 'TotalSysCpuTimeHistory': [], 'WallDurations': [], 'JobIds': [], 'State': 'unsubmitted'}, '1458': {'Retries': 0, 'Restarts': 0, 'SiteHistory': [], 'ResidentSetSize': [], 'SubmitTimes': [], 'StartTimes': [], 'EndTimes': [], 'TotalUserCpuTimeHistory': [], 'TotalSysCpuTimeHistory': [], 'WallDurations': [], 'JobIds': [], 'State': 'unsubmitted'}, '1459': {'Retries': 0, 'Restarts': 0, 'SiteHistory': [], 'ResidentSetSize': [], 'SubmitTimes': [], 'StartTimes': [], 'EndTimes': [], 'TotalUserCpuTimeHistory': [], 'TotalSysCpuTimeHistory': [], 'WallDurations': [], 'JobIds': [], 'State': 'unsubmitted'}, '1460': {'Retries': 0, 'Restarts': 0, 'SiteHistory': [], 'ResidentSetSize': [], 'SubmitTimes': [], 'StartTimes': [], 'EndTimes': [], 'TotalUserCpuTimeHistory': [], 'TotalSysCpuTimeHistory': [], 'WallDurations': [], 'JobIds': [], 'State': 'unsubmitted'}, '1461': {'Retries': 0, 'Restarts': 0, 'SiteHistory': [], 'ResidentSetSize': [], 'SubmitTimes': [], 'StartTimes': [], 'EndTimes': [], 'TotalUserCpuTimeHistory': [], 'TotalSysCpuTimeHistory': [], 'WallDurations': [], 'JobIds': [], 'State': 'unsubmitted'}, '1462': {'Retries': 0, 'Restarts': 0, 'SiteHistory': [], 'ResidentSetSize': [], 'SubmitTimes': [], 'StartTimes': [], 'EndTimes': [], 'TotalUserCpuTimeHistory': [], 'TotalSysCpuTimeHistory': [], 'WallDurations': [], 'JobIds': [], 'State': 'unsubmitted'}, '1463': {'Retries': 0, 'Restarts': 0, 'SiteHistory': [], 'ResidentSetSize': [], 'SubmitTimes': [], 'StartTimes': [], 'EndTimes': [], 'TotalUserCpuTimeHistory': [], 'TotalSysCpuTimeHistory': [], 'WallDurations': [], 'JobIds': [], 'State': 'unsubmitted'}, '1464': {'Retries': 0, 'Restarts': 0, 'SiteHistory': [], 'ResidentSetSize': [], 'SubmitTimes': [], 'StartTimes': [], 'EndTimes': [], 'TotalUserCpuTimeHistory': [], 'TotalSysCpuTimeHistory': [], 'WallDurations': [], 'JobIds': [], 'State': 'unsubmitted'}, '1465': {'Retries': 0, 'Restarts': 0, 'SiteHistory': [], 'ResidentSetSize': [], 'SubmitTimes': [], 'StartTimes': [], 'EndTimes': [], 'TotalUserCpuTimeHistory': [], 'TotalSysCpuTimeHistory': [], 'WallDurations': [], 'JobIds': [], 'State': 'unsubmitted'}, '1466': {'Retries': 0, 'Restarts': 0, 'SiteHistory': [], 'ResidentSetSize': [], 'SubmitTimes': [], 'StartTimes': [], 'EndTimes': [], 'TotalUserCpuTimeHistory': [], 'TotalSysCpuTimeHistory': [], 'WallDurations': [], 'JobIds': [], 'State': 'unsubmitted'}, '1467': {'Retries': 0, 'Restarts': 0, 'SiteHistory': [], 'ResidentSetSize': [], 'SubmitTimes': [], 'StartTimes': [], 'EndTimes': [], 'TotalUserCpuTimeHistory': [], 'TotalSysCpuTimeHistory': [], 'WallDurations': [], 'JobIds': [], 'State': 'unsubmitted'}, '1468': {'Retries': 0, 'Restarts': 0, 'SiteHistory': [], 'ResidentSetSize': [], 'SubmitTimes': [], 'StartTimes': [], 'EndTimes': [], 'TotalUserCpuTimeHistory': [], 'TotalSysCpuTimeHistory': [], 'WallDurations': [], 'JobIds': [], 'State': 'unsubmitted'}, '1469': {'Retries': 0, 'Restarts': 0, 'SiteHistory': [], 'ResidentSetSize': [], 'SubmitTimes': [], 'StartTimes': [], 'EndTimes': [], 'TotalUserCpuTimeHistory': [], 'TotalSysCpuTimeHistory': [], 'WallDurations': [], 'JobIds': [], 'State': 'unsubmitted'}, '1470': {'Retries': 0, 'Restarts': 0, 'SiteHistory': [], 'ResidentSetSize': [], 'SubmitTimes': [], 'StartTimes': [], 'EndTimes': [], 'TotalUserCpuTimeHistory': [], 'TotalSysCpuTimeHistory': [], 'WallDurations': [], 'JobIds': [], 'State': 'unsubmitted'}, '1471': {'Retries': 0, 'Restarts': 0, 'SiteHistory': [], 'ResidentSetSize': [], 'SubmitTimes': [], 'StartTimes': [], 'EndTimes': [], 'TotalUserCpuTimeHistory': [], 'TotalSysCpuTimeHistory': [], 'WallDurations': [], 'JobIds': [], 'State': 'unsubmitted'}, '1472': {'Retries': 0, 'Restarts': 0, 'SiteHistory': [], 'ResidentSetSize': [], 'SubmitTimes': [], 'StartTimes': [], 'EndTimes': [], 'TotalUserCpuTimeHistory': [], 'TotalSysCpuTimeHistory': [], 'WallDurations': [], 'JobIds': [], 'State': 'unsubmitted'}, '1473': {'Retries': 0, 'Restarts': 0, 'SiteHistory': [], 'ResidentSetSize': [], 'SubmitTimes': [], 'StartTimes': [], 'EndTimes': [], 'TotalUserCpuTimeHistory': [], 'TotalSysCpuTimeHistory': [], 'WallDurations': [], 'JobIds': [], 'State': 'unsubmitted'}, '1474': {'Retries': 0, 'Restarts': 0, 'SiteHistory': [], 'ResidentSetSize': [], 'SubmitTimes': [], 'StartTimes': [], 'EndTimes': [], 'TotalUserCpuTimeHistory': [], 'TotalSysCpuTimeHistory': [], 'WallDurations': [], 'JobIds': [], 'State': 'unsubmitted'}, '1475': {'Retries': 0, 'Restarts': 0, 'SiteHistory': [], 'ResidentSetSize': [], 'SubmitTimes': [], 'StartTimes': [], 'EndTimes': [], 'TotalUserCpuTimeHistory': [], 'TotalSysCpuTimeHistory': [], 'WallDurations': [], 'JobIds': [], 'State': 'unsubmitted'}, '1476': {'Retries': 0, 'Restarts': 0, 'SiteHistory': [], 'ResidentSetSize': [], 'SubmitTimes': [], 'StartTimes': [], 'EndTimes': [], 'TotalUserCpuTimeHistory': [], 'TotalSysCpuTimeHistory': [], 'WallDurations': [], 'JobIds': [], 'State': 'unsubmitted'}, '1477': {'Retries': 0, 'Restarts': 0, 'SiteHistory': [], 'ResidentSetSize': [], 'SubmitTimes': [], 'StartTimes': [], 'EndTimes': [], 'TotalUserCpuTimeHistory': [], 'TotalSysCpuTimeHistory': [], 'WallDurations': [], 'JobIds': [], 'State': 'unsubmitted'}, '1478': {'Retries': 0, 'Restarts': 0, 'SiteHistory': [], 'ResidentSetSize': [], 'SubmitTimes': [], 'StartTimes': [], 'EndTimes': [], 'TotalUserCpuTimeHistory': [], 'TotalSysCpuTimeHistory': [], 'WallDurations': [], 'JobIds': [], 'State': 'unsubmitted'}, '1479': {'Retries': 0, 'Restarts': 0, 'SiteHistory': [], 'ResidentSetSize': [], 'SubmitTimes': [], 'StartTimes': [], 'EndTimes': [], 'TotalUserCpuTimeHistory': [], 'TotalSysCpuTimeHistory': [], 'WallDurations': [], 'JobIds': [], 'State': 'unsubmitted'}, '1480': {'Retries': 0, 'Restarts': 0, 'SiteHistory': [], 'ResidentSetSize': [], 'SubmitTimes': [], 'StartTimes': [], 'EndTimes': [], 'TotalUserCpuTimeHistory': [], 'TotalSysCpuTimeHistory': [], 'WallDurations': [], 'JobIds': [], 'State': 'unsubmitted'}, '1481': {'Retries': 0, 'Restarts': 0, 'SiteHistory': [], 'ResidentSetSize': [], 'SubmitTimes': [], 'StartTimes': [], 'EndTimes': [], 'TotalUserCpuTimeHistory': [], 'TotalSysCpuTimeHistory': [], 'WallDurations': [], 'JobIds': [], 'State': 'unsubmitted'}, '1482': {'Retries': 0, 'Restarts': 0, 'SiteHistory': [], 'ResidentSetSize': [], 'SubmitTimes': [], 'StartTimes': [], 'EndTimes': [], 'TotalUserCpuTimeHistory': [], 'TotalSysCpuTimeHistory': [], 'WallDurations': [], 'JobIds': [], 'State': 'unsubmitted'}, '1483': {'Retries': 0, 'Restarts': 0, 'SiteHistory': [], 'ResidentSetSize': [], 'SubmitTimes': [], 'StartTimes': [], 'EndTimes': [], 'TotalUserCpuTimeHistory': [], 'TotalSysCpuTimeHistory': [], 'WallDurations': [], 'JobIds': [], 'State': 'unsubmitted'}, '1484': {'Retries': 0, 'Restarts': 0, 'SiteHistory': [], 'ResidentSetSize': [], 'SubmitTimes': [], 'StartTimes': [], 'EndTimes': [], 'TotalUserCpuTimeHistory': [], 'TotalSysCpuTimeHistory': [], 'WallDurations': [], 'JobIds': [], 'State': 'unsubmitted'}, '1485': {'Retries': 0, 'Restarts': 0, 'SiteHistory': [], 'ResidentSetSize': [], 'SubmitTimes': [], 'StartTimes': [], 'EndTimes': [], 'TotalUserCpuTimeHistory': [], 'TotalSysCpuTimeHistory': [], 'WallDurations': [], 'JobIds': [], 'State': 'unsubmitted'}, '1486': {'Retries': 0, 'Restarts': 0, 'SiteHistory': [], 'ResidentSetSize': [], 'SubmitTimes': [], 'StartTimes': [], 'EndTimes': [], 'TotalUserCpuTimeHistory': [], 'TotalSysCpuTimeHistory': [], 'WallDurations': [], 'JobIds': [], 'State': 'unsubmitted'}, '1487': {'Retries': 0, 'Restarts': 0, 'SiteHistory': [], 'ResidentSetSize': [], 'SubmitTimes': [], 'StartTimes': [], 'EndTimes': [], 'TotalUserCpuTimeHistory': [], 'TotalSysCpuTimeHistory': [], 'WallDurations': [], 'JobIds': [], 'State': 'unsubmitted'}, '1488': {'Retries': 0, 'Restarts': 0, 'SiteHistory': [], 'ResidentSetSize': [], 'SubmitTimes': [], 'StartTimes': [], 'EndTimes': [], 'TotalUserCpuTimeHistory': [], 'TotalSysCpuTimeHistory': [], 'WallDurations': [], 'JobIds': [], 'State': 'unsubmitted'}, '1489': {'Retries': 0, 'Restarts': 0, 'SiteHistory': [], 'ResidentSetSize': [], 'SubmitTimes': [], 'StartTimes': [], 'EndTimes': [], 'TotalUserCpuTimeHistory': [], 'TotalSysCpuTimeHistory': [], 'WallDurations': [], 'JobIds': [], 'State': 'unsubmitted'}, '1490': {'Retries': 0, 'Restarts': 0, 'SiteHistory': [], 'ResidentSetSize': [], 'SubmitTimes': [], 'StartTimes': [], 'EndTimes': [], 'TotalUserCpuTimeHistory': [], 'TotalSysCpuTimeHistory': [], 'WallDurations': [], 'JobIds': [], 'State': 'unsubmitted'}, '1491': {'Retries': 0, 'Restarts': 0, 'SiteHistory': [], 'ResidentSetSize': [], 'SubmitTimes': [], 'StartTimes': [], 'EndTimes': [], 'TotalUserCpuTimeHistory': [], 'TotalSysCpuTimeHistory': [], 'WallDurations': [], 'JobIds': [], 'State': 'unsubmitted'}, '1492': {'Retries': 0, 'Restarts': 0, 'SiteHistory': [], 'ResidentSetSize': [], 'SubmitTimes': [], 'StartTimes': [], 'EndTimes': [], 'TotalUserCpuTimeHistory': [], 'TotalSysCpuTimeHistory': [], 'WallDurations': [], 'JobIds': [], 'State': 'unsubmitted'}, '1493': {'Retries': 0, 'Restarts': 0, 'SiteHistory': [], 'ResidentSetSize': [], 'SubmitTimes': [], 'StartTimes': [], 'EndTimes': [], 'TotalUserCpuTimeHistory': [], 'TotalSysCpuTimeHistory': [], 'WallDurations': [], 'JobIds': [], 'State': 'unsubmitted'}, '1494': {'Retries': 0, 'Restarts': 0, 'SiteHistory': [], 'ResidentSetSize': [], 'SubmitTimes': [], 'StartTimes': [], 'EndTimes': [], 'TotalUserCpuTimeHistory': [], 'TotalSysCpuTimeHistory': [], 'WallDurations': [], 'JobIds': [], 'State': 'unsubmitted'}, '1495': {'Retries': 0, 'Restarts': 0, 'SiteHistory': [], 'ResidentSetSize': [], 'SubmitTimes': [], 'StartTimes': [], 'EndTimes': [], 'TotalUserCpuTimeHistory': [], 'TotalSysCpuTimeHistory': [], 'WallDurations': [], 'JobIds': [], 'State': 'unsubmitted'}, '1496': {'Retries': 0, 'Restarts': 0, 'SiteHistory': [], 'ResidentSetSize': [], 'SubmitTimes': [], 'StartTimes': [], 'EndTimes': [], 'TotalUserCpuTimeHistory': [], 'TotalSysCpuTimeHistory': [], 'WallDurations': [], 'JobIds': [], 'State': 'unsubmitted'}, '1497': {'Retries': 0, 'Restarts': 0, 'SiteHistory': [], 'ResidentSetSize': [], 'SubmitTimes': [], 'StartTimes': [], 'EndTimes': [], 'TotalUserCpuTimeHistory': [], 'TotalSysCpuTimeHistory': [], 'WallDurations': [], 'JobIds': [], 'State': 'unsubmitted'}, '1498': {'Retries': 0, 'Restarts': 0, 'SiteHistory': [], 'ResidentSetSize': [], 'SubmitTimes': [], 'StartTimes': [], 'EndTimes': [], 'TotalUserCpuTimeHistory': [], 'TotalSysCpuTimeHistory': [], 'WallDurations': [], 'JobIds': [], 'State': 'unsubmitted'}, '1499': {'Retries': 0, 'Restarts': 0, 'SiteHistory': [], 'ResidentSetSize': [], 'SubmitTimes': [], 'StartTimes': [], 'EndTimes': [], 'TotalUserCpuTimeHistory': [], 'TotalSysCpuTimeHistory': [], 'WallDurations': [], 'JobIds': [], 'State': 'unsubmitted'}, '1500': {'Retries': 0, 'Restarts': 0, 'SiteHistory': [], 'ResidentSetSize': [], 'SubmitTimes': [], 'StartTimes': [], 'EndTimes': [], 'TotalUserCpuTimeHistory': [], 'TotalSysCpuTimeHistory': [], 'WallDurations': [], 'JobIds': [], 'State': 'unsubmitted'}, '1501': {'Retries': 0, 'Restarts': 0, 'SiteHistory': [], 'ResidentSetSize': [], 'SubmitTimes': [], 'StartTimes': [], 'EndTimes': [], 'TotalUserCpuTimeHistory': [], 'TotalSysCpuTimeHistory': [], 'WallDurations': [], 'JobIds': [], 'State': 'unsubmitted'}, '1502': {'Retries': 0, 'Restarts': 0, 'SiteHistory': [], 'ResidentSetSize': [], 'SubmitTimes': [], 'StartTimes': [], 'EndTimes': [], 'TotalUserCpuTimeHistory': [], 'TotalSysCpuTimeHistory': [], 'WallDurations': [], 'JobIds': [], 'State': 'unsubmitted'}, '1503': {'Retries': 0, 'Restarts': 0, 'SiteHistory': [], 'ResidentSetSize': [], 'SubmitTimes': [], 'StartTimes': [], 'EndTimes': [], 'TotalUserCpuTimeHistory': [], 'TotalSysCpuTimeHistory': [], 'WallDurations': [], 'JobIds': [], 'State': 'unsubmitted'}, '1504': {'Retries': 0, 'Restarts': 0, 'SiteHistory': [], 'ResidentSetSize': [], 'SubmitTimes': [], 'StartTimes': [], 'EndTimes': [], 'TotalUserCpuTimeHistory': [], 'TotalSysCpuTimeHistory': [], 'WallDurations': [], 'JobIds': [], 'State': 'unsubmitted'}, '1505': {'Retries': 0, 'Restarts': 0, 'SiteHistory': [], 'ResidentSetSize': [], 'SubmitTimes': [], 'StartTimes': [], 'EndTimes': [], 'TotalUserCpuTimeHistory': [], 'TotalSysCpuTimeHistory': [], 'WallDurations': [], 'JobIds': [], 'State': 'unsubmitted'}, '1506': {'Retries': 0, 'Restarts': 0, 'SiteHistory': [], 'ResidentSetSize': [], 'SubmitTimes': [], 'StartTimes': [], 'EndTimes': [], 'TotalUserCpuTimeHistory': [], 'TotalSysCpuTimeHistory': [], 'WallDurations': [], 'JobIds': [], 'State': 'unsubmitted'}, '1507': {'Retries': 0, 'Restarts': 0, 'SiteHistory': [], 'ResidentSetSize': [], 'SubmitTimes': [], 'StartTimes': [], 'EndTimes': [], 'TotalUserCpuTimeHistory': [], 'TotalSysCpuTimeHistory': [], 'WallDurations': [], 'JobIds': [], 'State': 'unsubmitted'}, '1508': {'Retries': 0, 'Restarts': 0, 'SiteHistory': [], 'ResidentSetSize': [], 'SubmitTimes': [], 'StartTimes': [], 'EndTimes': [], 'TotalUserCpuTimeHistory': [], 'TotalSysCpuTimeHistory': [], 'WallDurations': [], 'JobIds': [], 'State': 'unsubmitted'}, '1509': {'Retries': 0, 'Restarts': 0, 'SiteHistory': [], 'ResidentSetSize': [], 'SubmitTimes': [], 'StartTimes': [], 'EndTimes': [], 'TotalUserCpuTimeHistory': [], 'TotalSysCpuTimeHistory': [], 'WallDurations': [], 'JobIds': [], 'State': 'unsubmitted'}, '1510': {'Retries': 0, 'Restarts': 0, 'SiteHistory': [], 'ResidentSetSize': [], 'SubmitTimes': [], 'StartTimes': [], 'EndTimes': [], 'TotalUserCpuTimeHistory': [], 'TotalSysCpuTimeHistory': [], 'WallDurations': [], 'JobIds': [], 'State': 'unsubmitted'}, '1511': {'Retries': 0, 'Restarts': 0, 'SiteHistory': [], 'ResidentSetSize': [], 'SubmitTimes': [], 'StartTimes': [], 'EndTimes': [], 'TotalUserCpuTimeHistory': [], 'TotalSysCpuTimeHistory': [], 'WallDurations': [], 'JobIds': [], 'State': 'unsubmitted'}, '1512': {'Retries': 0, 'Restarts': 0, 'SiteHistory': [], 'ResidentSetSize': [], 'SubmitTimes': [], 'StartTimes': [], 'EndTimes': [], 'TotalUserCpuTimeHistory': [], 'TotalSysCpuTimeHistory': [], 'WallDurations': [], 'JobIds': [], 'State': 'unsubmitted'}, '1513': {'Retries': 0, 'Restarts': 0, 'SiteHistory': [], 'ResidentSetSize': [], 'SubmitTimes': [], 'StartTimes': [], 'EndTimes': [], 'TotalUserCpuTimeHistory': [], 'TotalSysCpuTimeHistory': [], 'WallDurations': [], 'JobIds': [], 'State': 'unsubmitted'}, '1514': {'Retries': 0, 'Restarts': 0, 'SiteHistory': [], 'ResidentSetSize': [], 'SubmitTimes': [], 'StartTimes': [], 'EndTimes': [], 'TotalUserCpuTimeHistory': [], 'TotalSysCpuTimeHistory': [], 'WallDurations': [], 'JobIds': [], 'State': 'unsubmitted'}, '1515': {'Retries': 0, 'Restarts': 0, 'SiteHistory': [], 'ResidentSetSize': [], 'SubmitTimes': [], 'StartTimes': [], 'EndTimes': [], 'TotalUserCpuTimeHistory': [], 'TotalSysCpuTimeHistory': [], 'WallDurations': [], 'JobIds': [], 'State': 'unsubmitted'}, '1516': {'Retries': 0, 'Restarts': 0, 'SiteHistory': [], 'ResidentSetSize': [], 'SubmitTimes': [], 'StartTimes': [], 'EndTimes': [], 'TotalUserCpuTimeHistory': [], 'TotalSysCpuTimeHistory': [], 'WallDurations': [], 'JobIds': [], 'State': 'unsubmitted'}, '1517': {'Retries': 0, 'Restarts': 0, 'SiteHistory': [], 'ResidentSetSize': [], 'SubmitTimes': [], 'StartTimes': [], 'EndTimes': [], 'TotalUserCpuTimeHistory': [], 'TotalSysCpuTimeHistory': [], 'WallDurations': [], 'JobIds': [], 'State': 'unsubmitted'}, '1518': {'Retries': 0, 'Restarts': 0, 'SiteHistory': [], 'ResidentSetSize': [], 'SubmitTimes': [], 'StartTimes': [], 'EndTimes': [], 'TotalUserCpuTimeHistory': [], 'TotalSysCpuTimeHistory': [], 'WallDurations': [], 'JobIds': [], 'State': 'unsubmitted'}, '1519': {'Retries': 0, 'Restarts': 0, 'SiteHistory': [], 'ResidentSetSize': [], 'SubmitTimes': [], 'StartTimes': [], 'EndTimes': [], 'TotalUserCpuTimeHistory': [], 'TotalSysCpuTimeHistory': [], 'WallDurations': [], 'JobIds': [], 'State': 'unsubmitted'}, '1520': {'Retries': 0, 'Restarts': 0, 'SiteHistory': [], 'ResidentSetSize': [], 'SubmitTimes': [], 'StartTimes': [], 'EndTimes': [], 'TotalUserCpuTimeHistory': [], 'TotalSysCpuTimeHistory': [], 'WallDurations': [], 'JobIds': [], 'State': 'unsubmitted'}, '1521': {'Retries': 0, 'Restarts': 0, 'SiteHistory': [], 'ResidentSetSize': [], 'SubmitTimes': [], 'StartTimes': [], 'EndTimes': [], 'TotalUserCpuTimeHistory': [], 'TotalSysCpuTimeHistory': [], 'WallDurations': [], 'JobIds': [], 'State': 'unsubmitted'}, '1522': {'Retries': 0, 'Restarts': 0, 'SiteHistory': [], 'ResidentSetSize': [], 'SubmitTimes': [], 'StartTimes': [], 'EndTimes': [], 'TotalUserCpuTimeHistory': [], 'TotalSysCpuTimeHistory': [], 'WallDurations': [], 'JobIds': [], 'State': 'unsubmitted'}, '1523': {'Retries': 0, 'Restarts': 0, 'SiteHistory': [], 'ResidentSetSize': [], 'SubmitTimes': [], 'StartTimes': [], 'EndTimes': [], 'TotalUserCpuTimeHistory': [], 'TotalSysCpuTimeHistory': [], 'WallDurations': [], 'JobIds': [], 'State': 'unsubmitted'}, '1524': {'Retries': 0, 'Restarts': 0, 'SiteHistory': [], 'ResidentSetSize': [], 'SubmitTimes': [], 'StartTimes': [], 'EndTimes': [], 'TotalUserCpuTimeHistory': [], 'TotalSysCpuTimeHistory': [], 'WallDurations': [], 'JobIds': [], 'State': 'unsubmitted'}, '1525': {'Retries': 0, 'Restarts': 0, 'SiteHistory': [], 'ResidentSetSize': [], 'SubmitTimes': [], 'StartTimes': [], 'EndTimes': [], 'TotalUserCpuTimeHistory': [], 'TotalSysCpuTimeHistory': [], 'WallDurations': [], 'JobIds': [], 'State': 'unsubmitted'}, '1526': {'Retries': 0, 'Restarts': 0, 'SiteHistory': [], 'ResidentSetSize': [], 'SubmitTimes': [], 'StartTimes': [], 'EndTimes': [], 'TotalUserCpuTimeHistory': [], 'TotalSysCpuTimeHistory': [], 'WallDurations': [], 'JobIds': [], 'State': 'unsubmitted'}, '1527': {'Retries': 0, 'Restarts': 0, 'SiteHistory': [], 'ResidentSetSize': [], 'SubmitTimes': [], 'StartTimes': [], 'EndTimes': [], 'TotalUserCpuTimeHistory': [], 'TotalSysCpuTimeHistory': [], 'WallDurations': [], 'JobIds': [], 'State': 'unsubmitted'}, '1528': {'Retries': 0, 'Restarts': 0, 'SiteHistory': [], 'ResidentSetSize': [], 'SubmitTimes': [], 'StartTimes': [], 'EndTimes': [], 'TotalUserCpuTimeHistory': [], 'TotalSysCpuTimeHistory': [], 'WallDurations': [], 'JobIds': [], 'State': 'unsubmitted'}, '1529': {'Retries': 0, 'Restarts': 0, 'SiteHistory': [], 'ResidentSetSize': [], 'SubmitTimes': [], 'StartTimes': [], 'EndTimes': [], 'TotalUserCpuTimeHistory': [], 'TotalSysCpuTimeHistory': [], 'WallDurations': [], 'JobIds': [], 'State': 'unsubmitted'}, '1530': {'Retries': 0, 'Restarts': 0, 'SiteHistory': [], 'ResidentSetSize': [], 'SubmitTimes': [], 'StartTimes': [], 'EndTimes': [], 'TotalUserCpuTimeHistory': [], 'TotalSysCpuTimeHistory': [], 'WallDurations': [], 'JobIds': [], 'State': 'unsubmitted'}, '1531': {'Retries': 0, 'Restarts': 0, 'SiteHistory': [], 'ResidentSetSize': [], 'SubmitTimes': [], 'StartTimes': [], 'EndTimes': [], 'TotalUserCpuTimeHistory': [], 'TotalSysCpuTimeHistory': [], 'WallDurations': [], 'JobIds': [], 'State': 'unsubmitted'}, '1532': {'Retries': 0, 'Restarts': 0, 'SiteHistory': [], 'ResidentSetSize': [], 'SubmitTimes': [], 'StartTimes': [], 'EndTimes': [], 'TotalUserCpuTimeHistory': [], 'TotalSysCpuTimeHistory': [], 'WallDurations': [], 'JobIds': [], 'State': 'unsubmitted'}, '1533': {'Retries': 0, 'Restarts': 0, 'SiteHistory': [], 'ResidentSetSize': [], 'SubmitTimes': [], 'StartTimes': [], 'EndTimes': [], 'TotalUserCpuTimeHistory': [], 'TotalSysCpuTimeHistory': [], 'WallDurations': [], 'JobIds': [], 'State': 'unsubmitted'}, '1534': {'Retries': 0, 'Restarts': 0, 'SiteHistory': [], 'ResidentSetSize': [], 'SubmitTimes': [], 'StartTimes': [], 'EndTimes': [], 'TotalUserCpuTimeHistory': [], 'TotalSysCpuTimeHistory': [], 'WallDurations': [], 'JobIds': [], 'State': 'unsubmitted'}, '1535': {'Retries': 0, 'Restarts': 0, 'SiteHistory': [], 'ResidentSetSize': [], 'SubmitTimes': [], 'StartTimes': [], 'EndTimes': [], 'TotalUserCpuTimeHistory': [], 'TotalSysCpuTimeHistory': [], 'WallDurations': [], 'JobIds': [], 'State': 'unsubmitted'}, '1536': {'Retries': 0, 'Restarts': 0, 'SiteHistory': [], 'ResidentSetSize': [], 'SubmitTimes': [], 'StartTimes': [], 'EndTimes': [], 'TotalUserCpuTimeHistory': [], 'TotalSysCpuTimeHistory': [], 'WallDurations': [], 'JobIds': [], 'State': 'unsubmitted'}, '1537': {'Retries': 0, 'Restarts': 0, 'SiteHistory': [], 'ResidentSetSize': [], 'SubmitTimes': [], 'StartTimes': [], 'EndTimes': [], 'TotalUserCpuTimeHistory': [], 'TotalSysCpuTimeHistory': [], 'WallDurations': [], 'JobIds': [], 'State': 'unsubmitted'}, '1538': {'Retries': 0, 'Restarts': 0, 'SiteHistory': [], 'ResidentSetSize': [], 'SubmitTimes': [], 'StartTimes': [], 'EndTimes': [], 'TotalUserCpuTimeHistory': [], 'TotalSysCpuTimeHistory': [], 'WallDurations': [], 'JobIds': [], 'State': 'unsubmitted'}, '1539': {'Retries': 0, 'Restarts': 0, 'SiteHistory': [], 'ResidentSetSize': [], 'SubmitTimes': [], 'StartTimes': [], 'EndTimes': [], 'TotalUserCpuTimeHistory': [], 'TotalSysCpuTimeHistory': [], 'WallDurations': [], 'JobIds': [], 'State': 'unsubmitted'}, '1540': {'Retries': 0, 'Restarts': 0, 'SiteHistory': [], 'ResidentSetSize': [], 'SubmitTimes': [], 'StartTimes': [], 'EndTimes': [], 'TotalUserCpuTimeHistory': [], 'TotalSysCpuTimeHistory': [], 'WallDurations': [], 'JobIds': [], 'State': 'unsubmitted'}, '1541': {'Retries': 0, 'Restarts': 0, 'SiteHistory': [], 'ResidentSetSize': [], 'SubmitTimes': [], 'StartTimes': [], 'EndTimes': [], 'TotalUserCpuTimeHistory': [], 'TotalSysCpuTimeHistory': [], 'WallDurations': [], 'JobIds': [], 'State': 'unsubmitted'}, '1542': {'Retries': 0, 'Restarts': 0, 'SiteHistory': [], 'ResidentSetSize': [], 'SubmitTimes': [], 'StartTimes': [], 'EndTimes': [], 'TotalUserCpuTimeHistory': [], 'TotalSysCpuTimeHistory': [], 'WallDurations': [], 'JobIds': [], 'State': 'unsubmitted'}, '1543': {'Retries': 0, 'Restarts': 0, 'SiteHistory': [], 'ResidentSetSize': [], 'SubmitTimes': [], 'StartTimes': [], 'EndTimes': [], 'TotalUserCpuTimeHistory': [], 'TotalSysCpuTimeHistory': [], 'WallDurations': [], 'JobIds': [], 'State': 'unsubmitted'}, '1544': {'Retries': 0, 'Restarts': 0, 'SiteHistory': [], 'ResidentSetSize': [], 'SubmitTimes': [], 'StartTimes': [], 'EndTimes': [], 'TotalUserCpuTimeHistory': [], 'TotalSysCpuTimeHistory': [], 'WallDurations': [], 'JobIds': [], 'State': 'unsubmitted'}, '1545': {'Retries': 0, 'Restarts': 0, 'SiteHistory': [], 'ResidentSetSize': [], 'SubmitTimes': [], 'StartTimes': [], 'EndTimes': [], 'TotalUserCpuTimeHistory': [], 'TotalSysCpuTimeHistory': [], 'WallDurations': [], 'JobIds': [], 'State': 'unsubmitted'}, '1546': {'Retries': 0, 'Restarts': 0, 'SiteHistory': [], 'ResidentSetSize': [], 'SubmitTimes': [], 'StartTimes': [], 'EndTimes': [], 'TotalUserCpuTimeHistory': [], 'TotalSysCpuTimeHistory': [], 'WallDurations': [], 'JobIds': [], 'State': 'unsubmitted'}, '1547': {'Retries': 0, 'Restarts': 0, 'SiteHistory': [], 'ResidentSetSize': [], 'SubmitTimes': [], 'StartTimes': [], 'EndTimes': [], 'TotalUserCpuTimeHistory': [], 'TotalSysCpuTimeHistory': [], 'WallDurations': [], 'JobIds': [], 'State': 'unsubmitted'}, '1548': {'Retries': 0, 'Restarts': 0, 'SiteHistory': [], 'ResidentSetSize': [], 'SubmitTimes': [], 'StartTimes': [], 'EndTimes': [], 'TotalUserCpuTimeHistory': [], 'TotalSysCpuTimeHistory': [], 'WallDurations': [], 'JobIds': [], 'State': 'unsubmitted'}, '1549': {'Retries': 0, 'Restarts': 0, 'SiteHistory': [], 'ResidentSetSize': [], 'SubmitTimes': [], 'StartTimes': [], 'EndTimes': [], 'TotalUserCpuTimeHistory': [], 'TotalSysCpuTimeHistory': [], 'WallDurations': [], 'JobIds': [], 'State': 'unsubmitted'}, '1550': {'Retries': 0, 'Restarts': 0, 'SiteHistory': [], 'ResidentSetSize': [], 'SubmitTimes': [], 'StartTimes': [], 'EndTimes': [], 'TotalUserCpuTimeHistory': [], 'TotalSysCpuTimeHistory': [], 'WallDurations': [], 'JobIds': [], 'State': 'unsubmitted'}, '1551': {'Retries': 0, 'Restarts': 0, 'SiteHistory': [], 'ResidentSetSize': [], 'SubmitTimes': [], 'StartTimes': [], 'EndTimes': [], 'TotalUserCpuTimeHistory': [], 'TotalSysCpuTimeHistory': [], 'WallDurations': [], 'JobIds': [], 'State': 'unsubmitted'}, '1552': {'Retries': 0, 'Restarts': 0, 'SiteHistory': [], 'ResidentSetSize': [], 'SubmitTimes': [], 'StartTimes': [], 'EndTimes': [], 'TotalUserCpuTimeHistory': [], 'TotalSysCpuTimeHistory': [], 'WallDurations': [], 'JobIds': [], 'State': 'unsubmitted'}, '1553': {'Retries': 0, 'Restarts': 0, 'SiteHistory': [], 'ResidentSetSize': [], 'SubmitTimes': [], 'StartTimes': [], 'EndTimes': [], 'TotalUserCpuTimeHistory': [], 'TotalSysCpuTimeHistory': [], 'WallDurations': [], 'JobIds': [], 'State': 'unsubmitted'}, '1554': {'Retries': 0, 'Restarts': 0, 'SiteHistory': [], 'ResidentSetSize': [], 'SubmitTimes': [], 'StartTimes': [], 'EndTimes': [], 'TotalUserCpuTimeHistory': [], 'TotalSysCpuTimeHistory': [], 'WallDurations': [], 'JobIds': [], 'State': 'unsubmitted'}, '1555': {'Retries': 0, 'Restarts': 0, 'SiteHistory': [], 'ResidentSetSize': [], 'SubmitTimes': [], 'StartTimes': [], 'EndTimes': [], 'TotalUserCpuTimeHistory': [], 'TotalSysCpuTimeHistory': [], 'WallDurations': [], 'JobIds': [], 'State': 'unsubmitted'}, '1556': {'Retries': 0, 'Restarts': 0, 'SiteHistory': [], 'ResidentSetSize': [], 'SubmitTimes': [], 'StartTimes': [], 'EndTimes': [], 'TotalUserCpuTimeHistory': [], 'TotalSysCpuTimeHistory': [], 'WallDurations': [], 'JobIds': [], 'State': 'unsubmitted'}, '1557': {'Retries': 0, 'Restarts': 0, 'SiteHistory': [], 'ResidentSetSize': [], 'SubmitTimes': [], 'StartTimes': [], 'EndTimes': [], 'TotalUserCpuTimeHistory': [], 'TotalSysCpuTimeHistory': [], 'WallDurations': [], 'JobIds': [], 'State': 'unsubmitted'}, '1558': {'Retries': 0, 'Restarts': 0, 'SiteHistory': [], 'ResidentSetSize': [], 'SubmitTimes': [], 'StartTimes': [], 'EndTimes': [], 'TotalUserCpuTimeHistory': [], 'TotalSysCpuTimeHistory': [], 'WallDurations': [], 'JobIds': [], 'State': 'unsubmitted'}, '1559': {'Retries': 0, 'Restarts': 0, 'SiteHistory': [], 'ResidentSetSize': [], 'SubmitTimes': [], 'StartTimes': [], 'EndTimes': [], 'TotalUserCpuTimeHistory': [], 'TotalSysCpuTimeHistory': [], 'WallDurations': [], 'JobIds': [], 'State': 'unsubmitted'}, '1560': {'Retries': 0, 'Restarts': 0, 'SiteHistory': [], 'ResidentSetSize': [], 'SubmitTimes': [], 'StartTimes': [], 'EndTimes': [], 'TotalUserCpuTimeHistory': [], 'TotalSysCpuTimeHistory': [], 'WallDurations': [], 'JobIds': [], 'State': 'unsubmitted'}, '1561': {'Retries': 0, 'Restarts': 0, 'SiteHistory': [], 'ResidentSetSize': [], 'SubmitTimes': [], 'StartTimes': [], 'EndTimes': [], 'TotalUserCpuTimeHistory': [], 'TotalSysCpuTimeHistory': [], 'WallDurations': [], 'JobIds': [], 'State': 'unsubmitted'}, '1562': {'Retries': 0, 'Restarts': 0, 'SiteHistory': [], 'ResidentSetSize': [], 'SubmitTimes': [], 'StartTimes': [], 'EndTimes': [], 'TotalUserCpuTimeHistory': [], 'TotalSysCpuTimeHistory': [], 'WallDurations': [], 'JobIds': [], 'State': 'unsubmitted'}, '1563': {'Retries': 0, 'Restarts': 0, 'SiteHistory': [], 'ResidentSetSize': [], 'SubmitTimes': [], 'StartTimes': [], 'EndTimes': [], 'TotalUserCpuTimeHistory': [], 'TotalSysCpuTimeHistory': [], 'WallDurations': [], 'JobIds': [], 'State': 'unsubmitted'}, '1564': {'Retries': 0, 'Restarts': 0, 'SiteHistory': [], 'ResidentSetSize': [], 'SubmitTimes': [], 'StartTimes': [], 'EndTimes': [], 'TotalUserCpuTimeHistory': [], 'TotalSysCpuTimeHistory': [], 'WallDurations': [], 'JobIds': [], 'State': 'unsubmitted'}, '1565': {'Retries': 0, 'Restarts': 0, 'SiteHistory': [], 'ResidentSetSize': [], 'SubmitTimes': [], 'StartTimes': [], 'EndTimes': [], 'TotalUserCpuTimeHistory': [], 'TotalSysCpuTimeHistory': [], 'WallDurations': [], 'JobIds': [], 'State': 'unsubmitted'}, '1566': {'Retries': 0, 'Restarts': 0, 'SiteHistory': [], 'ResidentSetSize': [], 'SubmitTimes': [], 'StartTimes': [], 'EndTimes': [], 'TotalUserCpuTimeHistory': [], 'TotalSysCpuTimeHistory': [], 'WallDurations': [], 'JobIds': [], 'State': 'unsubmitted'}, '1567': {'Retries': 0, 'Restarts': 0, 'SiteHistory': [], 'ResidentSetSize': [], 'SubmitTimes': [], 'StartTimes': [], 'EndTimes': [], 'TotalUserCpuTimeHistory': [], 'TotalSysCpuTimeHistory': [], 'WallDurations': [], 'JobIds': [], 'State': 'unsubmitted'}, '1568': {'Retries': 0, 'Restarts': 0, 'SiteHistory': [], 'ResidentSetSize': [], 'SubmitTimes': [], 'StartTimes': [], 'EndTimes': [], 'TotalUserCpuTimeHistory': [], 'TotalSysCpuTimeHistory': [], 'WallDurations': [], 'JobIds': [], 'State': 'unsubmitted'}, '1569': {'Retries': 0, 'Restarts': 0, 'SiteHistory': [], 'ResidentSetSize': [], 'SubmitTimes': [], 'StartTimes': [], 'EndTimes': [], 'TotalUserCpuTimeHistory': [], 'TotalSysCpuTimeHistory': [], 'WallDurations': [], 'JobIds': [], 'State': 'unsubmitted'}, '1570': {'Retries': 0, 'Restarts': 0, 'SiteHistory': [], 'ResidentSetSize': [], 'SubmitTimes': [], 'StartTimes': [], 'EndTimes': [], 'TotalUserCpuTimeHistory': [], 'TotalSysCpuTimeHistory': [], 'WallDurations': [], 'JobIds': [], 'State': 'unsubmitted'}, '1571': {'Retries': 0, 'Restarts': 0, 'SiteHistory': [], 'ResidentSetSize': [], 'SubmitTimes': [], 'StartTimes': [], 'EndTimes': [], 'TotalUserCpuTimeHistory': [], 'TotalSysCpuTimeHistory': [], 'WallDurations': [], 'JobIds': [], 'State': 'unsubmitted'}, '1572': {'Retries': 0, 'Restarts': 0, 'SiteHistory': [], 'ResidentSetSize': [], 'SubmitTimes': [], 'StartTimes': [], 'EndTimes': [], 'TotalUserCpuTimeHistory': [], 'TotalSysCpuTimeHistory': [], 'WallDurations': [], 'JobIds': [], 'State': 'unsubmitted'}, '1573': {'Retries': 0, 'Restarts': 0, 'SiteHistory': [], 'ResidentSetSize': [], 'SubmitTimes': [], 'StartTimes': [], 'EndTimes': [], 'TotalUserCpuTimeHistory': [], 'TotalSysCpuTimeHistory': [], 'WallDurations': [], 'JobIds': [], 'State': 'unsubmitted'}, '1574': {'Retries': 0, 'Restarts': 0, 'SiteHistory': [], 'ResidentSetSize': [], 'SubmitTimes': [], 'StartTimes': [], 'EndTimes': [], 'TotalUserCpuTimeHistory': [], 'TotalSysCpuTimeHistory': [], 'WallDurations': [], 'JobIds': [], 'State': 'unsubmitted'}, '1575': {'Retries': 0, 'Restarts': 0, 'SiteHistory': [], 'ResidentSetSize': [], 'SubmitTimes': [], 'StartTimes': [], 'EndTimes': [], 'TotalUserCpuTimeHistory': [], 'TotalSysCpuTimeHistory': [], 'WallDurations': [], 'JobIds': [], 'State': 'unsubmitted'}, '1576': {'Retries': 0, 'Restarts': 0, 'SiteHistory': [], 'ResidentSetSize': [], 'SubmitTimes': [], 'StartTimes': [], 'EndTimes': [], 'TotalUserCpuTimeHistory': [], 'TotalSysCpuTimeHistory': [], 'WallDurations': [], 'JobIds': [], 'State': 'unsubmitted'}, '1577': {'Retries': 0, 'Restarts': 0, 'SiteHistory': [], 'ResidentSetSize': [], 'SubmitTimes': [], 'StartTimes': [], 'EndTimes': [], 'TotalUserCpuTimeHistory': [], 'TotalSysCpuTimeHistory': [], 'WallDurations': [], 'JobIds': [], 'State': 'unsubmitted'}, '1578': {'Retries': 0, 'Restarts': 0, 'SiteHistory': [], 'ResidentSetSize': [], 'SubmitTimes': [], 'StartTimes': [], 'EndTimes': [], 'TotalUserCpuTimeHistory': [], 'TotalSysCpuTimeHistory': [], 'WallDurations': [], 'JobIds': [], 'State': 'unsubmitted'}, '1579': {'Retries': 0, 'Restarts': 0, 'SiteHistory': [], 'ResidentSetSize': [], 'SubmitTimes': [], 'StartTimes': [], 'EndTimes': [], 'TotalUserCpuTimeHistory': [], 'TotalSysCpuTimeHistory': [], 'WallDurations': [], 'JobIds': [], 'State': 'unsubmitted'}, '1580': {'Retries': 0, 'Restarts': 0, 'SiteHistory': [], 'ResidentSetSize': [], 'SubmitTimes': [], 'StartTimes': [], 'EndTimes': [], 'TotalUserCpuTimeHistory': [], 'TotalSysCpuTimeHistory': [], 'WallDurations': [], 'JobIds': [], 'State': 'unsubmitted'}, '1581': {'Retries': 0, 'Restarts': 0, 'SiteHistory': [], 'ResidentSetSize': [], 'SubmitTimes': [], 'StartTimes': [], 'EndTimes': [], 'TotalUserCpuTimeHistory': [], 'TotalSysCpuTimeHistory': [], 'WallDurations': [], 'JobIds': [], 'State': 'unsubmitted'}, '1582': {'Retries': 0, 'Restarts': 0, 'SiteHistory': [], 'ResidentSetSize': [], 'SubmitTimes': [], 'StartTimes': [], 'EndTimes': [], 'TotalUserCpuTimeHistory': [], 'TotalSysCpuTimeHistory': [], 'WallDurations': [], 'JobIds': [], 'State': 'unsubmitted'}, '1583': {'Retries': 0, 'Restarts': 0, 'SiteHistory': [], 'ResidentSetSize': [], 'SubmitTimes': [], 'StartTimes': [], 'EndTimes': [], 'TotalUserCpuTimeHistory': [], 'TotalSysCpuTimeHistory': [], 'WallDurations': [], 'JobIds': [], 'State': 'unsubmitted'}, '1584': {'Retries': 0, 'Restarts': 0, 'SiteHistory': [], 'ResidentSetSize': [], 'SubmitTimes': [], 'StartTimes': [], 'EndTimes': [], 'TotalUserCpuTimeHistory': [], 'TotalSysCpuTimeHistory': [], 'WallDurations': [], 'JobIds': [], 'State': 'unsubmitted'}, '1585': {'Retries': 0, 'Restarts': 0, 'SiteHistory': [], 'ResidentSetSize': [], 'SubmitTimes': [], 'StartTimes': [], 'EndTimes': [], 'TotalUserCpuTimeHistory': [], 'TotalSysCpuTimeHistory': [], 'WallDurations': [], 'JobIds': [], 'State': 'unsubmitted'}, '1586': {'Retries': 0, 'Restarts': 0, 'SiteHistory': [], 'ResidentSetSize': [], 'SubmitTimes': [], 'StartTimes': [], 'EndTimes': [], 'TotalUserCpuTimeHistory': [], 'TotalSysCpuTimeHistory': [], 'WallDurations': [], 'JobIds': [], 'State': 'unsubmitted'}, '1587': {'Retries': 0, 'Restarts': 0, 'SiteHistory': [], 'ResidentSetSize': [], 'SubmitTimes': [], 'StartTimes': [], 'EndTimes': [], 'TotalUserCpuTimeHistory': [], 'TotalSysCpuTimeHistory': [], 'WallDurations': [], 'JobIds': [], 'State': 'unsubmitted'}, '1588': {'Retries': 0, 'Restarts': 0, 'SiteHistory': [], 'ResidentSetSize': [], 'SubmitTimes': [], 'StartTimes': [], 'EndTimes': [], 'TotalUserCpuTimeHistory': [], 'TotalSysCpuTimeHistory': [], 'WallDurations': [], 'JobIds': [], 'State': 'unsubmitted'}, '1589': {'Retries': 0, 'Restarts': 0, 'SiteHistory': [], 'ResidentSetSize': [], 'SubmitTimes': [], 'StartTimes': [], 'EndTimes': [], 'TotalUserCpuTimeHistory': [], 'TotalSysCpuTimeHistory': [], 'WallDurations': [], 'JobIds': [], 'State': 'unsubmitted'}, '1590': {'Retries': 0, 'Restarts': 0, 'SiteHistory': [], 'ResidentSetSize': [], 'SubmitTimes': [], 'StartTimes': [], 'EndTimes': [], 'TotalUserCpuTimeHistory': [], 'TotalSysCpuTimeHistory': [], 'WallDurations': [], 'JobIds': [], 'State': 'unsubmitted'}, '1591': {'Retries': 0, 'Restarts': 0, 'SiteHistory': [], 'ResidentSetSize': [], 'SubmitTimes': [], 'StartTimes': [], 'EndTimes': [], 'TotalUserCpuTimeHistory': [], 'TotalSysCpuTimeHistory': [], 'WallDurations': [], 'JobIds': [], 'State': 'unsubmitted'}, '1592': {'Retries': 0, 'Restarts': 0, 'SiteHistory': [], 'ResidentSetSize': [], 'SubmitTimes': [], 'StartTimes': [], 'EndTimes': [], 'TotalUserCpuTimeHistory': [], 'TotalSysCpuTimeHistory': [], 'WallDurations': [], 'JobIds': [], 'State': 'unsubmitted'}, '1593': {'Retries': 0, 'Restarts': 0, 'SiteHistory': [], 'ResidentSetSize': [], 'SubmitTimes': [], 'StartTimes': [], 'EndTimes': [], 'TotalUserCpuTimeHistory': [], 'TotalSysCpuTimeHistory': [], 'WallDurations': [], 'JobIds': [], 'State': 'unsubmitted'}, '1594': {'Retries': 0, 'Restarts': 0, 'SiteHistory': [], 'ResidentSetSize': [], 'SubmitTimes': [], 'StartTimes': [], 'EndTimes': [], 'TotalUserCpuTimeHistory': [], 'TotalSysCpuTimeHistory': [], 'WallDurations': [], 'JobIds': [], 'State': 'unsubmitted'}, '1595': {'Retries': 0, 'Restarts': 0, 'SiteHistory': [], 'ResidentSetSize': [], 'SubmitTimes': [], 'StartTimes': [], 'EndTimes': [], 'TotalUserCpuTimeHistory': [], 'TotalSysCpuTimeHistory': [], 'WallDurations': [], 'JobIds': [], 'State': 'unsubmitted'}, '1596': {'Retries': 0, 'Restarts': 0, 'SiteHistory': [], 'ResidentSetSize': [], 'SubmitTimes': [], 'StartTimes': [], 'EndTimes': [], 'TotalUserCpuTimeHistory': [], 'TotalSysCpuTimeHistory': [], 'WallDurations': [], 'JobIds': [], 'State': 'unsubmitted'}, '1597': {'Retries': 0, 'Restarts': 0, 'SiteHistory': [], 'ResidentSetSize': [], 'SubmitTimes': [], 'StartTimes': [], 'EndTimes': [], 'TotalUserCpuTimeHistory': [], 'TotalSysCpuTimeHistory': [], 'WallDurations': [], 'JobIds': [], 'State': 'unsubmitted'}, '1598': {'Retries': 0, 'Restarts': 0, 'SiteHistory': [], 'ResidentSetSize': [], 'SubmitTimes': [], 'StartTimes': [], 'EndTimes': [], 'TotalUserCpuTimeHistory': [], 'TotalSysCpuTimeHistory': [], 'WallDurations': [], 'JobIds': [], 'State': 'unsubmitted'}, '1599': {'Retries': 0, 'Restarts': 0, 'SiteHistory': [], 'ResidentSetSize': [], 'SubmitTimes': [], 'StartTimes': [], 'EndTimes': [], 'TotalUserCpuTimeHistory': [], 'TotalSysCpuTimeHistory': [], 'WallDurations': [], 'JobIds': [], 'State': 'unsubmitted'}, '1600': {'Retries': 0, 'Restarts': 0, 'SiteHistory': [], 'ResidentSetSize': [], 'SubmitTimes': [], 'StartTimes': [], 'EndTimes': [], 'TotalUserCpuTimeHistory': [], 'TotalSysCpuTimeHistory': [], 'WallDurations': [], 'JobIds': [], 'State': 'unsubmitted'}, '1601': {'Retries': 0, 'Restarts': 0, 'SiteHistory': [], 'ResidentSetSize': [], 'SubmitTimes': [], 'StartTimes': [], 'EndTimes': [], 'TotalUserCpuTimeHistory': [], 'TotalSysCpuTimeHistory': [], 'WallDurations': [], 'JobIds': [], 'State': 'unsubmitted'}, '1602': {'Retries': 0, 'Restarts': 0, 'SiteHistory': [], 'ResidentSetSize': [], 'SubmitTimes': [], 'StartTimes': [], 'EndTimes': [], 'TotalUserCpuTimeHistory': [], 'TotalSysCpuTimeHistory': [], 'WallDurations': [], 'JobIds': [], 'State': 'unsubmitted'}, '1603': {'Retries': 0, 'Restarts': 0, 'SiteHistory': [], 'ResidentSetSize': [], 'SubmitTimes': [], 'StartTimes': [], 'EndTimes': [], 'TotalUserCpuTimeHistory': [], 'TotalSysCpuTimeHistory': [], 'WallDurations': [], 'JobIds': [], 'State': 'unsubmitted'}, '1604': {'Retries': 0, 'Restarts': 0, 'SiteHistory': [], 'ResidentSetSize': [], 'SubmitTimes': [], 'StartTimes': [], 'EndTimes': [], 'TotalUserCpuTimeHistory': [], 'TotalSysCpuTimeHistory': [], 'WallDurations': [], 'JobIds': [], 'State': 'unsubmitted'}, '1605': {'Retries': 0, 'Restarts': 0, 'SiteHistory': [], 'ResidentSetSize': [], 'SubmitTimes': [], 'StartTimes': [], 'EndTimes': [], 'TotalUserCpuTimeHistory': [], 'TotalSysCpuTimeHistory': [], 'WallDurations': [], 'JobIds': [], 'State': 'unsubmitted'}, '1606': {'Retries': 0, 'Restarts': 0, 'SiteHistory': [], 'ResidentSetSize': [], 'SubmitTimes': [], 'StartTimes': [], 'EndTimes': [], 'TotalUserCpuTimeHistory': [], 'TotalSysCpuTimeHistory': [], 'WallDurations': [], 'JobIds': [], 'State': 'unsubmitted'}, '1607': {'Retries': 0, 'Restarts': 0, 'SiteHistory': [], 'ResidentSetSize': [], 'SubmitTimes': [], 'StartTimes': [], 'EndTimes': [], 'TotalUserCpuTimeHistory': [], 'TotalSysCpuTimeHistory': [], 'WallDurations': [], 'JobIds': [], 'State': 'unsubmitted'}, '1608': {'Retries': 0, 'Restarts': 0, 'SiteHistory': [], 'ResidentSetSize': [], 'SubmitTimes': [], 'StartTimes': [], 'EndTimes': [], 'TotalUserCpuTimeHistory': [], 'TotalSysCpuTimeHistory': [], 'WallDurations': [], 'JobIds': [], 'State': 'unsubmitted'}, '1609': {'Retries': 0, 'Restarts': 0, 'SiteHistory': [], 'ResidentSetSize': [], 'SubmitTimes': [], 'StartTimes': [], 'EndTimes': [], 'TotalUserCpuTimeHistory': [], 'TotalSysCpuTimeHistory': [], 'WallDurations': [], 'JobIds': [], 'State': 'unsubmitted'}, '1610': {'Retries': 0, 'Restarts': 0, 'SiteHistory': [], 'ResidentSetSize': [], 'SubmitTimes': [], 'StartTimes': [], 'EndTimes': [], 'TotalUserCpuTimeHistory': [], 'TotalSysCpuTimeHistory': [], 'WallDurations': [], 'JobIds': [], 'State': 'unsubmitted'}, '1611': {'Retries': 0, 'Restarts': 0, 'SiteHistory': [], 'ResidentSetSize': [], 'SubmitTimes': [], 'StartTimes': [], 'EndTimes': [], 'TotalUserCpuTimeHistory': [], 'TotalSysCpuTimeHistory': [], 'WallDurations': [], 'JobIds': [], 'State': 'unsubmitted'}, '1612': {'Retries': 0, 'Restarts': 0, 'SiteHistory': [], 'ResidentSetSize': [], 'SubmitTimes': [], 'StartTimes': [], 'EndTimes': [], 'TotalUserCpuTimeHistory': [], 'TotalSysCpuTimeHistory': [], 'WallDurations': [], 'JobIds': [], 'State': 'unsubmitted'}, '1613': {'Retries': 0, 'Restarts': 0, 'SiteHistory': [], 'ResidentSetSize': [], 'SubmitTimes': [], 'StartTimes': [], 'EndTimes': [], 'TotalUserCpuTimeHistory': [], 'TotalSysCpuTimeHistory': [], 'WallDurations': [], 'JobIds': [], 'State': 'unsubmitted'}, '1614': {'Retries': 0, 'Restarts': 0, 'SiteHistory': [], 'ResidentSetSize': [], 'SubmitTimes': [], 'StartTimes': [], 'EndTimes': [], 'TotalUserCpuTimeHistory': [], 'TotalSysCpuTimeHistory': [], 'WallDurations': [], 'JobIds': [], 'State': 'unsubmitted'}, '1615': {'Retries': 0, 'Restarts': 0, 'SiteHistory': [], 'ResidentSetSize': [], 'SubmitTimes': [], 'StartTimes': [], 'EndTimes': [], 'TotalUserCpuTimeHistory': [], 'TotalSysCpuTimeHistory': [], 'WallDurations': [], 'JobIds': [], 'State': 'unsubmitted'}, '1616': {'Retries': 0, 'Restarts': 0, 'SiteHistory': [], 'ResidentSetSize': [], 'SubmitTimes': [], 'StartTimes': [], 'EndTimes': [], 'TotalUserCpuTimeHistory': [], 'TotalSysCpuTimeHistory': [], 'WallDurations': [], 'JobIds': [], 'State': 'unsubmitted'}, '1617': {'Retries': 0, 'Restarts': 0, 'SiteHistory': [], 'ResidentSetSize': [], 'SubmitTimes': [], 'StartTimes': [], 'EndTimes': [], 'TotalUserCpuTimeHistory': [], 'TotalSysCpuTimeHistory': [], 'WallDurations': [], 'JobIds': [], 'State': 'unsubmitted'}, '1618': {'Retries': 0, 'Restarts': 0, 'SiteHistory': [], 'ResidentSetSize': [], 'SubmitTimes': [], 'StartTimes': [], 'EndTimes': [], 'TotalUserCpuTimeHistory': [], 'TotalSysCpuTimeHistory': [], 'WallDurations': [], 'JobIds': [], 'State': 'unsubmitted'}, '1619': {'Retries': 0, 'Restarts': 0, 'SiteHistory': [], 'ResidentSetSize': [], 'SubmitTimes': [], 'StartTimes': [], 'EndTimes': [], 'TotalUserCpuTimeHistory': [], 'TotalSysCpuTimeHistory': [], 'WallDurations': [], 'JobIds': [], 'State': 'unsubmitted'}, '1620': {'Retries': 0, 'Restarts': 0, 'SiteHistory': [], 'ResidentSetSize': [], 'SubmitTimes': [], 'StartTimes': [], 'EndTimes': [], 'TotalUserCpuTimeHistory': [], 'TotalSysCpuTimeHistory': [], 'WallDurations': [], 'JobIds': [], 'State': 'unsubmitted'}, '1621': {'Retries': 0, 'Restarts': 0, 'SiteHistory': [], 'ResidentSetSize': [], 'SubmitTimes': [], 'StartTimes': [], 'EndTimes': [], 'TotalUserCpuTimeHistory': [], 'TotalSysCpuTimeHistory': [], 'WallDurations': [], 'JobIds': [], 'State': 'unsubmitted'}, '1622': {'Retries': 0, 'Restarts': 0, 'SiteHistory': [], 'ResidentSetSize': [], 'SubmitTimes': [], 'StartTimes': [], 'EndTimes': [], 'TotalUserCpuTimeHistory': [], 'TotalSysCpuTimeHistory': [], 'WallDurations': [], 'JobIds': [], 'State': 'unsubmitted'}, '1623': {'Retries': 0, 'Restarts': 0, 'SiteHistory': [], 'ResidentSetSize': [], 'SubmitTimes': [], 'StartTimes': [], 'EndTimes': [], 'TotalUserCpuTimeHistory': [], 'TotalSysCpuTimeHistory': [], 'WallDurations': [], 'JobIds': [], 'State': 'unsubmitted'}, '1624': {'Retries': 0, 'Restarts': 0, 'SiteHistory': [], 'ResidentSetSize': [], 'SubmitTimes': [], 'StartTimes': [], 'EndTimes': [], 'TotalUserCpuTimeHistory': [], 'TotalSysCpuTimeHistory': [], 'WallDurations': [], 'JobIds': [], 'State': 'unsubmitted'}, '1625': {'Retries': 0, 'Restarts': 0, 'SiteHistory': [], 'ResidentSetSize': [], 'SubmitTimes': [], 'StartTimes': [], 'EndTimes': [], 'TotalUserCpuTimeHistory': [], 'TotalSysCpuTimeHistory': [], 'WallDurations': [], 'JobIds': [], 'State': 'unsubmitted'}, '1626': {'Retries': 0, 'Restarts': 0, 'SiteHistory': [], 'ResidentSetSize': [], 'SubmitTimes': [], 'StartTimes': [], 'EndTimes': [], 'TotalUserCpuTimeHistory': [], 'TotalSysCpuTimeHistory': [], 'WallDurations': [], 'JobIds': [], 'State': 'unsubmitted'}, '1627': {'Retries': 0, 'Restarts': 0, 'SiteHistory': [], 'ResidentSetSize': [], 'SubmitTimes': [], 'StartTimes': [], 'EndTimes': [], 'TotalUserCpuTimeHistory': [], 'TotalSysCpuTimeHistory': [], 'WallDurations': [], 'JobIds': [], 'State': 'unsubmitted'}, '1628': {'Retries': 0, 'Restarts': 0, 'SiteHistory': [], 'ResidentSetSize': [], 'SubmitTimes': [], 'StartTimes': [], 'EndTimes': [], 'TotalUserCpuTimeHistory': [], 'TotalSysCpuTimeHistory': [], 'WallDurations': [], 'JobIds': [], 'State': 'unsubmitted'}, '1629': {'Retries': 0, 'Restarts': 0, 'SiteHistory': [], 'ResidentSetSize': [], 'SubmitTimes': [], 'StartTimes': [], 'EndTimes': [], 'TotalUserCpuTimeHistory': [], 'TotalSysCpuTimeHistory': [], 'WallDurations': [], 'JobIds': [], 'State': 'unsubmitted'}, '1630': {'Retries': 0, 'Restarts': 0, 'SiteHistory': [], 'ResidentSetSize': [], 'SubmitTimes': [], 'StartTimes': [], 'EndTimes': [], 'TotalUserCpuTimeHistory': [], 'TotalSysCpuTimeHistory': [], 'WallDurations': [], 'JobIds': [], 'State': 'unsubmitted'}, '1631': {'Retries': 0, 'Restarts': 0, 'SiteHistory': [], 'ResidentSetSize': [], 'SubmitTimes': [], 'StartTimes': [], 'EndTimes': [], 'TotalUserCpuTimeHistory': [], 'TotalSysCpuTimeHistory': [], 'WallDurations': [], 'JobIds': [], 'State': 'unsubmitted'}, '1632': {'Retries': 0, 'Restarts': 0, 'SiteHistory': [], 'ResidentSetSize': [], 'SubmitTimes': [], 'StartTimes': [], 'EndTimes': [], 'TotalUserCpuTimeHistory': [], 'TotalSysCpuTimeHistory': [], 'WallDurations': [], 'JobIds': [], 'State': 'unsubmitted'}, '1633': {'Retries': 0, 'Restarts': 0, 'SiteHistory': [], 'ResidentSetSize': [], 'SubmitTimes': [], 'StartTimes': [], 'EndTimes': [], 'TotalUserCpuTimeHistory': [], 'TotalSysCpuTimeHistory': [], 'WallDurations': [], 'JobIds': [], 'State': 'unsubmitted'}, '1634': {'Retries': 0, 'Restarts': 0, 'SiteHistory': [], 'ResidentSetSize': [], 'SubmitTimes': [], 'StartTimes': [], 'EndTimes': [], 'TotalUserCpuTimeHistory': [], 'TotalSysCpuTimeHistory': [], 'WallDurations': [], 'JobIds': [], 'State': 'unsubmitted'}, '1635': {'Retries': 0, 'Restarts': 0, 'SiteHistory': [], 'ResidentSetSize': [], 'SubmitTimes': [], 'StartTimes': [], 'EndTimes': [], 'TotalUserCpuTimeHistory': [], 'TotalSysCpuTimeHistory': [], 'WallDurations': [], 'JobIds': [], 'State': 'unsubmitted'}, '1636': {'Retries': 0, 'Restarts': 0, 'SiteHistory': [], 'ResidentSetSize': [], 'SubmitTimes': [], 'StartTimes': [], 'EndTimes': [], 'TotalUserCpuTimeHistory': [], 'TotalSysCpuTimeHistory': [], 'WallDurations': [], 'JobIds': [], 'State': 'unsubmitted'}, '1637': {'Retries': 0, 'Restarts': 0, 'SiteHistory': [], 'ResidentSetSize': [], 'SubmitTimes': [], 'StartTimes': [], 'EndTimes': [], 'TotalUserCpuTimeHistory': [], 'TotalSysCpuTimeHistory': [], 'WallDurations': [], 'JobIds': [], 'State': 'unsubmitted'}, '1638': {'Retries': 0, 'Restarts': 0, 'SiteHistory': [], 'ResidentSetSize': [], 'SubmitTimes': [], 'StartTimes': [], 'EndTimes': [], 'TotalUserCpuTimeHistory': [], 'TotalSysCpuTimeHistory': [], 'WallDurations': [], 'JobIds': [], 'State': 'unsubmitted'}, '1639': {'Retries': 0, 'Restarts': 0, 'SiteHistory': [], 'ResidentSetSize': [], 'SubmitTimes': [], 'StartTimes': [], 'EndTimes': [], 'TotalUserCpuTimeHistory': [], 'TotalSysCpuTimeHistory': [], 'WallDurations': [], 'JobIds': [], 'State': 'unsubmitted'}, '1640': {'Retries': 0, 'Restarts': 0, 'SiteHistory': [], 'ResidentSetSize': [], 'SubmitTimes': [], 'StartTimes': [], 'EndTimes': [], 'TotalUserCpuTimeHistory': [], 'TotalSysCpuTimeHistory': [], 'WallDurations': [], 'JobIds': [], 'State': 'unsubmitted'}, '1641': {'Retries': 0, 'Restarts': 0, 'SiteHistory': [], 'ResidentSetSize': [], 'SubmitTimes': [], 'StartTimes': [], 'EndTimes': [], 'TotalUserCpuTimeHistory': [], 'TotalSysCpuTimeHistory': [], 'WallDurations': [], 'JobIds': [], 'State': 'unsubmitted'}, '1642': {'Retries': 0, 'Restarts': 0, 'SiteHistory': [], 'ResidentSetSize': [], 'SubmitTimes': [], 'StartTimes': [], 'EndTimes': [], 'TotalUserCpuTimeHistory': [], 'TotalSysCpuTimeHistory': [], 'WallDurations': [], 'JobIds': [], 'State': 'unsubmitted'}, '1643': {'Retries': 0, 'Restarts': 0, 'SiteHistory': [], 'ResidentSetSize': [], 'SubmitTimes': [], 'StartTimes': [], 'EndTimes': [], 'TotalUserCpuTimeHistory': [], 'TotalSysCpuTimeHistory': [], 'WallDurations': [], 'JobIds': [], 'State': 'unsubmitted'}, '1644': {'Retries': 0, 'Restarts': 0, 'SiteHistory': [], 'ResidentSetSize': [], 'SubmitTimes': [], 'StartTimes': [], 'EndTimes': [], 'TotalUserCpuTimeHistory': [], 'TotalSysCpuTimeHistory': [], 'WallDurations': [], 'JobIds': [], 'State': 'unsubmitted'}, '1645': {'Retries': 0, 'Restarts': 0, 'SiteHistory': [], 'ResidentSetSize': [], 'SubmitTimes': [], 'StartTimes': [], 'EndTimes': [], 'TotalUserCpuTimeHistory': [], 'TotalSysCpuTimeHistory': [], 'WallDurations': [], 'JobIds': [], 'State': 'unsubmitted'}, '1646': {'Retries': 0, 'Restarts': 0, 'SiteHistory': [], 'ResidentSetSize': [], 'SubmitTimes': [], 'StartTimes': [], 'EndTimes': [], 'TotalUserCpuTimeHistory': [], 'TotalSysCpuTimeHistory': [], 'WallDurations': [], 'JobIds': [], 'State': 'unsubmitted'}, '1647': {'Retries': 0, 'Restarts': 0, 'SiteHistory': [], 'ResidentSetSize': [], 'SubmitTimes': [], 'StartTimes': [], 'EndTimes': [], 'TotalUserCpuTimeHistory': [], 'TotalSysCpuTimeHistory': [], 'WallDurations': [], 'JobIds': [], 'State': 'unsubmitted'}, '1648': {'Retries': 0, 'Restarts': 0, 'SiteHistory': [], 'ResidentSetSize': [], 'SubmitTimes': [], 'StartTimes': [], 'EndTimes': [], 'TotalUserCpuTimeHistory': [], 'TotalSysCpuTimeHistory': [], 'WallDurations': [], 'JobIds': [], 'State': 'unsubmitted'}, '1649': {'Retries': 0, 'Restarts': 0, 'SiteHistory': [], 'ResidentSetSize': [], 'SubmitTimes': [], 'StartTimes': [], 'EndTimes': [], 'TotalUserCpuTimeHistory': [], 'TotalSysCpuTimeHistory': [], 'WallDurations': [], 'JobIds': [], 'State': 'unsubmitted'}, '1650': {'Retries': 0, 'Restarts': 0, 'SiteHistory': [], 'ResidentSetSize': [], 'SubmitTimes': [], 'StartTimes': [], 'EndTimes': [], 'TotalUserCpuTimeHistory': [], 'TotalSysCpuTimeHistory': [], 'WallDurations': [], 'JobIds': [], 'State': 'unsubmitted'}, '1651': {'Retries': 0, 'Restarts': 0, 'SiteHistory': [], 'ResidentSetSize': [], 'SubmitTimes': [], 'StartTimes': [], 'EndTimes': [], 'TotalUserCpuTimeHistory': [], 'TotalSysCpuTimeHistory': [], 'WallDurations': [], 'JobIds': [], 'State': 'unsubmitted'}, '1652': {'Retries': 0, 'Restarts': 0, 'SiteHistory': [], 'ResidentSetSize': [], 'SubmitTimes': [], 'StartTimes': [], 'EndTimes': [], 'TotalUserCpuTimeHistory': [], 'TotalSysCpuTimeHistory': [], 'WallDurations': [], 'JobIds': [], 'State': 'unsubmitted'}, '1653': {'Retries': 0, 'Restarts': 0, 'SiteHistory': [], 'ResidentSetSize': [], 'SubmitTimes': [], 'StartTimes': [], 'EndTimes': [], 'TotalUserCpuTimeHistory': [], 'TotalSysCpuTimeHistory': [], 'WallDurations': [], 'JobIds': [], 'State': 'unsubmitted'}, '1654': {'Retries': 0, 'Restarts': 0, 'SiteHistory': [], 'ResidentSetSize': [], 'SubmitTimes': [], 'StartTimes': [], 'EndTimes': [], 'TotalUserCpuTimeHistory': [], 'TotalSysCpuTimeHistory': [], 'WallDurations': [], 'JobIds': [], 'State': 'unsubmitted'}, '1655': {'Retries': 0, 'Restarts': 0, 'SiteHistory': [], 'ResidentSetSize': [], 'SubmitTimes': [], 'StartTimes': [], 'EndTimes': [], 'TotalUserCpuTimeHistory': [], 'TotalSysCpuTimeHistory': [], 'WallDurations': [], 'JobIds': [], 'State': 'unsubmitted'}, '1656': {'Retries': 0, 'Restarts': 0, 'SiteHistory': [], 'ResidentSetSize': [], 'SubmitTimes': [], 'StartTimes': [], 'EndTimes': [], 'TotalUserCpuTimeHistory': [], 'TotalSysCpuTimeHistory': [], 'WallDurations': [], 'JobIds': [], 'State': 'unsubmitted'}, '1657': {'Retries': 0, 'Restarts': 0, 'SiteHistory': [], 'ResidentSetSize': [], 'SubmitTimes': [], 'StartTimes': [], 'EndTimes': [], 'TotalUserCpuTimeHistory': [], 'TotalSysCpuTimeHistory': [], 'WallDurations': [], 'JobIds': [], 'State': 'unsubmitted'}, '1658': {'Retries': 0, 'Restarts': 0, 'SiteHistory': [], 'ResidentSetSize': [], 'SubmitTimes': [], 'StartTimes': [], 'EndTimes': [], 'TotalUserCpuTimeHistory': [], 'TotalSysCpuTimeHistory': [], 'WallDurations': [], 'JobIds': [], 'State': 'unsubmitted'}, '1659': {'Retries': 0, 'Restarts': 0, 'SiteHistory': [], 'ResidentSetSize': [], 'SubmitTimes': [], 'StartTimes': [], 'EndTimes': [], 'TotalUserCpuTimeHistory': [], 'TotalSysCpuTimeHistory': [], 'WallDurations': [], 'JobIds': [], 'State': 'unsubmitted'}, '1660': {'Retries': 0, 'Restarts': 0, 'SiteHistory': [], 'ResidentSetSize': [], 'SubmitTimes': [], 'StartTimes': [], 'EndTimes': [], 'TotalUserCpuTimeHistory': [], 'TotalSysCpuTimeHistory': [], 'WallDurations': [], 'JobIds': [], 'State': 'unsubmitted'}, '1661': {'Retries': 0, 'Restarts': 0, 'SiteHistory': [], 'ResidentSetSize': [], 'SubmitTimes': [], 'StartTimes': [], 'EndTimes': [], 'TotalUserCpuTimeHistory': [], 'TotalSysCpuTimeHistory': [], 'WallDurations': [], 'JobIds': [], 'State': 'unsubmitted'}, '1662': {'Retries': 0, 'Restarts': 0, 'SiteHistory': [], 'ResidentSetSize': [], 'SubmitTimes': [], 'StartTimes': [], 'EndTimes': [], 'TotalUserCpuTimeHistory': [], 'TotalSysCpuTimeHistory': [], 'WallDurations': [], 'JobIds': [], 'State': 'unsubmitted'}, '1663': {'Retries': 0, 'Restarts': 0, 'SiteHistory': [], 'ResidentSetSize': [], 'SubmitTimes': [], 'StartTimes': [], 'EndTimes': [], 'TotalUserCpuTimeHistory': [], 'TotalSysCpuTimeHistory': [], 'WallDurations': [], 'JobIds': [], 'State': 'unsubmitted'}, '1664': {'Retries': 0, 'Restarts': 0, 'SiteHistory': [], 'ResidentSetSize': [], 'SubmitTimes': [], 'StartTimes': [], 'EndTimes': [], 'TotalUserCpuTimeHistory': [], 'TotalSysCpuTimeHistory': [], 'WallDurations': [], 'JobIds': [], 'State': 'unsubmitted'}, '1665': {'Retries': 0, 'Restarts': 0, 'SiteHistory': [], 'ResidentSetSize': [], 'SubmitTimes': [], 'StartTimes': [], 'EndTimes': [], 'TotalUserCpuTimeHistory': [], 'TotalSysCpuTimeHistory': [], 'WallDurations': [], 'JobIds': [], 'State': 'unsubmitted'}, '1666': {'Retries': 0, 'Restarts': 0, 'SiteHistory': [], 'ResidentSetSize': [], 'SubmitTimes': [], 'StartTimes': [], 'EndTimes': [], 'TotalUserCpuTimeHistory': [], 'TotalSysCpuTimeHistory': [], 'WallDurations': [], 'JobIds': [], 'State': 'unsubmitted'}, '1667': {'Retries': 0, 'Restarts': 0, 'SiteHistory': [], 'ResidentSetSize': [], 'SubmitTimes': [], 'StartTimes': [], 'EndTimes': [], 'TotalUserCpuTimeHistory': [], 'TotalSysCpuTimeHistory': [], 'WallDurations': [], 'JobIds': [], 'State': 'unsubmitted'}, '1668': {'Retries': 0, 'Restarts': 0, 'SiteHistory': [], 'ResidentSetSize': [], 'SubmitTimes': [], 'StartTimes': [], 'EndTimes': [], 'TotalUserCpuTimeHistory': [], 'TotalSysCpuTimeHistory': [], 'WallDurations': [], 'JobIds': [], 'State': 'unsubmitted'}, '1669': {'Retries': 0, 'Restarts': 0, 'SiteHistory': [], 'ResidentSetSize': [], 'SubmitTimes': [], 'StartTimes': [], 'EndTimes': [], 'TotalUserCpuTimeHistory': [], 'TotalSysCpuTimeHistory': [], 'WallDurations': [], 'JobIds': [], 'State': 'unsubmitted'}, '1670': {'Retries': 0, 'Restarts': 0, 'SiteHistory': [], 'ResidentSetSize': [], 'SubmitTimes': [], 'StartTimes': [], 'EndTimes': [], 'TotalUserCpuTimeHistory': [], 'TotalSysCpuTimeHistory': [], 'WallDurations': [], 'JobIds': [], 'State': 'unsubmitted'}, '1671': {'Retries': 0, 'Restarts': 0, 'SiteHistory': [], 'ResidentSetSize': [], 'SubmitTimes': [], 'StartTimes': [], 'EndTimes': [], 'TotalUserCpuTimeHistory': [], 'TotalSysCpuTimeHistory': [], 'WallDurations': [], 'JobIds': [], 'State': 'unsubmitted'}, '1672': {'Retries': 0, 'Restarts': 0, 'SiteHistory': [], 'ResidentSetSize': [], 'SubmitTimes': [], 'StartTimes': [], 'EndTimes': [], 'TotalUserCpuTimeHistory': [], 'TotalSysCpuTimeHistory': [], 'WallDurations': [], 'JobIds': [], 'State': 'unsubmitted'}, '1673': {'Retries': 0, 'Restarts': 0, 'SiteHistory': [], 'ResidentSetSize': [], 'SubmitTimes': [], 'StartTimes': [], 'EndTimes': [], 'TotalUserCpuTimeHistory': [], 'TotalSysCpuTimeHistory': [], 'WallDurations': [], 'JobIds': [], 'State': 'unsubmitted'}, '1674': {'Retries': 0, 'Restarts': 0, 'SiteHistory': [], 'ResidentSetSize': [], 'SubmitTimes': [], 'StartTimes': [], 'EndTimes': [], 'TotalUserCpuTimeHistory': [], 'TotalSysCpuTimeHistory': [], 'WallDurations': [], 'JobIds': [], 'State': 'unsubmitted'}, '1675': {'Retries': 0, 'Restarts': 0, 'SiteHistory': [], 'ResidentSetSize': [], 'SubmitTimes': [], 'StartTimes': [], 'EndTimes': [], 'TotalUserCpuTimeHistory': [], 'TotalSysCpuTimeHistory': [], 'WallDurations': [], 'JobIds': [], 'State': 'unsubmitted'}, '1676': {'Retries': 0, 'Restarts': 0, 'SiteHistory': [], 'ResidentSetSize': [], 'SubmitTimes': [], 'StartTimes': [], 'EndTimes': [], 'TotalUserCpuTimeHistory': [], 'TotalSysCpuTimeHistory': [], 'WallDurations': [], 'JobIds': [], 'State': 'unsubmitted'}, '1677': {'Retries': 0, 'Restarts': 0, 'SiteHistory': [], 'ResidentSetSize': [], 'SubmitTimes': [], 'StartTimes': [], 'EndTimes': [], 'TotalUserCpuTimeHistory': [], 'TotalSysCpuTimeHistory': [], 'WallDurations': [], 'JobIds': [], 'State': 'unsubmitted'}, '1678': {'Retries': 0, 'Restarts': 0, 'SiteHistory': [], 'ResidentSetSize': [], 'SubmitTimes': [], 'StartTimes': [], 'EndTimes': [], 'TotalUserCpuTimeHistory': [], 'TotalSysCpuTimeHistory': [], 'WallDurations': [], 'JobIds': [], 'State': 'unsubmitted'}, '1679': {'Retries': 0, 'Restarts': 0, 'SiteHistory': [], 'ResidentSetSize': [], 'SubmitTimes': [], 'StartTimes': [], 'EndTimes': [], 'TotalUserCpuTimeHistory': [], 'TotalSysCpuTimeHistory': [], 'WallDurations': [], 'JobIds': [], 'State': 'unsubmitted'}, '1680': {'Retries': 0, 'Restarts': 0, 'SiteHistory': [], 'ResidentSetSize': [], 'SubmitTimes': [], 'StartTimes': [], 'EndTimes': [], 'TotalUserCpuTimeHistory': [], 'TotalSysCpuTimeHistory': [], 'WallDurations': [], 'JobIds': [], 'State': 'unsubmitted'}, '1681': {'Retries': 0, 'Restarts': 0, 'SiteHistory': [], 'ResidentSetSize': [], 'SubmitTimes': [], 'StartTimes': [], 'EndTimes': [], 'TotalUserCpuTimeHistory': [], 'TotalSysCpuTimeHistory': [], 'WallDurations': [], 'JobIds': [], 'State': 'unsubmitted'}, '1682': {'Retries': 0, 'Restarts': 0, 'SiteHistory': [], 'ResidentSetSize': [], 'SubmitTimes': [], 'StartTimes': [], 'EndTimes': [], 'TotalUserCpuTimeHistory': [], 'TotalSysCpuTimeHistory': [], 'WallDurations': [], 'JobIds': [], 'State': 'unsubmitted'}, '1683': {'Retries': 0, 'Restarts': 0, 'SiteHistory': [], 'ResidentSetSize': [], 'SubmitTimes': [], 'StartTimes': [], 'EndTimes': [], 'TotalUserCpuTimeHistory': [], 'TotalSysCpuTimeHistory': [], 'WallDurations': [], 'JobIds': [], 'State': 'unsubmitted'}, '1684': {'Retries': 0, 'Restarts': 0, 'SiteHistory': [], 'ResidentSetSize': [], 'SubmitTimes': [], 'StartTimes': [], 'EndTimes': [], 'TotalUserCpuTimeHistory': [], 'TotalSysCpuTimeHistory': [], 'WallDurations': [], 'JobIds': [], 'State': 'unsubmitted'}, '1685': {'Retries': 0, 'Restarts': 0, 'SiteHistory': [], 'ResidentSetSize': [], 'SubmitTimes': [], 'StartTimes': [], 'EndTimes': [], 'TotalUserCpuTimeHistory': [], 'TotalSysCpuTimeHistory': [], 'WallDurations': [], 'JobIds': [], 'State': 'unsubmitted'}, '1686': {'Retries': 0, 'Restarts': 0, 'SiteHistory': [], 'ResidentSetSize': [], 'SubmitTimes': [], 'StartTimes': [], 'EndTimes': [], 'TotalUserCpuTimeHistory': [], 'TotalSysCpuTimeHistory': [], 'WallDurations': [], 'JobIds': [], 'State': 'unsubmitted'}, '1687': {'Retries': 0, 'Restarts': 0, 'SiteHistory': [], 'ResidentSetSize': [], 'SubmitTimes': [], 'StartTimes': [], 'EndTimes': [], 'TotalUserCpuTimeHistory': [], 'TotalSysCpuTimeHistory': [], 'WallDurations': [], 'JobIds': [], 'State': 'unsubmitted'}, '1688': {'Retries': 0, 'Restarts': 0, 'SiteHistory': [], 'ResidentSetSize': [], 'SubmitTimes': [], 'StartTimes': [], 'EndTimes': [], 'TotalUserCpuTimeHistory': [], 'TotalSysCpuTimeHistory': [], 'WallDurations': [], 'JobIds': [], 'State': 'unsubmitted'}, '1689': {'Retries': 0, 'Restarts': 0, 'SiteHistory': [], 'ResidentSetSize': [], 'SubmitTimes': [], 'StartTimes': [], 'EndTimes': [], 'TotalUserCpuTimeHistory': [], 'TotalSysCpuTimeHistory': [], 'WallDurations': [], 'JobIds': [], 'State': 'unsubmitted'}, '1690': {'Retries': 0, 'Restarts': 0, 'SiteHistory': [], 'ResidentSetSize': [], 'SubmitTimes': [], 'StartTimes': [], 'EndTimes': [], 'TotalUserCpuTimeHistory': [], 'TotalSysCpuTimeHistory': [], 'WallDurations': [], 'JobIds': [], 'State': 'unsubmitted'}, '1691': {'Retries': 0, 'Restarts': 0, 'SiteHistory': [], 'ResidentSetSize': [], 'SubmitTimes': [], 'StartTimes': [], 'EndTimes': [], 'TotalUserCpuTimeHistory': [], 'TotalSysCpuTimeHistory': [], 'WallDurations': [], 'JobIds': [], 'State': 'unsubmitted'}, '1692': {'Retries': 0, 'Restarts': 0, 'SiteHistory': [], 'ResidentSetSize': [], 'SubmitTimes': [], 'StartTimes': [], 'EndTimes': [], 'TotalUserCpuTimeHistory': [], 'TotalSysCpuTimeHistory': [], 'WallDurations': [], 'JobIds': [], 'State': 'unsubmitted'}, '1693': {'Retries': 0, 'Restarts': 0, 'SiteHistory': [], 'ResidentSetSize': [], 'SubmitTimes': [], 'StartTimes': [], 'EndTimes': [], 'TotalUserCpuTimeHistory': [], 'TotalSysCpuTimeHistory': [], 'WallDurations': [], 'JobIds': [], 'State': 'unsubmitted'}, '1694': {'Retries': 0, 'Restarts': 0, 'SiteHistory': [], 'ResidentSetSize': [], 'SubmitTimes': [], 'StartTimes': [], 'EndTimes': [], 'TotalUserCpuTimeHistory': [], 'TotalSysCpuTimeHistory': [], 'WallDurations': [], 'JobIds': [], 'State': 'unsubmitted'}, '1695': {'Retries': 0, 'Restarts': 0, 'SiteHistory': [], 'ResidentSetSize': [], 'SubmitTimes': [], 'StartTimes': [], 'EndTimes': [], 'TotalUserCpuTimeHistory': [], 'TotalSysCpuTimeHistory': [], 'WallDurations': [], 'JobIds': [], 'State': 'unsubmitted'}, '1696': {'Retries': 0, 'Restarts': 0, 'SiteHistory': [], 'ResidentSetSize': [], 'SubmitTimes': [], 'StartTimes': [], 'EndTimes': [], 'TotalUserCpuTimeHistory': [], 'TotalSysCpuTimeHistory': [], 'WallDurations': [], 'JobIds': [], 'State': 'unsubmitted'}, '1697': {'Retries': 0, 'Restarts': 0, 'SiteHistory': [], 'ResidentSetSize': [], 'SubmitTimes': [], 'StartTimes': [], 'EndTimes': [], 'TotalUserCpuTimeHistory': [], 'TotalSysCpuTimeHistory': [], 'WallDurations': [], 'JobIds': [], 'State': 'unsubmitted'}, '1698': {'Retries': 0, 'Restarts': 0, 'SiteHistory': [], 'ResidentSetSize': [], 'SubmitTimes': [], 'StartTimes': [], 'EndTimes': [], 'TotalUserCpuTimeHistory': [], 'TotalSysCpuTimeHistory': [], 'WallDurations': [], 'JobIds': [], 'State': 'unsubmitted'}, '1699': {'Retries': 0, 'Restarts': 0, 'SiteHistory': [], 'ResidentSetSize': [], 'SubmitTimes': [], 'StartTimes': [], 'EndTimes': [], 'TotalUserCpuTimeHistory': [], 'TotalSysCpuTimeHistory': [], 'WallDurations': [], 'JobIds': [], 'State': 'unsubmitted'}, '1700': {'Retries': 0, 'Restarts': 0, 'SiteHistory': [], 'ResidentSetSize': [], 'SubmitTimes': [], 'StartTimes': [], 'EndTimes': [], 'TotalUserCpuTimeHistory': [], 'TotalSysCpuTimeHistory': [], 'WallDurations': [], 'JobIds': [], 'State': 'unsubmitted'}, '1701': {'Retries': 0, 'Restarts': 0, 'SiteHistory': [], 'ResidentSetSize': [], 'SubmitTimes': [], 'StartTimes': [], 'EndTimes': [], 'TotalUserCpuTimeHistory': [], 'TotalSysCpuTimeHistory': [], 'WallDurations': [], 'JobIds': [], 'State': 'unsubmitted'}, '1702': {'Retries': 0, 'Restarts': 0, 'SiteHistory': [], 'ResidentSetSize': [], 'SubmitTimes': [], 'StartTimes': [], 'EndTimes': [], 'TotalUserCpuTimeHistory': [], 'TotalSysCpuTimeHistory': [], 'WallDurations': [], 'JobIds': [], 'State': 'unsubmitted'}, '1703': {'Retries': 0, 'Restarts': 0, 'SiteHistory': [], 'ResidentSetSize': [], 'SubmitTimes': [], 'StartTimes': [], 'EndTimes': [], 'TotalUserCpuTimeHistory': [], 'TotalSysCpuTimeHistory': [], 'WallDurations': [], 'JobIds': [], 'State': 'unsubmitted'}, '1704': {'Retries': 0, 'Restarts': 0, 'SiteHistory': [], 'ResidentSetSize': [], 'SubmitTimes': [], 'StartTimes': [], 'EndTimes': [], 'TotalUserCpuTimeHistory': [], 'TotalSysCpuTimeHistory': [], 'WallDurations': [], 'JobIds': [], 'State': 'unsubmitted'}, '1705': {'Retries': 0, 'Restarts': 0, 'SiteHistory': [], 'ResidentSetSize': [], 'SubmitTimes': [], 'StartTimes': [], 'EndTimes': [], 'TotalUserCpuTimeHistory': [], 'TotalSysCpuTimeHistory': [], 'WallDurations': [], 'JobIds': [], 'State': 'unsubmitted'}, '1706': {'Retries': 0, 'Restarts': 0, 'SiteHistory': [], 'ResidentSetSize': [], 'SubmitTimes': [], 'StartTimes': [], 'EndTimes': [], 'TotalUserCpuTimeHistory': [], 'TotalSysCpuTimeHistory': [], 'WallDurations': [], 'JobIds': [], 'State': 'unsubmitted'}, '1707': {'Retries': 0, 'Restarts': 0, 'SiteHistory': [], 'ResidentSetSize': [], 'SubmitTimes': [], 'StartTimes': [], 'EndTimes': [], 'TotalUserCpuTimeHistory': [], 'TotalSysCpuTimeHistory': [], 'WallDurations': [], 'JobIds': [], 'State': 'unsubmitted'}, '1708': {'Retries': 0, 'Restarts': 0, 'SiteHistory': [], 'ResidentSetSize': [], 'SubmitTimes': [], 'StartTimes': [], 'EndTimes': [], 'TotalUserCpuTimeHistory': [], 'TotalSysCpuTimeHistory': [], 'WallDurations': [], 'JobIds': [], 'State': 'unsubmitted'}, '1709': {'Retries': 0, 'Restarts': 0, 'SiteHistory': [], 'ResidentSetSize': [], 'SubmitTimes': [], 'StartTimes': [], 'EndTimes': [], 'TotalUserCpuTimeHistory': [], 'TotalSysCpuTimeHistory': [], 'WallDurations': [], 'JobIds': [], 'State': 'unsubmitted'}, '1710': {'Retries': 0, 'Restarts': 0, 'SiteHistory': [], 'ResidentSetSize': [], 'SubmitTimes': [], 'StartTimes': [], 'EndTimes': [], 'TotalUserCpuTimeHistory': [], 'TotalSysCpuTimeHistory': [], 'WallDurations': [], 'JobIds': [], 'State': 'unsubmitted'}, '1711': {'Retries': 0, 'Restarts': 0, 'SiteHistory': [], 'ResidentSetSize': [], 'SubmitTimes': [], 'StartTimes': [], 'EndTimes': [], 'TotalUserCpuTimeHistory': [], 'TotalSysCpuTimeHistory': [], 'WallDurations': [], 'JobIds': [], 'State': 'unsubmitted'}, '1712': {'Retries': 0, 'Restarts': 0, 'SiteHistory': [], 'ResidentSetSize': [], 'SubmitTimes': [], 'StartTimes': [], 'EndTimes': [], 'TotalUserCpuTimeHistory': [], 'TotalSysCpuTimeHistory': [], 'WallDurations': [], 'JobIds': [], 'State': 'unsubmitted'}, '1713': {'Retries': 0, 'Restarts': 0, 'SiteHistory': [], 'ResidentSetSize': [], 'SubmitTimes': [], 'StartTimes': [], 'EndTimes': [], 'TotalUserCpuTimeHistory': [], 'TotalSysCpuTimeHistory': [], 'WallDurations': [], 'JobIds': [], 'State': 'unsubmitted'}, '1714': {'Retries': 0, 'Restarts': 0, 'SiteHistory': [], 'ResidentSetSize': [], 'SubmitTimes': [], 'StartTimes': [], 'EndTimes': [], 'TotalUserCpuTimeHistory': [], 'TotalSysCpuTimeHistory': [], 'WallDurations': [], 'JobIds': [], 'State': 'unsubmitted'}, '1715': {'Retries': 0, 'Restarts': 0, 'SiteHistory': [], 'ResidentSetSize': [], 'SubmitTimes': [], 'StartTimes': [], 'EndTimes': [], 'TotalUserCpuTimeHistory': [], 'TotalSysCpuTimeHistory': [], 'WallDurations': [], 'JobIds': [], 'State': 'unsubmitted'}, '1716': {'Retries': 0, 'Restarts': 0, 'SiteHistory': [], 'ResidentSetSize': [], 'SubmitTimes': [], 'StartTimes': [], 'EndTimes': [], 'TotalUserCpuTimeHistory': [], 'TotalSysCpuTimeHistory': [], 'WallDurations': [], 'JobIds': [], 'State': 'unsubmitted'}, '1717': {'Retries': 0, 'Restarts': 0, 'SiteHistory': [], 'ResidentSetSize': [], 'SubmitTimes': [], 'StartTimes': [], 'EndTimes': [], 'TotalUserCpuTimeHistory': [], 'TotalSysCpuTimeHistory': [], 'WallDurations': [], 'JobIds': [], 'State': 'unsubmitted'}, '1718': {'Retries': 0, 'Restarts': 0, 'SiteHistory': [], 'ResidentSetSize': [], 'SubmitTimes': [], 'StartTimes': [], 'EndTimes': [], 'TotalUserCpuTimeHistory': [], 'TotalSysCpuTimeHistory': [], 'WallDurations': [], 'JobIds': [], 'State': 'unsubmitted'}, '1719': {'Retries': 0, 'Restarts': 0, 'SiteHistory': [], 'ResidentSetSize': [], 'SubmitTimes': [], 'StartTimes': [], 'EndTimes': [], 'TotalUserCpuTimeHistory': [], 'TotalSysCpuTimeHistory': [], 'WallDurations': [], 'JobIds': [], 'State': 'unsubmitted'}, '1720': {'Retries': 0, 'Restarts': 0, 'SiteHistory': [], 'ResidentSetSize': [], 'SubmitTimes': [], 'StartTimes': [], 'EndTimes': [], 'TotalUserCpuTimeHistory': [], 'TotalSysCpuTimeHistory': [], 'WallDurations': [], 'JobIds': [], 'State': 'unsubmitted'}, '1721': {'Retries': 0, 'Restarts': 0, 'SiteHistory': [], 'ResidentSetSize': [], 'SubmitTimes': [], 'StartTimes': [], 'EndTimes': [], 'TotalUserCpuTimeHistory': [], 'TotalSysCpuTimeHistory': [], 'WallDurations': [], 'JobIds': [], 'State': 'unsubmitted'}, '1722': {'Retries': 0, 'Restarts': 0, 'SiteHistory': [], 'ResidentSetSize': [], 'SubmitTimes': [], 'StartTimes': [], 'EndTimes': [], 'TotalUserCpuTimeHistory': [], 'TotalSysCpuTimeHistory': [], 'WallDurations': [], 'JobIds': [], 'State': 'unsubmitted'}, '1723': {'Retries': 0, 'Restarts': 0, 'SiteHistory': [], 'ResidentSetSize': [], 'SubmitTimes': [], 'StartTimes': [], 'EndTimes': [], 'TotalUserCpuTimeHistory': [], 'TotalSysCpuTimeHistory': [], 'WallDurations': [], 'JobIds': [], 'State': 'unsubmitted'}, '1724': {'Retries': 0, 'Restarts': 0, 'SiteHistory': [], 'ResidentSetSize': [], 'SubmitTimes': [], 'StartTimes': [], 'EndTimes': [], 'TotalUserCpuTimeHistory': [], 'TotalSysCpuTimeHistory': [], 'WallDurations': [], 'JobIds': [], 'State': 'unsubmitted'}, '1725': {'Retries': 0, 'Restarts': 0, 'SiteHistory': [], 'ResidentSetSize': [], 'SubmitTimes': [], 'StartTimes': [], 'EndTimes': [], 'TotalUserCpuTimeHistory': [], 'TotalSysCpuTimeHistory': [], 'WallDurations': [], 'JobIds': [], 'State': 'unsubmitted'}, '1726': {'Retries': 0, 'Restarts': 0, 'SiteHistory': [], 'ResidentSetSize': [], 'SubmitTimes': [], 'StartTimes': [], 'EndTimes': [], 'TotalUserCpuTimeHistory': [], 'TotalSysCpuTimeHistory': [], 'WallDurations': [], 'JobIds': [], 'State': 'unsubmitted'}, '1727': {'Retries': 0, 'Restarts': 0, 'SiteHistory': [], 'ResidentSetSize': [], 'SubmitTimes': [], 'StartTimes': [], 'EndTimes': [], 'TotalUserCpuTimeHistory': [], 'TotalSysCpuTimeHistory': [], 'WallDurations': [], 'JobIds': [], 'State': 'unsubmitted'}, '1728': {'Retries': 0, 'Restarts': 0, 'SiteHistory': [], 'ResidentSetSize': [], 'SubmitTimes': [], 'StartTimes': [], 'EndTimes': [], 'TotalUserCpuTimeHistory': [], 'TotalSysCpuTimeHistory': [], 'WallDurations': [], 'JobIds': [], 'State': 'unsubmitted'}, '1729': {'Retries': 0, 'Restarts': 0, 'SiteHistory': [], 'ResidentSetSize': [], 'SubmitTimes': [], 'StartTimes': [], 'EndTimes': [], 'TotalUserCpuTimeHistory': [], 'TotalSysCpuTimeHistory': [], 'WallDurations': [], 'JobIds': [], 'State': 'unsubmitted'}, '1730': {'Retries': 0, 'Restarts': 0, 'SiteHistory': [], 'ResidentSetSize': [], 'SubmitTimes': [], 'StartTimes': [], 'EndTimes': [], 'TotalUserCpuTimeHistory': [], 'TotalSysCpuTimeHistory': [], 'WallDurations': [], 'JobIds': [], 'State': 'unsubmitted'}, '1731': {'Retries': 0, 'Restarts': 0, 'SiteHistory': [], 'ResidentSetSize': [], 'SubmitTimes': [], 'StartTimes': [], 'EndTimes': [], 'TotalUserCpuTimeHistory': [], 'TotalSysCpuTimeHistory': [], 'WallDurations': [], 'JobIds': [], 'State': 'unsubmitted'}, '1732': {'Retries': 0, 'Restarts': 0, 'SiteHistory': [], 'ResidentSetSize': [], 'SubmitTimes': [], 'StartTimes': [], 'EndTimes': [], 'TotalUserCpuTimeHistory': [], 'TotalSysCpuTimeHistory': [], 'WallDurations': [], 'JobIds': [], 'State': 'unsubmitted'}, '1733': {'Retries': 0, 'Restarts': 0, 'SiteHistory': [], 'ResidentSetSize': [], 'SubmitTimes': [], 'StartTimes': [], 'EndTimes': [], 'TotalUserCpuTimeHistory': [], 'TotalSysCpuTimeHistory': [], 'WallDurations': [], 'JobIds': [], 'State': 'unsubmitted'}, '1734': {'Retries': 0, 'Restarts': 0, 'SiteHistory': [], 'ResidentSetSize': [], 'SubmitTimes': [], 'StartTimes': [], 'EndTimes': [], 'TotalUserCpuTimeHistory': [], 'TotalSysCpuTimeHistory': [], 'WallDurations': [], 'JobIds': [], 'State': 'unsubmitted'}, '1735': {'Retries': 0, 'Restarts': 0, 'SiteHistory': [], 'ResidentSetSize': [], 'SubmitTimes': [], 'StartTimes': [], 'EndTimes': [], 'TotalUserCpuTimeHistory': [], 'TotalSysCpuTimeHistory': [], 'WallDurations': [], 'JobIds': [], 'State': 'unsubmitted'}, '1736': {'Retries': 0, 'Restarts': 0, 'SiteHistory': [], 'ResidentSetSize': [], 'SubmitTimes': [], 'StartTimes': [], 'EndTimes': [], 'TotalUserCpuTimeHistory': [], 'TotalSysCpuTimeHistory': [], 'WallDurations': [], 'JobIds': [], 'State': 'unsubmitted'}, '1737': {'Retries': 0, 'Restarts': 0, 'SiteHistory': [], 'ResidentSetSize': [], 'SubmitTimes': [], 'StartTimes': [], 'EndTimes': [], 'TotalUserCpuTimeHistory': [], 'TotalSysCpuTimeHistory': [], 'WallDurations': [], 'JobIds': [], 'State': 'unsubmitted'}, '1738': {'Retries': 0, 'Restarts': 0, 'SiteHistory': [], 'ResidentSetSize': [], 'SubmitTimes': [], 'StartTimes': [], 'EndTimes': [], 'TotalUserCpuTimeHistory': [], 'TotalSysCpuTimeHistory': [], 'WallDurations': [], 'JobIds': [], 'State': 'unsubmitted'}, '1739': {'Retries': 0, 'Restarts': 0, 'SiteHistory': [], 'ResidentSetSize': [], 'SubmitTimes': [], 'StartTimes': [], 'EndTimes': [], 'TotalUserCpuTimeHistory': [], 'TotalSysCpuTimeHistory': [], 'WallDurations': [], 'JobIds': [], 'State': 'unsubmitted'}, '1740': {'Retries': 0, 'Restarts': 0, 'SiteHistory': [], 'ResidentSetSize': [], 'SubmitTimes': [], 'StartTimes': [], 'EndTimes': [], 'TotalUserCpuTimeHistory': [], 'TotalSysCpuTimeHistory': [], 'WallDurations': [], 'JobIds': [], 'State': 'unsubmitted'}, '1741': {'Retries': 0, 'Restarts': 0, 'SiteHistory': [], 'ResidentSetSize': [], 'SubmitTimes': [], 'StartTimes': [], 'EndTimes': [], 'TotalUserCpuTimeHistory': [], 'TotalSysCpuTimeHistory': [], 'WallDurations': [], 'JobIds': [], 'State': 'unsubmitted'}, '1742': {'Retries': 0, 'Restarts': 0, 'SiteHistory': [], 'ResidentSetSize': [], 'SubmitTimes': [], 'StartTimes': [], 'EndTimes': [], 'TotalUserCpuTimeHistory': [], 'TotalSysCpuTimeHistory': [], 'WallDurations': [], 'JobIds': [], 'State': 'unsubmitted'}, '1743': {'Retries': 0, 'Restarts': 0, 'SiteHistory': [], 'ResidentSetSize': [], 'SubmitTimes': [], 'StartTimes': [], 'EndTimes': [], 'TotalUserCpuTimeHistory': [], 'TotalSysCpuTimeHistory': [], 'WallDurations': [], 'JobIds': [], 'State': 'unsubmitted'}, '1744': {'Retries': 0, 'Restarts': 0, 'SiteHistory': [], 'ResidentSetSize': [], 'SubmitTimes': [], 'StartTimes': [], 'EndTimes': [], 'TotalUserCpuTimeHistory': [], 'TotalSysCpuTimeHistory': [], 'WallDurations': [], 'JobIds': [], 'State': 'unsubmitted'}, '1745': {'Retries': 0, 'Restarts': 0, 'SiteHistory': [], 'ResidentSetSize': [], 'SubmitTimes': [], 'StartTimes': [], 'EndTimes': [], 'TotalUserCpuTimeHistory': [], 'TotalSysCpuTimeHistory': [], 'WallDurations': [], 'JobIds': [], 'State': 'unsubmitted'}, '1746': {'Retries': 0, 'Restarts': 0, 'SiteHistory': [], 'ResidentSetSize': [], 'SubmitTimes': [], 'StartTimes': [], 'EndTimes': [], 'TotalUserCpuTimeHistory': [], 'TotalSysCpuTimeHistory': [], 'WallDurations': [], 'JobIds': [], 'State': 'unsubmitted'}, '1747': {'Retries': 0, 'Restarts': 0, 'SiteHistory': [], 'ResidentSetSize': [], 'SubmitTimes': [], 'StartTimes': [], 'EndTimes': [], 'TotalUserCpuTimeHistory': [], 'TotalSysCpuTimeHistory': [], 'WallDurations': [], 'JobIds': [], 'State': 'unsubmitted'}, '1748': {'Retries': 0, 'Restarts': 0, 'SiteHistory': [], 'ResidentSetSize': [], 'SubmitTimes': [], 'StartTimes': [], 'EndTimes': [], 'TotalUserCpuTimeHistory': [], 'TotalSysCpuTimeHistory': [], 'WallDurations': [], 'JobIds': [], 'State': 'unsubmitted'}, '1749': {'Retries': 0, 'Restarts': 0, 'SiteHistory': [], 'ResidentSetSize': [], 'SubmitTimes': [], 'StartTimes': [], 'EndTimes': [], 'TotalUserCpuTimeHistory': [], 'TotalSysCpuTimeHistory': [], 'WallDurations': [], 'JobIds': [], 'State': 'unsubmitted'}, '1750': {'Retries': 0, 'Restarts': 0, 'SiteHistory': [], 'ResidentSetSize': [], 'SubmitTimes': [], 'StartTimes': [], 'EndTimes': [], 'TotalUserCpuTimeHistory': [], 'TotalSysCpuTimeHistory': [], 'WallDurations': [], 'JobIds': [], 'State': 'unsubmitted'}, '1751': {'Retries': 0, 'Restarts': 0, 'SiteHistory': [], 'ResidentSetSize': [], 'SubmitTimes': [], 'StartTimes': [], 'EndTimes': [], 'TotalUserCpuTimeHistory': [], 'TotalSysCpuTimeHistory': [], 'WallDurations': [], 'JobIds': [], 'State': 'unsubmitted'}, '1752': {'Retries': 0, 'Restarts': 0, 'SiteHistory': [], 'ResidentSetSize': [], 'SubmitTimes': [], 'StartTimes': [], 'EndTimes': [], 'TotalUserCpuTimeHistory': [], 'TotalSysCpuTimeHistory': [], 'WallDurations': [], 'JobIds': [], 'State': 'unsubmitted'}, '1753': {'Retries': 0, 'Restarts': 0, 'SiteHistory': [], 'ResidentSetSize': [], 'SubmitTimes': [], 'StartTimes': [], 'EndTimes': [], 'TotalUserCpuTimeHistory': [], 'TotalSysCpuTimeHistory': [], 'WallDurations': [], 'JobIds': [], 'State': 'unsubmitted'}, '1754': {'Retries': 0, 'Restarts': 0, 'SiteHistory': [], 'ResidentSetSize': [], 'SubmitTimes': [], 'StartTimes': [], 'EndTimes': [], 'TotalUserCpuTimeHistory': [], 'TotalSysCpuTimeHistory': [], 'WallDurations': [], 'JobIds': [], 'State': 'unsubmitted'}, '1755': {'Retries': 0, 'Restarts': 0, 'SiteHistory': [], 'ResidentSetSize': [], 'SubmitTimes': [], 'StartTimes': [], 'EndTimes': [], 'TotalUserCpuTimeHistory': [], 'TotalSysCpuTimeHistory': [], 'WallDurations': [], 'JobIds': [], 'State': 'unsubmitted'}, '1756': {'Retries': 0, 'Restarts': 0, 'SiteHistory': [], 'ResidentSetSize': [], 'SubmitTimes': [], 'StartTimes': [], 'EndTimes': [], 'TotalUserCpuTimeHistory': [], 'TotalSysCpuTimeHistory': [], 'WallDurations': [], 'JobIds': [], 'State': 'unsubmitted'}, '1757': {'Retries': 0, 'Restarts': 0, 'SiteHistory': [], 'ResidentSetSize': [], 'SubmitTimes': [], 'StartTimes': [], 'EndTimes': [], 'TotalUserCpuTimeHistory': [], 'TotalSysCpuTimeHistory': [], 'WallDurations': [], 'JobIds': [], 'State': 'unsubmitted'}, '1758': {'Retries': 0, 'Restarts': 0, 'SiteHistory': [], 'ResidentSetSize': [], 'SubmitTimes': [], 'StartTimes': [], 'EndTimes': [], 'TotalUserCpuTimeHistory': [], 'TotalSysCpuTimeHistory': [], 'WallDurations': [], 'JobIds': [], 'State': 'unsubmitted'}, '1759': {'Retries': 0, 'Restarts': 0, 'SiteHistory': [], 'ResidentSetSize': [], 'SubmitTimes': [], 'StartTimes': [], 'EndTimes': [], 'TotalUserCpuTimeHistory': [], 'TotalSysCpuTimeHistory': [], 'WallDurations': [], 'JobIds': [], 'State': 'unsubmitted'}, '1760': {'Retries': 0, 'Restarts': 0, 'SiteHistory': [], 'ResidentSetSize': [], 'SubmitTimes': [], 'StartTimes': [], 'EndTimes': [], 'TotalUserCpuTimeHistory': [], 'TotalSysCpuTimeHistory': [], 'WallDurations': [], 'JobIds': [], 'State': 'unsubmitted'}, '1761': {'Retries': 0, 'Restarts': 0, 'SiteHistory': [], 'ResidentSetSize': [], 'SubmitTimes': [], 'StartTimes': [], 'EndTimes': [], 'TotalUserCpuTimeHistory': [], 'TotalSysCpuTimeHistory': [], 'WallDurations': [], 'JobIds': [], 'State': 'unsubmitted'}, '1762': {'Retries': 0, 'Restarts': 0, 'SiteHistory': [], 'ResidentSetSize': [], 'SubmitTimes': [], 'StartTimes': [], 'EndTimes': [], 'TotalUserCpuTimeHistory': [], 'TotalSysCpuTimeHistory': [], 'WallDurations': [], 'JobIds': [], 'State': 'unsubmitted'}, '1763': {'Retries': 0, 'Restarts': 0, 'SiteHistory': [], 'ResidentSetSize': [], 'SubmitTimes': [], 'StartTimes': [], 'EndTimes': [], 'TotalUserCpuTimeHistory': [], 'TotalSysCpuTimeHistory': [], 'WallDurations': [], 'JobIds': [], 'State': 'unsubmitted'}, '1764': {'Retries': 0, 'Restarts': 0, 'SiteHistory': [], 'ResidentSetSize': [], 'SubmitTimes': [], 'StartTimes': [], 'EndTimes': [], 'TotalUserCpuTimeHistory': [], 'TotalSysCpuTimeHistory': [], 'WallDurations': [], 'JobIds': [], 'State': 'unsubmitted'}, '1765': {'Retries': 0, 'Restarts': 0, 'SiteHistory': [], 'ResidentSetSize': [], 'SubmitTimes': [], 'StartTimes': [], 'EndTimes': [], 'TotalUserCpuTimeHistory': [], 'TotalSysCpuTimeHistory': [], 'WallDurations': [], 'JobIds': [], 'State': 'unsubmitted'}, '1766': {'Retries': 0, 'Restarts': 0, 'SiteHistory': [], 'ResidentSetSize': [], 'SubmitTimes': [], 'StartTimes': [], 'EndTimes': [], 'TotalUserCpuTimeHistory': [], 'TotalSysCpuTimeHistory': [], 'WallDurations': [], 'JobIds': [], 'State': 'unsubmitted'}, '1767': {'Retries': 0, 'Restarts': 0, 'SiteHistory': [], 'ResidentSetSize': [], 'SubmitTimes': [], 'StartTimes': [], 'EndTimes': [], 'TotalUserCpuTimeHistory': [], 'TotalSysCpuTimeHistory': [], 'WallDurations': [], 'JobIds': [], 'State': 'unsubmitted'}, '1768': {'Retries': 0, 'Restarts': 0, 'SiteHistory': [], 'ResidentSetSize': [], 'SubmitTimes': [], 'StartTimes': [], 'EndTimes': [], 'TotalUserCpuTimeHistory': [], 'TotalSysCpuTimeHistory': [], 'WallDurations': [], 'JobIds': [], 'State': 'unsubmitted'}, '1769': {'Retries': 0, 'Restarts': 0, 'SiteHistory': [], 'ResidentSetSize': [], 'SubmitTimes': [], 'StartTimes': [], 'EndTimes': [], 'TotalUserCpuTimeHistory': [], 'TotalSysCpuTimeHistory': [], 'WallDurations': [], 'JobIds': [], 'State': 'unsubmitted'}, '1770': {'Retries': 0, 'Restarts': 0, 'SiteHistory': [], 'ResidentSetSize': [], 'SubmitTimes': [], 'StartTimes': [], 'EndTimes': [], 'TotalUserCpuTimeHistory': [], 'TotalSysCpuTimeHistory': [], 'WallDurations': [], 'JobIds': [], 'State': 'unsubmitted'}, '1771': {'Retries': 0, 'Restarts': 0, 'SiteHistory': [], 'ResidentSetSize': [], 'SubmitTimes': [], 'StartTimes': [], 'EndTimes': [], 'TotalUserCpuTimeHistory': [], 'TotalSysCpuTimeHistory': [], 'WallDurations': [], 'JobIds': [], 'State': 'unsubmitted'}, '1772': {'Retries': 0, 'Restarts': 0, 'SiteHistory': [], 'ResidentSetSize': [], 'SubmitTimes': [], 'StartTimes': [], 'EndTimes': [], 'TotalUserCpuTimeHistory': [], 'TotalSysCpuTimeHistory': [], 'WallDurations': [], 'JobIds': [], 'State': 'unsubmitted'}, '1773': {'Retries': 0, 'Restarts': 0, 'SiteHistory': [], 'ResidentSetSize': [], 'SubmitTimes': [], 'StartTimes': [], 'EndTimes': [], 'TotalUserCpuTimeHistory': [], 'TotalSysCpuTimeHistory': [], 'WallDurations': [], 'JobIds': [], 'State': 'unsubmitted'}, '1774': {'Retries': 0, 'Restarts': 0, 'SiteHistory': [], 'ResidentSetSize': [], 'SubmitTimes': [], 'StartTimes': [], 'EndTimes': [], 'TotalUserCpuTimeHistory': [], 'TotalSysCpuTimeHistory': [], 'WallDurations': [], 'JobIds': [], 'State': 'unsubmitted'}, '1775': {'Retries': 0, 'Restarts': 0, 'SiteHistory': [], 'ResidentSetSize': [], 'SubmitTimes': [], 'StartTimes': [], 'EndTimes': [], 'TotalUserCpuTimeHistory': [], 'TotalSysCpuTimeHistory': [], 'WallDurations': [], 'JobIds': [], 'State': 'unsubmitted'}, '1776': {'Retries': 0, 'Restarts': 0, 'SiteHistory': [], 'ResidentSetSize': [], 'SubmitTimes': [], 'StartTimes': [], 'EndTimes': [], 'TotalUserCpuTimeHistory': [], 'TotalSysCpuTimeHistory': [], 'WallDurations': [], 'JobIds': [], 'State': 'unsubmitted'}, '1777': {'Retries': 0, 'Restarts': 0, 'SiteHistory': [], 'ResidentSetSize': [], 'SubmitTimes': [], 'StartTimes': [], 'EndTimes': [], 'TotalUserCpuTimeHistory': [], 'TotalSysCpuTimeHistory': [], 'WallDurations': [], 'JobIds': [], 'State': 'unsubmitted'}, '1778': {'Retries': 0, 'Restarts': 0, 'SiteHistory': [], 'ResidentSetSize': [], 'SubmitTimes': [], 'StartTimes': [], 'EndTimes': [], 'TotalUserCpuTimeHistory': [], 'TotalSysCpuTimeHistory': [], 'WallDurations': [], 'JobIds': [], 'State': 'unsubmitted'}, '1779': {'Retries': 0, 'Restarts': 0, 'SiteHistory': [], 'ResidentSetSize': [], 'SubmitTimes': [], 'StartTimes': [], 'EndTimes': [], 'TotalUserCpuTimeHistory': [], 'TotalSysCpuTimeHistory': [], 'WallDurations': [], 'JobIds': [], 'State': 'unsubmitted'}, '1780': {'Retries': 0, 'Restarts': 0, 'SiteHistory': [], 'ResidentSetSize': [], 'SubmitTimes': [], 'StartTimes': [], 'EndTimes': [], 'TotalUserCpuTimeHistory': [], 'TotalSysCpuTimeHistory': [], 'WallDurations': [], 'JobIds': [], 'State': 'unsubmitted'}, '1781': {'Retries': 0, 'Restarts': 0, 'SiteHistory': [], 'ResidentSetSize': [], 'SubmitTimes': [], 'StartTimes': [], 'EndTimes': [], 'TotalUserCpuTimeHistory': [], 'TotalSysCpuTimeHistory': [], 'WallDurations': [], 'JobIds': [], 'State': 'unsubmitted'}, '1782': {'Retries': 0, 'Restarts': 0, 'SiteHistory': [], 'ResidentSetSize': [], 'SubmitTimes': [], 'StartTimes': [], 'EndTimes': [], 'TotalUserCpuTimeHistory': [], 'TotalSysCpuTimeHistory': [], 'WallDurations': [], 'JobIds': [], 'State': 'unsubmitted'}, '1783': {'Retries': 0, 'Restarts': 0, 'SiteHistory': [], 'ResidentSetSize': [], 'SubmitTimes': [], 'StartTimes': [], 'EndTimes': [], 'TotalUserCpuTimeHistory': [], 'TotalSysCpuTimeHistory': [], 'WallDurations': [], 'JobIds': [], 'State': 'unsubmitted'}, '1784': {'Retries': 0, 'Restarts': 0, 'SiteHistory': [], 'ResidentSetSize': [], 'SubmitTimes': [], 'StartTimes': [], 'EndTimes': [], 'TotalUserCpuTimeHistory': [], 'TotalSysCpuTimeHistory': [], 'WallDurations': [], 'JobIds': [], 'State': 'unsubmitted'}, '1785': {'Retries': 0, 'Restarts': 0, 'SiteHistory': [], 'ResidentSetSize': [], 'SubmitTimes': [], 'StartTimes': [], 'EndTimes': [], 'TotalUserCpuTimeHistory': [], 'TotalSysCpuTimeHistory': [], 'WallDurations': [], 'JobIds': [], 'State': 'unsubmitted'}, '1786': {'Retries': 0, 'Restarts': 0, 'SiteHistory': [], 'ResidentSetSize': [], 'SubmitTimes': [], 'StartTimes': [], 'EndTimes': [], 'TotalUserCpuTimeHistory': [], 'TotalSysCpuTimeHistory': [], 'WallDurations': [], 'JobIds': [], 'State': 'unsubmitted'}, '1787': {'Retries': 0, 'Restarts': 0, 'SiteHistory': [], 'ResidentSetSize': [], 'SubmitTimes': [], 'StartTimes': [], 'EndTimes': [], 'TotalUserCpuTimeHistory': [], 'TotalSysCpuTimeHistory': [], 'WallDurations': [], 'JobIds': [], 'State': 'unsubmitted'}, '1788': {'Retries': 0, 'Restarts': 0, 'SiteHistory': [], 'ResidentSetSize': [], 'SubmitTimes': [], 'StartTimes': [], 'EndTimes': [], 'TotalUserCpuTimeHistory': [], 'TotalSysCpuTimeHistory': [], 'WallDurations': [], 'JobIds': [], 'State': 'unsubmitted'}, '1789': {'Retries': 0, 'Restarts': 0, 'SiteHistory': [], 'ResidentSetSize': [], 'SubmitTimes': [], 'StartTimes': [], 'EndTimes': [], 'TotalUserCpuTimeHistory': [], 'TotalSysCpuTimeHistory': [], 'WallDurations': [], 'JobIds': [], 'State': 'unsubmitted'}, '1790': {'Retries': 0, 'Restarts': 0, 'SiteHistory': [], 'ResidentSetSize': [], 'SubmitTimes': [], 'StartTimes': [], 'EndTimes': [], 'TotalUserCpuTimeHistory': [], 'TotalSysCpuTimeHistory': [], 'WallDurations': [], 'JobIds': [], 'State': 'unsubmitted'}, '1791': {'Retries': 0, 'Restarts': 0, 'SiteHistory': [], 'ResidentSetSize': [], 'SubmitTimes': [], 'StartTimes': [], 'EndTimes': [], 'TotalUserCpuTimeHistory': [], 'TotalSysCpuTimeHistory': [], 'WallDurations': [], 'JobIds': [], 'State': 'unsubmitted'}, '1792': {'Retries': 0, 'Restarts': 0, 'SiteHistory': [], 'ResidentSetSize': [], 'SubmitTimes': [], 'StartTimes': [], 'EndTimes': [], 'TotalUserCpuTimeHistory': [], 'TotalSysCpuTimeHistory': [], 'WallDurations': [], 'JobIds': [], 'State': 'unsubmitted'}, '1793': {'Retries': 0, 'Restarts': 0, 'SiteHistory': [], 'ResidentSetSize': [], 'SubmitTimes': [], 'StartTimes': [], 'EndTimes': [], 'TotalUserCpuTimeHistory': [], 'TotalSysCpuTimeHistory': [], 'WallDurations': [], 'JobIds': [], 'State': 'unsubmitted'}, '1794': {'Retries': 0, 'Restarts': 0, 'SiteHistory': [], 'ResidentSetSize': [], 'SubmitTimes': [], 'StartTimes': [], 'EndTimes': [], 'TotalUserCpuTimeHistory': [], 'TotalSysCpuTimeHistory': [], 'WallDurations': [], 'JobIds': [], 'State': 'unsubmitted'}, '1795': {'Retries': 0, 'Restarts': 0, 'SiteHistory': [], 'ResidentSetSize': [], 'SubmitTimes': [], 'StartTimes': [], 'EndTimes': [], 'TotalUserCpuTimeHistory': [], 'TotalSysCpuTimeHistory': [], 'WallDurations': [], 'JobIds': [], 'State': 'unsubmitted'}, '1796': {'Retries': 0, 'Restarts': 0, 'SiteHistory': [], 'ResidentSetSize': [], 'SubmitTimes': [], 'StartTimes': [], 'EndTimes': [], 'TotalUserCpuTimeHistory': [], 'TotalSysCpuTimeHistory': [], 'WallDurations': [], 'JobIds': [], 'State': 'unsubmitted'}, '1797': {'Retries': 0, 'Restarts': 0, 'SiteHistory': [], 'ResidentSetSize': [], 'SubmitTimes': [], 'StartTimes': [], 'EndTimes': [], 'TotalUserCpuTimeHistory': [], 'TotalSysCpuTimeHistory': [], 'WallDurations': [], 'JobIds': [], 'State': 'unsubmitted'}, '1798': {'Retries': 0, 'Restarts': 0, 'SiteHistory': [], 'ResidentSetSize': [], 'SubmitTimes': [], 'StartTimes': [], 'EndTimes': [], 'TotalUserCpuTimeHistory': [], 'TotalSysCpuTimeHistory': [], 'WallDurations': [], 'JobIds': [], 'State': 'unsubmitted'}, '1799': {'Retries': 0, 'Restarts': 0, 'SiteHistory': [], 'ResidentSetSize': [], 'SubmitTimes': [], 'StartTimes': [], 'EndTimes': [], 'TotalUserCpuTimeHistory': [], 'TotalSysCpuTimeHistory': [], 'WallDurations': [], 'JobIds': [], 'State': 'unsubmitted'}, '1800': {'Retries': 0, 'Restarts': 0, 'SiteHistory': [], 'ResidentSetSize': [], 'SubmitTimes': [], 'StartTimes': [], 'EndTimes': [], 'TotalUserCpuTimeHistory': [], 'TotalSysCpuTimeHistory': [], 'WallDurations': [], 'JobIds': [], 'State': 'unsubmitted'}, '1801': {'Retries': 0, 'Restarts': 0, 'SiteHistory': [], 'ResidentSetSize': [], 'SubmitTimes': [], 'StartTimes': [], 'EndTimes': [], 'TotalUserCpuTimeHistory': [], 'TotalSysCpuTimeHistory': [], 'WallDurations': [], 'JobIds': [], 'State': 'unsubmitted'}, '1802': {'Retries': 0, 'Restarts': 0, 'SiteHistory': [], 'ResidentSetSize': [], 'SubmitTimes': [], 'StartTimes': [], 'EndTimes': [], 'TotalUserCpuTimeHistory': [], 'TotalSysCpuTimeHistory': [], 'WallDurations': [], 'JobIds': [], 'State': 'unsubmitted'}, '1803': {'Retries': 0, 'Restarts': 0, 'SiteHistory': [], 'ResidentSetSize': [], 'SubmitTimes': [], 'StartTimes': [], 'EndTimes': [], 'TotalUserCpuTimeHistory': [], 'TotalSysCpuTimeHistory': [], 'WallDurations': [], 'JobIds': [], 'State': 'unsubmitted'}, '1804': {'Retries': 0, 'Restarts': 0, 'SiteHistory': [], 'ResidentSetSize': [], 'SubmitTimes': [], 'StartTimes': [], 'EndTimes': [], 'TotalUserCpuTimeHistory': [], 'TotalSysCpuTimeHistory': [], 'WallDurations': [], 'JobIds': [], 'State': 'unsubmitted'}, '1805': {'Retries': 0, 'Restarts': 0, 'SiteHistory': [], 'ResidentSetSize': [], 'SubmitTimes': [], 'StartTimes': [], 'EndTimes': [], 'TotalUserCpuTimeHistory': [], 'TotalSysCpuTimeHistory': [], 'WallDurations': [], 'JobIds': [], 'State': 'unsubmitted'}, '1806': {'Retries': 0, 'Restarts': 0, 'SiteHistory': [], 'ResidentSetSize': [], 'SubmitTimes': [], 'StartTimes': [], 'EndTimes': [], 'TotalUserCpuTimeHistory': [], 'TotalSysCpuTimeHistory': [], 'WallDurations': [], 'JobIds': [], 'State': 'unsubmitted'}, '1807': {'Retries': 0, 'Restarts': 0, 'SiteHistory': [], 'ResidentSetSize': [], 'SubmitTimes': [], 'StartTimes': [], 'EndTimes': [], 'TotalUserCpuTimeHistory': [], 'TotalSysCpuTimeHistory': [], 'WallDurations': [], 'JobIds': [], 'State': 'unsubmitted'}, '1808': {'Retries': 0, 'Restarts': 0, 'SiteHistory': [], 'ResidentSetSize': [], 'SubmitTimes': [], 'StartTimes': [], 'EndTimes': [], 'TotalUserCpuTimeHistory': [], 'TotalSysCpuTimeHistory': [], 'WallDurations': [], 'JobIds': [], 'State': 'unsubmitted'}, '1809': {'Retries': 0, 'Restarts': 0, 'SiteHistory': [], 'ResidentSetSize': [], 'SubmitTimes': [], 'StartTimes': [], 'EndTimes': [], 'TotalUserCpuTimeHistory': [], 'TotalSysCpuTimeHistory': [], 'WallDurations': [], 'JobIds': [], 'State': 'unsubmitted'}, '1810': {'Retries': 0, 'Restarts': 0, 'SiteHistory': [], 'ResidentSetSize': [], 'SubmitTimes': [], 'StartTimes': [], 'EndTimes': [], 'TotalUserCpuTimeHistory': [], 'TotalSysCpuTimeHistory': [], 'WallDurations': [], 'JobIds': [], 'State': 'unsubmitted'}, '1811': {'Retries': 0, 'Restarts': 0, 'SiteHistory': [], 'ResidentSetSize': [], 'SubmitTimes': [], 'StartTimes': [], 'EndTimes': [], 'TotalUserCpuTimeHistory': [], 'TotalSysCpuTimeHistory': [], 'WallDurations': [], 'JobIds': [], 'State': 'unsubmitted'}, '1812': {'Retries': 0, 'Restarts': 0, 'SiteHistory': [], 'ResidentSetSize': [], 'SubmitTimes': [], 'StartTimes': [], 'EndTimes': [], 'TotalUserCpuTimeHistory': [], 'TotalSysCpuTimeHistory': [], 'WallDurations': [], 'JobIds': [], 'State': 'unsubmitted'}, '1813': {'Retries': 0, 'Restarts': 0, 'SiteHistory': [], 'ResidentSetSize': [], 'SubmitTimes': [], 'StartTimes': [], 'EndTimes': [], 'TotalUserCpuTimeHistory': [], 'TotalSysCpuTimeHistory': [], 'WallDurations': [], 'JobIds': [], 'State': 'unsubmitted'}, '1814': {'Retries': 0, 'Restarts': 0, 'SiteHistory': [], 'ResidentSetSize': [], 'SubmitTimes': [], 'StartTimes': [], 'EndTimes': [], 'TotalUserCpuTimeHistory': [], 'TotalSysCpuTimeHistory': [], 'WallDurations': [], 'JobIds': [], 'State': 'unsubmitted'}, '1815': {'Retries': 0, 'Restarts': 0, 'SiteHistory': [], 'ResidentSetSize': [], 'SubmitTimes': [], 'StartTimes': [], 'EndTimes': [], 'TotalUserCpuTimeHistory': [], 'TotalSysCpuTimeHistory': [], 'WallDurations': [], 'JobIds': [], 'State': 'unsubmitted'}, '1816': {'Retries': 0, 'Restarts': 0, 'SiteHistory': [], 'ResidentSetSize': [], 'SubmitTimes': [], 'StartTimes': [], 'EndTimes': [], 'TotalUserCpuTimeHistory': [], 'TotalSysCpuTimeHistory': [], 'WallDurations': [], 'JobIds': [], 'State': 'unsubmitted'}, '1817': {'Retries': 0, 'Restarts': 0, 'SiteHistory': [], 'ResidentSetSize': [], 'SubmitTimes': [], 'StartTimes': [], 'EndTimes': [], 'TotalUserCpuTimeHistory': [], 'TotalSysCpuTimeHistory': [], 'WallDurations': [], 'JobIds': [], 'State': 'unsubmitted'}, '1818': {'Retries': 0, 'Restarts': 0, 'SiteHistory': [], 'ResidentSetSize': [], 'SubmitTimes': [], 'StartTimes': [], 'EndTimes': [], 'TotalUserCpuTimeHistory': [], 'TotalSysCpuTimeHistory': [], 'WallDurations': [], 'JobIds': [], 'State': 'unsubmitted'}, '1819': {'Retries': 0, 'Restarts': 0, 'SiteHistory': [], 'ResidentSetSize': [], 'SubmitTimes': [], 'StartTimes': [], 'EndTimes': [], 'TotalUserCpuTimeHistory': [], 'TotalSysCpuTimeHistory': [], 'WallDurations': [], 'JobIds': [], 'State': 'unsubmitted'}, '1820': {'Retries': 0, 'Restarts': 0, 'SiteHistory': [], 'ResidentSetSize': [], 'SubmitTimes': [], 'StartTimes': [], 'EndTimes': [], 'TotalUserCpuTimeHistory': [], 'TotalSysCpuTimeHistory': [], 'WallDurations': [], 'JobIds': [], 'State': 'unsubmitted'}, '1821': {'Retries': 0, 'Restarts': 0, 'SiteHistory': [], 'ResidentSetSize': [], 'SubmitTimes': [], 'StartTimes': [], 'EndTimes': [], 'TotalUserCpuTimeHistory': [], 'TotalSysCpuTimeHistory': [], 'WallDurations': [], 'JobIds': [], 'State': 'unsubmitted'}, '1822': {'Retries': 0, 'Restarts': 0, 'SiteHistory': [], 'ResidentSetSize': [], 'SubmitTimes': [], 'StartTimes': [], 'EndTimes': [], 'TotalUserCpuTimeHistory': [], 'TotalSysCpuTimeHistory': [], 'WallDurations': [], 'JobIds': [], 'State': 'unsubmitted'}, '1823': {'Retries': 0, 'Restarts': 0, 'SiteHistory': [], 'ResidentSetSize': [], 'SubmitTimes': [], 'StartTimes': [], 'EndTimes': [], 'TotalUserCpuTimeHistory': [], 'TotalSysCpuTimeHistory': [], 'WallDurations': [], 'JobIds': [], 'State': 'unsubmitted'}, '1824': {'Retries': 0, 'Restarts': 0, 'SiteHistory': [], 'ResidentSetSize': [], 'SubmitTimes': [], 'StartTimes': [], 'EndTimes': [], 'TotalUserCpuTimeHistory': [], 'TotalSysCpuTimeHistory': [], 'WallDurations': [], 'JobIds': [], 'State': 'unsubmitted'}, '1825': {'Retries': 0, 'Restarts': 0, 'SiteHistory': [], 'ResidentSetSize': [], 'SubmitTimes': [], 'StartTimes': [], 'EndTimes': [], 'TotalUserCpuTimeHistory': [], 'TotalSysCpuTimeHistory': [], 'WallDurations': [], 'JobIds': [], 'State': 'unsubmitted'}, '1826': {'Retries': 0, 'Restarts': 0, 'SiteHistory': [], 'ResidentSetSize': [], 'SubmitTimes': [], 'StartTimes': [], 'EndTimes': [], 'TotalUserCpuTimeHistory': [], 'TotalSysCpuTimeHistory': [], 'WallDurations': [], 'JobIds': [], 'State': 'unsubmitted'}, '1827': {'Retries': 0, 'Restarts': 0, 'SiteHistory': [], 'ResidentSetSize': [], 'SubmitTimes': [], 'StartTimes': [], 'EndTimes': [], 'TotalUserCpuTimeHistory': [], 'TotalSysCpuTimeHistory': [], 'WallDurations': [], 'JobIds': [], 'State': 'unsubmitted'}, '1828': {'Retries': 0, 'Restarts': 0, 'SiteHistory': [], 'ResidentSetSize': [], 'SubmitTimes': [], 'StartTimes': [], 'EndTimes': [], 'TotalUserCpuTimeHistory': [], 'TotalSysCpuTimeHistory': [], 'WallDurations': [], 'JobIds': [], 'State': 'unsubmitted'}, '1829': {'Retries': 0, 'Restarts': 0, 'SiteHistory': [], 'ResidentSetSize': [], 'SubmitTimes': [], 'StartTimes': [], 'EndTimes': [], 'TotalUserCpuTimeHistory': [], 'TotalSysCpuTimeHistory': [], 'WallDurations': [], 'JobIds': [], 'State': 'unsubmitted'}, '1830': {'Retries': 0, 'Restarts': 0, 'SiteHistory': [], 'ResidentSetSize': [], 'SubmitTimes': [], 'StartTimes': [], 'EndTimes': [], 'TotalUserCpuTimeHistory': [], 'TotalSysCpuTimeHistory': [], 'WallDurations': [], 'JobIds': [], 'State': 'unsubmitted'}, '1831': {'Retries': 0, 'Restarts': 0, 'SiteHistory': [], 'ResidentSetSize': [], 'SubmitTimes': [], 'StartTimes': [], 'EndTimes': [], 'TotalUserCpuTimeHistory': [], 'TotalSysCpuTimeHistory': [], 'WallDurations': [], 'JobIds': [], 'State': 'unsubmitted'}, '1832': {'Retries': 0, 'Restarts': 0, 'SiteHistory': [], 'ResidentSetSize': [], 'SubmitTimes': [], 'StartTimes': [], 'EndTimes': [], 'TotalUserCpuTimeHistory': [], 'TotalSysCpuTimeHistory': [], 'WallDurations': [], 'JobIds': [], 'State': 'unsubmitted'}, '1833': {'Retries': 0, 'Restarts': 0, 'SiteHistory': [], 'ResidentSetSize': [], 'SubmitTimes': [], 'StartTimes': [], 'EndTimes': [], 'TotalUserCpuTimeHistory': [], 'TotalSysCpuTimeHistory': [], 'WallDurations': [], 'JobIds': [], 'State': 'unsubmitted'}, '1834': {'Retries': 0, 'Restarts': 0, 'SiteHistory': [], 'ResidentSetSize': [], 'SubmitTimes': [], 'StartTimes': [], 'EndTimes': [], 'TotalUserCpuTimeHistory': [], 'TotalSysCpuTimeHistory': [], 'WallDurations': [], 'JobIds': [], 'State': 'unsubmitted'}, '1835': {'Retries': 0, 'Restarts': 0, 'SiteHistory': [], 'ResidentSetSize': [], 'SubmitTimes': [], 'StartTimes': [], 'EndTimes': [], 'TotalUserCpuTimeHistory': [], 'TotalSysCpuTimeHistory': [], 'WallDurations': [], 'JobIds': [], 'State': 'unsubmitted'}, '1836': {'Retries': 0, 'Restarts': 0, 'SiteHistory': [], 'ResidentSetSize': [], 'SubmitTimes': [], 'StartTimes': [], 'EndTimes': [], 'TotalUserCpuTimeHistory': [], 'TotalSysCpuTimeHistory': [], 'WallDurations': [], 'JobIds': [], 'State': 'unsubmitted'}, '1837': {'Retries': 0, 'Restarts': 0, 'SiteHistory': [], 'ResidentSetSize': [], 'SubmitTimes': [], 'StartTimes': [], 'EndTimes': [], 'TotalUserCpuTimeHistory': [], 'TotalSysCpuTimeHistory': [], 'WallDurations': [], 'JobIds': [], 'State': 'unsubmitted'}, '1838': {'Retries': 0, 'Restarts': 0, 'SiteHistory': [], 'ResidentSetSize': [], 'SubmitTimes': [], 'StartTimes': [], 'EndTimes': [], 'TotalUserCpuTimeHistory': [], 'TotalSysCpuTimeHistory': [], 'WallDurations': [], 'JobIds': [], 'State': 'unsubmitted'}, '1839': {'Retries': 0, 'Restarts': 0, 'SiteHistory': [], 'ResidentSetSize': [], 'SubmitTimes': [], 'StartTimes': [], 'EndTimes': [], 'TotalUserCpuTimeHistory': [], 'TotalSysCpuTimeHistory': [], 'WallDurations': [], 'JobIds': [], 'State': 'unsubmitted'}, '1840': {'Retries': 0, 'Restarts': 0, 'SiteHistory': [], 'ResidentSetSize': [], 'SubmitTimes': [], 'StartTimes': [], 'EndTimes': [], 'TotalUserCpuTimeHistory': [], 'TotalSysCpuTimeHistory': [], 'WallDurations': [], 'JobIds': [], 'State': 'unsubmitted'}, '1841': {'Retries': 0, 'Restarts': 0, 'SiteHistory': [], 'ResidentSetSize': [], 'SubmitTimes': [], 'StartTimes': [], 'EndTimes': [], 'TotalUserCpuTimeHistory': [], 'TotalSysCpuTimeHistory': [], 'WallDurations': [], 'JobIds': [], 'State': 'unsubmitted'}, '1842': {'Retries': 0, 'Restarts': 0, 'SiteHistory': [], 'ResidentSetSize': [], 'SubmitTimes': [], 'StartTimes': [], 'EndTimes': [], 'TotalUserCpuTimeHistory': [], 'TotalSysCpuTimeHistory': [], 'WallDurations': [], 'JobIds': [], 'State': 'unsubmitted'}, '1843': {'Retries': 0, 'Restarts': 0, 'SiteHistory': [], 'ResidentSetSize': [], 'SubmitTimes': [], 'StartTimes': [], 'EndTimes': [], 'TotalUserCpuTimeHistory': [], 'TotalSysCpuTimeHistory': [], 'WallDurations': [], 'JobIds': [], 'State': 'unsubmitted'}, '1844': {'Retries': 0, 'Restarts': 0, 'SiteHistory': [], 'ResidentSetSize': [], 'SubmitTimes': [], 'StartTimes': [], 'EndTimes': [], 'TotalUserCpuTimeHistory': [], 'TotalSysCpuTimeHistory': [], 'WallDurations': [], 'JobIds': [], 'State': 'unsubmitted'}, '1845': {'Retries': 0, 'Restarts': 0, 'SiteHistory': [], 'ResidentSetSize': [], 'SubmitTimes': [], 'StartTimes': [], 'EndTimes': [], 'TotalUserCpuTimeHistory': [], 'TotalSysCpuTimeHistory': [], 'WallDurations': [], 'JobIds': [], 'State': 'unsubmitted'}, '1846': {'Retries': 0, 'Restarts': 0, 'SiteHistory': [], 'ResidentSetSize': [], 'SubmitTimes': [], 'StartTimes': [], 'EndTimes': [], 'TotalUserCpuTimeHistory': [], 'TotalSysCpuTimeHistory': [], 'WallDurations': [], 'JobIds': [], 'State': 'unsubmitted'}, '1847': {'Retries': 0, 'Restarts': 0, 'SiteHistory': [], 'ResidentSetSize': [], 'SubmitTimes': [], 'StartTimes': [], 'EndTimes': [], 'TotalUserCpuTimeHistory': [], 'TotalSysCpuTimeHistory': [], 'WallDurations': [], 'JobIds': [], 'State': 'unsubmitted'}, '1848': {'Retries': 0, 'Restarts': 0, 'SiteHistory': [], 'ResidentSetSize': [], 'SubmitTimes': [], 'StartTimes': [], 'EndTimes': [], 'TotalUserCpuTimeHistory': [], 'TotalSysCpuTimeHistory': [], 'WallDurations': [], 'JobIds': [], 'State': 'unsubmitted'}, '1849': {'Retries': 0, 'Restarts': 0, 'SiteHistory': [], 'ResidentSetSize': [], 'SubmitTimes': [], 'StartTimes': [], 'EndTimes': [], 'TotalUserCpuTimeHistory': [], 'TotalSysCpuTimeHistory': [], 'WallDurations': [], 'JobIds': [], 'State': 'unsubmitted'}, '1850': {'Retries': 0, 'Restarts': 0, 'SiteHistory': [], 'ResidentSetSize': [], 'SubmitTimes': [], 'StartTimes': [], 'EndTimes': [], 'TotalUserCpuTimeHistory': [], 'TotalSysCpuTimeHistory': [], 'WallDurations': [], 'JobIds': [], 'State': 'unsubmitted'}, '1851': {'Retries': 0, 'Restarts': 0, 'SiteHistory': [], 'ResidentSetSize': [], 'SubmitTimes': [], 'StartTimes': [], 'EndTimes': [], 'TotalUserCpuTimeHistory': [], 'TotalSysCpuTimeHistory': [], 'WallDurations': [], 'JobIds': [], 'State': 'unsubmitted'}, '1852': {'Retries': 0, 'Restarts': 0, 'SiteHistory': [], 'ResidentSetSize': [], 'SubmitTimes': [], 'StartTimes': [], 'EndTimes': [], 'TotalUserCpuTimeHistory': [], 'TotalSysCpuTimeHistory': [], 'WallDurations': [], 'JobIds': [], 'State': 'unsubmitted'}, '1853': {'Retries': 0, 'Restarts': 0, 'SiteHistory': [], 'ResidentSetSize': [], 'SubmitTimes': [], 'StartTimes': [], 'EndTimes': [], 'TotalUserCpuTimeHistory': [], 'TotalSysCpuTimeHistory': [], 'WallDurations': [], 'JobIds': [], 'State': 'unsubmitted'}, '1854': {'Retries': 0, 'Restarts': 0, 'SiteHistory': [], 'ResidentSetSize': [], 'SubmitTimes': [], 'StartTimes': [], 'EndTimes': [], 'TotalUserCpuTimeHistory': [], 'TotalSysCpuTimeHistory': [], 'WallDurations': [], 'JobIds': [], 'State': 'unsubmitted'}, '1855': {'Retries': 0, 'Restarts': 0, 'SiteHistory': [], 'ResidentSetSize': [], 'SubmitTimes': [], 'StartTimes': [], 'EndTimes': [], 'TotalUserCpuTimeHistory': [], 'TotalSysCpuTimeHistory': [], 'WallDurations': [], 'JobIds': [], 'State': 'unsubmitted'}, '1856': {'Retries': 0, 'Restarts': 0, 'SiteHistory': [], 'ResidentSetSize': [], 'SubmitTimes': [], 'StartTimes': [], 'EndTimes': [], 'TotalUserCpuTimeHistory': [], 'TotalSysCpuTimeHistory': [], 'WallDurations': [], 'JobIds': [], 'State': 'unsubmitted'}, '1857': {'Retries': 0, 'Restarts': 0, 'SiteHistory': [], 'ResidentSetSize': [], 'SubmitTimes': [], 'StartTimes': [], 'EndTimes': [], 'TotalUserCpuTimeHistory': [], 'TotalSysCpuTimeHistory': [], 'WallDurations': [], 'JobIds': [], 'State': 'unsubmitted'}, '1858': {'Retries': 0, 'Restarts': 0, 'SiteHistory': [], 'ResidentSetSize': [], 'SubmitTimes': [], 'StartTimes': [], 'EndTimes': [], 'TotalUserCpuTimeHistory': [], 'TotalSysCpuTimeHistory': [], 'WallDurations': [], 'JobIds': [], 'State': 'unsubmitted'}, '1859': {'Retries': 0, 'Restarts': 0, 'SiteHistory': [], 'ResidentSetSize': [], 'SubmitTimes': [], 'StartTimes': [], 'EndTimes': [], 'TotalUserCpuTimeHistory': [], 'TotalSysCpuTimeHistory': [], 'WallDurations': [], 'JobIds': [], 'State': 'unsubmitted'}, '1860': {'Retries': 0, 'Restarts': 0, 'SiteHistory': [], 'ResidentSetSize': [], 'SubmitTimes': [], 'StartTimes': [], 'EndTimes': [], 'TotalUserCpuTimeHistory': [], 'TotalSysCpuTimeHistory': [], 'WallDurations': [], 'JobIds': [], 'State': 'unsubmitted'}, '1861': {'Retries': 0, 'Restarts': 0, 'SiteHistory': [], 'ResidentSetSize': [], 'SubmitTimes': [], 'StartTimes': [], 'EndTimes': [], 'TotalUserCpuTimeHistory': [], 'TotalSysCpuTimeHistory': [], 'WallDurations': [], 'JobIds': [], 'State': 'unsubmitted'}, '1862': {'Retries': 0, 'Restarts': 0, 'SiteHistory': [], 'ResidentSetSize': [], 'SubmitTimes': [], 'StartTimes': [], 'EndTimes': [], 'TotalUserCpuTimeHistory': [], 'TotalSysCpuTimeHistory': [], 'WallDurations': [], 'JobIds': [], 'State': 'unsubmitted'}, '1863': {'Retries': 0, 'Restarts': 0, 'SiteHistory': [], 'ResidentSetSize': [], 'SubmitTimes': [], 'StartTimes': [], 'EndTimes': [], 'TotalUserCpuTimeHistory': [], 'TotalSysCpuTimeHistory': [], 'WallDurations': [], 'JobIds': [], 'State': 'unsubmitted'}, '1864': {'Retries': 0, 'Restarts': 0, 'SiteHistory': [], 'ResidentSetSize': [], 'SubmitTimes': [], 'StartTimes': [], 'EndTimes': [], 'TotalUserCpuTimeHistory': [], 'TotalSysCpuTimeHistory': [], 'WallDurations': [], 'JobIds': [], 'State': 'unsubmitted'}, '1865': {'Retries': 0, 'Restarts': 0, 'SiteHistory': [], 'ResidentSetSize': [], 'SubmitTimes': [], 'StartTimes': [], 'EndTimes': [], 'TotalUserCpuTimeHistory': [], 'TotalSysCpuTimeHistory': [], 'WallDurations': [], 'JobIds': [], 'State': 'unsubmitted'}, '1866': {'Retries': 0, 'Restarts': 0, 'SiteHistory': [], 'ResidentSetSize': [], 'SubmitTimes': [], 'StartTimes': [], 'EndTimes': [], 'TotalUserCpuTimeHistory': [], 'TotalSysCpuTimeHistory': [], 'WallDurations': [], 'JobIds': [], 'State': 'unsubmitted'}, '1867': {'Retries': 0, 'Restarts': 0, 'SiteHistory': [], 'ResidentSetSize': [], 'SubmitTimes': [], 'StartTimes': [], 'EndTimes': [], 'TotalUserCpuTimeHistory': [], 'TotalSysCpuTimeHistory': [], 'WallDurations': [], 'JobIds': [], 'State': 'unsubmitted'}, '1868': {'Retries': 0, 'Restarts': 0, 'SiteHistory': [], 'ResidentSetSize': [], 'SubmitTimes': [], 'StartTimes': [], 'EndTimes': [], 'TotalUserCpuTimeHistory': [], 'TotalSysCpuTimeHistory': [], 'WallDurations': [], 'JobIds': [], 'State': 'unsubmitted'}, '1869': {'Retries': 0, 'Restarts': 0, 'SiteHistory': [], 'ResidentSetSize': [], 'SubmitTimes': [], 'StartTimes': [], 'EndTimes': [], 'TotalUserCpuTimeHistory': [], 'TotalSysCpuTimeHistory': [], 'WallDurations': [], 'JobIds': [], 'State': 'unsubmitted'}, '1870': {'Retries': 0, 'Restarts': 0, 'SiteHistory': [], 'ResidentSetSize': [], 'SubmitTimes': [], 'StartTimes': [], 'EndTimes': [], 'TotalUserCpuTimeHistory': [], 'TotalSysCpuTimeHistory': [], 'WallDurations': [], 'JobIds': [], 'State': 'unsubmitted'}, '1871': {'Retries': 0, 'Restarts': 0, 'SiteHistory': [], 'ResidentSetSize': [], 'SubmitTimes': [], 'StartTimes': [], 'EndTimes': [], 'TotalUserCpuTimeHistory': [], 'TotalSysCpuTimeHistory': [], 'WallDurations': [], 'JobIds': [], 'State': 'unsubmitted'}, '1872': {'Retries': 0, 'Restarts': 0, 'SiteHistory': [], 'ResidentSetSize': [], 'SubmitTimes': [], 'StartTimes': [], 'EndTimes': [], 'TotalUserCpuTimeHistory': [], 'TotalSysCpuTimeHistory': [], 'WallDurations': [], 'JobIds': [], 'State': 'unsubmitted'}, '1873': {'Retries': 0, 'Restarts': 0, 'SiteHistory': [], 'ResidentSetSize': [], 'SubmitTimes': [], 'StartTimes': [], 'EndTimes': [], 'TotalUserCpuTimeHistory': [], 'TotalSysCpuTimeHistory': [], 'WallDurations': [], 'JobIds': [], 'State': 'unsubmitted'}, '1874': {'Retries': 0, 'Restarts': 0, 'SiteHistory': [], 'ResidentSetSize': [], 'SubmitTimes': [], 'StartTimes': [], 'EndTimes': [], 'TotalUserCpuTimeHistory': [], 'TotalSysCpuTimeHistory': [], 'WallDurations': [], 'JobIds': [], 'State': 'unsubmitted'}, '1875': {'Retries': 0, 'Restarts': 0, 'SiteHistory': [], 'ResidentSetSize': [], 'SubmitTimes': [], 'StartTimes': [], 'EndTimes': [], 'TotalUserCpuTimeHistory': [], 'TotalSysCpuTimeHistory': [], 'WallDurations': [], 'JobIds': [], 'State': 'unsubmitted'}, '1876': {'Retries': 0, 'Restarts': 0, 'SiteHistory': [], 'ResidentSetSize': [], 'SubmitTimes': [], 'StartTimes': [], 'EndTimes': [], 'TotalUserCpuTimeHistory': [], 'TotalSysCpuTimeHistory': [], 'WallDurations': [], 'JobIds': [], 'State': 'unsubmitted'}, '1877': {'Retries': 0, 'Restarts': 0, 'SiteHistory': [], 'ResidentSetSize': [], 'SubmitTimes': [], 'StartTimes': [], 'EndTimes': [], 'TotalUserCpuTimeHistory': [], 'TotalSysCpuTimeHistory': [], 'WallDurations': [], 'JobIds': [], 'State': 'unsubmitted'}, '1878': {'Retries': 0, 'Restarts': 0, 'SiteHistory': [], 'ResidentSetSize': [], 'SubmitTimes': [], 'StartTimes': [], 'EndTimes': [], 'TotalUserCpuTimeHistory': [], 'TotalSysCpuTimeHistory': [], 'WallDurations': [], 'JobIds': [], 'State': 'unsubmitted'}, '1879': {'Retries': 0, 'Restarts': 0, 'SiteHistory': [], 'ResidentSetSize': [], 'SubmitTimes': [], 'StartTimes': [], 'EndTimes': [], 'TotalUserCpuTimeHistory': [], 'TotalSysCpuTimeHistory': [], 'WallDurations': [], 'JobIds': [], 'State': 'unsubmitted'}, '1880': {'Retries': 0, 'Restarts': 0, 'SiteHistory': [], 'ResidentSetSize': [], 'SubmitTimes': [], 'StartTimes': [], 'EndTimes': [], 'TotalUserCpuTimeHistory': [], 'TotalSysCpuTimeHistory': [], 'WallDurations': [], 'JobIds': [], 'State': 'unsubmitted'}, '1881': {'Retries': 0, 'Restarts': 0, 'SiteHistory': [], 'ResidentSetSize': [], 'SubmitTimes': [], 'StartTimes': [], 'EndTimes': [], 'TotalUserCpuTimeHistory': [], 'TotalSysCpuTimeHistory': [], 'WallDurations': [], 'JobIds': [], 'State': 'unsubmitted'}, '1882': {'Retries': 0, 'Restarts': 0, 'SiteHistory': [], 'ResidentSetSize': [], 'SubmitTimes': [], 'StartTimes': [], 'EndTimes': [], 'TotalUserCpuTimeHistory': [], 'TotalSysCpuTimeHistory': [], 'WallDurations': [], 'JobIds': [], 'State': 'unsubmitted'}, '1883': {'Retries': 0, 'Restarts': 0, 'SiteHistory': [], 'ResidentSetSize': [], 'SubmitTimes': [], 'StartTimes': [], 'EndTimes': [], 'TotalUserCpuTimeHistory': [], 'TotalSysCpuTimeHistory': [], 'WallDurations': [], 'JobIds': [], 'State': 'unsubmitted'}, '1884': {'Retries': 0, 'Restarts': 0, 'SiteHistory': [], 'ResidentSetSize': [], 'SubmitTimes': [], 'StartTimes': [], 'EndTimes': [], 'TotalUserCpuTimeHistory': [], 'TotalSysCpuTimeHistory': [], 'WallDurations': [], 'JobIds': [], 'State': 'unsubmitted'}, '1885': {'Retries': 0, 'Restarts': 0, 'SiteHistory': [], 'ResidentSetSize': [], 'SubmitTimes': [], 'StartTimes': [], 'EndTimes': [], 'TotalUserCpuTimeHistory': [], 'TotalSysCpuTimeHistory': [], 'WallDurations': [], 'JobIds': [], 'State': 'unsubmitted'}, '1886': {'Retries': 0, 'Restarts': 0, 'SiteHistory': [], 'ResidentSetSize': [], 'SubmitTimes': [], 'StartTimes': [], 'EndTimes': [], 'TotalUserCpuTimeHistory': [], 'TotalSysCpuTimeHistory': [], 'WallDurations': [], 'JobIds': [], 'State': 'unsubmitted'}, '1887': {'Retries': 0, 'Restarts': 0, 'SiteHistory': [], 'ResidentSetSize': [], 'SubmitTimes': [], 'StartTimes': [], 'EndTimes': [], 'TotalUserCpuTimeHistory': [], 'TotalSysCpuTimeHistory': [], 'WallDurations': [], 'JobIds': [], 'State': 'unsubmitted'}, '1888': {'Retries': 0, 'Restarts': 0, 'SiteHistory': [], 'ResidentSetSize': [], 'SubmitTimes': [], 'StartTimes': [], 'EndTimes': [], 'TotalUserCpuTimeHistory': [], 'TotalSysCpuTimeHistory': [], 'WallDurations': [], 'JobIds': [], 'State': 'unsubmitted'}, '1889': {'Retries': 0, 'Restarts': 0, 'SiteHistory': [], 'ResidentSetSize': [], 'SubmitTimes': [], 'StartTimes': [], 'EndTimes': [], 'TotalUserCpuTimeHistory': [], 'TotalSysCpuTimeHistory': [], 'WallDurations': [], 'JobIds': [], 'State': 'unsubmitted'}, '1890': {'Retries': 0, 'Restarts': 0, 'SiteHistory': [], 'ResidentSetSize': [], 'SubmitTimes': [], 'StartTimes': [], 'EndTimes': [], 'TotalUserCpuTimeHistory': [], 'TotalSysCpuTimeHistory': [], 'WallDurations': [], 'JobIds': [], 'State': 'unsubmitted'}, '1891': {'Retries': 0, 'Restarts': 0, 'SiteHistory': [], 'ResidentSetSize': [], 'SubmitTimes': [], 'StartTimes': [], 'EndTimes': [], 'TotalUserCpuTimeHistory': [], 'TotalSysCpuTimeHistory': [], 'WallDurations': [], 'JobIds': [], 'State': 'unsubmitted'}, '1892': {'Retries': 0, 'Restarts': 0, 'SiteHistory': [], 'ResidentSetSize': [], 'SubmitTimes': [], 'StartTimes': [], 'EndTimes': [], 'TotalUserCpuTimeHistory': [], 'TotalSysCpuTimeHistory': [], 'WallDurations': [], 'JobIds': [], 'State': 'unsubmitted'}, '1893': {'Retries': 0, 'Restarts': 0, 'SiteHistory': [], 'ResidentSetSize': [], 'SubmitTimes': [], 'StartTimes': [], 'EndTimes': [], 'TotalUserCpuTimeHistory': [], 'TotalSysCpuTimeHistory': [], 'WallDurations': [], 'JobIds': [], 'State': 'unsubmitted'}, '1894': {'Retries': 0, 'Restarts': 0, 'SiteHistory': [], 'ResidentSetSize': [], 'SubmitTimes': [], 'StartTimes': [], 'EndTimes': [], 'TotalUserCpuTimeHistory': [], 'TotalSysCpuTimeHistory': [], 'WallDurations': [], 'JobIds': [], 'State': 'unsubmitted'}, '1895': {'Retries': 0, 'Restarts': 0, 'SiteHistory': [], 'ResidentSetSize': [], 'SubmitTimes': [], 'StartTimes': [], 'EndTimes': [], 'TotalUserCpuTimeHistory': [], 'TotalSysCpuTimeHistory': [], 'WallDurations': [], 'JobIds': [], 'State': 'unsubmitted'}, '1896': {'Retries': 0, 'Restarts': 0, 'SiteHistory': [], 'ResidentSetSize': [], 'SubmitTimes': [], 'StartTimes': [], 'EndTimes': [], 'TotalUserCpuTimeHistory': [], 'TotalSysCpuTimeHistory': [], 'WallDurations': [], 'JobIds': [], 'State': 'unsubmitted'}, '1897': {'Retries': 0, 'Restarts': 0, 'SiteHistory': [], 'ResidentSetSize': [], 'SubmitTimes': [], 'StartTimes': [], 'EndTimes': [], 'TotalUserCpuTimeHistory': [], 'TotalSysCpuTimeHistory': [], 'WallDurations': [], 'JobIds': [], 'State': 'unsubmitted'}, '1898': {'Retries': 0, 'Restarts': 0, 'SiteHistory': [], 'ResidentSetSize': [], 'SubmitTimes': [], 'StartTimes': [], 'EndTimes': [], 'TotalUserCpuTimeHistory': [], 'TotalSysCpuTimeHistory': [], 'WallDurations': [], 'JobIds': [], 'State': 'unsubmitted'}, '1899': {'Retries': 0, 'Restarts': 0, 'SiteHistory': [], 'ResidentSetSize': [], 'SubmitTimes': [], 'StartTimes': [], 'EndTimes': [], 'TotalUserCpuTimeHistory': [], 'TotalSysCpuTimeHistory': [], 'WallDurations': [], 'JobIds': [], 'State': 'unsubmitted'}, '1900': {'Retries': 0, 'Restarts': 0, 'SiteHistory': [], 'ResidentSetSize': [], 'SubmitTimes': [], 'StartTimes': [], 'EndTimes': [], 'TotalUserCpuTimeHistory': [], 'TotalSysCpuTimeHistory': [], 'WallDurations': [], 'JobIds': [], 'State': 'unsubmitted'}, '1901': {'Retries': 0, 'Restarts': 0, 'SiteHistory': [], 'ResidentSetSize': [], 'SubmitTimes': [], 'StartTimes': [], 'EndTimes': [], 'TotalUserCpuTimeHistory': [], 'TotalSysCpuTimeHistory': [], 'WallDurations': [], 'JobIds': [], 'State': 'unsubmitted'}, '1902': {'Retries': 0, 'Restarts': 0, 'SiteHistory': [], 'ResidentSetSize': [], 'SubmitTimes': [], 'StartTimes': [], 'EndTimes': [], 'TotalUserCpuTimeHistory': [], 'TotalSysCpuTimeHistory': [], 'WallDurations': [], 'JobIds': [], 'State': 'unsubmitted'}, '1903': {'Retries': 0, 'Restarts': 0, 'SiteHistory': [], 'ResidentSetSize': [], 'SubmitTimes': [], 'StartTimes': [], 'EndTimes': [], 'TotalUserCpuTimeHistory': [], 'TotalSysCpuTimeHistory': [], 'WallDurations': [], 'JobIds': [], 'State': 'unsubmitted'}, '1904': {'Retries': 0, 'Restarts': 0, 'SiteHistory': [], 'ResidentSetSize': [], 'SubmitTimes': [], 'StartTimes': [], 'EndTimes': [], 'TotalUserCpuTimeHistory': [], 'TotalSysCpuTimeHistory': [], 'WallDurations': [], 'JobIds': [], 'State': 'unsubmitted'}, '1905': {'Retries': 0, 'Restarts': 0, 'SiteHistory': [], 'ResidentSetSize': [], 'SubmitTimes': [], 'StartTimes': [], 'EndTimes': [], 'TotalUserCpuTimeHistory': [], 'TotalSysCpuTimeHistory': [], 'WallDurations': [], 'JobIds': [], 'State': 'unsubmitted'}, '1906': {'Retries': 0, 'Restarts': 0, 'SiteHistory': [], 'ResidentSetSize': [], 'SubmitTimes': [], 'StartTimes': [], 'EndTimes': [], 'TotalUserCpuTimeHistory': [], 'TotalSysCpuTimeHistory': [], 'WallDurations': [], 'JobIds': [], 'State': 'unsubmitted'}, '1907': {'Retries': 0, 'Restarts': 0, 'SiteHistory': [], 'ResidentSetSize': [], 'SubmitTimes': [], 'StartTimes': [], 'EndTimes': [], 'TotalUserCpuTimeHistory': [], 'TotalSysCpuTimeHistory': [], 'WallDurations': [], 'JobIds': [], 'State': 'unsubmitted'}, '1908': {'Retries': 0, 'Restarts': 0, 'SiteHistory': [], 'ResidentSetSize': [], 'SubmitTimes': [], 'StartTimes': [], 'EndTimes': [], 'TotalUserCpuTimeHistory': [], 'TotalSysCpuTimeHistory': [], 'WallDurations': [], 'JobIds': [], 'State': 'unsubmitted'}, '1909': {'Retries': 0, 'Restarts': 0, 'SiteHistory': [], 'ResidentSetSize': [], 'SubmitTimes': [], 'StartTimes': [], 'EndTimes': [], 'TotalUserCpuTimeHistory': [], 'TotalSysCpuTimeHistory': [], 'WallDurations': [], 'JobIds': [], 'State': 'unsubmitted'}, '1910': {'Retries': 0, 'Restarts': 0, 'SiteHistory': [], 'ResidentSetSize': [], 'SubmitTimes': [], 'StartTimes': [], 'EndTimes': [], 'TotalUserCpuTimeHistory': [], 'TotalSysCpuTimeHistory': [], 'WallDurations': [], 'JobIds': [], 'State': 'unsubmitted'}, '1911': {'Retries': 0, 'Restarts': 0, 'SiteHistory': [], 'ResidentSetSize': [], 'SubmitTimes': [], 'StartTimes': [], 'EndTimes': [], 'TotalUserCpuTimeHistory': [], 'TotalSysCpuTimeHistory': [], 'WallDurations': [], 'JobIds': [], 'State': 'unsubmitted'}, '1912': {'Retries': 0, 'Restarts': 0, 'SiteHistory': [], 'ResidentSetSize': [], 'SubmitTimes': [], 'StartTimes': [], 'EndTimes': [], 'TotalUserCpuTimeHistory': [], 'TotalSysCpuTimeHistory': [], 'WallDurations': [], 'JobIds': [], 'State': 'unsubmitted'}, '1913': {'Retries': 0, 'Restarts': 0, 'SiteHistory': [], 'ResidentSetSize': [], 'SubmitTimes': [], 'StartTimes': [], 'EndTimes': [], 'TotalUserCpuTimeHistory': [], 'TotalSysCpuTimeHistory': [], 'WallDurations': [], 'JobIds': [], 'State': 'unsubmitted'}, '1914': {'Retries': 0, 'Restarts': 0, 'SiteHistory': [], 'ResidentSetSize': [], 'SubmitTimes': [], 'StartTimes': [], 'EndTimes': [], 'TotalUserCpuTimeHistory': [], 'TotalSysCpuTimeHistory': [], 'WallDurations': [], 'JobIds': [], 'State': 'unsubmitted'}, '1915': {'Retries': 0, 'Restarts': 0, 'SiteHistory': [], 'ResidentSetSize': [], 'SubmitTimes': [], 'StartTimes': [], 'EndTimes': [], 'TotalUserCpuTimeHistory': [], 'TotalSysCpuTimeHistory': [], 'WallDurations': [], 'JobIds': [], 'State': 'unsubmitted'}, '1916': {'Retries': 0, 'Restarts': 0, 'SiteHistory': [], 'ResidentSetSize': [], 'SubmitTimes': [], 'StartTimes': [], 'EndTimes': [], 'TotalUserCpuTimeHistory': [], 'TotalSysCpuTimeHistory': [], 'WallDurations': [], 'JobIds': [], 'State': 'unsubmitted'}, '1917': {'Retries': 0, 'Restarts': 0, 'SiteHistory': [], 'ResidentSetSize': [], 'SubmitTimes': [], 'StartTimes': [], 'EndTimes': [], 'TotalUserCpuTimeHistory': [], 'TotalSysCpuTimeHistory': [], 'WallDurations': [], 'JobIds': [], 'State': 'unsubmitted'}, '1918': {'Retries': 0, 'Restarts': 0, 'SiteHistory': [], 'ResidentSetSize': [], 'SubmitTimes': [], 'StartTimes': [], 'EndTimes': [], 'TotalUserCpuTimeHistory': [], 'TotalSysCpuTimeHistory': [], 'WallDurations': [], 'JobIds': [], 'State': 'unsubmitted'}, '1919': {'Retries': 0, 'Restarts': 0, 'SiteHistory': [], 'ResidentSetSize': [], 'SubmitTimes': [], 'StartTimes': [], 'EndTimes': [], 'TotalUserCpuTimeHistory': [], 'TotalSysCpuTimeHistory': [], 'WallDurations': [], 'JobIds': [], 'State': 'unsubmitted'}, '1920': {'Retries': 0, 'Restarts': 0, 'SiteHistory': [], 'ResidentSetSize': [], 'SubmitTimes': [], 'StartTimes': [], 'EndTimes': [], 'TotalUserCpuTimeHistory': [], 'TotalSysCpuTimeHistory': [], 'WallDurations': [], 'JobIds': [], 'State': 'unsubmitted'}, '1921': {'Retries': 0, 'Restarts': 0, 'SiteHistory': [], 'ResidentSetSize': [], 'SubmitTimes': [], 'StartTimes': [], 'EndTimes': [], 'TotalUserCpuTimeHistory': [], 'TotalSysCpuTimeHistory': [], 'WallDurations': [], 'JobIds': [], 'State': 'unsubmitted'}, '1922': {'Retries': 0, 'Restarts': 0, 'SiteHistory': [], 'ResidentSetSize': [], 'SubmitTimes': [], 'StartTimes': [], 'EndTimes': [], 'TotalUserCpuTimeHistory': [], 'TotalSysCpuTimeHistory': [], 'WallDurations': [], 'JobIds': [], 'State': 'unsubmitted'}, '1923': {'Retries': 0, 'Restarts': 0, 'SiteHistory': [], 'ResidentSetSize': [], 'SubmitTimes': [], 'StartTimes': [], 'EndTimes': [], 'TotalUserCpuTimeHistory': [], 'TotalSysCpuTimeHistory': [], 'WallDurations': [], 'JobIds': [], 'State': 'unsubmitted'}, '1924': {'Retries': 0, 'Restarts': 0, 'SiteHistory': [], 'ResidentSetSize': [], 'SubmitTimes': [], 'StartTimes': [], 'EndTimes': [], 'TotalUserCpuTimeHistory': [], 'TotalSysCpuTimeHistory': [], 'WallDurations': [], 'JobIds': [], 'State': 'unsubmitted'}, '1925': {'Retries': 0, 'Restarts': 0, 'SiteHistory': [], 'ResidentSetSize': [], 'SubmitTimes': [], 'StartTimes': [], 'EndTimes': [], 'TotalUserCpuTimeHistory': [], 'TotalSysCpuTimeHistory': [], 'WallDurations': [], 'JobIds': [], 'State': 'unsubmitted'}, '1926': {'Retries': 0, 'Restarts': 0, 'SiteHistory': [], 'ResidentSetSize': [], 'SubmitTimes': [], 'StartTimes': [], 'EndTimes': [], 'TotalUserCpuTimeHistory': [], 'TotalSysCpuTimeHistory': [], 'WallDurations': [], 'JobIds': [], 'State': 'unsubmitted'}, '1927': {'Retries': 0, 'Restarts': 0, 'SiteHistory': [], 'ResidentSetSize': [], 'SubmitTimes': [], 'StartTimes': [], 'EndTimes': [], 'TotalUserCpuTimeHistory': [], 'TotalSysCpuTimeHistory': [], 'WallDurations': [], 'JobIds': [], 'State': 'unsubmitted'}, '1928': {'Retries': 0, 'Restarts': 0, 'SiteHistory': [], 'ResidentSetSize': [], 'SubmitTimes': [], 'StartTimes': [], 'EndTimes': [], 'TotalUserCpuTimeHistory': [], 'TotalSysCpuTimeHistory': [], 'WallDurations': [], 'JobIds': [], 'State': 'unsubmitted'}, '1929': {'Retries': 0, 'Restarts': 0, 'SiteHistory': [], 'ResidentSetSize': [], 'SubmitTimes': [], 'StartTimes': [], 'EndTimes': [], 'TotalUserCpuTimeHistory': [], 'TotalSysCpuTimeHistory': [], 'WallDurations': [], 'JobIds': [], 'State': 'unsubmitted'}, '1930': {'Retries': 0, 'Restarts': 0, 'SiteHistory': [], 'ResidentSetSize': [], 'SubmitTimes': [], 'StartTimes': [], 'EndTimes': [], 'TotalUserCpuTimeHistory': [], 'TotalSysCpuTimeHistory': [], 'WallDurations': [], 'JobIds': [], 'State': 'unsubmitted'}, '1931': {'Retries': 0, 'Restarts': 0, 'SiteHistory': [], 'ResidentSetSize': [], 'SubmitTimes': [], 'StartTimes': [], 'EndTimes': [], 'TotalUserCpuTimeHistory': [], 'TotalSysCpuTimeHistory': [], 'WallDurations': [], 'JobIds': [], 'State': 'unsubmitted'}, '1932': {'Retries': 0, 'Restarts': 0, 'SiteHistory': [], 'ResidentSetSize': [], 'SubmitTimes': [], 'StartTimes': [], 'EndTimes': [], 'TotalUserCpuTimeHistory': [], 'TotalSysCpuTimeHistory': [], 'WallDurations': [], 'JobIds': [], 'State': 'unsubmitted'}, '1933': {'Retries': 0, 'Restarts': 0, 'SiteHistory': [], 'ResidentSetSize': [], 'SubmitTimes': [], 'StartTimes': [], 'EndTimes': [], 'TotalUserCpuTimeHistory': [], 'TotalSysCpuTimeHistory': [], 'WallDurations': [], 'JobIds': [], 'State': 'unsubmitted'}, '1934': {'Retries': 0, 'Restarts': 0, 'SiteHistory': [], 'ResidentSetSize': [], 'SubmitTimes': [], 'StartTimes': [], 'EndTimes': [], 'TotalUserCpuTimeHistory': [], 'TotalSysCpuTimeHistory': [], 'WallDurations': [], 'JobIds': [], 'State': 'unsubmitted'}, '1935': {'Retries': 0, 'Restarts': 0, 'SiteHistory': [], 'ResidentSetSize': [], 'SubmitTimes': [], 'StartTimes': [], 'EndTimes': [], 'TotalUserCpuTimeHistory': [], 'TotalSysCpuTimeHistory': [], 'WallDurations': [], 'JobIds': [], 'State': 'unsubmitted'}, '1936': {'Retries': 0, 'Restarts': 0, 'SiteHistory': [], 'ResidentSetSize': [], 'SubmitTimes': [], 'StartTimes': [], 'EndTimes': [], 'TotalUserCpuTimeHistory': [], 'TotalSysCpuTimeHistory': [], 'WallDurations': [], 'JobIds': [], 'State': 'unsubmitted'}, '1937': {'Retries': 0, 'Restarts': 0, 'SiteHistory': [], 'ResidentSetSize': [], 'SubmitTimes': [], 'StartTimes': [], 'EndTimes': [], 'TotalUserCpuTimeHistory': [], 'TotalSysCpuTimeHistory': [], 'WallDurations': [], 'JobIds': [], 'State': 'unsubmitted'}, '1938': {'Retries': 0, 'Restarts': 0, 'SiteHistory': [], 'ResidentSetSize': [], 'SubmitTimes': [], 'StartTimes': [], 'EndTimes': [], 'TotalUserCpuTimeHistory': [], 'TotalSysCpuTimeHistory': [], 'WallDurations': [], 'JobIds': [], 'State': 'unsubmitted'}, '1939': {'Retries': 0, 'Restarts': 0, 'SiteHistory': [], 'ResidentSetSize': [], 'SubmitTimes': [], 'StartTimes': [], 'EndTimes': [], 'TotalUserCpuTimeHistory': [], 'TotalSysCpuTimeHistory': [], 'WallDurations': [], 'JobIds': [], 'State': 'unsubmitted'}, '1940': {'Retries': 0, 'Restarts': 0, 'SiteHistory': [], 'ResidentSetSize': [], 'SubmitTimes': [], 'StartTimes': [], 'EndTimes': [], 'TotalUserCpuTimeHistory': [], 'TotalSysCpuTimeHistory': [], 'WallDurations': [], 'JobIds': [], 'State': 'unsubmitted'}, '1941': {'Retries': 0, 'Restarts': 0, 'SiteHistory': [], 'ResidentSetSize': [], 'SubmitTimes': [], 'StartTimes': [], 'EndTimes': [], 'TotalUserCpuTimeHistory': [], 'TotalSysCpuTimeHistory': [], 'WallDurations': [], 'JobIds': [], 'State': 'unsubmitted'}, '1942': {'Retries': 0, 'Restarts': 0, 'SiteHistory': [], 'ResidentSetSize': [], 'SubmitTimes': [], 'StartTimes': [], 'EndTimes': [], 'TotalUserCpuTimeHistory': [], 'TotalSysCpuTimeHistory': [], 'WallDurations': [], 'JobIds': [], 'State': 'unsubmitted'}, '1943': {'Retries': 0, 'Restarts': 0, 'SiteHistory': [], 'ResidentSetSize': [], 'SubmitTimes': [], 'StartTimes': [], 'EndTimes': [], 'TotalUserCpuTimeHistory': [], 'TotalSysCpuTimeHistory': [], 'WallDurations': [], 'JobIds': [], 'State': 'unsubmitted'}, '1944': {'Retries': 0, 'Restarts': 0, 'SiteHistory': [], 'ResidentSetSize': [], 'SubmitTimes': [], 'StartTimes': [], 'EndTimes': [], 'TotalUserCpuTimeHistory': [], 'TotalSysCpuTimeHistory': [], 'WallDurations': [], 'JobIds': [], 'State': 'unsubmitted'}, '1945': {'Retries': 0, 'Restarts': 0, 'SiteHistory': [], 'ResidentSetSize': [], 'SubmitTimes': [], 'StartTimes': [], 'EndTimes': [], 'TotalUserCpuTimeHistory': [], 'TotalSysCpuTimeHistory': [], 'WallDurations': [], 'JobIds': [], 'State': 'unsubmitted'}, '1946': {'Retries': 0, 'Restarts': 0, 'SiteHistory': [], 'ResidentSetSize': [], 'SubmitTimes': [], 'StartTimes': [], 'EndTimes': [], 'TotalUserCpuTimeHistory': [], 'TotalSysCpuTimeHistory': [], 'WallDurations': [], 'JobIds': [], 'State': 'unsubmitted'}, '1947': {'Retries': 0, 'Restarts': 0, 'SiteHistory': [], 'ResidentSetSize': [], 'SubmitTimes': [], 'StartTimes': [], 'EndTimes': [], 'TotalUserCpuTimeHistory': [], 'TotalSysCpuTimeHistory': [], 'WallDurations': [], 'JobIds': [], 'State': 'unsubmitted'}, '1948': {'Retries': 0, 'Restarts': 0, 'SiteHistory': [], 'ResidentSetSize': [], 'SubmitTimes': [], 'StartTimes': [], 'EndTimes': [], 'TotalUserCpuTimeHistory': [], 'TotalSysCpuTimeHistory': [], 'WallDurations': [], 'JobIds': [], 'State': 'unsubmitted'}, '1949': {'Retries': 0, 'Restarts': 0, 'SiteHistory': [], 'ResidentSetSize': [], 'SubmitTimes': [], 'StartTimes': [], 'EndTimes': [], 'TotalUserCpuTimeHistory': [], 'TotalSysCpuTimeHistory': [], 'WallDurations': [], 'JobIds': [], 'State': 'unsubmitted'}, '1950': {'Retries': 0, 'Restarts': 0, 'SiteHistory': [], 'ResidentSetSize': [], 'SubmitTimes': [], 'StartTimes': [], 'EndTimes': [], 'TotalUserCpuTimeHistory': [], 'TotalSysCpuTimeHistory': [], 'WallDurations': [], 'JobIds': [], 'State': 'unsubmitted'}, '1951': {'Retries': 0, 'Restarts': 0, 'SiteHistory': [], 'ResidentSetSize': [], 'SubmitTimes': [], 'StartTimes': [], 'EndTimes': [], 'TotalUserCpuTimeHistory': [], 'TotalSysCpuTimeHistory': [], 'WallDurations': [], 'JobIds': [], 'State': 'unsubmitted'}, '1952': {'Retries': 0, 'Restarts': 0, 'SiteHistory': [], 'ResidentSetSize': [], 'SubmitTimes': [], 'StartTimes': [], 'EndTimes': [], 'TotalUserCpuTimeHistory': [], 'TotalSysCpuTimeHistory': [], 'WallDurations': [], 'JobIds': [], 'State': 'unsubmitted'}, '1953': {'Retries': 0, 'Restarts': 0, 'SiteHistory': [], 'ResidentSetSize': [], 'SubmitTimes': [], 'StartTimes': [], 'EndTimes': [], 'TotalUserCpuTimeHistory': [], 'TotalSysCpuTimeHistory': [], 'WallDurations': [], 'JobIds': [], 'State': 'unsubmitted'}, '1954': {'Retries': 0, 'Restarts': 0, 'SiteHistory': [], 'ResidentSetSize': [], 'SubmitTimes': [], 'StartTimes': [], 'EndTimes': [], 'TotalUserCpuTimeHistory': [], 'TotalSysCpuTimeHistory': [], 'WallDurations': [], 'JobIds': [], 'State': 'unsubmitted'}, '1955': {'Retries': 0, 'Restarts': 0, 'SiteHistory': [], 'ResidentSetSize': [], 'SubmitTimes': [], 'StartTimes': [], 'EndTimes': [], 'TotalUserCpuTimeHistory': [], 'TotalSysCpuTimeHistory': [], 'WallDurations': [], 'JobIds': [], 'State': 'unsubmitted'}, '1956': {'Retries': 0, 'Restarts': 0, 'SiteHistory': [], 'ResidentSetSize': [], 'SubmitTimes': [], 'StartTimes': [], 'EndTimes': [], 'TotalUserCpuTimeHistory': [], 'TotalSysCpuTimeHistory': [], 'WallDurations': [], 'JobIds': [], 'State': 'unsubmitted'}, '1957': {'Retries': 0, 'Restarts': 0, 'SiteHistory': [], 'ResidentSetSize': [], 'SubmitTimes': [], 'StartTimes': [], 'EndTimes': [], 'TotalUserCpuTimeHistory': [], 'TotalSysCpuTimeHistory': [], 'WallDurations': [], 'JobIds': [], 'State': 'unsubmitted'}, '1958': {'Retries': 0, 'Restarts': 0, 'SiteHistory': [], 'ResidentSetSize': [], 'SubmitTimes': [], 'StartTimes': [], 'EndTimes': [], 'TotalUserCpuTimeHistory': [], 'TotalSysCpuTimeHistory': [], 'WallDurations': [], 'JobIds': [], 'State': 'unsubmitted'}, '1959': {'Retries': 0, 'Restarts': 0, 'SiteHistory': [], 'ResidentSetSize': [], 'SubmitTimes': [], 'StartTimes': [], 'EndTimes': [], 'TotalUserCpuTimeHistory': [], 'TotalSysCpuTimeHistory': [], 'WallDurations': [], 'JobIds': [], 'State': 'unsubmitted'}, '1960': {'Retries': 0, 'Restarts': 0, 'SiteHistory': [], 'ResidentSetSize': [], 'SubmitTimes': [], 'StartTimes': [], 'EndTimes': [], 'TotalUserCpuTimeHistory': [], 'TotalSysCpuTimeHistory': [], 'WallDurations': [], 'JobIds': [], 'State': 'unsubmitted'}, '1961': {'Retries': 0, 'Restarts': 0, 'SiteHistory': [], 'ResidentSetSize': [], 'SubmitTimes': [], 'StartTimes': [], 'EndTimes': [], 'TotalUserCpuTimeHistory': [], 'TotalSysCpuTimeHistory': [], 'WallDurations': [], 'JobIds': [], 'State': 'unsubmitted'}, '1962': {'Retries': 0, 'Restarts': 0, 'SiteHistory': [], 'ResidentSetSize': [], 'SubmitTimes': [], 'StartTimes': [], 'EndTimes': [], 'TotalUserCpuTimeHistory': [], 'TotalSysCpuTimeHistory': [], 'WallDurations': [], 'JobIds': [], 'State': 'unsubmitted'}, '1963': {'Retries': 0, 'Restarts': 0, 'SiteHistory': [], 'ResidentSetSize': [], 'SubmitTimes': [], 'StartTimes': [], 'EndTimes': [], 'TotalUserCpuTimeHistory': [], 'TotalSysCpuTimeHistory': [], 'WallDurations': [], 'JobIds': [], 'State': 'unsubmitted'}, '1964': {'Retries': 0, 'Restarts': 0, 'SiteHistory': [], 'ResidentSetSize': [], 'SubmitTimes': [], 'StartTimes': [], 'EndTimes': [], 'TotalUserCpuTimeHistory': [], 'TotalSysCpuTimeHistory': [], 'WallDurations': [], 'JobIds': [], 'State': 'unsubmitted'}, '1965': {'Retries': 0, 'Restarts': 0, 'SiteHistory': [], 'ResidentSetSize': [], 'SubmitTimes': [], 'StartTimes': [], 'EndTimes': [], 'TotalUserCpuTimeHistory': [], 'TotalSysCpuTimeHistory': [], 'WallDurations': [], 'JobIds': [], 'State': 'unsubmitted'}, '1966': {'Retries': 0, 'Restarts': 0, 'SiteHistory': [], 'ResidentSetSize': [], 'SubmitTimes': [], 'StartTimes': [], 'EndTimes': [], 'TotalUserCpuTimeHistory': [], 'TotalSysCpuTimeHistory': [], 'WallDurations': [], 'JobIds': [], 'State': 'unsubmitted'}, '1967': {'Retries': 0, 'Restarts': 0, 'SiteHistory': [], 'ResidentSetSize': [], 'SubmitTimes': [], 'StartTimes': [], 'EndTimes': [], 'TotalUserCpuTimeHistory': [], 'TotalSysCpuTimeHistory': [], 'WallDurations': [], 'JobIds': [], 'State': 'unsubmitted'}, '1968': {'Retries': 0, 'Restarts': 0, 'SiteHistory': [], 'ResidentSetSize': [], 'SubmitTimes': [], 'StartTimes': [], 'EndTimes': [], 'TotalUserCpuTimeHistory': [], 'TotalSysCpuTimeHistory': [], 'WallDurations': [], 'JobIds': [], 'State': 'unsubmitted'}, '1969': {'Retries': 0, 'Restarts': 0, 'SiteHistory': [], 'ResidentSetSize': [], 'SubmitTimes': [], 'StartTimes': [], 'EndTimes': [], 'TotalUserCpuTimeHistory': [], 'TotalSysCpuTimeHistory': [], 'WallDurations': [], 'JobIds': [], 'State': 'unsubmitted'}, '1970': {'Retries': 0, 'Restarts': 0, 'SiteHistory': [], 'ResidentSetSize': [], 'SubmitTimes': [], 'StartTimes': [], 'EndTimes': [], 'TotalUserCpuTimeHistory': [], 'TotalSysCpuTimeHistory': [], 'WallDurations': [], 'JobIds': [], 'State': 'unsubmitted'}, '1971': {'Retries': 0, 'Restarts': 0, 'SiteHistory': [], 'ResidentSetSize': [], 'SubmitTimes': [], 'StartTimes': [], 'EndTimes': [], 'TotalUserCpuTimeHistory': [], 'TotalSysCpuTimeHistory': [], 'WallDurations': [], 'JobIds': [], 'State': 'unsubmitted'}, '1972': {'Retries': 0, 'Restarts': 0, 'SiteHistory': [], 'ResidentSetSize': [], 'SubmitTimes': [], 'StartTimes': [], 'EndTimes': [], 'TotalUserCpuTimeHistory': [], 'TotalSysCpuTimeHistory': [], 'WallDurations': [], 'JobIds': [], 'State': 'unsubmitted'}, '1973': {'Retries': 0, 'Restarts': 0, 'SiteHistory': [], 'ResidentSetSize': [], 'SubmitTimes': [], 'StartTimes': [], 'EndTimes': [], 'TotalUserCpuTimeHistory': [], 'TotalSysCpuTimeHistory': [], 'WallDurations': [], 'JobIds': [], 'State': 'unsubmitted'}, '1974': {'Retries': 0, 'Restarts': 0, 'SiteHistory': [], 'ResidentSetSize': [], 'SubmitTimes': [], 'StartTimes': [], 'EndTimes': [], 'TotalUserCpuTimeHistory': [], 'TotalSysCpuTimeHistory': [], 'WallDurations': [], 'JobIds': [], 'State': 'unsubmitted'}, '1975': {'Retries': 0, 'Restarts': 0, 'SiteHistory': [], 'ResidentSetSize': [], 'SubmitTimes': [], 'StartTimes': [], 'EndTimes': [], 'TotalUserCpuTimeHistory': [], 'TotalSysCpuTimeHistory': [], 'WallDurations': [], 'JobIds': [], 'State': 'unsubmitted'}, '1976': {'Retries': 0, 'Restarts': 0, 'SiteHistory': [], 'ResidentSetSize': [], 'SubmitTimes': [], 'StartTimes': [], 'EndTimes': [], 'TotalUserCpuTimeHistory': [], 'TotalSysCpuTimeHistory': [], 'WallDurations': [], 'JobIds': [], 'State': 'unsubmitted'}, '1977': {'Retries': 0, 'Restarts': 0, 'SiteHistory': [], 'ResidentSetSize': [], 'SubmitTimes': [], 'StartTimes': [], 'EndTimes': [], 'TotalUserCpuTimeHistory': [], 'TotalSysCpuTimeHistory': [], 'WallDurations': [], 'JobIds': [], 'State': 'unsubmitted'}, '1978': {'Retries': 0, 'Restarts': 0, 'SiteHistory': [], 'ResidentSetSize': [], 'SubmitTimes': [], 'StartTimes': [], 'EndTimes': [], 'TotalUserCpuTimeHistory': [], 'TotalSysCpuTimeHistory': [], 'WallDurations': [], 'JobIds': [], 'State': 'unsubmitted'}, '1979': {'Retries': 0, 'Restarts': 0, 'SiteHistory': [], 'ResidentSetSize': [], 'SubmitTimes': [], 'StartTimes': [], 'EndTimes': [], 'TotalUserCpuTimeHistory': [], 'TotalSysCpuTimeHistory': [], 'WallDurations': [], 'JobIds': [], 'State': 'unsubmitted'}, '1980': {'Retries': 0, 'Restarts': 0, 'SiteHistory': [], 'ResidentSetSize': [], 'SubmitTimes': [], 'StartTimes': [], 'EndTimes': [], 'TotalUserCpuTimeHistory': [], 'TotalSysCpuTimeHistory': [], 'WallDurations': [], 'JobIds': [], 'State': 'unsubmitted'}, '1981': {'Retries': 0, 'Restarts': 0, 'SiteHistory': [], 'ResidentSetSize': [], 'SubmitTimes': [], 'StartTimes': [], 'EndTimes': [], 'TotalUserCpuTimeHistory': [], 'TotalSysCpuTimeHistory': [], 'WallDurations': [], 'JobIds': [], 'State': 'unsubmitted'}, '1982': {'Retries': 0, 'Restarts': 0, 'SiteHistory': [], 'ResidentSetSize': [], 'SubmitTimes': [], 'StartTimes': [], 'EndTimes': [], 'TotalUserCpuTimeHistory': [], 'TotalSysCpuTimeHistory': [], 'WallDurations': [], 'JobIds': [], 'State': 'unsubmitted'}, '1983': {'Retries': 0, 'Restarts': 0, 'SiteHistory': [], 'ResidentSetSize': [], 'SubmitTimes': [], 'StartTimes': [], 'EndTimes': [], 'TotalUserCpuTimeHistory': [], 'TotalSysCpuTimeHistory': [], 'WallDurations': [], 'JobIds': [], 'State': 'unsubmitted'}, '1984': {'Retries': 0, 'Restarts': 0, 'SiteHistory': [], 'ResidentSetSize': [], 'SubmitTimes': [], 'StartTimes': [], 'EndTimes': [], 'TotalUserCpuTimeHistory': [], 'TotalSysCpuTimeHistory': [], 'WallDurations': [], 'JobIds': [], 'State': 'unsubmitted'}, '1985': {'Retries': 0, 'Restarts': 0, 'SiteHistory': [], 'ResidentSetSize': [], 'SubmitTimes': [], 'StartTimes': [], 'EndTimes': [], 'TotalUserCpuTimeHistory': [], 'TotalSysCpuTimeHistory': [], 'WallDurations': [], 'JobIds': [], 'State': 'unsubmitted'}, '1986': {'Retries': 0, 'Restarts': 0, 'SiteHistory': [], 'ResidentSetSize': [], 'SubmitTimes': [], 'StartTimes': [], 'EndTimes': [], 'TotalUserCpuTimeHistory': [], 'TotalSysCpuTimeHistory': [], 'WallDurations': [], 'JobIds': [], 'State': 'unsubmitted'}, '1987': {'Retries': 0, 'Restarts': 0, 'SiteHistory': [], 'ResidentSetSize': [], 'SubmitTimes': [], 'StartTimes': [], 'EndTimes': [], 'TotalUserCpuTimeHistory': [], 'TotalSysCpuTimeHistory': [], 'WallDurations': [], 'JobIds': [], 'State': 'unsubmitted'}, '1988': {'Retries': 0, 'Restarts': 0, 'SiteHistory': [], 'ResidentSetSize': [], 'SubmitTimes': [], 'StartTimes': [], 'EndTimes': [], 'TotalUserCpuTimeHistory': [], 'TotalSysCpuTimeHistory': [], 'WallDurations': [], 'JobIds': [], 'State': 'unsubmitted'}, '1989': {'Retries': 0, 'Restarts': 0, 'SiteHistory': [], 'ResidentSetSize': [], 'SubmitTimes': [], 'StartTimes': [], 'EndTimes': [], 'TotalUserCpuTimeHistory': [], 'TotalSysCpuTimeHistory': [], 'WallDurations': [], 'JobIds': [], 'State': 'unsubmitted'}, '1990': {'Retries': 0, 'Restarts': 0, 'SiteHistory': [], 'ResidentSetSize': [], 'SubmitTimes': [], 'StartTimes': [], 'EndTimes': [], 'TotalUserCpuTimeHistory': [], 'TotalSysCpuTimeHistory': [], 'WallDurations': [], 'JobIds': [], 'State': 'unsubmitted'}, '1991': {'Retries': 0, 'Restarts': 0, 'SiteHistory': [], 'ResidentSetSize': [], 'SubmitTimes': [], 'StartTimes': [], 'EndTimes': [], 'TotalUserCpuTimeHistory': [], 'TotalSysCpuTimeHistory': [], 'WallDurations': [], 'JobIds': [], 'State': 'unsubmitted'}, '1992': {'Retries': 0, 'Restarts': 0, 'SiteHistory': [], 'ResidentSetSize': [], 'SubmitTimes': [], 'StartTimes': [], 'EndTimes': [], 'TotalUserCpuTimeHistory': [], 'TotalSysCpuTimeHistory': [], 'WallDurations': [], 'JobIds': [], 'State': 'unsubmitted'}, '1993': {'Retries': 0, 'Restarts': 0, 'SiteHistory': [], 'ResidentSetSize': [], 'SubmitTimes': [], 'StartTimes': [], 'EndTimes': [], 'TotalUserCpuTimeHistory': [], 'TotalSysCpuTimeHistory': [], 'WallDurations': [], 'JobIds': [], 'State': 'unsubmitted'}, '1994': {'Retries': 0, 'Restarts': 0, 'SiteHistory': [], 'ResidentSetSize': [], 'SubmitTimes': [], 'StartTimes': [], 'EndTimes': [], 'TotalUserCpuTimeHistory': [], 'TotalSysCpuTimeHistory': [], 'WallDurations': [], 'JobIds': [], 'State': 'unsubmitted'}, '1995': {'Retries': 0, 'Restarts': 0, 'SiteHistory': [], 'ResidentSetSize': [], 'SubmitTimes': [], 'StartTimes': [], 'EndTimes': [], 'TotalUserCpuTimeHistory': [], 'TotalSysCpuTimeHistory': [], 'WallDurations': [], 'JobIds': [], 'State': 'unsubmitted'}, '1996': {'Retries': 0, 'Restarts': 0, 'SiteHistory': [], 'ResidentSetSize': [], 'SubmitTimes': [], 'StartTimes': [], 'EndTimes': [], 'TotalUserCpuTimeHistory': [], 'TotalSysCpuTimeHistory': [], 'WallDurations': [], 'JobIds': [], 'State': 'unsubmitted'}, '1997': {'Retries': 0, 'Restarts': 0, 'SiteHistory': [], 'ResidentSetSize': [], 'SubmitTimes': [], 'StartTimes': [], 'EndTimes': [], 'TotalUserCpuTimeHistory': [], 'TotalSysCpuTimeHistory': [], 'WallDurations': [], 'JobIds': [], 'State': 'unsubmitted'}, '1998': {'Retries': 0, 'Restarts': 0, 'SiteHistory': [], 'ResidentSetSize': [], 'SubmitTimes': [], 'StartTimes': [], 'EndTimes': [], 'TotalUserCpuTimeHistory': [], 'TotalSysCpuTimeHistory': [], 'WallDurations': [], 'JobIds': [], 'State': 'unsubmitted'}, '1999': {'Retries': 0, 'Restarts': 0, 'SiteHistory': [], 'ResidentSetSize': [], 'SubmitTimes': [], 'StartTimes': [], 'EndTimes': [], 'TotalUserCpuTimeHistory': [], 'TotalSysCpuTimeHistory': [], 'WallDurations': [], 'JobIds': [], 'State': 'unsubmitted'}, '2000': {'Retries': 0, 'Restarts': 0, 'SiteHistory': [], 'ResidentSetSize': [], 'SubmitTimes': [], 'StartTimes': [], 'EndTimes': [], 'TotalUserCpuTimeHistory': [], 'TotalSysCpuTimeHistory': [], 'WallDurations': [], 'JobIds': [], 'State': 'unsubmitted'}, '2001': {'Retries': 0, 'Restarts': 0, 'SiteHistory': [], 'ResidentSetSize': [], 'SubmitTimes': [], 'StartTimes': [], 'EndTimes': [], 'TotalUserCpuTimeHistory': [], 'TotalSysCpuTimeHistory': [], 'WallDurations': [], 'JobIds': [], 'State': 'unsubmitted'}, '2002': {'Retries': 0, 'Restarts': 0, 'SiteHistory': [], 'ResidentSetSize': [], 'SubmitTimes': [], 'StartTimes': [], 'EndTimes': [], 'TotalUserCpuTimeHistory': [], 'TotalSysCpuTimeHistory': [], 'WallDurations': [], 'JobIds': [], 'State': 'unsubmitted'}, '2003': {'Retries': 0, 'Restarts': 0, 'SiteHistory': [], 'ResidentSetSize': [], 'SubmitTimes': [], 'StartTimes': [], 'EndTimes': [], 'TotalUserCpuTimeHistory': [], 'TotalSysCpuTimeHistory': [], 'WallDurations': [], 'JobIds': [], 'State': 'unsubmitted'}, '2004': {'Retries': 0, 'Restarts': 0, 'SiteHistory': [], 'ResidentSetSize': [], 'SubmitTimes': [], 'StartTimes': [], 'EndTimes': [], 'TotalUserCpuTimeHistory': [], 'TotalSysCpuTimeHistory': [], 'WallDurations': [], 'JobIds': [], 'State': 'unsubmitted'}, '2005': {'Retries': 0, 'Restarts': 0, 'SiteHistory': [], 'ResidentSetSize': [], 'SubmitTimes': [], 'StartTimes': [], 'EndTimes': [], 'TotalUserCpuTimeHistory': [], 'TotalSysCpuTimeHistory': [], 'WallDurations': [], 'JobIds': [], 'State': 'unsubmitted'}, '2006': {'Retries': 0, 'Restarts': 0, 'SiteHistory': [], 'ResidentSetSize': [], 'SubmitTimes': [], 'StartTimes': [], 'EndTimes': [], 'TotalUserCpuTimeHistory': [], 'TotalSysCpuTimeHistory': [], 'WallDurations': [], 'JobIds': [], 'State': 'unsubmitted'}, '2007': {'Retries': 0, 'Restarts': 0, 'SiteHistory': [], 'ResidentSetSize': [], 'SubmitTimes': [], 'StartTimes': [], 'EndTimes': [], 'TotalUserCpuTimeHistory': [], 'TotalSysCpuTimeHistory': [], 'WallDurations': [], 'JobIds': [], 'State': 'unsubmitted'}, '2008': {'Retries': 0, 'Restarts': 0, 'SiteHistory': [], 'ResidentSetSize': [], 'SubmitTimes': [], 'StartTimes': [], 'EndTimes': [], 'TotalUserCpuTimeHistory': [], 'TotalSysCpuTimeHistory': [], 'WallDurations': [], 'JobIds': [], 'State': 'unsubmitted'}, '2009': {'Retries': 0, 'Restarts': 0, 'SiteHistory': [], 'ResidentSetSize': [], 'SubmitTimes': [], 'StartTimes': [], 'EndTimes': [], 'TotalUserCpuTimeHistory': [], 'TotalSysCpuTimeHistory': [], 'WallDurations': [], 'JobIds': [], 'State': 'unsubmitted'}, '2010': {'Retries': 0, 'Restarts': 0, 'SiteHistory': [], 'ResidentSetSize': [], 'SubmitTimes': [], 'StartTimes': [], 'EndTimes': [], 'TotalUserCpuTimeHistory': [], 'TotalSysCpuTimeHistory': [], 'WallDurations': [], 'JobIds': [], 'State': 'unsubmitted'}, '2011': {'Retries': 0, 'Restarts': 0, 'SiteHistory': [], 'ResidentSetSize': [], 'SubmitTimes': [], 'StartTimes': [], 'EndTimes': [], 'TotalUserCpuTimeHistory': [], 'TotalSysCpuTimeHistory': [], 'WallDurations': [], 'JobIds': [], 'State': 'unsubmitted'}, '2012': {'Retries': 0, 'Restarts': 0, 'SiteHistory': [], 'ResidentSetSize': [], 'SubmitTimes': [], 'StartTimes': [], 'EndTimes': [], 'TotalUserCpuTimeHistory': [], 'TotalSysCpuTimeHistory': [], 'WallDurations': [], 'JobIds': [], 'State': 'unsubmitted'}, '2013': {'Retries': 0, 'Restarts': 0, 'SiteHistory': [], 'ResidentSetSize': [], 'SubmitTimes': [], 'StartTimes': [], 'EndTimes': [], 'TotalUserCpuTimeHistory': [], 'TotalSysCpuTimeHistory': [], 'WallDurations': [], 'JobIds': [], 'State': 'unsubmitted'}, '2014': {'Retries': 0, 'Restarts': 0, 'SiteHistory': [], 'ResidentSetSize': [], 'SubmitTimes': [], 'StartTimes': [], 'EndTimes': [], 'TotalUserCpuTimeHistory': [], 'TotalSysCpuTimeHistory': [], 'WallDurations': [], 'JobIds': [], 'State': 'unsubmitted'}, '2015': {'Retries': 0, 'Restarts': 0, 'SiteHistory': [], 'ResidentSetSize': [], 'SubmitTimes': [], 'StartTimes': [], 'EndTimes': [], 'TotalUserCpuTimeHistory': [], 'TotalSysCpuTimeHistory': [], 'WallDurations': [], 'JobIds': [], 'State': 'unsubmitted'}, '2016': {'Retries': 0, 'Restarts': 0, 'SiteHistory': [], 'ResidentSetSize': [], 'SubmitTimes': [], 'StartTimes': [], 'EndTimes': [], 'TotalUserCpuTimeHistory': [], 'TotalSysCpuTimeHistory': [], 'WallDurations': [], 'JobIds': [], 'State': 'unsubmitted'}, '2017': {'Retries': 0, 'Restarts': 0, 'SiteHistory': [], 'ResidentSetSize': [], 'SubmitTimes': [], 'StartTimes': [], 'EndTimes': [], 'TotalUserCpuTimeHistory': [], 'TotalSysCpuTimeHistory': [], 'WallDurations': [], 'JobIds': [], 'State': 'unsubmitted'}, '2018': {'Retries': 0, 'Restarts': 0, 'SiteHistory': [], 'ResidentSetSize': [], 'SubmitTimes': [], 'StartTimes': [], 'EndTimes': [], 'TotalUserCpuTimeHistory': [], 'TotalSysCpuTimeHistory': [], 'WallDurations': [], 'JobIds': [], 'State': 'unsubmitted'}, '2019': {'Retries': 0, 'Restarts': 0, 'SiteHistory': [], 'ResidentSetSize': [], 'SubmitTimes': [], 'StartTimes': [], 'EndTimes': [], 'TotalUserCpuTimeHistory': [], 'TotalSysCpuTimeHistory': [], 'WallDurations': [], 'JobIds': [], 'State': 'unsubmitted'}, '2020': {'Retries': 0, 'Restarts': 0, 'SiteHistory': [], 'ResidentSetSize': [], 'SubmitTimes': [], 'StartTimes': [], 'EndTimes': [], 'TotalUserCpuTimeHistory': [], 'TotalSysCpuTimeHistory': [], 'WallDurations': [], 'JobIds': [], 'State': 'unsubmitted'}, '2021': {'Retries': 0, 'Restarts': 0, 'SiteHistory': [], 'ResidentSetSize': [], 'SubmitTimes': [], 'StartTimes': [], 'EndTimes': [], 'TotalUserCpuTimeHistory': [], 'TotalSysCpuTimeHistory': [], 'WallDurations': [], 'JobIds': [], 'State': 'unsubmitted'}, '2022': {'Retries': 0, 'Restarts': 0, 'SiteHistory': [], 'ResidentSetSize': [], 'SubmitTimes': [], 'StartTimes': [], 'EndTimes': [], 'TotalUserCpuTimeHistory': [], 'TotalSysCpuTimeHistory': [], 'WallDurations': [], 'JobIds': [], 'State': 'unsubmitted'}, '2023': {'Retries': 0, 'Restarts': 0, 'SiteHistory': [], 'ResidentSetSize': [], 'SubmitTimes': [], 'StartTimes': [], 'EndTimes': [], 'TotalUserCpuTimeHistory': [], 'TotalSysCpuTimeHistory': [], 'WallDurations': [], 'JobIds': [], 'State': 'unsubmitted'}, '2024': {'Retries': 0, 'Restarts': 0, 'SiteHistory': [], 'ResidentSetSize': [], 'SubmitTimes': [], 'StartTimes': [], 'EndTimes': [], 'TotalUserCpuTimeHistory': [], 'TotalSysCpuTimeHistory': [], 'WallDurations': [], 'JobIds': [], 'State': 'unsubmitted'}, '2025': {'Retries': 0, 'Restarts': 0, 'SiteHistory': [], 'ResidentSetSize': [], 'SubmitTimes': [], 'StartTimes': [], 'EndTimes': [], 'TotalUserCpuTimeHistory': [], 'TotalSysCpuTimeHistory': [], 'WallDurations': [], 'JobIds': [], 'State': 'unsubmitted'}, '2026': {'Retries': 0, 'Restarts': 0, 'SiteHistory': [], 'ResidentSetSize': [], 'SubmitTimes': [], 'StartTimes': [], 'EndTimes': [], 'TotalUserCpuTimeHistory': [], 'TotalSysCpuTimeHistory': [], 'WallDurations': [], 'JobIds': [], 'State': 'unsubmitted'}, '2027': {'Retries': 0, 'Restarts': 0, 'SiteHistory': [], 'ResidentSetSize': [], 'SubmitTimes': [], 'StartTimes': [], 'EndTimes': [], 'TotalUserCpuTimeHistory': [], 'TotalSysCpuTimeHistory': [], 'WallDurations': [], 'JobIds': [], 'State': 'unsubmitted'}, '2028': {'Retries': 0, 'Restarts': 0, 'SiteHistory': [], 'ResidentSetSize': [], 'SubmitTimes': [], 'StartTimes': [], 'EndTimes': [], 'TotalUserCpuTimeHistory': [], 'TotalSysCpuTimeHistory': [], 'WallDurations': [], 'JobIds': [], 'State': 'unsubmitted'}, '2029': {'Retries': 0, 'Restarts': 0, 'SiteHistory': [], 'ResidentSetSize': [], 'SubmitTimes': [], 'StartTimes': [], 'EndTimes': [], 'TotalUserCpuTimeHistory': [], 'TotalSysCpuTimeHistory': [], 'WallDurations': [], 'JobIds': [], 'State': 'unsubmitted'}, '2030': {'Retries': 0, 'Restarts': 0, 'SiteHistory': [], 'ResidentSetSize': [], 'SubmitTimes': [], 'StartTimes': [], 'EndTimes': [], 'TotalUserCpuTimeHistory': [], 'TotalSysCpuTimeHistory': [], 'WallDurations': [], 'JobIds': [], 'State': 'unsubmitted'}, '2031': {'Retries': 0, 'Restarts': 0, 'SiteHistory': [], 'ResidentSetSize': [], 'SubmitTimes': [], 'StartTimes': [], 'EndTimes': [], 'TotalUserCpuTimeHistory': [], 'TotalSysCpuTimeHistory': [], 'WallDurations': [], 'JobIds': [], 'State': 'unsubmitted'}, '2032': {'Retries': 0, 'Restarts': 0, 'SiteHistory': [], 'ResidentSetSize': [], 'SubmitTimes': [], 'StartTimes': [], 'EndTimes': [], 'TotalUserCpuTimeHistory': [], 'TotalSysCpuTimeHistory': [], 'WallDurations': [], 'JobIds': [], 'State': 'unsubmitted'}, '2033': {'Retries': 0, 'Restarts': 0, 'SiteHistory': [], 'ResidentSetSize': [], 'SubmitTimes': [], 'StartTimes': [], 'EndTimes': [], 'TotalUserCpuTimeHistory': [], 'TotalSysCpuTimeHistory': [], 'WallDurations': [], 'JobIds': [], 'State': 'unsubmitted'}, '2034': {'Retries': 0, 'Restarts': 0, 'SiteHistory': [], 'ResidentSetSize': [], 'SubmitTimes': [], 'StartTimes': [], 'EndTimes': [], 'TotalUserCpuTimeHistory': [], 'TotalSysCpuTimeHistory': [], 'WallDurations': [], 'JobIds': [], 'State': 'unsubmitted'}, '2035': {'Retries': 0, 'Restarts': 0, 'SiteHistory': [], 'ResidentSetSize': [], 'SubmitTimes': [], 'StartTimes': [], 'EndTimes': [], 'TotalUserCpuTimeHistory': [], 'TotalSysCpuTimeHistory': [], 'WallDurations': [], 'JobIds': [], 'State': 'unsubmitted'}, '2036': {'Retries': 0, 'Restarts': 0, 'SiteHistory': [], 'ResidentSetSize': [], 'SubmitTimes': [], 'StartTimes': [], 'EndTimes': [], 'TotalUserCpuTimeHistory': [], 'TotalSysCpuTimeHistory': [], 'WallDurations': [], 'JobIds': [], 'State': 'unsubmitted'}, '2037': {'Retries': 0, 'Restarts': 0, 'SiteHistory': [], 'ResidentSetSize': [], 'SubmitTimes': [], 'StartTimes': [], 'EndTimes': [], 'TotalUserCpuTimeHistory': [], 'TotalSysCpuTimeHistory': [], 'WallDurations': [], 'JobIds': [], 'State': 'unsubmitted'}, '2038': {'Retries': 0, 'Restarts': 0, 'SiteHistory': [], 'ResidentSetSize': [], 'SubmitTimes': [], 'StartTimes': [], 'EndTimes': [], 'TotalUserCpuTimeHistory': [], 'TotalSysCpuTimeHistory': [], 'WallDurations': [], 'JobIds': [], 'State': 'unsubmitted'}, '2039': {'Retries': 0, 'Restarts': 0, 'SiteHistory': [], 'ResidentSetSize': [], 'SubmitTimes': [], 'StartTimes': [], 'EndTimes': [], 'TotalUserCpuTimeHistory': [], 'TotalSysCpuTimeHistory': [], 'WallDurations': [], 'JobIds': [], 'State': 'unsubmitted'}, '2040': {'Retries': 0, 'Restarts': 0, 'SiteHistory': [], 'ResidentSetSize': [], 'SubmitTimes': [], 'StartTimes': [], 'EndTimes': [], 'TotalUserCpuTimeHistory': [], 'TotalSysCpuTimeHistory': [], 'WallDurations': [], 'JobIds': [], 'State': 'unsubmitted'}, '2041': {'Retries': 0, 'Restarts': 0, 'SiteHistory': [], 'ResidentSetSize': [], 'SubmitTimes': [], 'StartTimes': [], 'EndTimes': [], 'TotalUserCpuTimeHistory': [], 'TotalSysCpuTimeHistory': [], 'WallDurations': [], 'JobIds': [], 'State': 'unsubmitted'}, '2042': {'Retries': 0, 'Restarts': 0, 'SiteHistory': [], 'ResidentSetSize': [], 'SubmitTimes': [], 'StartTimes': [], 'EndTimes': [], 'TotalUserCpuTimeHistory': [], 'TotalSysCpuTimeHistory': [], 'WallDurations': [], 'JobIds': [], 'State': 'unsubmitted'}, '2043': {'Retries': 0, 'Restarts': 0, 'SiteHistory': [], 'ResidentSetSize': [], 'SubmitTimes': [], 'StartTimes': [], 'EndTimes': [], 'TotalUserCpuTimeHistory': [], 'TotalSysCpuTimeHistory': [], 'WallDurations': [], 'JobIds': [], 'State': 'unsubmitted'}, '2044': {'Retries': 0, 'Restarts': 0, 'SiteHistory': [], 'ResidentSetSize': [], 'SubmitTimes': [], 'StartTimes': [], 'EndTimes': [], 'TotalUserCpuTimeHistory': [], 'TotalSysCpuTimeHistory': [], 'WallDurations': [], 'JobIds': [], 'State': 'unsubmitted'}, '2045': {'Retries': 0, 'Restarts': 0, 'SiteHistory': [], 'ResidentSetSize': [], 'SubmitTimes': [], 'StartTimes': [], 'EndTimes': [], 'TotalUserCpuTimeHistory': [], 'TotalSysCpuTimeHistory': [], 'WallDurations': [], 'JobIds': [], 'State': 'unsubmitted'}, '2046': {'Retries': 0, 'Restarts': 0, 'SiteHistory': [], 'ResidentSetSize': [], 'SubmitTimes': [], 'StartTimes': [], 'EndTimes': [], 'TotalUserCpuTimeHistory': [], 'TotalSysCpuTimeHistory': [], 'WallDurations': [], 'JobIds': [], 'State': 'unsubmitted'}, '2047': {'Retries': 0, 'Restarts': 0, 'SiteHistory': [], 'ResidentSetSize': [], 'SubmitTimes': [], 'StartTimes': [], 'EndTimes': [], 'TotalUserCpuTimeHistory': [], 'TotalSysCpuTimeHistory': [], 'WallDurations': [], 'JobIds': [], 'State': 'unsubmitted'}, '2048': {'Retries': 0, 'Restarts': 0, 'SiteHistory': [], 'ResidentSetSize': [], 'SubmitTimes': [], 'StartTimes': [], 'EndTimes': [], 'TotalUserCpuTimeHistory': [], 'TotalSysCpuTimeHistory': [], 'WallDurations': [], 'JobIds': [], 'State': 'unsubmitted'}, '2049': {'Retries': 0, 'Restarts': 0, 'SiteHistory': [], 'ResidentSetSize': [], 'SubmitTimes': [], 'StartTimes': [], 'EndTimes': [], 'TotalUserCpuTimeHistory': [], 'TotalSysCpuTimeHistory': [], 'WallDurations': [], 'JobIds': [], 'State': 'unsubmitted'}, '2050': {'Retries': 0, 'Restarts': 0, 'SiteHistory': [], 'ResidentSetSize': [], 'SubmitTimes': [], 'StartTimes': [], 'EndTimes': [], 'TotalUserCpuTimeHistory': [], 'TotalSysCpuTimeHistory': [], 'WallDurations': [], 'JobIds': [], 'State': 'unsubmitted'}, '2051': {'Retries': 0, 'Restarts': 0, 'SiteHistory': [], 'ResidentSetSize': [], 'SubmitTimes': [], 'StartTimes': [], 'EndTimes': [], 'TotalUserCpuTimeHistory': [], 'TotalSysCpuTimeHistory': [], 'WallDurations': [], 'JobIds': [], 'State': 'unsubmitted'}, '2052': {'Retries': 0, 'Restarts': 0, 'SiteHistory': [], 'ResidentSetSize': [], 'SubmitTimes': [], 'StartTimes': [], 'EndTimes': [], 'TotalUserCpuTimeHistory': [], 'TotalSysCpuTimeHistory': [], 'WallDurations': [], 'JobIds': [], 'State': 'unsubmitted'}, '2053': {'Retries': 0, 'Restarts': 0, 'SiteHistory': [], 'ResidentSetSize': [], 'SubmitTimes': [], 'StartTimes': [], 'EndTimes': [], 'TotalUserCpuTimeHistory': [], 'TotalSysCpuTimeHistory': [], 'WallDurations': [], 'JobIds': [], 'State': 'unsubmitted'}, '2054': {'Retries': 0, 'Restarts': 0, 'SiteHistory': [], 'ResidentSetSize': [], 'SubmitTimes': [], 'StartTimes': [], 'EndTimes': [], 'TotalUserCpuTimeHistory': [], 'TotalSysCpuTimeHistory': [], 'WallDurations': [], 'JobIds': [], 'State': 'unsubmitted'}, '2055': {'Retries': 0, 'Restarts': 0, 'SiteHistory': [], 'ResidentSetSize': [], 'SubmitTimes': [], 'StartTimes': [], 'EndTimes': [], 'TotalUserCpuTimeHistory': [], 'TotalSysCpuTimeHistory': [], 'WallDurations': [], 'JobIds': [], 'State': 'unsubmitted'}, '2056': {'Retries': 0, 'Restarts': 0, 'SiteHistory': [], 'ResidentSetSize': [], 'SubmitTimes': [], 'StartTimes': [], 'EndTimes': [], 'TotalUserCpuTimeHistory': [], 'TotalSysCpuTimeHistory': [], 'WallDurations': [], 'JobIds': [], 'State': 'unsubmitted'}, '2057': {'Retries': 0, 'Restarts': 0, 'SiteHistory': [], 'ResidentSetSize': [], 'SubmitTimes': [], 'StartTimes': [], 'EndTimes': [], 'TotalUserCpuTimeHistory': [], 'TotalSysCpuTimeHistory': [], 'WallDurations': [], 'JobIds': [], 'State': 'unsubmitted'}, '2058': {'Retries': 0, 'Restarts': 0, 'SiteHistory': [], 'ResidentSetSize': [], 'SubmitTimes': [], 'StartTimes': [], 'EndTimes': [], 'TotalUserCpuTimeHistory': [], 'TotalSysCpuTimeHistory': [], 'WallDurations': [], 'JobIds': [], 'State': 'unsubmitted'}, '2059': {'Retries': 0, 'Restarts': 0, 'SiteHistory': [], 'ResidentSetSize': [], 'SubmitTimes': [], 'StartTimes': [], 'EndTimes': [], 'TotalUserCpuTimeHistory': [], 'TotalSysCpuTimeHistory': [], 'WallDurations': [], 'JobIds': [], 'State': 'unsubmitted'}, '2060': {'Retries': 0, 'Restarts': 0, 'SiteHistory': [], 'ResidentSetSize': [], 'SubmitTimes': [], 'StartTimes': [], 'EndTimes': [], 'TotalUserCpuTimeHistory': [], 'TotalSysCpuTimeHistory': [], 'WallDurations': [], 'JobIds': [], 'State': 'unsubmitted'}, '2061': {'Retries': 0, 'Restarts': 0, 'SiteHistory': [], 'ResidentSetSize': [], 'SubmitTimes': [], 'StartTimes': [], 'EndTimes': [], 'TotalUserCpuTimeHistory': [], 'TotalSysCpuTimeHistory': [], 'WallDurations': [], 'JobIds': [], 'State': 'unsubmitted'}, '2062': {'Retries': 0, 'Restarts': 0, 'SiteHistory': [], 'ResidentSetSize': [], 'SubmitTimes': [], 'StartTimes': [], 'EndTimes': [], 'TotalUserCpuTimeHistory': [], 'TotalSysCpuTimeHistory': [], 'WallDurations': [], 'JobIds': [], 'State': 'unsubmitted'}, '2063': {'Retries': 0, 'Restarts': 0, 'SiteHistory': [], 'ResidentSetSize': [], 'SubmitTimes': [], 'StartTimes': [], 'EndTimes': [], 'TotalUserCpuTimeHistory': [], 'TotalSysCpuTimeHistory': [], 'WallDurations': [], 'JobIds': [], 'State': 'unsubmitted'}, '2064': {'Retries': 0, 'Restarts': 0, 'SiteHistory': [], 'ResidentSetSize': [], 'SubmitTimes': [], 'StartTimes': [], 'EndTimes': [], 'TotalUserCpuTimeHistory': [], 'TotalSysCpuTimeHistory': [], 'WallDurations': [], 'JobIds': [], 'State': 'unsubmitted'}, '2065': {'Retries': 0, 'Restarts': 0, 'SiteHistory': [], 'ResidentSetSize': [], 'SubmitTimes': [], 'StartTimes': [], 'EndTimes': [], 'TotalUserCpuTimeHistory': [], 'TotalSysCpuTimeHistory': [], 'WallDurations': [], 'JobIds': [], 'State': 'unsubmitted'}, '2066': {'Retries': 0, 'Restarts': 0, 'SiteHistory': [], 'ResidentSetSize': [], 'SubmitTimes': [], 'StartTimes': [], 'EndTimes': [], 'TotalUserCpuTimeHistory': [], 'TotalSysCpuTimeHistory': [], 'WallDurations': [], 'JobIds': [], 'State': 'unsubmitted'}, '2067': {'Retries': 0, 'Restarts': 0, 'SiteHistory': [], 'ResidentSetSize': [], 'SubmitTimes': [], 'StartTimes': [], 'EndTimes': [], 'TotalUserCpuTimeHistory': [], 'TotalSysCpuTimeHistory': [], 'WallDurations': [], 'JobIds': [], 'State': 'unsubmitted'}, '2068': {'Retries': 0, 'Restarts': 0, 'SiteHistory': [], 'ResidentSetSize': [], 'SubmitTimes': [], 'StartTimes': [], 'EndTimes': [], 'TotalUserCpuTimeHistory': [], 'TotalSysCpuTimeHistory': [], 'WallDurations': [], 'JobIds': [], 'State': 'unsubmitted'}, '2069': {'Retries': 0, 'Restarts': 0, 'SiteHistory': [], 'ResidentSetSize': [], 'SubmitTimes': [], 'StartTimes': [], 'EndTimes': [], 'TotalUserCpuTimeHistory': [], 'TotalSysCpuTimeHistory': [], 'WallDurations': [], 'JobIds': [], 'State': 'unsubmitted'}, '2070': {'Retries': 0, 'Restarts': 0, 'SiteHistory': [], 'ResidentSetSize': [], 'SubmitTimes': [], 'StartTimes': [], 'EndTimes': [], 'TotalUserCpuTimeHistory': [], 'TotalSysCpuTimeHistory': [], 'WallDurations': [], 'JobIds': [], 'State': 'unsubmitted'}, '2071': {'Retries': 0, 'Restarts': 0, 'SiteHistory': [], 'ResidentSetSize': [], 'SubmitTimes': [], 'StartTimes': [], 'EndTimes': [], 'TotalUserCpuTimeHistory': [], 'TotalSysCpuTimeHistory': [], 'WallDurations': [], 'JobIds': [], 'State': 'unsubmitted'}, '2072': {'Retries': 0, 'Restarts': 0, 'SiteHistory': [], 'ResidentSetSize': [], 'SubmitTimes': [], 'StartTimes': [], 'EndTimes': [], 'TotalUserCpuTimeHistory': [], 'TotalSysCpuTimeHistory': [], 'WallDurations': [], 'JobIds': [], 'State': 'unsubmitted'}, '2073': {'Retries': 0, 'Restarts': 0, 'SiteHistory': [], 'ResidentSetSize': [], 'SubmitTimes': [], 'StartTimes': [], 'EndTimes': [], 'TotalUserCpuTimeHistory': [], 'TotalSysCpuTimeHistory': [], 'WallDurations': [], 'JobIds': [], 'State': 'unsubmitted'}, '2074': {'Retries': 0, 'Restarts': 0, 'SiteHistory': [], 'ResidentSetSize': [], 'SubmitTimes': [], 'StartTimes': [], 'EndTimes': [], 'TotalUserCpuTimeHistory': [], 'TotalSysCpuTimeHistory': [], 'WallDurations': [], 'JobIds': [], 'State': 'unsubmitted'}, '2075': {'Retries': 0, 'Restarts': 0, 'SiteHistory': [], 'ResidentSetSize': [], 'SubmitTimes': [], 'StartTimes': [], 'EndTimes': [], 'TotalUserCpuTimeHistory': [], 'TotalSysCpuTimeHistory': [], 'WallDurations': [], 'JobIds': [], 'State': 'unsubmitted'}, '2076': {'Retries': 0, 'Restarts': 0, 'SiteHistory': [], 'ResidentSetSize': [], 'SubmitTimes': [], 'StartTimes': [], 'EndTimes': [], 'TotalUserCpuTimeHistory': [], 'TotalSysCpuTimeHistory': [], 'WallDurations': [], 'JobIds': [], 'State': 'unsubmitted'}, '2077': {'Retries': 0, 'Restarts': 0, 'SiteHistory': [], 'ResidentSetSize': [], 'SubmitTimes': [], 'StartTimes': [], 'EndTimes': [], 'TotalUserCpuTimeHistory': [], 'TotalSysCpuTimeHistory': [], 'WallDurations': [], 'JobIds': [], 'State': 'unsubmitted'}, '2078': {'Retries': 0, 'Restarts': 0, 'SiteHistory': [], 'ResidentSetSize': [], 'SubmitTimes': [], 'StartTimes': [], 'EndTimes': [], 'TotalUserCpuTimeHistory': [], 'TotalSysCpuTimeHistory': [], 'WallDurations': [], 'JobIds': [], 'State': 'unsubmitted'}, '2079': {'Retries': 0, 'Restarts': 0, 'SiteHistory': [], 'ResidentSetSize': [], 'SubmitTimes': [], 'StartTimes': [], 'EndTimes': [], 'TotalUserCpuTimeHistory': [], 'TotalSysCpuTimeHistory': [], 'WallDurations': [], 'JobIds': [], 'State': 'unsubmitted'}, '2080': {'Retries': 0, 'Restarts': 0, 'SiteHistory': [], 'ResidentSetSize': [], 'SubmitTimes': [], 'StartTimes': [], 'EndTimes': [], 'TotalUserCpuTimeHistory': [], 'TotalSysCpuTimeHistory': [], 'WallDurations': [], 'JobIds': [], 'State': 'unsubmitted'}, '2081': {'Retries': 0, 'Restarts': 0, 'SiteHistory': [], 'ResidentSetSize': [], 'SubmitTimes': [], 'StartTimes': [], 'EndTimes': [], 'TotalUserCpuTimeHistory': [], 'TotalSysCpuTimeHistory': [], 'WallDurations': [], 'JobIds': [], 'State': 'unsubmitted'}, '2082': {'Retries': 0, 'Restarts': 0, 'SiteHistory': [], 'ResidentSetSize': [], 'SubmitTimes': [], 'StartTimes': [], 'EndTimes': [], 'TotalUserCpuTimeHistory': [], 'TotalSysCpuTimeHistory': [], 'WallDurations': [], 'JobIds': [], 'State': 'unsubmitted'}, '2083': {'Retries': 0, 'Restarts': 0, 'SiteHistory': [], 'ResidentSetSize': [], 'SubmitTimes': [], 'StartTimes': [], 'EndTimes': [], 'TotalUserCpuTimeHistory': [], 'TotalSysCpuTimeHistory': [], 'WallDurations': [], 'JobIds': [], 'State': 'unsubmitted'}, '2084': {'Retries': 0, 'Restarts': 0, 'SiteHistory': [], 'ResidentSetSize': [], 'SubmitTimes': [], 'StartTimes': [], 'EndTimes': [], 'TotalUserCpuTimeHistory': [], 'TotalSysCpuTimeHistory': [], 'WallDurations': [], 'JobIds': [], 'State': 'unsubmitted'}, '2085': {'Retries': 0, 'Restarts': 0, 'SiteHistory': [], 'ResidentSetSize': [], 'SubmitTimes': [], 'StartTimes': [], 'EndTimes': [], 'TotalUserCpuTimeHistory': [], 'TotalSysCpuTimeHistory': [], 'WallDurations': [], 'JobIds': [], 'State': 'unsubmitted'}, '2086': {'Retries': 0, 'Restarts': 0, 'SiteHistory': [], 'ResidentSetSize': [], 'SubmitTimes': [], 'StartTimes': [], 'EndTimes': [], 'TotalUserCpuTimeHistory': [], 'TotalSysCpuTimeHistory': [], 'WallDurations': [], 'JobIds': [], 'State': 'unsubmitted'}, '2087': {'Retries': 0, 'Restarts': 0, 'SiteHistory': [], 'ResidentSetSize': [], 'SubmitTimes': [], 'StartTimes': [], 'EndTimes': [], 'TotalUserCpuTimeHistory': [], 'TotalSysCpuTimeHistory': [], 'WallDurations': [], 'JobIds': [], 'State': 'unsubmitted'}, '2088': {'Retries': 0, 'Restarts': 0, 'SiteHistory': [], 'ResidentSetSize': [], 'SubmitTimes': [], 'StartTimes': [], 'EndTimes': [], 'TotalUserCpuTimeHistory': [], 'TotalSysCpuTimeHistory': [], 'WallDurations': [], 'JobIds': [], 'State': 'unsubmitted'}, '2089': {'Retries': 0, 'Restarts': 0, 'SiteHistory': [], 'ResidentSetSize': [], 'SubmitTimes': [], 'StartTimes': [], 'EndTimes': [], 'TotalUserCpuTimeHistory': [], 'TotalSysCpuTimeHistory': [], 'WallDurations': [], 'JobIds': [], 'State': 'unsubmitted'}, '2090': {'Retries': 0, 'Restarts': 0, 'SiteHistory': [], 'ResidentSetSize': [], 'SubmitTimes': [], 'StartTimes': [], 'EndTimes': [], 'TotalUserCpuTimeHistory': [], 'TotalSysCpuTimeHistory': [], 'WallDurations': [], 'JobIds': [], 'State': 'unsubmitted'}, '2091': {'Retries': 0, 'Restarts': 0, 'SiteHistory': [], 'ResidentSetSize': [], 'SubmitTimes': [], 'StartTimes': [], 'EndTimes': [], 'TotalUserCpuTimeHistory': [], 'TotalSysCpuTimeHistory': [], 'WallDurations': [], 'JobIds': [], 'State': 'unsubmitted'}, '2092': {'Retries': 0, 'Restarts': 0, 'SiteHistory': [], 'ResidentSetSize': [], 'SubmitTimes': [], 'StartTimes': [], 'EndTimes': [], 'TotalUserCpuTimeHistory': [], 'TotalSysCpuTimeHistory': [], 'WallDurations': [], 'JobIds': [], 'State': 'unsubmitted'}, '2093': {'Retries': 0, 'Restarts': 0, 'SiteHistory': [], 'ResidentSetSize': [], 'SubmitTimes': [], 'StartTimes': [], 'EndTimes': [], 'TotalUserCpuTimeHistory': [], 'TotalSysCpuTimeHistory': [], 'WallDurations': [], 'JobIds': [], 'State': 'unsubmitted'}, '2094': {'Retries': 0, 'Restarts': 0, 'SiteHistory': [], 'ResidentSetSize': [], 'SubmitTimes': [], 'StartTimes': [], 'EndTimes': [], 'TotalUserCpuTimeHistory': [], 'TotalSysCpuTimeHistory': [], 'WallDurations': [], 'JobIds': [], 'State': 'unsubmitted'}, '2095': {'Retries': 0, 'Restarts': 0, 'SiteHistory': [], 'ResidentSetSize': [], 'SubmitTimes': [], 'StartTimes': [], 'EndTimes': [], 'TotalUserCpuTimeHistory': [], 'TotalSysCpuTimeHistory': [], 'WallDurations': [], 'JobIds': [], 'State': 'unsubmitted'}, '2096': {'Retries': 0, 'Restarts': 0, 'SiteHistory': [], 'ResidentSetSize': [], 'SubmitTimes': [], 'StartTimes': [], 'EndTimes': [], 'TotalUserCpuTimeHistory': [], 'TotalSysCpuTimeHistory': [], 'WallDurations': [], 'JobIds': [], 'State': 'unsubmitted'}, '2097': {'Retries': 0, 'Restarts': 0, 'SiteHistory': [], 'ResidentSetSize': [], 'SubmitTimes': [], 'StartTimes': [], 'EndTimes': [], 'TotalUserCpuTimeHistory': [], 'TotalSysCpuTimeHistory': [], 'WallDurations': [], 'JobIds': [], 'State': 'unsubmitted'}, '2098': {'Retries': 0, 'Restarts': 0, 'SiteHistory': [], 'ResidentSetSize': [], 'SubmitTimes': [], 'StartTimes': [], 'EndTimes': [], 'TotalUserCpuTimeHistory': [], 'TotalSysCpuTimeHistory': [], 'WallDurations': [], 'JobIds': [], 'State': 'unsubmitted'}, '2099': {'Retries': 0, 'Restarts': 0, 'SiteHistory': [], 'ResidentSetSize': [], 'SubmitTimes': [], 'StartTimes': [], 'EndTimes': [], 'TotalUserCpuTimeHistory': [], 'TotalSysCpuTimeHistory': [], 'WallDurations': [], 'JobIds': [], 'State': 'unsubmitted'}, '2100': {'Retries': 0, 'Restarts': 0, 'SiteHistory': [], 'ResidentSetSize': [], 'SubmitTimes': [], 'StartTimes': [], 'EndTimes': [], 'TotalUserCpuTimeHistory': [], 'TotalSysCpuTimeHistory': [], 'WallDurations': [], 'JobIds': [], 'State': 'unsubmitted'}, '2101': {'Retries': 0, 'Restarts': 0, 'SiteHistory': [], 'ResidentSetSize': [], 'SubmitTimes': [], 'StartTimes': [], 'EndTimes': [], 'TotalUserCpuTimeHistory': [], 'TotalSysCpuTimeHistory': [], 'WallDurations': [], 'JobIds': [], 'State': 'unsubmitted'}, '2102': {'Retries': 0, 'Restarts': 0, 'SiteHistory': [], 'ResidentSetSize': [], 'SubmitTimes': [], 'StartTimes': [], 'EndTimes': [], 'TotalUserCpuTimeHistory': [], 'TotalSysCpuTimeHistory': [], 'WallDurations': [], 'JobIds': [], 'State': 'unsubmitted'}, '2103': {'Retries': 0, 'Restarts': 0, 'SiteHistory': [], 'ResidentSetSize': [], 'SubmitTimes': [], 'StartTimes': [], 'EndTimes': [], 'TotalUserCpuTimeHistory': [], 'TotalSysCpuTimeHistory': [], 'WallDurations': [], 'JobIds': [], 'State': 'unsubmitted'}, '2104': {'Retries': 0, 'Restarts': 0, 'SiteHistory': [], 'ResidentSetSize': [], 'SubmitTimes': [], 'StartTimes': [], 'EndTimes': [], 'TotalUserCpuTimeHistory': [], 'TotalSysCpuTimeHistory': [], 'WallDurations': [], 'JobIds': [], 'State': 'unsubmitted'}, '2105': {'Retries': 0, 'Restarts': 0, 'SiteHistory': [], 'ResidentSetSize': [], 'SubmitTimes': [], 'StartTimes': [], 'EndTimes': [], 'TotalUserCpuTimeHistory': [], 'TotalSysCpuTimeHistory': [], 'WallDurations': [], 'JobIds': [], 'State': 'unsubmitted'}, '2106': {'Retries': 0, 'Restarts': 0, 'SiteHistory': [], 'ResidentSetSize': [], 'SubmitTimes': [], 'StartTimes': [], 'EndTimes': [], 'TotalUserCpuTimeHistory': [], 'TotalSysCpuTimeHistory': [], 'WallDurations': [], 'JobIds': [], 'State': 'unsubmitted'}, '2107': {'Retries': 0, 'Restarts': 0, 'SiteHistory': [], 'ResidentSetSize': [], 'SubmitTimes': [], 'StartTimes': [], 'EndTimes': [], 'TotalUserCpuTimeHistory': [], 'TotalSysCpuTimeHistory': [], 'WallDurations': [], 'JobIds': [], 'State': 'unsubmitted'}, '2108': {'Retries': 0, 'Restarts': 0, 'SiteHistory': [], 'ResidentSetSize': [], 'SubmitTimes': [], 'StartTimes': [], 'EndTimes': [], 'TotalUserCpuTimeHistory': [], 'TotalSysCpuTimeHistory': [], 'WallDurations': [], 'JobIds': [], 'State': 'unsubmitted'}, '2109': {'Retries': 0, 'Restarts': 0, 'SiteHistory': [], 'ResidentSetSize': [], 'SubmitTimes': [], 'StartTimes': [], 'EndTimes': [], 'TotalUserCpuTimeHistory': [], 'TotalSysCpuTimeHistory': [], 'WallDurations': [], 'JobIds': [], 'State': 'unsubmitted'}, '2110': {'Retries': 0, 'Restarts': 0, 'SiteHistory': [], 'ResidentSetSize': [], 'SubmitTimes': [], 'StartTimes': [], 'EndTimes': [], 'TotalUserCpuTimeHistory': [], 'TotalSysCpuTimeHistory': [], 'WallDurations': [], 'JobIds': [], 'State': 'unsubmitted'}, '2111': {'Retries': 0, 'Restarts': 0, 'SiteHistory': [], 'ResidentSetSize': [], 'SubmitTimes': [], 'StartTimes': [], 'EndTimes': [], 'TotalUserCpuTimeHistory': [], 'TotalSysCpuTimeHistory': [], 'WallDurations': [], 'JobIds': [], 'State': 'unsubmitted'}, '2112': {'Retries': 0, 'Restarts': 0, 'SiteHistory': [], 'ResidentSetSize': [], 'SubmitTimes': [], 'StartTimes': [], 'EndTimes': [], 'TotalUserCpuTimeHistory': [], 'TotalSysCpuTimeHistory': [], 'WallDurations': [], 'JobIds': [], 'State': 'unsubmitted'}, '2113': {'Retries': 0, 'Restarts': 0, 'SiteHistory': [], 'ResidentSetSize': [], 'SubmitTimes': [], 'StartTimes': [], 'EndTimes': [], 'TotalUserCpuTimeHistory': [], 'TotalSysCpuTimeHistory': [], 'WallDurations': [], 'JobIds': [], 'State': 'unsubmitted'}, '2114': {'Retries': 0, 'Restarts': 0, 'SiteHistory': [], 'ResidentSetSize': [], 'SubmitTimes': [], 'StartTimes': [], 'EndTimes': [], 'TotalUserCpuTimeHistory': [], 'TotalSysCpuTimeHistory': [], 'WallDurations': [], 'JobIds': [], 'State': 'unsubmitted'}, '2115': {'Retries': 0, 'Restarts': 0, 'SiteHistory': [], 'ResidentSetSize': [], 'SubmitTimes': [], 'StartTimes': [], 'EndTimes': [], 'TotalUserCpuTimeHistory': [], 'TotalSysCpuTimeHistory': [], 'WallDurations': [], 'JobIds': [], 'State': 'unsubmitted'}, '2116': {'Retries': 0, 'Restarts': 0, 'SiteHistory': [], 'ResidentSetSize': [], 'SubmitTimes': [], 'StartTimes': [], 'EndTimes': [], 'TotalUserCpuTimeHistory': [], 'TotalSysCpuTimeHistory': [], 'WallDurations': [], 'JobIds': [], 'State': 'unsubmitted'}, '2117': {'Retries': 0, 'Restarts': 0, 'SiteHistory': [], 'ResidentSetSize': [], 'SubmitTimes': [], 'StartTimes': [], 'EndTimes': [], 'TotalUserCpuTimeHistory': [], 'TotalSysCpuTimeHistory': [], 'WallDurations': [], 'JobIds': [], 'State': 'unsubmitted'}, '2118': {'Retries': 0, 'Restarts': 0, 'SiteHistory': [], 'ResidentSetSize': [], 'SubmitTimes': [], 'StartTimes': [], 'EndTimes': [], 'TotalUserCpuTimeHistory': [], 'TotalSysCpuTimeHistory': [], 'WallDurations': [], 'JobIds': [], 'State': 'unsubmitted'}, '2119': {'Retries': 0, 'Restarts': 0, 'SiteHistory': [], 'ResidentSetSize': [], 'SubmitTimes': [], 'StartTimes': [], 'EndTimes': [], 'TotalUserCpuTimeHistory': [], 'TotalSysCpuTimeHistory': [], 'WallDurations': [], 'JobIds': [], 'State': 'unsubmitted'}, '2120': {'Retries': 0, 'Restarts': 0, 'SiteHistory': [], 'ResidentSetSize': [], 'SubmitTimes': [], 'StartTimes': [], 'EndTimes': [], 'TotalUserCpuTimeHistory': [], 'TotalSysCpuTimeHistory': [], 'WallDurations': [], 'JobIds': [], 'State': 'unsubmitted'}, '2121': {'Retries': 0, 'Restarts': 0, 'SiteHistory': [], 'ResidentSetSize': [], 'SubmitTimes': [], 'StartTimes': [], 'EndTimes': [], 'TotalUserCpuTimeHistory': [], 'TotalSysCpuTimeHistory': [], 'WallDurations': [], 'JobIds': [], 'State': 'unsubmitted'}, '2122': {'Retries': 0, 'Restarts': 0, 'SiteHistory': [], 'ResidentSetSize': [], 'SubmitTimes': [], 'StartTimes': [], 'EndTimes': [], 'TotalUserCpuTimeHistory': [], 'TotalSysCpuTimeHistory': [], 'WallDurations': [], 'JobIds': [], 'State': 'unsubmitted'}, '2123': {'Retries': 0, 'Restarts': 0, 'SiteHistory': [], 'ResidentSetSize': [], 'SubmitTimes': [], 'StartTimes': [], 'EndTimes': [], 'TotalUserCpuTimeHistory': [], 'TotalSysCpuTimeHistory': [], 'WallDurations': [], 'JobIds': [], 'State': 'unsubmitted'}, '2124': {'Retries': 0, 'Restarts': 0, 'SiteHistory': [], 'ResidentSetSize': [], 'SubmitTimes': [], 'StartTimes': [], 'EndTimes': [], 'TotalUserCpuTimeHistory': [], 'TotalSysCpuTimeHistory': [], 'WallDurations': [], 'JobIds': [], 'State': 'unsubmitted'}, '2125': {'Retries': 0, 'Restarts': 0, 'SiteHistory': [], 'ResidentSetSize': [], 'SubmitTimes': [], 'StartTimes': [], 'EndTimes': [], 'TotalUserCpuTimeHistory': [], 'TotalSysCpuTimeHistory': [], 'WallDurations': [], 'JobIds': [], 'State': 'unsubmitted'}, '2126': {'Retries': 0, 'Restarts': 0, 'SiteHistory': [], 'ResidentSetSize': [], 'SubmitTimes': [], 'StartTimes': [], 'EndTimes': [], 'TotalUserCpuTimeHistory': [], 'TotalSysCpuTimeHistory': [], 'WallDurations': [], 'JobIds': [], 'State': 'unsubmitted'}, '2127': {'Retries': 0, 'Restarts': 0, 'SiteHistory': [], 'ResidentSetSize': [], 'SubmitTimes': [], 'StartTimes': [], 'EndTimes': [], 'TotalUserCpuTimeHistory': [], 'TotalSysCpuTimeHistory': [], 'WallDurations': [], 'JobIds': [], 'State': 'unsubmitted'}, '2128': {'Retries': 0, 'Restarts': 0, 'SiteHistory': [], 'ResidentSetSize': [], 'SubmitTimes': [], 'StartTimes': [], 'EndTimes': [], 'TotalUserCpuTimeHistory': [], 'TotalSysCpuTimeHistory': [], 'WallDurations': [], 'JobIds': [], 'State': 'unsubmitted'}, '2129': {'Retries': 0, 'Restarts': 0, 'SiteHistory': [], 'ResidentSetSize': [], 'SubmitTimes': [], 'StartTimes': [], 'EndTimes': [], 'TotalUserCpuTimeHistory': [], 'TotalSysCpuTimeHistory': [], 'WallDurations': [], 'JobIds': [], 'State': 'unsubmitted'}, '2130': {'Retries': 0, 'Restarts': 0, 'SiteHistory': [], 'ResidentSetSize': [], 'SubmitTimes': [], 'StartTimes': [], 'EndTimes': [], 'TotalUserCpuTimeHistory': [], 'TotalSysCpuTimeHistory': [], 'WallDurations': [], 'JobIds': [], 'State': 'unsubmitted'}, '2131': {'Retries': 0, 'Restarts': 0, 'SiteHistory': [], 'ResidentSetSize': [], 'SubmitTimes': [], 'StartTimes': [], 'EndTimes': [], 'TotalUserCpuTimeHistory': [], 'TotalSysCpuTimeHistory': [], 'WallDurations': [], 'JobIds': [], 'State': 'unsubmitted'}, '2132': {'Retries': 0, 'Restarts': 0, 'SiteHistory': [], 'ResidentSetSize': [], 'SubmitTimes': [], 'StartTimes': [], 'EndTimes': [], 'TotalUserCpuTimeHistory': [], 'TotalSysCpuTimeHistory': [], 'WallDurations': [], 'JobIds': [], 'State': 'unsubmitted'}, '2133': {'Retries': 0, 'Restarts': 0, 'SiteHistory': [], 'ResidentSetSize': [], 'SubmitTimes': [], 'StartTimes': [], 'EndTimes': [], 'TotalUserCpuTimeHistory': [], 'TotalSysCpuTimeHistory': [], 'WallDurations': [], 'JobIds': [], 'State': 'unsubmitted'}, '2134': {'Retries': 0, 'Restarts': 0, 'SiteHistory': [], 'ResidentSetSize': [], 'SubmitTimes': [], 'StartTimes': [], 'EndTimes': [], 'TotalUserCpuTimeHistory': [], 'TotalSysCpuTimeHistory': [], 'WallDurations': [], 'JobIds': [], 'State': 'unsubmitted'}, '2135': {'Retries': 0, 'Restarts': 0, 'SiteHistory': [], 'ResidentSetSize': [], 'SubmitTimes': [], 'StartTimes': [], 'EndTimes': [], 'TotalUserCpuTimeHistory': [], 'TotalSysCpuTimeHistory': [], 'WallDurations': [], 'JobIds': [], 'State': 'unsubmitted'}, '2136': {'Retries': 0, 'Restarts': 0, 'SiteHistory': [], 'ResidentSetSize': [], 'SubmitTimes': [], 'StartTimes': [], 'EndTimes': [], 'TotalUserCpuTimeHistory': [], 'TotalSysCpuTimeHistory': [], 'WallDurations': [], 'JobIds': [], 'State': 'unsubmitted'}, '2137': {'Retries': 0, 'Restarts': 0, 'SiteHistory': [], 'ResidentSetSize': [], 'SubmitTimes': [], 'StartTimes': [], 'EndTimes': [], 'TotalUserCpuTimeHistory': [], 'TotalSysCpuTimeHistory': [], 'WallDurations': [], 'JobIds': [], 'State': 'unsubmitted'}, '2138': {'Retries': 0, 'Restarts': 0, 'SiteHistory': [], 'ResidentSetSize': [], 'SubmitTimes': [], 'StartTimes': [], 'EndTimes': [], 'TotalUserCpuTimeHistory': [], 'TotalSysCpuTimeHistory': [], 'WallDurations': [], 'JobIds': [], 'State': 'unsubmitted'}, '2139': {'Retries': 0, 'Restarts': 0, 'SiteHistory': [], 'ResidentSetSize': [], 'SubmitTimes': [], 'StartTimes': [], 'EndTimes': [], 'TotalUserCpuTimeHistory': [], 'TotalSysCpuTimeHistory': [], 'WallDurations': [], 'JobIds': [], 'State': 'unsubmitted'}, '2140': {'Retries': 0, 'Restarts': 0, 'SiteHistory': [], 'ResidentSetSize': [], 'SubmitTimes': [], 'StartTimes': [], 'EndTimes': [], 'TotalUserCpuTimeHistory': [], 'TotalSysCpuTimeHistory': [], 'WallDurations': [], 'JobIds': [], 'State': 'unsubmitted'}, '2141': {'Retries': 0, 'Restarts': 0, 'SiteHistory': [], 'ResidentSetSize': [], 'SubmitTimes': [], 'StartTimes': [], 'EndTimes': [], 'TotalUserCpuTimeHistory': [], 'TotalSysCpuTimeHistory': [], 'WallDurations': [], 'JobIds': [], 'State': 'unsubmitted'}, '2142': {'Retries': 0, 'Restarts': 0, 'SiteHistory': [], 'ResidentSetSize': [], 'SubmitTimes': [], 'StartTimes': [], 'EndTimes': [], 'TotalUserCpuTimeHistory': [], 'TotalSysCpuTimeHistory': [], 'WallDurations': [], 'JobIds': [], 'State': 'unsubmitted'}, '2143': {'Retries': 0, 'Restarts': 0, 'SiteHistory': [], 'ResidentSetSize': [], 'SubmitTimes': [], 'StartTimes': [], 'EndTimes': [], 'TotalUserCpuTimeHistory': [], 'TotalSysCpuTimeHistory': [], 'WallDurations': [], 'JobIds': [], 'State': 'unsubmitted'}, '2144': {'Retries': 0, 'Restarts': 0, 'SiteHistory': [], 'ResidentSetSize': [], 'SubmitTimes': [], 'StartTimes': [], 'EndTimes': [], 'TotalUserCpuTimeHistory': [], 'TotalSysCpuTimeHistory': [], 'WallDurations': [], 'JobIds': [], 'State': 'unsubmitted'}, '2145': {'Retries': 0, 'Restarts': 0, 'SiteHistory': [], 'ResidentSetSize': [], 'SubmitTimes': [], 'StartTimes': [], 'EndTimes': [], 'TotalUserCpuTimeHistory': [], 'TotalSysCpuTimeHistory': [], 'WallDurations': [], 'JobIds': [], 'State': 'unsubmitted'}, '2146': {'Retries': 0, 'Restarts': 0, 'SiteHistory': [], 'ResidentSetSize': [], 'SubmitTimes': [], 'StartTimes': [], 'EndTimes': [], 'TotalUserCpuTimeHistory': [], 'TotalSysCpuTimeHistory': [], 'WallDurations': [], 'JobIds': [], 'State': 'unsubmitted'}, '2147': {'Retries': 0, 'Restarts': 0, 'SiteHistory': [], 'ResidentSetSize': [], 'SubmitTimes': [], 'StartTimes': [], 'EndTimes': [], 'TotalUserCpuTimeHistory': [], 'TotalSysCpuTimeHistory': [], 'WallDurations': [], 'JobIds': [], 'State': 'unsubmitted'}, '2148': {'Retries': 0, 'Restarts': 0, 'SiteHistory': [], 'ResidentSetSize': [], 'SubmitTimes': [], 'StartTimes': [], 'EndTimes': [], 'TotalUserCpuTimeHistory': [], 'TotalSysCpuTimeHistory': [], 'WallDurations': [], 'JobIds': [], 'State': 'unsubmitted'}, '2149': {'Retries': 0, 'Restarts': 0, 'SiteHistory': [], 'ResidentSetSize': [], 'SubmitTimes': [], 'StartTimes': [], 'EndTimes': [], 'TotalUserCpuTimeHistory': [], 'TotalSysCpuTimeHistory': [], 'WallDurations': [], 'JobIds': [], 'State': 'unsubmitted'}, '2150': {'Retries': 0, 'Restarts': 0, 'SiteHistory': [], 'ResidentSetSize': [], 'SubmitTimes': [], 'StartTimes': [], 'EndTimes': [], 'TotalUserCpuTimeHistory': [], 'TotalSysCpuTimeHistory': [], 'WallDurations': [], 'JobIds': [], 'State': 'unsubmitted'}, '2151': {'Retries': 0, 'Restarts': 0, 'SiteHistory': [], 'ResidentSetSize': [], 'SubmitTimes': [], 'StartTimes': [], 'EndTimes': [], 'TotalUserCpuTimeHistory': [], 'TotalSysCpuTimeHistory': [], 'WallDurations': [], 'JobIds': [], 'State': 'unsubmitted'}, '2152': {'Retries': 0, 'Restarts': 0, 'SiteHistory': [], 'ResidentSetSize': [], 'SubmitTimes': [], 'StartTimes': [], 'EndTimes': [], 'TotalUserCpuTimeHistory': [], 'TotalSysCpuTimeHistory': [], 'WallDurations': [], 'JobIds': [], 'State': 'unsubmitted'}, '2153': {'Retries': 0, 'Restarts': 0, 'SiteHistory': [], 'ResidentSetSize': [], 'SubmitTimes': [], 'StartTimes': [], 'EndTimes': [], 'TotalUserCpuTimeHistory': [], 'TotalSysCpuTimeHistory': [], 'WallDurations': [], 'JobIds': [], 'State': 'unsubmitted'}, '2154': {'Retries': 0, 'Restarts': 0, 'SiteHistory': [], 'ResidentSetSize': [], 'SubmitTimes': [], 'StartTimes': [], 'EndTimes': [], 'TotalUserCpuTimeHistory': [], 'TotalSysCpuTimeHistory': [], 'WallDurations': [], 'JobIds': [], 'State': 'unsubmitted'}, '2155': {'Retries': 0, 'Restarts': 0, 'SiteHistory': [], 'ResidentSetSize': [], 'SubmitTimes': [], 'StartTimes': [], 'EndTimes': [], 'TotalUserCpuTimeHistory': [], 'TotalSysCpuTimeHistory': [], 'WallDurations': [], 'JobIds': [], 'State': 'unsubmitted'}, '2156': {'Retries': 0, 'Restarts': 0, 'SiteHistory': [], 'ResidentSetSize': [], 'SubmitTimes': [], 'StartTimes': [], 'EndTimes': [], 'TotalUserCpuTimeHistory': [], 'TotalSysCpuTimeHistory': [], 'WallDurations': [], 'JobIds': [], 'State': 'unsubmitted'}, '2157': {'Retries': 0, 'Restarts': 0, 'SiteHistory': [], 'ResidentSetSize': [], 'SubmitTimes': [], 'StartTimes': [], 'EndTimes': [], 'TotalUserCpuTimeHistory': [], 'TotalSysCpuTimeHistory': [], 'WallDurations': [], 'JobIds': [], 'State': 'unsubmitted'}, '2158': {'Retries': 0, 'Restarts': 0, 'SiteHistory': [], 'ResidentSetSize': [], 'SubmitTimes': [], 'StartTimes': [], 'EndTimes': [], 'TotalUserCpuTimeHistory': [], 'TotalSysCpuTimeHistory': [], 'WallDurations': [], 'JobIds': [], 'State': 'unsubmitted'}, '2159': {'Retries': 0, 'Restarts': 0, 'SiteHistory': [], 'ResidentSetSize': [], 'SubmitTimes': [], 'StartTimes': [], 'EndTimes': [], 'TotalUserCpuTimeHistory': [], 'TotalSysCpuTimeHistory': [], 'WallDurations': [], 'JobIds': [], 'State': 'unsubmitted'}, '2160': {'Retries': 0, 'Restarts': 0, 'SiteHistory': [], 'ResidentSetSize': [], 'SubmitTimes': [], 'StartTimes': [], 'EndTimes': [], 'TotalUserCpuTimeHistory': [], 'TotalSysCpuTimeHistory': [], 'WallDurations': [], 'JobIds': [], 'State': 'unsubmitted'}, '2161': {'Retries': 0, 'Restarts': 0, 'SiteHistory': [], 'ResidentSetSize': [], 'SubmitTimes': [], 'StartTimes': [], 'EndTimes': [], 'TotalUserCpuTimeHistory': [], 'TotalSysCpuTimeHistory': [], 'WallDurations': [], 'JobIds': [], 'State': 'unsubmitted'}, '2162': {'Retries': 0, 'Restarts': 0, 'SiteHistory': [], 'ResidentSetSize': [], 'SubmitTimes': [], 'StartTimes': [], 'EndTimes': [], 'TotalUserCpuTimeHistory': [], 'TotalSysCpuTimeHistory': [], 'WallDurations': [], 'JobIds': [], 'State': 'unsubmitted'}, '2163': {'Retries': 0, 'Restarts': 0, 'SiteHistory': [], 'ResidentSetSize': [], 'SubmitTimes': [], 'StartTimes': [], 'EndTimes': [], 'TotalUserCpuTimeHistory': [], 'TotalSysCpuTimeHistory': [], 'WallDurations': [], 'JobIds': [], 'State': 'unsubmitted'}, '2164': {'Retries': 0, 'Restarts': 0, 'SiteHistory': [], 'ResidentSetSize': [], 'SubmitTimes': [], 'StartTimes': [], 'EndTimes': [], 'TotalUserCpuTimeHistory': [], 'TotalSysCpuTimeHistory': [], 'WallDurations': [], 'JobIds': [], 'State': 'unsubmitted'}, '2165': {'Retries': 0, 'Restarts': 0, 'SiteHistory': [], 'ResidentSetSize': [], 'SubmitTimes': [], 'StartTimes': [], 'EndTimes': [], 'TotalUserCpuTimeHistory': [], 'TotalSysCpuTimeHistory': [], 'WallDurations': [], 'JobIds': [], 'State': 'unsubmitted'}, '2166': {'Retries': 0, 'Restarts': 0, 'SiteHistory': [], 'ResidentSetSize': [], 'SubmitTimes': [], 'StartTimes': [], 'EndTimes': [], 'TotalUserCpuTimeHistory': [], 'TotalSysCpuTimeHistory': [], 'WallDurations': [], 'JobIds': [], 'State': 'unsubmitted'}, '2167': {'Retries': 0, 'Restarts': 0, 'SiteHistory': [], 'ResidentSetSize': [], 'SubmitTimes': [], 'StartTimes': [], 'EndTimes': [], 'TotalUserCpuTimeHistory': [], 'TotalSysCpuTimeHistory': [], 'WallDurations': [], 'JobIds': [], 'State': 'unsubmitted'}, '2168': {'Retries': 0, 'Restarts': 0, 'SiteHistory': [], 'ResidentSetSize': [], 'SubmitTimes': [], 'StartTimes': [], 'EndTimes': [], 'TotalUserCpuTimeHistory': [], 'TotalSysCpuTimeHistory': [], 'WallDurations': [], 'JobIds': [], 'State': 'unsubmitted'}, '2169': {'Retries': 0, 'Restarts': 0, 'SiteHistory': [], 'ResidentSetSize': [], 'SubmitTimes': [], 'StartTimes': [], 'EndTimes': [], 'TotalUserCpuTimeHistory': [], 'TotalSysCpuTimeHistory': [], 'WallDurations': [], 'JobIds': [], 'State': 'unsubmitted'}, '2170': {'Retries': 0, 'Restarts': 0, 'SiteHistory': [], 'ResidentSetSize': [], 'SubmitTimes': [], 'StartTimes': [], 'EndTimes': [], 'TotalUserCpuTimeHistory': [], 'TotalSysCpuTimeHistory': [], 'WallDurations': [], 'JobIds': [], 'State': 'unsubmitted'}, '2171': {'Retries': 0, 'Restarts': 0, 'SiteHistory': [], 'ResidentSetSize': [], 'SubmitTimes': [], 'StartTimes': [], 'EndTimes': [], 'TotalUserCpuTimeHistory': [], 'TotalSysCpuTimeHistory': [], 'WallDurations': [], 'JobIds': [], 'State': 'unsubmitted'}, '2172': {'Retries': 0, 'Restarts': 0, 'SiteHistory': [], 'ResidentSetSize': [], 'SubmitTimes': [], 'StartTimes': [], 'EndTimes': [], 'TotalUserCpuTimeHistory': [], 'TotalSysCpuTimeHistory': [], 'WallDurations': [], 'JobIds': [], 'State': 'unsubmitted'}, '2173': {'Retries': 0, 'Restarts': 0, 'SiteHistory': [], 'ResidentSetSize': [], 'SubmitTimes': [], 'StartTimes': [], 'EndTimes': [], 'TotalUserCpuTimeHistory': [], 'TotalSysCpuTimeHistory': [], 'WallDurations': [], 'JobIds': [], 'State': 'unsubmitted'}, '2174': {'Retries': 0, 'Restarts': 0, 'SiteHistory': [], 'ResidentSetSize': [], 'SubmitTimes': [], 'StartTimes': [], 'EndTimes': [], 'TotalUserCpuTimeHistory': [], 'TotalSysCpuTimeHistory': [], 'WallDurations': [], 'JobIds': [], 'State': 'unsubmitted'}, '2175': {'Retries': 0, 'Restarts': 0, 'SiteHistory': [], 'ResidentSetSize': [], 'SubmitTimes': [], 'StartTimes': [], 'EndTimes': [], 'TotalUserCpuTimeHistory': [], 'TotalSysCpuTimeHistory': [], 'WallDurations': [], 'JobIds': [], 'State': 'unsubmitted'}, '2176': {'Retries': 0, 'Restarts': 0, 'SiteHistory': [], 'ResidentSetSize': [], 'SubmitTimes': [], 'StartTimes': [], 'EndTimes': [], 'TotalUserCpuTimeHistory': [], 'TotalSysCpuTimeHistory': [], 'WallDurations': [], 'JobIds': [], 'State': 'unsubmitted'}, '2177': {'Retries': 0, 'Restarts': 0, 'SiteHistory': [], 'ResidentSetSize': [], 'SubmitTimes': [], 'StartTimes': [], 'EndTimes': [], 'TotalUserCpuTimeHistory': [], 'TotalSysCpuTimeHistory': [], 'WallDurations': [], 'JobIds': [], 'State': 'unsubmitted'}, '2178': {'Retries': 0, 'Restarts': 0, 'SiteHistory': [], 'ResidentSetSize': [], 'SubmitTimes': [], 'StartTimes': [], 'EndTimes': [], 'TotalUserCpuTimeHistory': [], 'TotalSysCpuTimeHistory': [], 'WallDurations': [], 'JobIds': [], 'State': 'unsubmitted'}, '2179': {'Retries': 0, 'Restarts': 0, 'SiteHistory': [], 'ResidentSetSize': [], 'SubmitTimes': [], 'StartTimes': [], 'EndTimes': [], 'TotalUserCpuTimeHistory': [], 'TotalSysCpuTimeHistory': [], 'WallDurations': [], 'JobIds': [], 'State': 'unsubmitted'}, '2180': {'Retries': 0, 'Restarts': 0, 'SiteHistory': [], 'ResidentSetSize': [], 'SubmitTimes': [], 'StartTimes': [], 'EndTimes': [], 'TotalUserCpuTimeHistory': [], 'TotalSysCpuTimeHistory': [], 'WallDurations': [], 'JobIds': [], 'State': 'unsubmitted'}, '2181': {'Retries': 0, 'Restarts': 0, 'SiteHistory': [], 'ResidentSetSize': [], 'SubmitTimes': [], 'StartTimes': [], 'EndTimes': [], 'TotalUserCpuTimeHistory': [], 'TotalSysCpuTimeHistory': [], 'WallDurations': [], 'JobIds': [], 'State': 'unsubmitted'}, '2182': {'Retries': 0, 'Restarts': 0, 'SiteHistory': [], 'ResidentSetSize': [], 'SubmitTimes': [], 'StartTimes': [], 'EndTimes': [], 'TotalUserCpuTimeHistory': [], 'TotalSysCpuTimeHistory': [], 'WallDurations': [], 'JobIds': [], 'State': 'unsubmitted'}, '2183': {'Retries': 0, 'Restarts': 0, 'SiteHistory': [], 'ResidentSetSize': [], 'SubmitTimes': [], 'StartTimes': [], 'EndTimes': [], 'TotalUserCpuTimeHistory': [], 'TotalSysCpuTimeHistory': [], 'WallDurations': [], 'JobIds': [], 'State': 'unsubmitted'}, '2184': {'Retries': 0, 'Restarts': 0, 'SiteHistory': [], 'ResidentSetSize': [], 'SubmitTimes': [], 'StartTimes': [], 'EndTimes': [], 'TotalUserCpuTimeHistory': [], 'TotalSysCpuTimeHistory': [], 'WallDurations': [], 'JobIds': [], 'State': 'unsubmitted'}, '2185': {'Retries': 0, 'Restarts': 0, 'SiteHistory': [], 'ResidentSetSize': [], 'SubmitTimes': [], 'StartTimes': [], 'EndTimes': [], 'TotalUserCpuTimeHistory': [], 'TotalSysCpuTimeHistory': [], 'WallDurations': [], 'JobIds': [], 'State': 'unsubmitted'}, '2186': {'Retries': 0, 'Restarts': 0, 'SiteHistory': [], 'ResidentSetSize': [], 'SubmitTimes': [], 'StartTimes': [], 'EndTimes': [], 'TotalUserCpuTimeHistory': [], 'TotalSysCpuTimeHistory': [], 'WallDurations': [], 'JobIds': [], 'State': 'unsubmitted'}, '2187': {'Retries': 0, 'Restarts': 0, 'SiteHistory': [], 'ResidentSetSize': [], 'SubmitTimes': [], 'StartTimes': [], 'EndTimes': [], 'TotalUserCpuTimeHistory': [], 'TotalSysCpuTimeHistory': [], 'WallDurations': [], 'JobIds': [], 'State': 'unsubmitted'}, '2188': {'Retries': 0, 'Restarts': 0, 'SiteHistory': [], 'ResidentSetSize': [], 'SubmitTimes': [], 'StartTimes': [], 'EndTimes': [], 'TotalUserCpuTimeHistory': [], 'TotalSysCpuTimeHistory': [], 'WallDurations': [], 'JobIds': [], 'State': 'unsubmitted'}, '2189': {'Retries': 0, 'Restarts': 0, 'SiteHistory': [], 'ResidentSetSize': [], 'SubmitTimes': [], 'StartTimes': [], 'EndTimes': [], 'TotalUserCpuTimeHistory': [], 'TotalSysCpuTimeHistory': [], 'WallDurations': [], 'JobIds': [], 'State': 'unsubmitted'}, '2190': {'Retries': 0, 'Restarts': 0, 'SiteHistory': [], 'ResidentSetSize': [], 'SubmitTimes': [], 'StartTimes': [], 'EndTimes': [], 'TotalUserCpuTimeHistory': [], 'TotalSysCpuTimeHistory': [], 'WallDurations': [], 'JobIds': [], 'State': 'unsubmitted'}, '2191': {'Retries': 0, 'Restarts': 0, 'SiteHistory': [], 'ResidentSetSize': [], 'SubmitTimes': [], 'StartTimes': [], 'EndTimes': [], 'TotalUserCpuTimeHistory': [], 'TotalSysCpuTimeHistory': [], 'WallDurations': [], 'JobIds': [], 'State': 'unsubmitted'}, '2192': {'Retries': 0, 'Restarts': 0, 'SiteHistory': [], 'ResidentSetSize': [], 'SubmitTimes': [], 'StartTimes': [], 'EndTimes': [], 'TotalUserCpuTimeHistory': [], 'TotalSysCpuTimeHistory': [], 'WallDurations': [], 'JobIds': [], 'State': 'unsubmitted'}, '2193': {'Retries': 0, 'Restarts': 0, 'SiteHistory': [], 'ResidentSetSize': [], 'SubmitTimes': [], 'StartTimes': [], 'EndTimes': [], 'TotalUserCpuTimeHistory': [], 'TotalSysCpuTimeHistory': [], 'WallDurations': [], 'JobIds': [], 'State': 'unsubmitted'}, '2194': {'Retries': 0, 'Restarts': 0, 'SiteHistory': [], 'ResidentSetSize': [], 'SubmitTimes': [], 'StartTimes': [], 'EndTimes': [], 'TotalUserCpuTimeHistory': [], 'TotalSysCpuTimeHistory': [], 'WallDurations': [], 'JobIds': [], 'State': 'unsubmitted'}, '2195': {'Retries': 0, 'Restarts': 0, 'SiteHistory': [], 'ResidentSetSize': [], 'SubmitTimes': [], 'StartTimes': [], 'EndTimes': [], 'TotalUserCpuTimeHistory': [], 'TotalSysCpuTimeHistory': [], 'WallDurations': [], 'JobIds': [], 'State': 'unsubmitted'}, '2196': {'Retries': 0, 'Restarts': 0, 'SiteHistory': [], 'ResidentSetSize': [], 'SubmitTimes': [], 'StartTimes': [], 'EndTimes': [], 'TotalUserCpuTimeHistory': [], 'TotalSysCpuTimeHistory': [], 'WallDurations': [], 'JobIds': [], 'State': 'unsubmitted'}, '2197': {'Retries': 0, 'Restarts': 0, 'SiteHistory': [], 'ResidentSetSize': [], 'SubmitTimes': [], 'StartTimes': [], 'EndTimes': [], 'TotalUserCpuTimeHistory': [], 'TotalSysCpuTimeHistory': [], 'WallDurations': [], 'JobIds': [], 'State': 'unsubmitted'}, '2198': {'Retries': 0, 'Restarts': 0, 'SiteHistory': [], 'ResidentSetSize': [], 'SubmitTimes': [], 'StartTimes': [], 'EndTimes': [], 'TotalUserCpuTimeHistory': [], 'TotalSysCpuTimeHistory': [], 'WallDurations': [], 'JobIds': [], 'State': 'unsubmitted'}, '2199': {'Retries': 0, 'Restarts': 0, 'SiteHistory': [], 'ResidentSetSize': [], 'SubmitTimes': [], 'StartTimes': [], 'EndTimes': [], 'TotalUserCpuTimeHistory': [], 'TotalSysCpuTimeHistory': [], 'WallDurations': [], 'JobIds': [], 'State': 'unsubmitted'}, '2200': {'Retries': 0, 'Restarts': 0, 'SiteHistory': [], 'ResidentSetSize': [], 'SubmitTimes': [], 'StartTimes': [], 'EndTimes': [], 'TotalUserCpuTimeHistory': [], 'TotalSysCpuTimeHistory': [], 'WallDurations': [], 'JobIds': [], 'State': 'unsubmitted'}, '2201': {'Retries': 0, 'Restarts': 0, 'SiteHistory': [], 'ResidentSetSize': [], 'SubmitTimes': [], 'StartTimes': [], 'EndTimes': [], 'TotalUserCpuTimeHistory': [], 'TotalSysCpuTimeHistory': [], 'WallDurations': [], 'JobIds': [], 'State': 'unsubmitted'}, '2202': {'Retries': 0, 'Restarts': 0, 'SiteHistory': [], 'ResidentSetSize': [], 'SubmitTimes': [], 'StartTimes': [], 'EndTimes': [], 'TotalUserCpuTimeHistory': [], 'TotalSysCpuTimeHistory': [], 'WallDurations': [], 'JobIds': [], 'State': 'unsubmitted'}, '2203': {'Retries': 0, 'Restarts': 0, 'SiteHistory': [], 'ResidentSetSize': [], 'SubmitTimes': [], 'StartTimes': [], 'EndTimes': [], 'TotalUserCpuTimeHistory': [], 'TotalSysCpuTimeHistory': [], 'WallDurations': [], 'JobIds': [], 'State': 'unsubmitted'}, '2204': {'Retries': 0, 'Restarts': 0, 'SiteHistory': [], 'ResidentSetSize': [], 'SubmitTimes': [], 'StartTimes': [], 'EndTimes': [], 'TotalUserCpuTimeHistory': [], 'TotalSysCpuTimeHistory': [], 'WallDurations': [], 'JobIds': [], 'State': 'unsubmitted'}, '2205': {'Retries': 0, 'Restarts': 0, 'SiteHistory': [], 'ResidentSetSize': [], 'SubmitTimes': [], 'StartTimes': [], 'EndTimes': [], 'TotalUserCpuTimeHistory': [], 'TotalSysCpuTimeHistory': [], 'WallDurations': [], 'JobIds': [], 'State': 'unsubmitted'}, '2206': {'Retries': 0, 'Restarts': 0, 'SiteHistory': [], 'ResidentSetSize': [], 'SubmitTimes': [], 'StartTimes': [], 'EndTimes': [], 'TotalUserCpuTimeHistory': [], 'TotalSysCpuTimeHistory': [], 'WallDurations': [], 'JobIds': [], 'State': 'unsubmitted'}, '2207': {'Retries': 0, 'Restarts': 0, 'SiteHistory': [], 'ResidentSetSize': [], 'SubmitTimes': [], 'StartTimes': [], 'EndTimes': [], 'TotalUserCpuTimeHistory': [], 'TotalSysCpuTimeHistory': [], 'WallDurations': [], 'JobIds': [], 'State': 'unsubmitted'}, '2208': {'Retries': 0, 'Restarts': 0, 'SiteHistory': [], 'ResidentSetSize': [], 'SubmitTimes': [], 'StartTimes': [], 'EndTimes': [], 'TotalUserCpuTimeHistory': [], 'TotalSysCpuTimeHistory': [], 'WallDurations': [], 'JobIds': [], 'State': 'unsubmitted'}, '2209': {'Retries': 0, 'Restarts': 0, 'SiteHistory': [], 'ResidentSetSize': [], 'SubmitTimes': [], 'StartTimes': [], 'EndTimes': [], 'TotalUserCpuTimeHistory': [], 'TotalSysCpuTimeHistory': [], 'WallDurations': [], 'JobIds': [], 'State': 'unsubmitted'}, '2210': {'Retries': 0, 'Restarts': 0, 'SiteHistory': [], 'ResidentSetSize': [], 'SubmitTimes': [], 'StartTimes': [], 'EndTimes': [], 'TotalUserCpuTimeHistory': [], 'TotalSysCpuTimeHistory': [], 'WallDurations': [], 'JobIds': [], 'State': 'unsubmitted'}, '2211': {'Retries': 0, 'Restarts': 0, 'SiteHistory': [], 'ResidentSetSize': [], 'SubmitTimes': [], 'StartTimes': [], 'EndTimes': [], 'TotalUserCpuTimeHistory': [], 'TotalSysCpuTimeHistory': [], 'WallDurations': [], 'JobIds': [], 'State': 'unsubmitted'}, '2212': {'Retries': 0, 'Restarts': 0, 'SiteHistory': [], 'ResidentSetSize': [], 'SubmitTimes': [], 'StartTimes': [], 'EndTimes': [], 'TotalUserCpuTimeHistory': [], 'TotalSysCpuTimeHistory': [], 'WallDurations': [], 'JobIds': [], 'State': 'unsubmitted'}, '2213': {'Retries': 0, 'Restarts': 0, 'SiteHistory': [], 'ResidentSetSize': [], 'SubmitTimes': [], 'StartTimes': [], 'EndTimes': [], 'TotalUserCpuTimeHistory': [], 'TotalSysCpuTimeHistory': [], 'WallDurations': [], 'JobIds': [], 'State': 'unsubmitted'}, '2214': {'Retries': 0, 'Restarts': 0, 'SiteHistory': [], 'ResidentSetSize': [], 'SubmitTimes': [], 'StartTimes': [], 'EndTimes': [], 'TotalUserCpuTimeHistory': [], 'TotalSysCpuTimeHistory': [], 'WallDurations': [], 'JobIds': [], 'State': 'unsubmitted'}, '2215': {'Retries': 0, 'Restarts': 0, 'SiteHistory': [], 'ResidentSetSize': [], 'SubmitTimes': [], 'StartTimes': [], 'EndTimes': [], 'TotalUserCpuTimeHistory': [], 'TotalSysCpuTimeHistory': [], 'WallDurations': [], 'JobIds': [], 'State': 'unsubmitted'}, '2216': {'Retries': 0, 'Restarts': 0, 'SiteHistory': [], 'ResidentSetSize': [], 'SubmitTimes': [], 'StartTimes': [], 'EndTimes': [], 'TotalUserCpuTimeHistory': [], 'TotalSysCpuTimeHistory': [], 'WallDurations': [], 'JobIds': [], 'State': 'unsubmitted'}, '2217': {'Retries': 0, 'Restarts': 0, 'SiteHistory': [], 'ResidentSetSize': [], 'SubmitTimes': [], 'StartTimes': [], 'EndTimes': [], 'TotalUserCpuTimeHistory': [], 'TotalSysCpuTimeHistory': [], 'WallDurations': [], 'JobIds': [], 'State': 'unsubmitted'}, '2218': {'Retries': 0, 'Restarts': 0, 'SiteHistory': [], 'ResidentSetSize': [], 'SubmitTimes': [], 'StartTimes': [], 'EndTimes': [], 'TotalUserCpuTimeHistory': [], 'TotalSysCpuTimeHistory': [], 'WallDurations': [], 'JobIds': [], 'State': 'unsubmitted'}, '2219': {'Retries': 0, 'Restarts': 0, 'SiteHistory': [], 'ResidentSetSize': [], 'SubmitTimes': [], 'StartTimes': [], 'EndTimes': [], 'TotalUserCpuTimeHistory': [], 'TotalSysCpuTimeHistory': [], 'WallDurations': [], 'JobIds': [], 'State': 'unsubmitted'}, '2220': {'Retries': 0, 'Restarts': 0, 'SiteHistory': [], 'ResidentSetSize': [], 'SubmitTimes': [], 'StartTimes': [], 'EndTimes': [], 'TotalUserCpuTimeHistory': [], 'TotalSysCpuTimeHistory': [], 'WallDurations': [], 'JobIds': [], 'State': 'unsubmitted'}, '2221': {'Retries': 0, 'Restarts': 0, 'SiteHistory': [], 'ResidentSetSize': [], 'SubmitTimes': [], 'StartTimes': [], 'EndTimes': [], 'TotalUserCpuTimeHistory': [], 'TotalSysCpuTimeHistory': [], 'WallDurations': [], 'JobIds': [], 'State': 'unsubmitted'}, '2222': {'Retries': 0, 'Restarts': 0, 'SiteHistory': [], 'ResidentSetSize': [], 'SubmitTimes': [], 'StartTimes': [], 'EndTimes': [], 'TotalUserCpuTimeHistory': [], 'TotalSysCpuTimeHistory': [], 'WallDurations': [], 'JobIds': [], 'State': 'unsubmitted'}, '2223': {'Retries': 0, 'Restarts': 0, 'SiteHistory': [], 'ResidentSetSize': [], 'SubmitTimes': [], 'StartTimes': [], 'EndTimes': [], 'TotalUserCpuTimeHistory': [], 'TotalSysCpuTimeHistory': [], 'WallDurations': [], 'JobIds': [], 'State': 'unsubmitted'}, '2224': {'Retries': 0, 'Restarts': 0, 'SiteHistory': [], 'ResidentSetSize': [], 'SubmitTimes': [], 'StartTimes': [], 'EndTimes': [], 'TotalUserCpuTimeHistory': [], 'TotalSysCpuTimeHistory': [], 'WallDurations': [], 'JobIds': [], 'State': 'unsubmitted'}, '2225': {'Retries': 0, 'Restarts': 0, 'SiteHistory': [], 'ResidentSetSize': [], 'SubmitTimes': [], 'StartTimes': [], 'EndTimes': [], 'TotalUserCpuTimeHistory': [], 'TotalSysCpuTimeHistory': [], 'WallDurations': [], 'JobIds': [], 'State': 'unsubmitted'}, '2226': {'Retries': 0, 'Restarts': 0, 'SiteHistory': [], 'ResidentSetSize': [], 'SubmitTimes': [], 'StartTimes': [], 'EndTimes': [], 'TotalUserCpuTimeHistory': [], 'TotalSysCpuTimeHistory': [], 'WallDurations': [], 'JobIds': [], 'State': 'unsubmitted'}, '2227': {'Retries': 0, 'Restarts': 0, 'SiteHistory': [], 'ResidentSetSize': [], 'SubmitTimes': [], 'StartTimes': [], 'EndTimes': [], 'TotalUserCpuTimeHistory': [], 'TotalSysCpuTimeHistory': [], 'WallDurations': [], 'JobIds': [], 'State': 'unsubmitted'}, '2228': {'Retries': 0, 'Restarts': 0, 'SiteHistory': [], 'ResidentSetSize': [], 'SubmitTimes': [], 'StartTimes': [], 'EndTimes': [], 'TotalUserCpuTimeHistory': [], 'TotalSysCpuTimeHistory': [], 'WallDurations': [], 'JobIds': [], 'State': 'unsubmitted'}, '2229': {'Retries': 0, 'Restarts': 0, 'SiteHistory': [], 'ResidentSetSize': [], 'SubmitTimes': [], 'StartTimes': [], 'EndTimes': [], 'TotalUserCpuTimeHistory': [], 'TotalSysCpuTimeHistory': [], 'WallDurations': [], 'JobIds': [], 'State': 'unsubmitted'}, '2230': {'Retries': 0, 'Restarts': 0, 'SiteHistory': [], 'ResidentSetSize': [], 'SubmitTimes': [], 'StartTimes': [], 'EndTimes': [], 'TotalUserCpuTimeHistory': [], 'TotalSysCpuTimeHistory': [], 'WallDurations': [], 'JobIds': [], 'State': 'unsubmitted'}, '2231': {'Retries': 0, 'Restarts': 0, 'SiteHistory': [], 'ResidentSetSize': [], 'SubmitTimes': [], 'StartTimes': [], 'EndTimes': [], 'TotalUserCpuTimeHistory': [], 'TotalSysCpuTimeHistory': [], 'WallDurations': [], 'JobIds': [], 'State': 'unsubmitted'}, '2232': {'Retries': 0, 'Restarts': 0, 'SiteHistory': [], 'ResidentSetSize': [], 'SubmitTimes': [], 'StartTimes': [], 'EndTimes': [], 'TotalUserCpuTimeHistory': [], 'TotalSysCpuTimeHistory': [], 'WallDurations': [], 'JobIds': [], 'State': 'unsubmitted'}, '2233': {'Retries': 0, 'Restarts': 0, 'SiteHistory': [], 'ResidentSetSize': [], 'SubmitTimes': [], 'StartTimes': [], 'EndTimes': [], 'TotalUserCpuTimeHistory': [], 'TotalSysCpuTimeHistory': [], 'WallDurations': [], 'JobIds': [], 'State': 'unsubmitted'}, '2234': {'Retries': 0, 'Restarts': 0, 'SiteHistory': [], 'ResidentSetSize': [], 'SubmitTimes': [], 'StartTimes': [], 'EndTimes': [], 'TotalUserCpuTimeHistory': [], 'TotalSysCpuTimeHistory': [], 'WallDurations': [], 'JobIds': [], 'State': 'unsubmitted'}, '2235': {'Retries': 0, 'Restarts': 0, 'SiteHistory': [], 'ResidentSetSize': [], 'SubmitTimes': [], 'StartTimes': [], 'EndTimes': [], 'TotalUserCpuTimeHistory': [], 'TotalSysCpuTimeHistory': [], 'WallDurations': [], 'JobIds': [], 'State': 'unsubmitted'}, '2236': {'Retries': 0, 'Restarts': 0, 'SiteHistory': [], 'ResidentSetSize': [], 'SubmitTimes': [], 'StartTimes': [], 'EndTimes': [], 'TotalUserCpuTimeHistory': [], 'TotalSysCpuTimeHistory': [], 'WallDurations': [], 'JobIds': [], 'State': 'unsubmitted'}, '2237': {'Retries': 0, 'Restarts': 0, 'SiteHistory': [], 'ResidentSetSize': [], 'SubmitTimes': [], 'StartTimes': [], 'EndTimes': [], 'TotalUserCpuTimeHistory': [], 'TotalSysCpuTimeHistory': [], 'WallDurations': [], 'JobIds': [], 'State': 'unsubmitted'}, '2238': {'Retries': 0, 'Restarts': 0, 'SiteHistory': [], 'ResidentSetSize': [], 'SubmitTimes': [], 'StartTimes': [], 'EndTimes': [], 'TotalUserCpuTimeHistory': [], 'TotalSysCpuTimeHistory': [], 'WallDurations': [], 'JobIds': [], 'State': 'unsubmitted'}, '2239': {'Retries': 0, 'Restarts': 0, 'SiteHistory': [], 'ResidentSetSize': [], 'SubmitTimes': [], 'StartTimes': [], 'EndTimes': [], 'TotalUserCpuTimeHistory': [], 'TotalSysCpuTimeHistory': [], 'WallDurations': [], 'JobIds': [], 'State': 'unsubmitted'}, '2240': {'Retries': 0, 'Restarts': 0, 'SiteHistory': [], 'ResidentSetSize': [], 'SubmitTimes': [], 'StartTimes': [], 'EndTimes': [], 'TotalUserCpuTimeHistory': [], 'TotalSysCpuTimeHistory': [], 'WallDurations': [], 'JobIds': [], 'State': 'unsubmitted'}, '2241': {'Retries': 0, 'Restarts': 0, 'SiteHistory': [], 'ResidentSetSize': [], 'SubmitTimes': [], 'StartTimes': [], 'EndTimes': [], 'TotalUserCpuTimeHistory': [], 'TotalSysCpuTimeHistory': [], 'WallDurations': [], 'JobIds': [], 'State': 'unsubmitted'}, '2242': {'Retries': 0, 'Restarts': 0, 'SiteHistory': [], 'ResidentSetSize': [], 'SubmitTimes': [], 'StartTimes': [], 'EndTimes': [], 'TotalUserCpuTimeHistory': [], 'TotalSysCpuTimeHistory': [], 'WallDurations': [], 'JobIds': [], 'State': 'unsubmitted'}, '2243': {'Retries': 0, 'Restarts': 0, 'SiteHistory': [], 'ResidentSetSize': [], 'SubmitTimes': [], 'StartTimes': [], 'EndTimes': [], 'TotalUserCpuTimeHistory': [], 'TotalSysCpuTimeHistory': [], 'WallDurations': [], 'JobIds': [], 'State': 'unsubmitted'}, '2244': {'Retries': 0, 'Restarts': 0, 'SiteHistory': [], 'ResidentSetSize': [], 'SubmitTimes': [], 'StartTimes': [], 'EndTimes': [], 'TotalUserCpuTimeHistory': [], 'TotalSysCpuTimeHistory': [], 'WallDurations': [], 'JobIds': [], 'State': 'unsubmitted'}, '2245': {'Retries': 0, 'Restarts': 0, 'SiteHistory': [], 'ResidentSetSize': [], 'SubmitTimes': [], 'StartTimes': [], 'EndTimes': [], 'TotalUserCpuTimeHistory': [], 'TotalSysCpuTimeHistory': [], 'WallDurations': [], 'JobIds': [], 'State': 'unsubmitted'}, '2246': {'Retries': 0, 'Restarts': 0, 'SiteHistory': [], 'ResidentSetSize': [], 'SubmitTimes': [], 'StartTimes': [], 'EndTimes': [], 'TotalUserCpuTimeHistory': [], 'TotalSysCpuTimeHistory': [], 'WallDurations': [], 'JobIds': [], 'State': 'unsubmitted'}, '2247': {'Retries': 0, 'Restarts': 0, 'SiteHistory': [], 'ResidentSetSize': [], 'SubmitTimes': [], 'StartTimes': [], 'EndTimes': [], 'TotalUserCpuTimeHistory': [], 'TotalSysCpuTimeHistory': [], 'WallDurations': [], 'JobIds': [], 'State': 'unsubmitted'}, '2248': {'Retries': 0, 'Restarts': 0, 'SiteHistory': [], 'ResidentSetSize': [], 'SubmitTimes': [], 'StartTimes': [], 'EndTimes': [], 'TotalUserCpuTimeHistory': [], 'TotalSysCpuTimeHistory': [], 'WallDurations': [], 'JobIds': [], 'State': 'unsubmitted'}, '2249': {'Retries': 0, 'Restarts': 0, 'SiteHistory': [], 'ResidentSetSize': [], 'SubmitTimes': [], 'StartTimes': [], 'EndTimes': [], 'TotalUserCpuTimeHistory': [], 'TotalSysCpuTimeHistory': [], 'WallDurations': [], 'JobIds': [], 'State': 'unsubmitted'}, '2250': {'Retries': 0, 'Restarts': 0, 'SiteHistory': [], 'ResidentSetSize': [], 'SubmitTimes': [], 'StartTimes': [], 'EndTimes': [], 'TotalUserCpuTimeHistory': [], 'TotalSysCpuTimeHistory': [], 'WallDurations': [], 'JobIds': [], 'State': 'unsubmitted'}, '2251': {'Retries': 0, 'Restarts': 0, 'SiteHistory': [], 'ResidentSetSize': [], 'SubmitTimes': [], 'StartTimes': [], 'EndTimes': [], 'TotalUserCpuTimeHistory': [], 'TotalSysCpuTimeHistory': [], 'WallDurations': [], 'JobIds': [], 'State': 'unsubmitted'}, '2252': {'Retries': 0, 'Restarts': 0, 'SiteHistory': [], 'ResidentSetSize': [], 'SubmitTimes': [], 'StartTimes': [], 'EndTimes': [], 'TotalUserCpuTimeHistory': [], 'TotalSysCpuTimeHistory': [], 'WallDurations': [], 'JobIds': [], 'State': 'unsubmitted'}, '2253': {'Retries': 0, 'Restarts': 0, 'SiteHistory': [], 'ResidentSetSize': [], 'SubmitTimes': [], 'StartTimes': [], 'EndTimes': [], 'TotalUserCpuTimeHistory': [], 'TotalSysCpuTimeHistory': [], 'WallDurations': [], 'JobIds': [], 'State': 'unsubmitted'}, '2254': {'Retries': 0, 'Restarts': 0, 'SiteHistory': [], 'ResidentSetSize': [], 'SubmitTimes': [], 'StartTimes': [], 'EndTimes': [], 'TotalUserCpuTimeHistory': [], 'TotalSysCpuTimeHistory': [], 'WallDurations': [], 'JobIds': [], 'State': 'unsubmitted'}, '2255': {'Retries': 0, 'Restarts': 0, 'SiteHistory': [], 'ResidentSetSize': [], 'SubmitTimes': [], 'StartTimes': [], 'EndTimes': [], 'TotalUserCpuTimeHistory': [], 'TotalSysCpuTimeHistory': [], 'WallDurations': [], 'JobIds': [], 'State': 'unsubmitted'}, '2256': {'Retries': 0, 'Restarts': 0, 'SiteHistory': [], 'ResidentSetSize': [], 'SubmitTimes': [], 'StartTimes': [], 'EndTimes': [], 'TotalUserCpuTimeHistory': [], 'TotalSysCpuTimeHistory': [], 'WallDurations': [], 'JobIds': [], 'State': 'unsubmitted'}, '2257': {'Retries': 0, 'Restarts': 0, 'SiteHistory': [], 'ResidentSetSize': [], 'SubmitTimes': [], 'StartTimes': [], 'EndTimes': [], 'TotalUserCpuTimeHistory': [], 'TotalSysCpuTimeHistory': [], 'WallDurations': [], 'JobIds': [], 'State': 'unsubmitted'}, '2258': {'Retries': 0, 'Restarts': 0, 'SiteHistory': [], 'ResidentSetSize': [], 'SubmitTimes': [], 'StartTimes': [], 'EndTimes': [], 'TotalUserCpuTimeHistory': [], 'TotalSysCpuTimeHistory': [], 'WallDurations': [], 'JobIds': [], 'State': 'unsubmitted'}, '2259': {'Retries': 0, 'Restarts': 0, 'SiteHistory': [], 'ResidentSetSize': [], 'SubmitTimes': [], 'StartTimes': [], 'EndTimes': [], 'TotalUserCpuTimeHistory': [], 'TotalSysCpuTimeHistory': [], 'WallDurations': [], 'JobIds': [], 'State': 'unsubmitted'}, '2260': {'Retries': 0, 'Restarts': 0, 'SiteHistory': [], 'ResidentSetSize': [], 'SubmitTimes': [], 'StartTimes': [], 'EndTimes': [], 'TotalUserCpuTimeHistory': [], 'TotalSysCpuTimeHistory': [], 'WallDurations': [], 'JobIds': [], 'State': 'unsubmitted'}, '2261': {'Retries': 0, 'Restarts': 0, 'SiteHistory': [], 'ResidentSetSize': [], 'SubmitTimes': [], 'StartTimes': [], 'EndTimes': [], 'TotalUserCpuTimeHistory': [], 'TotalSysCpuTimeHistory': [], 'WallDurations': [], 'JobIds': [], 'State': 'unsubmitted'}, '2262': {'Retries': 0, 'Restarts': 0, 'SiteHistory': [], 'ResidentSetSize': [], 'SubmitTimes': [], 'StartTimes': [], 'EndTimes': [], 'TotalUserCpuTimeHistory': [], 'TotalSysCpuTimeHistory': [], 'WallDurations': [], 'JobIds': [], 'State': 'unsubmitted'}, '2263': {'Retries': 0, 'Restarts': 0, 'SiteHistory': [], 'ResidentSetSize': [], 'SubmitTimes': [], 'StartTimes': [], 'EndTimes': [], 'TotalUserCpuTimeHistory': [], 'TotalSysCpuTimeHistory': [], 'WallDurations': [], 'JobIds': [], 'State': 'unsubmitted'}, '2264': {'Retries': 0, 'Restarts': 0, 'SiteHistory': [], 'ResidentSetSize': [], 'SubmitTimes': [], 'StartTimes': [], 'EndTimes': [], 'TotalUserCpuTimeHistory': [], 'TotalSysCpuTimeHistory': [], 'WallDurations': [], 'JobIds': [], 'State': 'unsubmitted'}, '2265': {'Retries': 0, 'Restarts': 0, 'SiteHistory': [], 'ResidentSetSize': [], 'SubmitTimes': [], 'StartTimes': [], 'EndTimes': [], 'TotalUserCpuTimeHistory': [], 'TotalSysCpuTimeHistory': [], 'WallDurations': [], 'JobIds': [], 'State': 'unsubmitted'}, '2266': {'Retries': 0, 'Restarts': 0, 'SiteHistory': [], 'ResidentSetSize': [], 'SubmitTimes': [], 'StartTimes': [], 'EndTimes': [], 'TotalUserCpuTimeHistory': [], 'TotalSysCpuTimeHistory': [], 'WallDurations': [], 'JobIds': [], 'State': 'unsubmitted'}, '2267': {'Retries': 0, 'Restarts': 0, 'SiteHistory': [], 'ResidentSetSize': [], 'SubmitTimes': [], 'StartTimes': [], 'EndTimes': [], 'TotalUserCpuTimeHistory': [], 'TotalSysCpuTimeHistory': [], 'WallDurations': [], 'JobIds': [], 'State': 'unsubmitted'}, '2268': {'Retries': 0, 'Restarts': 0, 'SiteHistory': [], 'ResidentSetSize': [], 'SubmitTimes': [], 'StartTimes': [], 'EndTimes': [], 'TotalUserCpuTimeHistory': [], 'TotalSysCpuTimeHistory': [], 'WallDurations': [], 'JobIds': [], 'State': 'unsubmitted'}, '2269': {'Retries': 0, 'Restarts': 0, 'SiteHistory': [], 'ResidentSetSize': [], 'SubmitTimes': [], 'StartTimes': [], 'EndTimes': [], 'TotalUserCpuTimeHistory': [], 'TotalSysCpuTimeHistory': [], 'WallDurations': [], 'JobIds': [], 'State': 'unsubmitted'}, '2270': {'Retries': 0, 'Restarts': 0, 'SiteHistory': [], 'ResidentSetSize': [], 'SubmitTimes': [], 'StartTimes': [], 'EndTimes': [], 'TotalUserCpuTimeHistory': [], 'TotalSysCpuTimeHistory': [], 'WallDurations': [], 'JobIds': [], 'State': 'unsubmitted'}, '2271': {'Retries': 0, 'Restarts': 0, 'SiteHistory': [], 'ResidentSetSize': [], 'SubmitTimes': [], 'StartTimes': [], 'EndTimes': [], 'TotalUserCpuTimeHistory': [], 'TotalSysCpuTimeHistory': [], 'WallDurations': [], 'JobIds': [], 'State': 'unsubmitted'}, '2272': {'Retries': 0, 'Restarts': 0, 'SiteHistory': [], 'ResidentSetSize': [], 'SubmitTimes': [], 'StartTimes': [], 'EndTimes': [], 'TotalUserCpuTimeHistory': [], 'TotalSysCpuTimeHistory': [], 'WallDurations': [], 'JobIds': [], 'State': 'unsubmitted'}, '2273': {'Retries': 0, 'Restarts': 0, 'SiteHistory': [], 'ResidentSetSize': [], 'SubmitTimes': [], 'StartTimes': [], 'EndTimes': [], 'TotalUserCpuTimeHistory': [], 'TotalSysCpuTimeHistory': [], 'WallDurations': [], 'JobIds': [], 'State': 'unsubmitted'}, '2274': {'Retries': 0, 'Restarts': 0, 'SiteHistory': [], 'ResidentSetSize': [], 'SubmitTimes': [], 'StartTimes': [], 'EndTimes': [], 'TotalUserCpuTimeHistory': [], 'TotalSysCpuTimeHistory': [], 'WallDurations': [], 'JobIds': [], 'State': 'unsubmitted'}, '2275': {'Retries': 0, 'Restarts': 0, 'SiteHistory': [], 'ResidentSetSize': [], 'SubmitTimes': [], 'StartTimes': [], 'EndTimes': [], 'TotalUserCpuTimeHistory': [], 'TotalSysCpuTimeHistory': [], 'WallDurations': [], 'JobIds': [], 'State': 'unsubmitted'}, '2276': {'Retries': 0, 'Restarts': 0, 'SiteHistory': [], 'ResidentSetSize': [], 'SubmitTimes': [], 'StartTimes': [], 'EndTimes': [], 'TotalUserCpuTimeHistory': [], 'TotalSysCpuTimeHistory': [], 'WallDurations': [], 'JobIds': [], 'State': 'unsubmitted'}, '2277': {'Retries': 0, 'Restarts': 0, 'SiteHistory': [], 'ResidentSetSize': [], 'SubmitTimes': [], 'StartTimes': [], 'EndTimes': [], 'TotalUserCpuTimeHistory': [], 'TotalSysCpuTimeHistory': [], 'WallDurations': [], 'JobIds': [], 'State': 'unsubmitted'}, '2278': {'Retries': 0, 'Restarts': 0, 'SiteHistory': [], 'ResidentSetSize': [], 'SubmitTimes': [], 'StartTimes': [], 'EndTimes': [], 'TotalUserCpuTimeHistory': [], 'TotalSysCpuTimeHistory': [], 'WallDurations': [], 'JobIds': [], 'State': 'unsubmitted'}, '2279': {'Retries': 0, 'Restarts': 0, 'SiteHistory': [], 'ResidentSetSize': [], 'SubmitTimes': [], 'StartTimes': [], 'EndTimes': [], 'TotalUserCpuTimeHistory': [], 'TotalSysCpuTimeHistory': [], 'WallDurations': [], 'JobIds': [], 'State': 'unsubmitted'}, '2280': {'Retries': 0, 'Restarts': 0, 'SiteHistory': [], 'ResidentSetSize': [], 'SubmitTimes': [], 'StartTimes': [], 'EndTimes': [], 'TotalUserCpuTimeHistory': [], 'TotalSysCpuTimeHistory': [], 'WallDurations': [], 'JobIds': [], 'State': 'unsubmitted'}, '2281': {'Retries': 0, 'Restarts': 0, 'SiteHistory': [], 'ResidentSetSize': [], 'SubmitTimes': [], 'StartTimes': [], 'EndTimes': [], 'TotalUserCpuTimeHistory': [], 'TotalSysCpuTimeHistory': [], 'WallDurations': [], 'JobIds': [], 'State': 'unsubmitted'}, '2282': {'Retries': 0, 'Restarts': 0, 'SiteHistory': [], 'ResidentSetSize': [], 'SubmitTimes': [], 'StartTimes': [], 'EndTimes': [], 'TotalUserCpuTimeHistory': [], 'TotalSysCpuTimeHistory': [], 'WallDurations': [], 'JobIds': [], 'State': 'unsubmitted'}, '2283': {'Retries': 0, 'Restarts': 0, 'SiteHistory': [], 'ResidentSetSize': [], 'SubmitTimes': [], 'StartTimes': [], 'EndTimes': [], 'TotalUserCpuTimeHistory': [], 'TotalSysCpuTimeHistory': [], 'WallDurations': [], 'JobIds': [], 'State': 'unsubmitted'}, '2284': {'Retries': 0, 'Restarts': 0, 'SiteHistory': [], 'ResidentSetSize': [], 'SubmitTimes': [], 'StartTimes': [], 'EndTimes': [], 'TotalUserCpuTimeHistory': [], 'TotalSysCpuTimeHistory': [], 'WallDurations': [], 'JobIds': [], 'State': 'unsubmitted'}, '2285': {'Retries': 0, 'Restarts': 0, 'SiteHistory': [], 'ResidentSetSize': [], 'SubmitTimes': [], 'StartTimes': [], 'EndTimes': [], 'TotalUserCpuTimeHistory': [], 'TotalSysCpuTimeHistory': [], 'WallDurations': [], 'JobIds': [], 'State': 'unsubmitted'}, '2286': {'Retries': 0, 'Restarts': 0, 'SiteHistory': [], 'ResidentSetSize': [], 'SubmitTimes': [], 'StartTimes': [], 'EndTimes': [], 'TotalUserCpuTimeHistory': [], 'TotalSysCpuTimeHistory': [], 'WallDurations': [], 'JobIds': [], 'State': 'unsubmitted'}, '2287': {'Retries': 0, 'Restarts': 0, 'SiteHistory': [], 'ResidentSetSize': [], 'SubmitTimes': [], 'StartTimes': [], 'EndTimes': [], 'TotalUserCpuTimeHistory': [], 'TotalSysCpuTimeHistory': [], 'WallDurations': [], 'JobIds': [], 'State': 'unsubmitted'}, '2288': {'Retries': 0, 'Restarts': 0, 'SiteHistory': [], 'ResidentSetSize': [], 'SubmitTimes': [], 'StartTimes': [], 'EndTimes': [], 'TotalUserCpuTimeHistory': [], 'TotalSysCpuTimeHistory': [], 'WallDurations': [], 'JobIds': [], 'State': 'unsubmitted'}}
INFO 2026-01-11 11:25:32.134 UTC: 	 Status on the scheduler:	SUBMITTED
INFO 2026-01-11 11:25:32.135 UTC: 	 
Jobs status:                    idle         		 44.4% (1016/2288)
INFO 2026-01-11 11:25:32.135 UTC: 	 				unsubmitted  		 55.6% (1272/2288)
INFO 2026-01-11 11:25:32.135 UTC: 	 
No publication information (publication has been disabled in the CRAB configuration file)
INFO 2026-01-11 11:25:32.165 UTC: 	 Log file is /eos/home-b/bibehera/OO_Simfit_eff/CMSSW_15_0_6_patch1/src/Analyzer/RaghuV0Ana/cfg/OO_Data_MINIAOD/crab_2pc_OO_V0_IM_effcorr_cent0to50_newpT_v1_IP12/crab.log
